ano_eje,sec_ejec,mes_calend,tipo_bien,nro_orden,fecha_orden,nro_ruc,nombre_prov,tipo_proceso,descripcion,descripcion_abreviada,nro_proc_sel,concepto,exp_siaf,fuente_financ,clasificador,nombre_clasificador,total_fact_moneda,fase_orden
2026,1028,1,B,1,2026-01-23,20605776478,ALIGMOR S.A.C,106,CONTRATO MENOR,CM,,ADQUISICION DE SEÑALES Y EQUIPOS DE SEGURIDAD PARA EL ESTADIO MIGUEL GRAU,49,18,2.3. 1 11. 1  1,PARA EDIFICIOS Y ESTRUCTURAS,750.0,Compromiso
2026,1028,1,B,1,2026-01-23,20605776478,ALIGMOR S.A.C,106,CONTRATO MENOR,CM,,ADQUISICION DE SEÑALES Y EQUIPOS DE SEGURIDAD PARA EL ESTADIO MIGUEL GRAU,49,18,2.6. 3  2. 9  3,SEGURIDAD INDUSTRIAL,5340.0,Compromiso
2026,1028,1,B,1,2026-01-23,20605776478,ALIGMOR S.A.C,106,CONTRATO MENOR,CM,,ADQUISICION DE SEÑALES Y EQUIPOS DE SEGURIDAD PARA EL ESTADIO MIGUEL GRAU,49,18,2.3. 1  5. 4  1,"ELECTRICIDAD, ILUMINACION Y ELECTRONICA",2596.0,Compromiso
2026,1028,1,B,1,2026-01-23,20605776478,ALIGMOR S.A.C,106,CONTRATO MENOR,CM,,ADQUISICION DE SEÑALES Y EQUIPOS DE SEGURIDAD PARA EL ESTADIO MIGUEL GRAU,49,18,2.3. 1  6. 1  4,DE SEGURIDAD,3600.0,Compromiso
2026,1028,1,B,1,2026-01-23,20605776478,ALIGMOR S.A.C,106,CONTRATO MENOR,CM,,ADQUISICION DE SEÑALES Y EQUIPOS DE SEGURIDAD PARA EL ESTADIO MIGUEL GRAU,49,18,2.3. 1 99. 1 99,OTROS BIENES,500.0,Compromiso
2026,1028,1,B,1,2026-01-23,20605776478,ALIGMOR S.A.C,106,CONTRATO MENOR,CM,,ADQUISICION DE SEÑALES Y EQUIPOS DE SEGURIDAD PARA EL ESTADIO MIGUEL GRAU,49,18,2.6. 3  2. 1  2,MOBILIARIO,2700.0,Compromiso
2026,1028,1,B,2,2026-01-30,20611045566,LOGOS Y SERVICIOS E.I.R.L.,106,CONTRATO MENOR,CM,,ADQUISICIÓN DE VESTUARIO PARA LOS TALLERES DEPORTIVOS PARA LAS ACTIVIDADES DEPORTIVAS Y RECREATIVAS EN LA POBLACIÓN CHALACA PARA LA OFICINA DE ADMINISTRACIÓN DE VILLAS REGIONALES,194,18,2.3. 1  2. 1  1,"VESTUARIO, ACCESORIOS Y PRENDAS DIVERSAS",42240.0,Compromiso
2026,1028,2,B,3,2026-02-26,20612274747,CORPORACION K&M FERNANDEZ S.A.C,106,CONTRATO MENOR,CM,,ADQUISICIÓN DE MATERIAL PUBLICITARIO,486,18,2.3. 1  2. 1  2,TEXTILES Y ACABADOS TEXTILES,630.0,Compromiso
2026,1028,2,B,3,2026-02-26,20612274747,CORPORACION K&M FERNANDEZ S.A.C,106,CONTRATO MENOR,CM,,ADQUISICIÓN DE MATERIAL PUBLICITARIO,486,18,2.3. 1 99. 1  3,"LIBROS, DIARIOS, REVISTAS Y OTROS BIENES IMPRESOS NO VINCULADOS A ENSEÑANZA",4390.0,Compromiso
2026,1028,2,B,3,2026-02-26,20612274747,CORPORACION K&M FERNANDEZ S.A.C,106,CONTRATO MENOR,CM,,ADQUISICIÓN DE MATERIAL PUBLICITARIO,486,18,2.3. 1  5. 1  2,"PAPELERIA EN GENERAL, UTILES Y MATERIALES DE OFICINA",2380.0,Compromiso
2026,1028,3,B,4,2026-03-03,20609033704,GENARITA SERVICE E.I.R.L.,106,CONTRATO MENOR,CM,,ADQUISICIÓN DE MATERIAL IMPRESO PARA EL DESARROLLO,575,18,2.3. 1 99. 1  3,"LIBROS, DIARIOS, REVISTAS Y OTROS BIENES IMPRESOS NO VINCULADOS A ENSEÑANZA",22950.0,Compromiso
2026,1028,3,B,5,2026-03-03,10089501372,SANCHEZ VILLANUEVA DANIEL,106,CONTRATO MENOR,CM,,ADQUISICIÓN DE SOUVENIRS PARA EL DESARROLLO,576,18,2.3. 1  2. 1  1,"VESTUARIO, ACCESORIOS Y PRENDAS DIVERSAS",19250.0,Compromiso
2026,1028,3,B,5,2026-03-03,10089501372,SANCHEZ VILLANUEVA DANIEL,106,CONTRATO MENOR,CM,,ADQUISICIÓN DE SOUVENIRS PARA EL DESARROLLO,576,18,2.3. 1 99. 1 99,OTROS BIENES,7500.0,Compromiso
2026,1028,3,B,6,2026-03-03,20606535679,REPRESENTACIONES AYLLU E.I.R.L.,106,CONTRATO MENOR,CM,,ADQUISICIÓN DE SÍMBOLOS Y DISTINTIVOS PARA EL DESARROLLO,577,18,2.3. 1  2. 1  1,"VESTUARIO, ACCESORIOS Y PRENDAS DIVERSAS",7000.0,Compromiso
2026,1028,3,B,6,2026-03-03,20606535679,REPRESENTACIONES AYLLU E.I.R.L.,106,CONTRATO MENOR,CM,,ADQUISICIÓN DE SÍMBOLOS Y DISTINTIVOS PARA EL DESARROLLO,577,18,2.3. 1 99. 1 99,OTROS BIENES,1700.0,Compromiso
2026,1028,3,B,6,2026-03-03,20606535679,REPRESENTACIONES AYLLU E.I.R.L.,106,CONTRATO MENOR,CM,,ADQUISICIÓN DE SÍMBOLOS Y DISTINTIVOS PARA EL DESARROLLO,577,18,2.3. 1  5. 1  2,"PAPELERIA EN GENERAL, UTILES Y MATERIALES DE OFICINA",3000.0,Compromiso
2026,1028,3,B,6,2026-03-03,20606535679,REPRESENTACIONES AYLLU E.I.R.L.,106,CONTRATO MENOR,CM,,ADQUISICIÓN DE SÍMBOLOS Y DISTINTIVOS PARA EL DESARROLLO,577,18,2.3. 1 99. 1  4,"SIMBOLOS, DISTINTIVOS Y CONDECORACIONES",2800.0,Compromiso
2026,1028,3,B,6,2026-03-03,20606535679,REPRESENTACIONES AYLLU E.I.R.L.,106,CONTRATO MENOR,CM,,ADQUISICIÓN DE SÍMBOLOS Y DISTINTIVOS PARA EL DESARROLLO,577,18,2.3. 1 99. 1  3,"LIBROS, DIARIOS, REVISTAS Y OTROS BIENES IMPRESOS NO VINCULADOS A ENSEÑANZA",2000.0,Compromiso
2026,1028,3,B,7,2026-03-03,20608626558,SUMEZ SERVICIOS GENERALES S.A.C.,106,CONTRATO MENOR,CM,,ADQUISICIÓN DE ALIMENTOS Y BEBIDAS PARA EL DESARROLLO,578,18,2.3. 1  1. 1  1,ALIMENTOS Y BEBIDAS PARA CONSUMO HUMANO,36000.0,Compromiso
2026,1028,3,B,7,2026-03-03,20608626558,SUMEZ SERVICIOS GENERALES S.A.C.,106,CONTRATO MENOR,CM,,ADQUISICIÓN DE ALIMENTOS Y BEBIDAS PARA EL DESARROLLO,578,18,2.3. 1  5. 3  2,"DE COCINA, COMEDOR Y CAFETERIA",4500.0,Compromiso
2026,1028,3,B,8,2026-03-03,20604589160,INVERSIONES MORALES JHON & MARLENE S.A.C.,106,CONTRATO MENOR,CM,,ADQUISICIÓN DE KIT ACADÉMICO PARA FORO PARA EL DESARROLLO,579,18,2.3. 1  2. 1  1,"VESTUARIO, ACCESORIOS Y PRENDAS DIVERSAS",6000.0,Compromiso
2026,1028,3,B,8,2026-03-03,20604589160,INVERSIONES MORALES JHON & MARLENE S.A.C.,106,CONTRATO MENOR,CM,,ADQUISICIÓN DE KIT ACADÉMICO PARA FORO PARA EL DESARROLLO,579,18,2.3. 1 99. 1  3,"LIBROS, DIARIOS, REVISTAS Y OTROS BIENES IMPRESOS NO VINCULADOS A ENSEÑANZA",1250.0,Compromiso
2026,1028,3,B,8,2026-03-03,20604589160,INVERSIONES MORALES JHON & MARLENE S.A.C.,106,CONTRATO MENOR,CM,,ADQUISICIÓN DE KIT ACADÉMICO PARA FORO PARA EL DESARROLLO,579,18,2.3. 1  5. 3  2,"DE COCINA, COMEDOR Y CAFETERIA",5600.0,Compromiso
2026,1028,3,B,8,2026-03-03,20604589160,INVERSIONES MORALES JHON & MARLENE S.A.C.,106,CONTRATO MENOR,CM,,ADQUISICIÓN DE KIT ACADÉMICO PARA FORO PARA EL DESARROLLO,579,18,2.3. 1  5. 1  2,"PAPELERIA EN GENERAL, UTILES Y MATERIALES DE OFICINA",16400.0,Compromiso
2026,1028,3,B,9,2026-03-03,10775056601,HUAMAN GOMEZ KATTY PAOLA,106,CONTRATO MENOR,CM,,ADQUISICIÓN DE BOLSO DE DRILL TIPO MORRAL PARA EL DESARROLLO DE LA.SEMANA DE ACCIONES EN CONMEMORAC,580,18,2.3. 1  2. 1  1,"VESTUARIO, ACCESORIOS Y PRENDAS DIVERSAS",40000.0,Compromiso
2026,1028,3,B,10,2026-03-03,20604874158,LOGISTICA & SERVICIOS ISASOL S.A.C.,106,CONTRATO MENOR,CM,,ADQUISICIÓN DE TOMATODO DE ALUMINIO PARA EL DESARROLLO DE LA.SEMANA DE ACCIONES EN CONMEMORACIÓN DE,581,18,2.3. 1  5. 3  2,"DE COCINA, COMEDOR Y CAFETERIA",41250.0,Compromiso
2026,1028,3,B,11,2026-03-04,20603339542,CONVERSION INDUSTRIA PAPEL Y SEGURIDAD E.I.R.L.,106,CONTRATO MENOR,CM,,ADQUISICION DE HOJAS DE PAPEL SINTETICO MICROPOROSO Y LAMINAS DE SEGURIDAD PARA LA ACTIVIDAD OPERATI,590,9,2.3. 1  5. 1  2,"PAPELERIA EN GENERAL, UTILES Y MATERIALES DE OFICINA",43961.4,Compromiso
2026,1028,3,B,12,2026-03-05,10732138281,VEGA GARAY LUIS RICARDO,106,CONTRATO MENOR,CM,,ADQUISICION DE GIGANTOGRAFIAS,776,18,2.3. 1 99. 1  3,"LIBROS, DIARIOS, REVISTAS Y OTROS BIENES IMPRESOS NO VINCULADOS A ENSEÑANZA",8000.0,Compromiso
2026,1028,3,B,13,2026-03-05,20607848204,SKUNA ASOCIADOS S.A.C.,106,CONTRATO MENOR,CM,,ALIMENTOS Y BEBIDAS PARA CONSUMO HUMANO,775,18,2.3. 1  1. 1  1,ALIMENTOS Y BEBIDAS PARA CONSUMO HUMANO,2250.0,Compromiso
2026,1028,3,B,14,2026-03-05,10464408784,NAVARRO SKUTERUD FRANK JOHNNY,106,CONTRATO MENOR,CM,,"ADQUISICIÓN DE TOALLAS FELPA,",774,18,2.3. 1  5. 3  1,"ASEO, LIMPIEZA Y TOCADOR",4500.0,Compromiso
2026,1028,3,B,15,2026-03-06,10732138281,VEGA GARAY LUIS RICARDO,106,CONTRATO MENOR,CM,,ADQUISICION DE BOLSA NOTEX,868,18,2.3. 1  2. 1  2,TEXTILES Y ACABADOS TEXTILES,3000.0,Compromiso
2026,1028,3,B,16,2026-03-06,10464408784,NAVARRO SKUTERUD FRANK JOHNNY,106,CONTRATO MENOR,CM,,ADQUISICION DE TOMATODOS,869,18,2.3. 1 99. 1 99,OTROS BIENES,5400.0,Compromiso
2026,1028,3,B,17,2026-03-09,20613450328,CADEL SERVICE SOCIEDAD ANONIMA CERRADA,106,CONTRATO MENOR,CM,,ADQUISICON DE ALFOMBRA DE ALTO TRANSITO,918,18,2.3. 1  2. 1  2,TEXTILES Y ACABADOS TEXTILES,2500.0,Compromiso
2026,1028,3,B,19,2026-03-09,10732138281,VEGA GARAY LUIS RICARDO,106,CONTRATO MENOR,CM,,ADQUISICIÓN DE PUBLICIDAD (GIGANTOGRAFIAS Y MEDALLAS DE METAL),917,18,2.3. 1 99. 1  3,"LIBROS, DIARIOS, REVISTAS Y OTROS BIENES IMPRESOS NO VINCULADOS A ENSEÑANZA",250.0,Compromiso
2026,1028,3,B,19,2026-03-09,10732138281,VEGA GARAY LUIS RICARDO,106,CONTRATO MENOR,CM,,ADQUISICIÓN DE PUBLICIDAD (GIGANTOGRAFIAS Y MEDALLAS DE METAL),917,18,2.3. 1 99. 1  4,"SIMBOLOS, DISTINTIVOS Y CONDECORACIONES",500.0,Compromiso
2026,1028,3,B,20,2026-03-09,10104587416,QUESQUEN CASTILLEJO JUAN FERNANDO,106,CONTRATO MENOR,CM,,ADQUISICIÓN DE LENTES Y GORROS DE LATEX DE NATACIÓN,916,18,2.3. 1 99. 1 99,OTROS BIENES,13500.0,Compromiso
2026,1028,3,B,21,2026-03-12,20131191040,CORPORACION DE SERVICENTROS S.A.C.,27,ADJUDICACION SIMPLIFICADA,AS,0041-2024-GORE-CALLAO,ADQUISICIÓN DEL SUMINISTRO DE COMBUSTIBLE GASOHOL REGULAR,1509,18,2.3. 1  3. 1  1,COMBUSTIBLES Y CARBURANTES,37589.84,Compromiso
2026,1028,3,B,22,2026-03-13,20565643496,GLOBAL FUEL S.A.,27,ADJUDICACION SIMPLIFICADA,AS,0040-2024-GORE-CALLAO,ADQUISICIÓN DEL SUMINISTRO DE COMBUSTIBLE DIESEL B5 S50,1510,18,2.3. 1  3. 1  1,COMBUSTIBLES Y CARBURANTES,608229.49,Compromiso
2026,1028,3,B,23,2026-03-19,10464408784,NAVARRO SKUTERUD FRANK JOHNNY,106,CONTRATO MENOR,CM,,"ADQUISICIÓN DE LIBROS, DIARIOS, REVISTAS Y OTROS BIENES IMPRESOS NO VINCULADOS A ENSEÑANZA",1920,18,2.3. 1 99. 1  3,"LIBROS, DIARIOS, REVISTAS Y OTROS BIENES IMPRESOS NO VINCULADOS A ENSEÑANZA",5850.0,Compromiso
2026,1028,3,B,24,2026-03-19,20606040726,EDMIN CALLAO S.A.C.,106,CONTRATO MENOR,CM,,ADQUISICION DE MASCARILLA DESCARTABLE QUIRURGICA 03 PLIEGUES,1919,18,2.3. 1  8. 2  1,"MATERIAL, INSUMOS, INSTRUMENTAL Y ACCESORIOS  MEDICOS, QUIRURGICOS, ODONTOLOGICOS Y DE LABORATORIO",2600.0,Compromiso
2026,1028,3,B,25,2026-03-19,20613943081,CONSORCIO HERMANOS M&M SAC,106,CONTRATO MENOR,CM,,"ADQUISICION DE GUANTE ANTICORTE, PARA LA ACCIÓN DE ?SENSIBILIZACIÓN DEL USO ADECUADO DE PLAYAS EN EL",1917,18,2.3. 1  6. 1  4,DE SEGURIDAD,3200.0,Compromiso
2026,1028,3,B,26,2026-03-19,20606040726,EDMIN CALLAO S.A.C.,106,CONTRATO MENOR,CM,,"ADQUISICION DE ASEO, LIMPIEZA Y TOCADOR, PARA LA ACCIÓN DE ?SENSIBILIZACIÓN DEL USO ADECUADO DE PLAY",1911,18,2.3. 1  5. 3  1,"ASEO, LIMPIEZA Y TOCADOR",42200.0,Compromiso
2026,1028,3,B,27,2026-03-19,10104587416,QUESQUEN CASTILLEJO JUAN FERNANDO,106,CONTRATO MENOR,CM,,"ADQUISICIÓN DE VESTUARIO,ACCESORIO Y PRENDAS DIVERSAS, PARA LA ACCIÓN.DE ?SENSIBILIZACIÓN DEL USO A",1910,18,2.3. 1  2. 1  1,"VESTUARIO, ACCESORIOS Y PRENDAS DIVERSAS",5050.0,Compromiso
2026,1028,3,B,28,2026-03-20,20606482745,COMERCIAL ISAMAR STORE SOCIEDAD ANONIMA CERRADA,106,CONTRATO MENOR,CM,,ADQUISICION TEXTILES,2079,18,2.3. 1  2. 1  2,TEXTILES Y ACABADOS TEXTILES,2500.0,Compromiso
2026,1028,3,B,28,2026-03-20,20606482745,COMERCIAL ISAMAR STORE SOCIEDAD ANONIMA CERRADA,106,CONTRATO MENOR,CM,,ADQUISICION TEXTILES,2079,18,2.3. 1  2. 1  1,"VESTUARIO, ACCESORIOS Y PRENDAS DIVERSAS",840.0,Compromiso
2026,1028,3,B,29,2026-03-20,10615311974,CASTRO ALMENDARIZ MARIA ALEJANDRA,106,CONTRATO MENOR,CM,,ADQUISICION DE BIENES DIVERSOS Y SOUVENIRS,2080,18,2.3. 1  5. 1  2,"PAPELERIA EN GENERAL, UTILES Y MATERIALES DE OFICINA",3700.0,Compromiso
2026,1028,3,B,29,2026-03-20,10615311974,CASTRO ALMENDARIZ MARIA ALEJANDRA,106,CONTRATO MENOR,CM,,ADQUISICION DE BIENES DIVERSOS Y SOUVENIRS,2080,18,2.3. 1 99. 1 99,OTROS BIENES,1000.0,Compromiso
2026,1028,3,B,29,2026-03-20,10615311974,CASTRO ALMENDARIZ MARIA ALEJANDRA,106,CONTRATO MENOR,CM,,ADQUISICION DE BIENES DIVERSOS Y SOUVENIRS,2080,18,2.3. 1  1. 1  1,ALIMENTOS Y BEBIDAS PARA CONSUMO HUMANO,1500.0,Compromiso
2026,1028,3,B,29,2026-03-20,10615311974,CASTRO ALMENDARIZ MARIA ALEJANDRA,106,CONTRATO MENOR,CM,,ADQUISICION DE BIENES DIVERSOS Y SOUVENIRS,2080,18,2.3. 1 99. 1  3,"LIBROS, DIARIOS, REVISTAS Y OTROS BIENES IMPRESOS NO VINCULADOS A ENSEÑANZA",3725.0,Compromiso
2026,1028,3,B,29,2026-03-20,10615311974,CASTRO ALMENDARIZ MARIA ALEJANDRA,106,CONTRATO MENOR,CM,,ADQUISICION DE BIENES DIVERSOS Y SOUVENIRS,2080,18,2.3. 1  7. 1  1,ENSERES,450.0,Compromiso
2026,1028,3,B,29,2026-03-20,10615311974,CASTRO ALMENDARIZ MARIA ALEJANDRA,106,CONTRATO MENOR,CM,,ADQUISICION DE BIENES DIVERSOS Y SOUVENIRS,2080,18,2.3. 1 99. 1  4,"SIMBOLOS, DISTINTIVOS Y CONDECORACIONES",6350.0,Compromiso
2026,1028,3,B,30,2026-03-20,10429709984,SAYAGO SALAZAR CLAUDIA YOLANDA,106,CONTRATO MENOR,CM,,"ADQUISICION DE PAPELERIA EN GENERAL, UTILES Y MATERIALES DE OFICINA",2087,18,2.3. 1  5. 1  2,"PAPELERIA EN GENERAL, UTILES Y MATERIALES DE OFICINA",1440.0,Compromiso
2026,1028,3,B,31,2026-03-23,20604922128,OPERADORA CANTOLAO SAC,106,CONTRATO MENOR,CM,,ADQUISICIÓN DEL SUMINISTRO DE GAS NATURAL VEHICULAR (GNV) PARA LOS FURGONES DE LA FLOTA VEHICULAR DEL GOBIERNO REGIONAL DEL CALLAO - CORRESPONDIENTE AL EJERCICIO FISCAL AÑO 2026 - SEGÚN CONTRATO N° 001-2025-OL-GRC,2141,18,2.3. 1  3. 1  2,GASES,12960.0,Compromiso
2026,1028,3,B,32,2026-03-24,20613933434,PRODUCCIONES VEGA S.A.C.,106,CONTRATO MENOR,CM,,ADQUISICION DE MATERIAL IMPRESO,2148,18,2.3. 1 99. 1  3,"LIBROS, DIARIOS, REVISTAS Y OTROS BIENES IMPRESOS NO VINCULADOS A ENSEÑANZA",4900.0,Compromiso
2026,1028,3,B,33,2026-03-24,20607848204,SKUNA ASOCIADOS S.A.C.,106,CONTRATO MENOR,CM,,ADQUISICIÓN DE ALIMENTOS Y BEBIDAS PARA CONSUMO HUMANO,2149,18,2.3. 1  1. 1  1,ALIMENTOS Y BEBIDAS PARA CONSUMO HUMANO,5150.0,Compromiso
2026,1028,3,B,34,2026-03-24,20615121879,COMERCIAL ISASHOP S.A.C,106,CONTRATO MENOR,CM,,ADQUISICION DE SOUVENIR,2150,18,2.3. 1 99. 1 99,OTROS BIENES,3600.0,Compromiso
2026,1028,3,B,35,2026-03-24,20610601082,MPC FULL IMPORT E.I.R.L,26,CONTRATACION POR CATALOGO ELECTRONICO,CCE,0001-2026-GORE-CALLAO,ADQUISICIÓN DE TÓNER PARA IMPRESORA MULTIFUNCIONAL DE LA GERENCIA DE ASESORÍA JURÍDICA,2155,18,2.3. 1  5. 1  2,"PAPELERIA EN GENERAL, UTILES Y MATERIALES DE OFICINA",9636.59,Compromiso
2026,1028,3,B,36,2026-03-26,20610601082,MPC FULL IMPORT E.I.R.L,26,CONTRATACION POR CATALOGO ELECTRONICO,CCE,0002-2026-GORE-CALLAO,ADQUISICIÓN DE TÓNER PARA IMPRESORAS HP LASERJET MFP E62655 DE LA SECRETARÍA DEL CONSEJO REGIONAL,2207,18,2.3. 1  5. 1  2,"PAPELERIA EN GENERAL, UTILES Y MATERIALES DE OFICINA",7844.64,Compromiso
2026,1028,3,B,37,2026-03-27,20613206711,FAWRE INVERSIONES Y REPRESENTACIONES DE MARCA S.A.C.,26,CONTRATACION POR CATALOGO ELECTRONICO,CCE,0003-2026-GORE-CALLAO,ADQUISICION DE CAJAS DE AGUA - OFICINA DE AGRICULTURA Y PRODUCCION PARA LA ADMINISTRACIÓN DEL DESEMBARCADERO PESQUERO ARTESANAL DEL CALLAO (DPA)?,2291,18,2.3. 1  1. 1  1,ALIMENTOS Y BEBIDAS PARA CONSUMO HUMANO,1448.45,Compromiso
2026,1028,3,B,38,2026-03-27,20613206711,FAWRE INVERSIONES Y REPRESENTACIONES DE MARCA S.A.C.,26,CONTRATACION POR CATALOGO ELECTRONICO,CCE,0004-2026-GORE-CALLAO,ADQUISICION DE AGUA EN CAJA X 20 L -  OFICINA DE PROGRAMACIÓN MULTIANUAL DE INVERSIONES.,2292,18,2.3. 1  1. 1  1,ALIMENTOS Y BEBIDAS PARA CONSUMO HUMANO,1448.45,Compromiso
2026,1028,3,B,39,2026-03-27,20549582347,DISIDEL S.A.C.,106,CONTRATO MENOR,CM,,ETIQUETAS AUTOAHESIVAS DE POLIESTER,2290,18,2.3. 1  5. 1  2,"PAPELERIA EN GENERAL, UTILES Y MATERIALES DE OFICINA",1050.0,Compromiso
2026,1028,3,B,40,2026-03-27,20549582347,DISIDEL S.A.C.,106,CONTRATO MENOR,CM,,CINTA DE RESINA 60 MM X 300 MTS,2289,18,2.3. 1  5. 1  2,"PAPELERIA EN GENERAL, UTILES Y MATERIALES DE OFICINA",570.0,Compromiso
2026,1028,3,B,41,2026-03-27,20603265042,J. MORA IMPORT EMPRESA INDIVIDUAL DE RESPONSABILIDAD LIMITADA,26,CONTRATACION POR CATALOGO ELECTRONICO,CCE,0005-2023-GORE-CALLAO,ADQUISICIÓN DE DOS (02) EQUIPOS DE AIRE ACONDICIONADO SPLIT 60 000 BTU PARA LA GERENCIA REGIONAL DE RECURSOS NATURALES Y GESTIÓN DEL MEDIO AMBIENTE,2293,18,2.6. 3  2. 9  1,AIRE ACONDICIONADO Y REFRIGERACION,11800.47,Compromiso
2026,1028,3,B,42,2026-03-31,20563626578,GRUPO EMPRESARIAL HEVASUD S.A.C.,90,LICITACIÓN PÚBLICA ABREVIADA,LP,0003-2025-GORE-CALLAO,"ADQUISICIÓN DE AULA DE PSICOMOTRICIDAD, LABORATORIO Y/O TALLER, EQUIPO DE OTROS ACTIVOS",2536,18,2.6. 3  2. 2  2,MOBILIARIO,7056.0,Compromiso
2026,1028,3,B,42,2026-03-31,20563626578,GRUPO EMPRESARIAL HEVASUD S.A.C.,90,LICITACIÓN PÚBLICA ABREVIADA,LP,0003-2025-GORE-CALLAO,"ADQUISICIÓN DE AULA DE PSICOMOTRICIDAD, LABORATORIO Y/O TALLER, EQUIPO DE OTROS ACTIVOS",2536,18,2.6. 3  2. 2  1,MAQUINAS Y EQUIPOS,225990.0,Compromiso
2026,1028,3,B,42,2026-03-31,20563626578,GRUPO EMPRESARIAL HEVASUD S.A.C.,90,LICITACIÓN PÚBLICA ABREVIADA,LP,0003-2025-GORE-CALLAO,"ADQUISICIÓN DE AULA DE PSICOMOTRICIDAD, LABORATORIO Y/O TALLER, EQUIPO DE OTROS ACTIVOS",2536,18,2.6. 7  1. 6  2,GASTOS POR LA COMPRA DE BIENES,26454.0,Compromiso
2026,1028,4,B,43,2026-04-07,20100049181,TAI LOY S.A.,26,CONTRATACION POR CATALOGO ELECTRONICO,CCE,0006-2026-GORE-CALLAO,PAPEL BOND 80 GR - COMPRA CORPORATIVA OBLIGATORIA APROBADA MEDIANTE R.D. N.° 0039-2025-EF/5,2560,18,2.3. 1  5. 1  2,"PAPELERIA EN GENERAL, UTILES Y MATERIALES DE OFICINA",674.02,Compromiso
2026,1028,4,B,43,2026-04-07,20100049181,TAI LOY S.A.,26,CONTRATACION POR CATALOGO ELECTRONICO,CCE,0006-2026-GORE-CALLAO,PAPEL BOND 80 GR - COMPRA CORPORATIVA OBLIGATORIA APROBADA MEDIANTE R.D. N.° 0039-2025-EF/5,2560,18,2.3. 1  5. 1  2,"PAPELERIA EN GENERAL, UTILES Y MATERIALES DE OFICINA",4814.38,Compromiso
2026,1028,4,B,43,2026-04-07,20100049181,TAI LOY S.A.,26,CONTRATACION POR CATALOGO ELECTRONICO,CCE,0006-2026-GORE-CALLAO,PAPEL BOND 80 GR - COMPRA CORPORATIVA OBLIGATORIA APROBADA MEDIANTE R.D. N.° 0039-2025-EF/5,2560,18,2.3. 1  5. 1  2,"PAPELERIA EN GENERAL, UTILES Y MATERIALES DE OFICINA",192.58,Compromiso
2026,1028,4,B,43,2026-04-07,20100049181,TAI LOY S.A.,26,CONTRATACION POR CATALOGO ELECTRONICO,CCE,0006-2026-GORE-CALLAO,PAPEL BOND 80 GR - COMPRA CORPORATIVA OBLIGATORIA APROBADA MEDIANTE R.D. N.° 0039-2025-EF/5,2560,18,2.3. 1  5. 1  2,"PAPELERIA EN GENERAL, UTILES Y MATERIALES DE OFICINA",4747.0,Compromiso
2026,1028,4,B,43,2026-04-07,20100049181,TAI LOY S.A.,26,CONTRATACION POR CATALOGO ELECTRONICO,CCE,0006-2026-GORE-CALLAO,PAPEL BOND 80 GR - COMPRA CORPORATIVA OBLIGATORIA APROBADA MEDIANTE R.D. N.° 0039-2025-EF/5,2560,18,2.3. 1  5. 1  2,"PAPELERIA EN GENERAL, UTILES Y MATERIALES DE OFICINA",1251.74,Compromiso
2026,1028,4,B,43,2026-04-07,20100049181,TAI LOY S.A.,26,CONTRATACION POR CATALOGO ELECTRONICO,CCE,0006-2026-GORE-CALLAO,PAPEL BOND 80 GR - COMPRA CORPORATIVA OBLIGATORIA APROBADA MEDIANTE R.D. N.° 0039-2025-EF/5,2560,18,2.3. 1  5. 1  2,"PAPELERIA EN GENERAL, UTILES Y MATERIALES DE OFICINA",2599.78,Compromiso
2026,1028,4,B,43,2026-04-07,20100049181,TAI LOY S.A.,26,CONTRATACION POR CATALOGO ELECTRONICO,CCE,0006-2026-GORE-CALLAO,PAPEL BOND 80 GR - COMPRA CORPORATIVA OBLIGATORIA APROBADA MEDIANTE R.D. N.° 0039-2025-EF/5,2560,18,2.3. 1  5. 1  2,"PAPELERIA EN GENERAL, UTILES Y MATERIALES DE OFICINA",770.3,Compromiso
2026,1028,4,B,43,2026-04-07,20100049181,TAI LOY S.A.,26,CONTRATACION POR CATALOGO ELECTRONICO,CCE,0006-2026-GORE-CALLAO,PAPEL BOND 80 GR - COMPRA CORPORATIVA OBLIGATORIA APROBADA MEDIANTE R.D. N.° 0039-2025-EF/5,2560,18,2.3. 1  5. 1  2,"PAPELERIA EN GENERAL, UTILES Y MATERIALES DE OFICINA",1155.46,Compromiso
2026,1028,4,B,43,2026-04-07,20100049181,TAI LOY S.A.,26,CONTRATACION POR CATALOGO ELECTRONICO,CCE,0006-2026-GORE-CALLAO,PAPEL BOND 80 GR - COMPRA CORPORATIVA OBLIGATORIA APROBADA MEDIANTE R.D. N.° 0039-2025-EF/5,2560,18,2.3. 1  5. 1  2,"PAPELERIA EN GENERAL, UTILES Y MATERIALES DE OFICINA",1925.76,Compromiso
2026,1028,4,B,43,2026-04-07,20100049181,TAI LOY S.A.,26,CONTRATACION POR CATALOGO ELECTRONICO,CCE,0006-2026-GORE-CALLAO,PAPEL BOND 80 GR - COMPRA CORPORATIVA OBLIGATORIA APROBADA MEDIANTE R.D. N.° 0039-2025-EF/5,2560,18,2.3. 1  5. 1  2,"PAPELERIA EN GENERAL, UTILES Y MATERIALES DE OFICINA",38.52,Compromiso
2026,1028,4,B,43,2026-04-07,20100049181,TAI LOY S.A.,26,CONTRATACION POR CATALOGO ELECTRONICO,CCE,0006-2026-GORE-CALLAO,PAPEL BOND 80 GR - COMPRA CORPORATIVA OBLIGATORIA APROBADA MEDIANTE R.D. N.° 0039-2025-EF/5,2560,18,2.3. 1  5. 1  2,"PAPELERIA EN GENERAL, UTILES Y MATERIALES DE OFICINA",288.86,Compromiso
2026,1028,4,B,43,2026-04-07,20100049181,TAI LOY S.A.,26,CONTRATACION POR CATALOGO ELECTRONICO,CCE,0006-2026-GORE-CALLAO,PAPEL BOND 80 GR - COMPRA CORPORATIVA OBLIGATORIA APROBADA MEDIANTE R.D. N.° 0039-2025-EF/5,2560,18,2.3. 1  5. 1  2,"PAPELERIA EN GENERAL, UTILES Y MATERIALES DE OFICINA",1540.61,Compromiso
2026,1028,4,B,43,2026-04-07,20100049181,TAI LOY S.A.,26,CONTRATACION POR CATALOGO ELECTRONICO,CCE,0006-2026-GORE-CALLAO,PAPEL BOND 80 GR - COMPRA CORPORATIVA OBLIGATORIA APROBADA MEDIANTE R.D. N.° 0039-2025-EF/5,2560,18,2.3. 1  5. 1  2,"PAPELERIA EN GENERAL, UTILES Y MATERIALES DE OFICINA",2503.49,Compromiso
2026,1028,4,B,43,2026-04-07,20100049181,TAI LOY S.A.,26,CONTRATACION POR CATALOGO ELECTRONICO,CCE,0006-2026-GORE-CALLAO,PAPEL BOND 80 GR - COMPRA CORPORATIVA OBLIGATORIA APROBADA MEDIANTE R.D. N.° 0039-2025-EF/5,2560,18,2.3. 1  5. 1  2,"PAPELERIA EN GENERAL, UTILES Y MATERIALES DE OFICINA",67.4,Compromiso
2026,1028,4,B,43,2026-04-07,20100049181,TAI LOY S.A.,26,CONTRATACION POR CATALOGO ELECTRONICO,CCE,0006-2026-GORE-CALLAO,PAPEL BOND 80 GR - COMPRA CORPORATIVA OBLIGATORIA APROBADA MEDIANTE R.D. N.° 0039-2025-EF/5,2560,18,2.3. 1  5. 1  2,"PAPELERIA EN GENERAL, UTILES Y MATERIALES DE OFICINA",481.44,Compromiso
2026,1028,4,B,43,2026-04-07,20100049181,TAI LOY S.A.,26,CONTRATACION POR CATALOGO ELECTRONICO,CCE,0006-2026-GORE-CALLAO,PAPEL BOND 80 GR - COMPRA CORPORATIVA OBLIGATORIA APROBADA MEDIANTE R.D. N.° 0039-2025-EF/5,2560,18,2.3. 1  5. 1  2,"PAPELERIA EN GENERAL, UTILES Y MATERIALES DE OFICINA",240.72,Compromiso
2026,1028,4,B,43,2026-04-07,20100049181,TAI LOY S.A.,26,CONTRATACION POR CATALOGO ELECTRONICO,CCE,0006-2026-GORE-CALLAO,PAPEL BOND 80 GR - COMPRA CORPORATIVA OBLIGATORIA APROBADA MEDIANTE R.D. N.° 0039-2025-EF/5,2560,18,2.3. 1  5. 1  2,"PAPELERIA EN GENERAL, UTILES Y MATERIALES DE OFICINA",385.15,Compromiso
2026,1028,4,B,44,2026-04-07,20100049181,TAI LOY S.A.,26,CONTRATACION POR CATALOGO ELECTRONICO,CCE,0006-2026-GORE-CALLAO,PAPEL BOND 80 GR - COMPRA CORPORATIVA OBLIGATORIA APROBADA MEDIANTE R.D. N.° 0039-2025-EF/5 - SEGUNDA ENTREGA,2562,18,2.3. 1  5. 1  2,"PAPELERIA EN GENERAL, UTILES Y MATERIALES DE OFICINA",4814.38,Compromiso
2026,1028,4,B,44,2026-04-07,20100049181,TAI LOY S.A.,26,CONTRATACION POR CATALOGO ELECTRONICO,CCE,0006-2026-GORE-CALLAO,PAPEL BOND 80 GR - COMPRA CORPORATIVA OBLIGATORIA APROBADA MEDIANTE R.D. N.° 0039-2025-EF/5 - SEGUNDA ENTREGA,2562,18,2.3. 1  5. 1  2,"PAPELERIA EN GENERAL, UTILES Y MATERIALES DE OFICINA",288.86,Compromiso
2026,1028,4,B,44,2026-04-07,20100049181,TAI LOY S.A.,26,CONTRATACION POR CATALOGO ELECTRONICO,CCE,0006-2026-GORE-CALLAO,PAPEL BOND 80 GR - COMPRA CORPORATIVA OBLIGATORIA APROBADA MEDIANTE R.D. N.° 0039-2025-EF/5 - SEGUNDA ENTREGA,2562,18,2.3. 1  5. 1  2,"PAPELERIA EN GENERAL, UTILES Y MATERIALES DE OFICINA",1251.74,Compromiso
2026,1028,4,B,44,2026-04-07,20100049181,TAI LOY S.A.,26,CONTRATACION POR CATALOGO ELECTRONICO,CCE,0006-2026-GORE-CALLAO,PAPEL BOND 80 GR - COMPRA CORPORATIVA OBLIGATORIA APROBADA MEDIANTE R.D. N.° 0039-2025-EF/5 - SEGUNDA ENTREGA,2562,18,2.3. 1  5. 1  2,"PAPELERIA EN GENERAL, UTILES Y MATERIALES DE OFICINA",385.15,Compromiso
2026,1028,4,B,44,2026-04-07,20100049181,TAI LOY S.A.,26,CONTRATACION POR CATALOGO ELECTRONICO,CCE,0006-2026-GORE-CALLAO,PAPEL BOND 80 GR - COMPRA CORPORATIVA OBLIGATORIA APROBADA MEDIANTE R.D. N.° 0039-2025-EF/5 - SEGUNDA ENTREGA,2562,18,2.3. 1  5. 1  2,"PAPELERIA EN GENERAL, UTILES Y MATERIALES DE OFICINA",770.3,Compromiso
2026,1028,4,B,44,2026-04-07,20100049181,TAI LOY S.A.,26,CONTRATACION POR CATALOGO ELECTRONICO,CCE,0006-2026-GORE-CALLAO,PAPEL BOND 80 GR - COMPRA CORPORATIVA OBLIGATORIA APROBADA MEDIANTE R.D. N.° 0039-2025-EF/5 - SEGUNDA ENTREGA,2562,18,2.3. 1  5. 1  2,"PAPELERIA EN GENERAL, UTILES Y MATERIALES DE OFICINA",1925.76,Compromiso
2026,1028,4,B,44,2026-04-07,20100049181,TAI LOY S.A.,26,CONTRATACION POR CATALOGO ELECTRONICO,CCE,0006-2026-GORE-CALLAO,PAPEL BOND 80 GR - COMPRA CORPORATIVA OBLIGATORIA APROBADA MEDIANTE R.D. N.° 0039-2025-EF/5 - SEGUNDA ENTREGA,2562,18,2.3. 1  5. 1  2,"PAPELERIA EN GENERAL, UTILES Y MATERIALES DE OFICINA",67.4,Compromiso
2026,1028,4,B,44,2026-04-07,20100049181,TAI LOY S.A.,26,CONTRATACION POR CATALOGO ELECTRONICO,CCE,0006-2026-GORE-CALLAO,PAPEL BOND 80 GR - COMPRA CORPORATIVA OBLIGATORIA APROBADA MEDIANTE R.D. N.° 0039-2025-EF/5 - SEGUNDA ENTREGA,2562,18,2.3. 1  5. 1  2,"PAPELERIA EN GENERAL, UTILES Y MATERIALES DE OFICINA",192.58,Compromiso
2026,1028,4,B,44,2026-04-07,20100049181,TAI LOY S.A.,26,CONTRATACION POR CATALOGO ELECTRONICO,CCE,0006-2026-GORE-CALLAO,PAPEL BOND 80 GR - COMPRA CORPORATIVA OBLIGATORIA APROBADA MEDIANTE R.D. N.° 0039-2025-EF/5 - SEGUNDA ENTREGA,2562,18,2.3. 1  5. 1  2,"PAPELERIA EN GENERAL, UTILES Y MATERIALES DE OFICINA",1155.46,Compromiso
2026,1028,4,B,44,2026-04-07,20100049181,TAI LOY S.A.,26,CONTRATACION POR CATALOGO ELECTRONICO,CCE,0006-2026-GORE-CALLAO,PAPEL BOND 80 GR - COMPRA CORPORATIVA OBLIGATORIA APROBADA MEDIANTE R.D. N.° 0039-2025-EF/5 - SEGUNDA ENTREGA,2562,18,2.3. 1  5. 1  2,"PAPELERIA EN GENERAL, UTILES Y MATERIALES DE OFICINA",38.52,Compromiso
2026,1028,4,B,44,2026-04-07,20100049181,TAI LOY S.A.,26,CONTRATACION POR CATALOGO ELECTRONICO,CCE,0006-2026-GORE-CALLAO,PAPEL BOND 80 GR - COMPRA CORPORATIVA OBLIGATORIA APROBADA MEDIANTE R.D. N.° 0039-2025-EF/5 - SEGUNDA ENTREGA,2562,18,2.3. 1  5. 1  2,"PAPELERIA EN GENERAL, UTILES Y MATERIALES DE OFICINA",240.72,Compromiso
2026,1028,4,B,44,2026-04-07,20100049181,TAI LOY S.A.,26,CONTRATACION POR CATALOGO ELECTRONICO,CCE,0006-2026-GORE-CALLAO,PAPEL BOND 80 GR - COMPRA CORPORATIVA OBLIGATORIA APROBADA MEDIANTE R.D. N.° 0039-2025-EF/5 - SEGUNDA ENTREGA,2562,18,2.3. 1  5. 1  2,"PAPELERIA EN GENERAL, UTILES Y MATERIALES DE OFICINA",674.02,Compromiso
2026,1028,4,B,44,2026-04-07,20100049181,TAI LOY S.A.,26,CONTRATACION POR CATALOGO ELECTRONICO,CCE,0006-2026-GORE-CALLAO,PAPEL BOND 80 GR - COMPRA CORPORATIVA OBLIGATORIA APROBADA MEDIANTE R.D. N.° 0039-2025-EF/5 - SEGUNDA ENTREGA,2562,18,2.3. 1  5. 1  2,"PAPELERIA EN GENERAL, UTILES Y MATERIALES DE OFICINA",1540.61,Compromiso
2026,1028,4,B,44,2026-04-07,20100049181,TAI LOY S.A.,26,CONTRATACION POR CATALOGO ELECTRONICO,CCE,0006-2026-GORE-CALLAO,PAPEL BOND 80 GR - COMPRA CORPORATIVA OBLIGATORIA APROBADA MEDIANTE R.D. N.° 0039-2025-EF/5 - SEGUNDA ENTREGA,2562,18,2.3. 1  5. 1  2,"PAPELERIA EN GENERAL, UTILES Y MATERIALES DE OFICINA",2503.49,Compromiso
2026,1028,4,B,44,2026-04-07,20100049181,TAI LOY S.A.,26,CONTRATACION POR CATALOGO ELECTRONICO,CCE,0006-2026-GORE-CALLAO,PAPEL BOND 80 GR - COMPRA CORPORATIVA OBLIGATORIA APROBADA MEDIANTE R.D. N.° 0039-2025-EF/5 - SEGUNDA ENTREGA,2562,18,2.3. 1  5. 1  2,"PAPELERIA EN GENERAL, UTILES Y MATERIALES DE OFICINA",4747.0,Compromiso
2026,1028,4,B,44,2026-04-07,20100049181,TAI LOY S.A.,26,CONTRATACION POR CATALOGO ELECTRONICO,CCE,0006-2026-GORE-CALLAO,PAPEL BOND 80 GR - COMPRA CORPORATIVA OBLIGATORIA APROBADA MEDIANTE R.D. N.° 0039-2025-EF/5 - SEGUNDA ENTREGA,2562,18,2.3. 1  5. 1  2,"PAPELERIA EN GENERAL, UTILES Y MATERIALES DE OFICINA",481.44,Compromiso
2026,1028,4,B,44,2026-04-07,20100049181,TAI LOY S.A.,26,CONTRATACION POR CATALOGO ELECTRONICO,CCE,0006-2026-GORE-CALLAO,PAPEL BOND 80 GR - COMPRA CORPORATIVA OBLIGATORIA APROBADA MEDIANTE R.D. N.° 0039-2025-EF/5 - SEGUNDA ENTREGA,2562,18,2.3. 1  5. 1  2,"PAPELERIA EN GENERAL, UTILES Y MATERIALES DE OFICINA",2599.78,Compromiso
2026,1028,4,B,45,2026-04-07,20100049181,TAI LOY S.A.,26,CONTRATACION POR CATALOGO ELECTRONICO,CCE,0006-2026-GORE-CALLAO,PAPEL BOND 80 GR - COMPRA CORPORATIVA OBLIGATORIA APROBADA MEDIANTE R.D. N.° 0039-2025-EF/5 - TERCERA ENTREGA,2563,18,2.3. 1  5. 1  2,"PAPELERIA EN GENERAL, UTILES Y MATERIALES DE OFICINA",481.44,Compromiso
2026,1028,4,B,45,2026-04-07,20100049181,TAI LOY S.A.,26,CONTRATACION POR CATALOGO ELECTRONICO,CCE,0006-2026-GORE-CALLAO,PAPEL BOND 80 GR - COMPRA CORPORATIVA OBLIGATORIA APROBADA MEDIANTE R.D. N.° 0039-2025-EF/5 - TERCERA ENTREGA,2563,18,2.3. 1  5. 1  2,"PAPELERIA EN GENERAL, UTILES Y MATERIALES DE OFICINA",4814.4,Compromiso
2026,1028,4,B,45,2026-04-07,20100049181,TAI LOY S.A.,26,CONTRATACION POR CATALOGO ELECTRONICO,CCE,0006-2026-GORE-CALLAO,PAPEL BOND 80 GR - COMPRA CORPORATIVA OBLIGATORIA APROBADA MEDIANTE R.D. N.° 0039-2025-EF/5 - TERCERA ENTREGA,2563,18,2.3. 1  5. 1  2,"PAPELERIA EN GENERAL, UTILES Y MATERIALES DE OFICINA",57.77,Compromiso
2026,1028,4,B,45,2026-04-07,20100049181,TAI LOY S.A.,26,CONTRATACION POR CATALOGO ELECTRONICO,CCE,0006-2026-GORE-CALLAO,PAPEL BOND 80 GR - COMPRA CORPORATIVA OBLIGATORIA APROBADA MEDIANTE R.D. N.° 0039-2025-EF/5 - TERCERA ENTREGA,2563,18,2.3. 1  5. 1  2,"PAPELERIA EN GENERAL, UTILES Y MATERIALES DE OFICINA",866.59,Compromiso
2026,1028,4,B,45,2026-04-07,20100049181,TAI LOY S.A.,26,CONTRATACION POR CATALOGO ELECTRONICO,CCE,0006-2026-GORE-CALLAO,PAPEL BOND 80 GR - COMPRA CORPORATIVA OBLIGATORIA APROBADA MEDIANTE R.D. N.° 0039-2025-EF/5 - TERCERA ENTREGA,2563,18,2.3. 1  5. 1  2,"PAPELERIA EN GENERAL, UTILES Y MATERIALES DE OFICINA",1925.76,Compromiso
2026,1028,4,B,45,2026-04-07,20100049181,TAI LOY S.A.,26,CONTRATACION POR CATALOGO ELECTRONICO,CCE,0006-2026-GORE-CALLAO,PAPEL BOND 80 GR - COMPRA CORPORATIVA OBLIGATORIA APROBADA MEDIANTE R.D. N.° 0039-2025-EF/5 - TERCERA ENTREGA,2563,18,2.3. 1  5. 1  2,"PAPELERIA EN GENERAL, UTILES Y MATERIALES DE OFICINA",19.26,Compromiso
2026,1028,4,B,45,2026-04-07,20100049181,TAI LOY S.A.,26,CONTRATACION POR CATALOGO ELECTRONICO,CCE,0006-2026-GORE-CALLAO,PAPEL BOND 80 GR - COMPRA CORPORATIVA OBLIGATORIA APROBADA MEDIANTE R.D. N.° 0039-2025-EF/5 - TERCERA ENTREGA,2563,18,2.3. 1  5. 1  2,"PAPELERIA EN GENERAL, UTILES Y MATERIALES DE OFICINA",192.58,Compromiso
2026,1028,4,B,45,2026-04-07,20100049181,TAI LOY S.A.,26,CONTRATACION POR CATALOGO ELECTRONICO,CCE,0006-2026-GORE-CALLAO,PAPEL BOND 80 GR - COMPRA CORPORATIVA OBLIGATORIA APROBADA MEDIANTE R.D. N.° 0039-2025-EF/5 - TERCERA ENTREGA,2563,18,2.3. 1  5. 1  2,"PAPELERIA EN GENERAL, UTILES Y MATERIALES DE OFICINA",577.73,Compromiso
2026,1028,4,B,45,2026-04-07,20100049181,TAI LOY S.A.,26,CONTRATACION POR CATALOGO ELECTRONICO,CCE,0006-2026-GORE-CALLAO,PAPEL BOND 80 GR - COMPRA CORPORATIVA OBLIGATORIA APROBADA MEDIANTE R.D. N.° 0039-2025-EF/5 - TERCERA ENTREGA,2563,18,2.3. 1  5. 1  2,"PAPELERIA EN GENERAL, UTILES Y MATERIALES DE OFICINA",770.3,Compromiso
2026,1028,4,B,45,2026-04-07,20100049181,TAI LOY S.A.,26,CONTRATACION POR CATALOGO ELECTRONICO,CCE,0006-2026-GORE-CALLAO,PAPEL BOND 80 GR - COMPRA CORPORATIVA OBLIGATORIA APROBADA MEDIANTE R.D. N.° 0039-2025-EF/5 - TERCERA ENTREGA,2563,18,2.3. 1  5. 1  2,"PAPELERIA EN GENERAL, UTILES Y MATERIALES DE OFICINA",1348.03,Compromiso
2026,1028,4,B,45,2026-04-07,20100049181,TAI LOY S.A.,26,CONTRATACION POR CATALOGO ELECTRONICO,CCE,0006-2026-GORE-CALLAO,PAPEL BOND 80 GR - COMPRA CORPORATIVA OBLIGATORIA APROBADA MEDIANTE R.D. N.° 0039-2025-EF/5 - TERCERA ENTREGA,2563,18,2.3. 1  5. 1  2,"PAPELERIA EN GENERAL, UTILES Y MATERIALES DE OFICINA",2599.78,Compromiso
2026,1028,4,B,45,2026-04-07,20100049181,TAI LOY S.A.,26,CONTRATACION POR CATALOGO ELECTRONICO,CCE,0006-2026-GORE-CALLAO,PAPEL BOND 80 GR - COMPRA CORPORATIVA OBLIGATORIA APROBADA MEDIANTE R.D. N.° 0039-2025-EF/5 - TERCERA ENTREGA,2563,18,2.3. 1  5. 1  2,"PAPELERIA EN GENERAL, UTILES Y MATERIALES DE OFICINA",385.15,Compromiso
2026,1028,4,B,45,2026-04-07,20100049181,TAI LOY S.A.,26,CONTRATACION POR CATALOGO ELECTRONICO,CCE,0006-2026-GORE-CALLAO,PAPEL BOND 80 GR - COMPRA CORPORATIVA OBLIGATORIA APROBADA MEDIANTE R.D. N.° 0039-2025-EF/5 - TERCERA ENTREGA,2563,18,2.3. 1  5. 1  2,"PAPELERIA EN GENERAL, UTILES Y MATERIALES DE OFICINA",4949.21,Compromiso
2026,1028,4,B,45,2026-04-07,20100049181,TAI LOY S.A.,26,CONTRATACION POR CATALOGO ELECTRONICO,CCE,0006-2026-GORE-CALLAO,PAPEL BOND 80 GR - COMPRA CORPORATIVA OBLIGATORIA APROBADA MEDIANTE R.D. N.° 0039-2025-EF/5 - TERCERA ENTREGA,2563,18,2.3. 1  5. 1  2,"PAPELERIA EN GENERAL, UTILES Y MATERIALES DE OFICINA",1733.18,Compromiso
2026,1028,4,B,45,2026-04-07,20100049181,TAI LOY S.A.,26,CONTRATACION POR CATALOGO ELECTRONICO,CCE,0006-2026-GORE-CALLAO,PAPEL BOND 80 GR - COMPRA CORPORATIVA OBLIGATORIA APROBADA MEDIANTE R.D. N.° 0039-2025-EF/5 - TERCERA ENTREGA,2563,18,2.3. 1  5. 1  2,"PAPELERIA EN GENERAL, UTILES Y MATERIALES DE OFICINA",1059.17,Compromiso
2026,1028,4,B,45,2026-04-07,20100049181,TAI LOY S.A.,26,CONTRATACION POR CATALOGO ELECTRONICO,CCE,0006-2026-GORE-CALLAO,PAPEL BOND 80 GR - COMPRA CORPORATIVA OBLIGATORIA APROBADA MEDIANTE R.D. N.° 0039-2025-EF/5 - TERCERA ENTREGA,2563,18,2.3. 1  5. 1  2,"PAPELERIA EN GENERAL, UTILES Y MATERIALES DE OFICINA",96.29,Compromiso
2026,1028,4,B,45,2026-04-07,20100049181,TAI LOY S.A.,26,CONTRATACION POR CATALOGO ELECTRONICO,CCE,0006-2026-GORE-CALLAO,PAPEL BOND 80 GR - COMPRA CORPORATIVA OBLIGATORIA APROBADA MEDIANTE R.D. N.° 0039-2025-EF/5 - TERCERA ENTREGA,2563,18,2.3. 1  5. 1  2,"PAPELERIA EN GENERAL, UTILES Y MATERIALES DE OFICINA",2696.06,Compromiso
2026,1028,4,B,46,2026-04-07,20100049181,TAI LOY S.A.,26,CONTRATACION POR CATALOGO ELECTRONICO,CCE,0007-2026-GORE-CALLAO,ARCHIVADOR LOMO ANCHO TAMAÑO OFICIO - COMPRA CORPORATIVA OBLIGATORIA APROBADA MEDIANTE R.D. N.° 0039-2025-EF/5 (PRIMERA ENTREGA),2564,18,2.3. 1  5. 1  2,"PAPELERIA EN GENERAL, UTILES Y MATERIALES DE OFICINA",246.97,Compromiso
2026,1028,4,B,46,2026-04-07,20100049181,TAI LOY S.A.,26,CONTRATACION POR CATALOGO ELECTRONICO,CCE,0007-2026-GORE-CALLAO,ARCHIVADOR LOMO ANCHO TAMAÑO OFICIO - COMPRA CORPORATIVA OBLIGATORIA APROBADA MEDIANTE R.D. N.° 0039-2025-EF/5 (PRIMERA ENTREGA),2564,18,2.3. 1  5. 1  2,"PAPELERIA EN GENERAL, UTILES Y MATERIALES DE OFICINA",352.82,Compromiso
2026,1028,4,B,46,2026-04-07,20100049181,TAI LOY S.A.,26,CONTRATACION POR CATALOGO ELECTRONICO,CCE,0007-2026-GORE-CALLAO,ARCHIVADOR LOMO ANCHO TAMAÑO OFICIO - COMPRA CORPORATIVA OBLIGATORIA APROBADA MEDIANTE R.D. N.° 0039-2025-EF/5 (PRIMERA ENTREGA),2564,18,2.3. 1  5. 1  2,"PAPELERIA EN GENERAL, UTILES Y MATERIALES DE OFICINA",17.64,Compromiso
2026,1028,4,B,46,2026-04-07,20100049181,TAI LOY S.A.,26,CONTRATACION POR CATALOGO ELECTRONICO,CCE,0007-2026-GORE-CALLAO,ARCHIVADOR LOMO ANCHO TAMAÑO OFICIO - COMPRA CORPORATIVA OBLIGATORIA APROBADA MEDIANTE R.D. N.° 0039-2025-EF/5 (PRIMERA ENTREGA),2564,18,2.3. 1  5. 1  2,"PAPELERIA EN GENERAL, UTILES Y MATERIALES DE OFICINA",105.85,Compromiso
2026,1028,4,B,46,2026-04-07,20100049181,TAI LOY S.A.,26,CONTRATACION POR CATALOGO ELECTRONICO,CCE,0007-2026-GORE-CALLAO,ARCHIVADOR LOMO ANCHO TAMAÑO OFICIO - COMPRA CORPORATIVA OBLIGATORIA APROBADA MEDIANTE R.D. N.° 0039-2025-EF/5 (PRIMERA ENTREGA),2564,18,2.3. 1  5. 1  2,"PAPELERIA EN GENERAL, UTILES Y MATERIALES DE OFICINA",52.92,Compromiso
2026,1028,4,B,46,2026-04-07,20100049181,TAI LOY S.A.,26,CONTRATACION POR CATALOGO ELECTRONICO,CCE,0007-2026-GORE-CALLAO,ARCHIVADOR LOMO ANCHO TAMAÑO OFICIO - COMPRA CORPORATIVA OBLIGATORIA APROBADA MEDIANTE R.D. N.° 0039-2025-EF/5 (PRIMERA ENTREGA),2564,18,2.3. 1  5. 1  2,"PAPELERIA EN GENERAL, UTILES Y MATERIALES DE OFICINA",670.37,Compromiso
2026,1028,4,B,46,2026-04-07,20100049181,TAI LOY S.A.,26,CONTRATACION POR CATALOGO ELECTRONICO,CCE,0007-2026-GORE-CALLAO,ARCHIVADOR LOMO ANCHO TAMAÑO OFICIO - COMPRA CORPORATIVA OBLIGATORIA APROBADA MEDIANTE R.D. N.° 0039-2025-EF/5 (PRIMERA ENTREGA),2564,18,2.3. 1  5. 1  2,"PAPELERIA EN GENERAL, UTILES Y MATERIALES DE OFICINA",24.7,Compromiso
2026,1028,4,B,46,2026-04-07,20100049181,TAI LOY S.A.,26,CONTRATACION POR CATALOGO ELECTRONICO,CCE,0007-2026-GORE-CALLAO,ARCHIVADOR LOMO ANCHO TAMAÑO OFICIO - COMPRA CORPORATIVA OBLIGATORIA APROBADA MEDIANTE R.D. N.° 0039-2025-EF/5 (PRIMERA ENTREGA),2564,18,2.3. 1  5. 1  2,"PAPELERIA EN GENERAL, UTILES Y MATERIALES DE OFICINA",7.06,Compromiso
2026,1028,4,B,46,2026-04-07,20100049181,TAI LOY S.A.,26,CONTRATACION POR CATALOGO ELECTRONICO,CCE,0007-2026-GORE-CALLAO,ARCHIVADOR LOMO ANCHO TAMAÑO OFICIO - COMPRA CORPORATIVA OBLIGATORIA APROBADA MEDIANTE R.D. N.° 0039-2025-EF/5 (PRIMERA ENTREGA),2564,18,2.3. 1  5. 1  2,"PAPELERIA EN GENERAL, UTILES Y MATERIALES DE OFICINA",10.58,Compromiso
2026,1028,4,B,46,2026-04-07,20100049181,TAI LOY S.A.,26,CONTRATACION POR CATALOGO ELECTRONICO,CCE,0007-2026-GORE-CALLAO,ARCHIVADOR LOMO ANCHO TAMAÑO OFICIO - COMPRA CORPORATIVA OBLIGATORIA APROBADA MEDIANTE R.D. N.° 0039-2025-EF/5 (PRIMERA ENTREGA),2564,18,2.3. 1  5. 1  2,"PAPELERIA EN GENERAL, UTILES Y MATERIALES DE OFICINA",28.23,Compromiso
2026,1028,4,B,46,2026-04-07,20100049181,TAI LOY S.A.,26,CONTRATACION POR CATALOGO ELECTRONICO,CCE,0007-2026-GORE-CALLAO,ARCHIVADOR LOMO ANCHO TAMAÑO OFICIO - COMPRA CORPORATIVA OBLIGATORIA APROBADA MEDIANTE R.D. N.° 0039-2025-EF/5 (PRIMERA ENTREGA),2564,18,2.3. 1  5. 1  2,"PAPELERIA EN GENERAL, UTILES Y MATERIALES DE OFICINA",98.79,Compromiso
2026,1028,4,B,46,2026-04-07,20100049181,TAI LOY S.A.,26,CONTRATACION POR CATALOGO ELECTRONICO,CCE,0007-2026-GORE-CALLAO,ARCHIVADOR LOMO ANCHO TAMAÑO OFICIO - COMPRA CORPORATIVA OBLIGATORIA APROBADA MEDIANTE R.D. N.° 0039-2025-EF/5 (PRIMERA ENTREGA),2564,18,2.3. 1  5. 1  2,"PAPELERIA EN GENERAL, UTILES Y MATERIALES DE OFICINA",35.28,Compromiso
2026,1028,4,B,46,2026-04-07,20100049181,TAI LOY S.A.,26,CONTRATACION POR CATALOGO ELECTRONICO,CCE,0007-2026-GORE-CALLAO,ARCHIVADOR LOMO ANCHO TAMAÑO OFICIO - COMPRA CORPORATIVA OBLIGATORIA APROBADA MEDIANTE R.D. N.° 0039-2025-EF/5 (PRIMERA ENTREGA),2564,18,2.3. 1  5. 1  2,"PAPELERIA EN GENERAL, UTILES Y MATERIALES DE OFICINA",70.56,Compromiso
2026,1028,4,B,46,2026-04-07,20100049181,TAI LOY S.A.,26,CONTRATACION POR CATALOGO ELECTRONICO,CCE,0007-2026-GORE-CALLAO,ARCHIVADOR LOMO ANCHO TAMAÑO OFICIO - COMPRA CORPORATIVA OBLIGATORIA APROBADA MEDIANTE R.D. N.° 0039-2025-EF/5 (PRIMERA ENTREGA),2564,18,2.3. 1  5. 1  2,"PAPELERIA EN GENERAL, UTILES Y MATERIALES DE OFICINA",14.11,Compromiso
2026,1028,4,B,47,2026-04-07,20100049181,TAI LOY S.A.,26,CONTRATACION POR CATALOGO ELECTRONICO,CCE,0007-2026-GORE-CALLAO,ARCHIVADOR LOMO ANCHO TAMAÑO OFICIO - COMPRA CORPORATIVA OBLIGATORIA APROBADA MEDIANTE R.D. N.° 0039-2025-EF/5 (SEGUNDA ENTREGA),2565,18,2.3. 1  5. 1  2,"PAPELERIA EN GENERAL, UTILES Y MATERIALES DE OFICINA",14.11,Compromiso
2026,1028,4,B,47,2026-04-07,20100049181,TAI LOY S.A.,26,CONTRATACION POR CATALOGO ELECTRONICO,CCE,0007-2026-GORE-CALLAO,ARCHIVADOR LOMO ANCHO TAMAÑO OFICIO - COMPRA CORPORATIVA OBLIGATORIA APROBADA MEDIANTE R.D. N.° 0039-2025-EF/5 (SEGUNDA ENTREGA),2565,18,2.3. 1  5. 1  2,"PAPELERIA EN GENERAL, UTILES Y MATERIALES DE OFICINA",7.06,Compromiso
2026,1028,4,B,47,2026-04-07,20100049181,TAI LOY S.A.,26,CONTRATACION POR CATALOGO ELECTRONICO,CCE,0007-2026-GORE-CALLAO,ARCHIVADOR LOMO ANCHO TAMAÑO OFICIO - COMPRA CORPORATIVA OBLIGATORIA APROBADA MEDIANTE R.D. N.° 0039-2025-EF/5 (SEGUNDA ENTREGA),2565,18,2.3. 1  5. 1  2,"PAPELERIA EN GENERAL, UTILES Y MATERIALES DE OFICINA",70.56,Compromiso
2026,1028,4,B,47,2026-04-07,20100049181,TAI LOY S.A.,26,CONTRATACION POR CATALOGO ELECTRONICO,CCE,0007-2026-GORE-CALLAO,ARCHIVADOR LOMO ANCHO TAMAÑO OFICIO - COMPRA CORPORATIVA OBLIGATORIA APROBADA MEDIANTE R.D. N.° 0039-2025-EF/5 (SEGUNDA ENTREGA),2565,18,2.3. 1  5. 1  2,"PAPELERIA EN GENERAL, UTILES Y MATERIALES DE OFICINA",105.85,Compromiso
2026,1028,4,B,47,2026-04-07,20100049181,TAI LOY S.A.,26,CONTRATACION POR CATALOGO ELECTRONICO,CCE,0007-2026-GORE-CALLAO,ARCHIVADOR LOMO ANCHO TAMAÑO OFICIO - COMPRA CORPORATIVA OBLIGATORIA APROBADA MEDIANTE R.D. N.° 0039-2025-EF/5 (SEGUNDA ENTREGA),2565,18,2.3. 1  5. 1  2,"PAPELERIA EN GENERAL, UTILES Y MATERIALES DE OFICINA",28.23,Compromiso
2026,1028,4,B,47,2026-04-07,20100049181,TAI LOY S.A.,26,CONTRATACION POR CATALOGO ELECTRONICO,CCE,0007-2026-GORE-CALLAO,ARCHIVADOR LOMO ANCHO TAMAÑO OFICIO - COMPRA CORPORATIVA OBLIGATORIA APROBADA MEDIANTE R.D. N.° 0039-2025-EF/5 (SEGUNDA ENTREGA),2565,18,2.3. 1  5. 1  2,"PAPELERIA EN GENERAL, UTILES Y MATERIALES DE OFICINA",52.92,Compromiso
2026,1028,4,B,47,2026-04-07,20100049181,TAI LOY S.A.,26,CONTRATACION POR CATALOGO ELECTRONICO,CCE,0007-2026-GORE-CALLAO,ARCHIVADOR LOMO ANCHO TAMAÑO OFICIO - COMPRA CORPORATIVA OBLIGATORIA APROBADA MEDIANTE R.D. N.° 0039-2025-EF/5 (SEGUNDA ENTREGA),2565,18,2.3. 1  5. 1  2,"PAPELERIA EN GENERAL, UTILES Y MATERIALES DE OFICINA",10.58,Compromiso
2026,1028,4,B,47,2026-04-07,20100049181,TAI LOY S.A.,26,CONTRATACION POR CATALOGO ELECTRONICO,CCE,0007-2026-GORE-CALLAO,ARCHIVADOR LOMO ANCHO TAMAÑO OFICIO - COMPRA CORPORATIVA OBLIGATORIA APROBADA MEDIANTE R.D. N.° 0039-2025-EF/5 (SEGUNDA ENTREGA),2565,18,2.3. 1  5. 1  2,"PAPELERIA EN GENERAL, UTILES Y MATERIALES DE OFICINA",98.79,Compromiso
2026,1028,4,B,47,2026-04-07,20100049181,TAI LOY S.A.,26,CONTRATACION POR CATALOGO ELECTRONICO,CCE,0007-2026-GORE-CALLAO,ARCHIVADOR LOMO ANCHO TAMAÑO OFICIO - COMPRA CORPORATIVA OBLIGATORIA APROBADA MEDIANTE R.D. N.° 0039-2025-EF/5 (SEGUNDA ENTREGA),2565,18,2.3. 1  5. 1  2,"PAPELERIA EN GENERAL, UTILES Y MATERIALES DE OFICINA",670.37,Compromiso
2026,1028,4,B,47,2026-04-07,20100049181,TAI LOY S.A.,26,CONTRATACION POR CATALOGO ELECTRONICO,CCE,0007-2026-GORE-CALLAO,ARCHIVADOR LOMO ANCHO TAMAÑO OFICIO - COMPRA CORPORATIVA OBLIGATORIA APROBADA MEDIANTE R.D. N.° 0039-2025-EF/5 (SEGUNDA ENTREGA),2565,18,2.3. 1  5. 1  2,"PAPELERIA EN GENERAL, UTILES Y MATERIALES DE OFICINA",246.97,Compromiso
2026,1028,4,B,47,2026-04-07,20100049181,TAI LOY S.A.,26,CONTRATACION POR CATALOGO ELECTRONICO,CCE,0007-2026-GORE-CALLAO,ARCHIVADOR LOMO ANCHO TAMAÑO OFICIO - COMPRA CORPORATIVA OBLIGATORIA APROBADA MEDIANTE R.D. N.° 0039-2025-EF/5 (SEGUNDA ENTREGA),2565,18,2.3. 1  5. 1  2,"PAPELERIA EN GENERAL, UTILES Y MATERIALES DE OFICINA",17.64,Compromiso
2026,1028,4,B,47,2026-04-07,20100049181,TAI LOY S.A.,26,CONTRATACION POR CATALOGO ELECTRONICO,CCE,0007-2026-GORE-CALLAO,ARCHIVADOR LOMO ANCHO TAMAÑO OFICIO - COMPRA CORPORATIVA OBLIGATORIA APROBADA MEDIANTE R.D. N.° 0039-2025-EF/5 (SEGUNDA ENTREGA),2565,18,2.3. 1  5. 1  2,"PAPELERIA EN GENERAL, UTILES Y MATERIALES DE OFICINA",24.7,Compromiso
2026,1028,4,B,47,2026-04-07,20100049181,TAI LOY S.A.,26,CONTRATACION POR CATALOGO ELECTRONICO,CCE,0007-2026-GORE-CALLAO,ARCHIVADOR LOMO ANCHO TAMAÑO OFICIO - COMPRA CORPORATIVA OBLIGATORIA APROBADA MEDIANTE R.D. N.° 0039-2025-EF/5 (SEGUNDA ENTREGA),2565,18,2.3. 1  5. 1  2,"PAPELERIA EN GENERAL, UTILES Y MATERIALES DE OFICINA",35.28,Compromiso
2026,1028,4,B,47,2026-04-07,20100049181,TAI LOY S.A.,26,CONTRATACION POR CATALOGO ELECTRONICO,CCE,0007-2026-GORE-CALLAO,ARCHIVADOR LOMO ANCHO TAMAÑO OFICIO - COMPRA CORPORATIVA OBLIGATORIA APROBADA MEDIANTE R.D. N.° 0039-2025-EF/5 (SEGUNDA ENTREGA),2565,18,2.3. 1  5. 1  2,"PAPELERIA EN GENERAL, UTILES Y MATERIALES DE OFICINA",352.82,Compromiso
2026,1028,4,B,48,2026-04-07,20100049181,TAI LOY S.A.,26,CONTRATACION POR CATALOGO ELECTRONICO,CCE,0007-2026-GORE-CALLAO,ARCHIVADOR LOMO ANCHO TAMAÑO OFICIO - COMPRA CORPORATIVA OBLIGATORIA APROBADA MEDIANTE R.D. N.° 0039-2025-EF/5 (TERCER ENTREGA),2566,18,2.3. 1  5. 1  2,"PAPELERIA EN GENERAL, UTILES Y MATERIALES DE OFICINA",21.17,Compromiso
2026,1028,4,B,48,2026-04-07,20100049181,TAI LOY S.A.,26,CONTRATACION POR CATALOGO ELECTRONICO,CCE,0007-2026-GORE-CALLAO,ARCHIVADOR LOMO ANCHO TAMAÑO OFICIO - COMPRA CORPORATIVA OBLIGATORIA APROBADA MEDIANTE R.D. N.° 0039-2025-EF/5 (TERCER ENTREGA),2566,18,2.3. 1  5. 1  2,"PAPELERIA EN GENERAL, UTILES Y MATERIALES DE OFICINA",659.78,Compromiso
2026,1028,4,B,48,2026-04-07,20100049181,TAI LOY S.A.,26,CONTRATACION POR CATALOGO ELECTRONICO,CCE,0007-2026-GORE-CALLAO,ARCHIVADOR LOMO ANCHO TAMAÑO OFICIO - COMPRA CORPORATIVA OBLIGATORIA APROBADA MEDIANTE R.D. N.° 0039-2025-EF/5 (TERCER ENTREGA),2566,18,2.3. 1  5. 1  2,"PAPELERIA EN GENERAL, UTILES Y MATERIALES DE OFICINA",7.06,Compromiso
2026,1028,4,B,48,2026-04-07,20100049181,TAI LOY S.A.,26,CONTRATACION POR CATALOGO ELECTRONICO,CCE,0007-2026-GORE-CALLAO,ARCHIVADOR LOMO ANCHO TAMAÑO OFICIO - COMPRA CORPORATIVA OBLIGATORIA APROBADA MEDIANTE R.D. N.° 0039-2025-EF/5 (TERCER ENTREGA),2566,18,2.3. 1  5. 1  2,"PAPELERIA EN GENERAL, UTILES Y MATERIALES DE OFICINA",70.56,Compromiso
2026,1028,4,B,48,2026-04-07,20100049181,TAI LOY S.A.,26,CONTRATACION POR CATALOGO ELECTRONICO,CCE,0007-2026-GORE-CALLAO,ARCHIVADOR LOMO ANCHO TAMAÑO OFICIO - COMPRA CORPORATIVA OBLIGATORIA APROBADA MEDIANTE R.D. N.° 0039-2025-EF/5 (TERCER ENTREGA),2566,18,2.3. 1  5. 1  2,"PAPELERIA EN GENERAL, UTILES Y MATERIALES DE OFICINA",141.13,Compromiso
2026,1028,4,B,48,2026-04-07,20100049181,TAI LOY S.A.,26,CONTRATACION POR CATALOGO ELECTRONICO,CCE,0007-2026-GORE-CALLAO,ARCHIVADOR LOMO ANCHO TAMAÑO OFICIO - COMPRA CORPORATIVA OBLIGATORIA APROBADA MEDIANTE R.D. N.° 0039-2025-EF/5 (TERCER ENTREGA),2566,18,2.3. 1  5. 1  2,"PAPELERIA EN GENERAL, UTILES Y MATERIALES DE OFICINA",211.69,Compromiso
2026,1028,4,B,48,2026-04-07,20100049181,TAI LOY S.A.,26,CONTRATACION POR CATALOGO ELECTRONICO,CCE,0007-2026-GORE-CALLAO,ARCHIVADOR LOMO ANCHO TAMAÑO OFICIO - COMPRA CORPORATIVA OBLIGATORIA APROBADA MEDIANTE R.D. N.° 0039-2025-EF/5 (TERCER ENTREGA),2566,18,2.3. 1  5. 1  2,"PAPELERIA EN GENERAL, UTILES Y MATERIALES DE OFICINA",352.82,Compromiso
2026,1028,4,B,48,2026-04-07,20100049181,TAI LOY S.A.,26,CONTRATACION POR CATALOGO ELECTRONICO,CCE,0007-2026-GORE-CALLAO,ARCHIVADOR LOMO ANCHO TAMAÑO OFICIO - COMPRA CORPORATIVA OBLIGATORIA APROBADA MEDIANTE R.D. N.° 0039-2025-EF/5 (TERCER ENTREGA),2566,18,2.3. 1  5. 1  2,"PAPELERIA EN GENERAL, UTILES Y MATERIALES DE OFICINA",17.64,Compromiso
2026,1028,4,B,48,2026-04-07,20100049181,TAI LOY S.A.,26,CONTRATACION POR CATALOGO ELECTRONICO,CCE,0007-2026-GORE-CALLAO,ARCHIVADOR LOMO ANCHO TAMAÑO OFICIO - COMPRA CORPORATIVA OBLIGATORIA APROBADA MEDIANTE R.D. N.° 0039-2025-EF/5 (TERCER ENTREGA),2566,18,2.3. 1  5. 1  2,"PAPELERIA EN GENERAL, UTILES Y MATERIALES DE OFICINA",35.28,Compromiso
2026,1028,4,B,48,2026-04-07,20100049181,TAI LOY S.A.,26,CONTRATACION POR CATALOGO ELECTRONICO,CCE,0007-2026-GORE-CALLAO,ARCHIVADOR LOMO ANCHO TAMAÑO OFICIO - COMPRA CORPORATIVA OBLIGATORIA APROBADA MEDIANTE R.D. N.° 0039-2025-EF/5 (TERCER ENTREGA),2566,18,2.3. 1  5. 1  2,"PAPELERIA EN GENERAL, UTILES Y MATERIALES DE OFICINA",155.24,Compromiso
2026,1028,4,B,48,2026-04-07,20100049181,TAI LOY S.A.,26,CONTRATACION POR CATALOGO ELECTRONICO,CCE,0007-2026-GORE-CALLAO,ARCHIVADOR LOMO ANCHO TAMAÑO OFICIO - COMPRA CORPORATIVA OBLIGATORIA APROBADA MEDIANTE R.D. N.° 0039-2025-EF/5 (TERCER ENTREGA),2566,18,2.3. 1  5. 1  2,"PAPELERIA EN GENERAL, UTILES Y MATERIALES DE OFICINA",3.53,Compromiso
2026,1028,4,B,48,2026-04-07,20100049181,TAI LOY S.A.,26,CONTRATACION POR CATALOGO ELECTRONICO,CCE,0007-2026-GORE-CALLAO,ARCHIVADOR LOMO ANCHO TAMAÑO OFICIO - COMPRA CORPORATIVA OBLIGATORIA APROBADA MEDIANTE R.D. N.° 0039-2025-EF/5 (TERCER ENTREGA),2566,18,2.3. 1  5. 1  2,"PAPELERIA EN GENERAL, UTILES Y MATERIALES DE OFICINA",14.11,Compromiso
2026,1028,4,B,49,2026-04-07,20100049181,TAI LOY S.A.,26,CONTRATACION POR CATALOGO ELECTRONICO,CCE,0008-2026-GORE-CALLAO,ARCHIVADOR LOMO ANCHO TAMAÑO A4 - COMPRA CORPORATIVA OBLIGATORIA APROBADA MEDIANTE R.D. N.° 0039-2025-EF/5 (PRIMERA ENTREGA),2567,18,2.3. 1  5. 1  2,"PAPELERIA EN GENERAL, UTILES Y MATERIALES DE OFICINA",23.62,Compromiso
2026,1028,4,B,49,2026-04-07,20100049181,TAI LOY S.A.,26,CONTRATACION POR CATALOGO ELECTRONICO,CCE,0008-2026-GORE-CALLAO,ARCHIVADOR LOMO ANCHO TAMAÑO A4 - COMPRA CORPORATIVA OBLIGATORIA APROBADA MEDIANTE R.D. N.° 0039-2025-EF/5 (PRIMERA ENTREGA),2567,18,2.3. 1  5. 1  2,"PAPELERIA EN GENERAL, UTILES Y MATERIALES DE OFICINA",33.75,Compromiso
2026,1028,4,B,49,2026-04-07,20100049181,TAI LOY S.A.,26,CONTRATACION POR CATALOGO ELECTRONICO,CCE,0008-2026-GORE-CALLAO,ARCHIVADOR LOMO ANCHO TAMAÑO A4 - COMPRA CORPORATIVA OBLIGATORIA APROBADA MEDIANTE R.D. N.° 0039-2025-EF/5 (PRIMERA ENTREGA),2567,18,2.3. 1  5. 1  2,"PAPELERIA EN GENERAL, UTILES Y MATERIALES DE OFICINA",101.24,Compromiso
2026,1028,4,B,49,2026-04-07,20100049181,TAI LOY S.A.,26,CONTRATACION POR CATALOGO ELECTRONICO,CCE,0008-2026-GORE-CALLAO,ARCHIVADOR LOMO ANCHO TAMAÑO A4 - COMPRA CORPORATIVA OBLIGATORIA APROBADA MEDIANTE R.D. N.° 0039-2025-EF/5 (PRIMERA ENTREGA),2567,18,2.3. 1  5. 1  2,"PAPELERIA EN GENERAL, UTILES Y MATERIALES DE OFICINA",101.28,Compromiso
2026,1028,4,B,49,2026-04-07,20100049181,TAI LOY S.A.,26,CONTRATACION POR CATALOGO ELECTRONICO,CCE,0008-2026-GORE-CALLAO,ARCHIVADOR LOMO ANCHO TAMAÑO A4 - COMPRA CORPORATIVA OBLIGATORIA APROBADA MEDIANTE R.D. N.° 0039-2025-EF/5 (PRIMERA ENTREGA),2567,18,2.3. 1  5. 1  2,"PAPELERIA EN GENERAL, UTILES Y MATERIALES DE OFICINA",50.62,Compromiso
2026,1028,4,B,49,2026-04-07,20100049181,TAI LOY S.A.,26,CONTRATACION POR CATALOGO ELECTRONICO,CCE,0008-2026-GORE-CALLAO,ARCHIVADOR LOMO ANCHO TAMAÑO A4 - COMPRA CORPORATIVA OBLIGATORIA APROBADA MEDIANTE R.D. N.° 0039-2025-EF/5 (PRIMERA ENTREGA),2567,18,2.3. 1  5. 1  2,"PAPELERIA EN GENERAL, UTILES Y MATERIALES DE OFICINA",10.12,Compromiso
2026,1028,4,B,49,2026-04-07,20100049181,TAI LOY S.A.,26,CONTRATACION POR CATALOGO ELECTRONICO,CCE,0008-2026-GORE-CALLAO,ARCHIVADOR LOMO ANCHO TAMAÑO A4 - COMPRA CORPORATIVA OBLIGATORIA APROBADA MEDIANTE R.D. N.° 0039-2025-EF/5 (PRIMERA ENTREGA),2567,18,2.3. 1  5. 1  2,"PAPELERIA EN GENERAL, UTILES Y MATERIALES DE OFICINA",13.5,Compromiso
2026,1028,4,B,49,2026-04-07,20100049181,TAI LOY S.A.,26,CONTRATACION POR CATALOGO ELECTRONICO,CCE,0008-2026-GORE-CALLAO,ARCHIVADOR LOMO ANCHO TAMAÑO A4 - COMPRA CORPORATIVA OBLIGATORIA APROBADA MEDIANTE R.D. N.° 0039-2025-EF/5 (PRIMERA ENTREGA),2567,18,2.3. 1  5. 1  2,"PAPELERIA EN GENERAL, UTILES Y MATERIALES DE OFICINA",6.75,Compromiso
2026,1028,4,B,49,2026-04-07,20100049181,TAI LOY S.A.,26,CONTRATACION POR CATALOGO ELECTRONICO,CCE,0008-2026-GORE-CALLAO,ARCHIVADOR LOMO ANCHO TAMAÑO A4 - COMPRA CORPORATIVA OBLIGATORIA APROBADA MEDIANTE R.D. N.° 0039-2025-EF/5 (PRIMERA ENTREGA),2567,18,2.3. 1  5. 1  2,"PAPELERIA EN GENERAL, UTILES Y MATERIALES DE OFICINA",67.5,Compromiso
2026,1028,4,B,49,2026-04-07,20100049181,TAI LOY S.A.,26,CONTRATACION POR CATALOGO ELECTRONICO,CCE,0008-2026-GORE-CALLAO,ARCHIVADOR LOMO ANCHO TAMAÑO A4 - COMPRA CORPORATIVA OBLIGATORIA APROBADA MEDIANTE R.D. N.° 0039-2025-EF/5 (PRIMERA ENTREGA),2567,18,2.3. 1  5. 1  2,"PAPELERIA EN GENERAL, UTILES Y MATERIALES DE OFICINA",84.37,Compromiso
2026,1028,4,B,49,2026-04-07,20100049181,TAI LOY S.A.,26,CONTRATACION POR CATALOGO ELECTRONICO,CCE,0008-2026-GORE-CALLAO,ARCHIVADOR LOMO ANCHO TAMAÑO A4 - COMPRA CORPORATIVA OBLIGATORIA APROBADA MEDIANTE R.D. N.° 0039-2025-EF/5 (PRIMERA ENTREGA),2567,18,2.3. 1  5. 1  2,"PAPELERIA EN GENERAL, UTILES Y MATERIALES DE OFICINA",16.87,Compromiso
2026,1028,4,B,50,2026-04-07,20100049181,TAI LOY S.A.,26,CONTRATACION POR CATALOGO ELECTRONICO,CCE,0008-2026-GORE-CALLAO,ARCHIVADOR LOMO ANCHO TAMAÑO A4 - COMPRA CORPORATIVA OBLIGATORIA APROBADA MEDIANTE R.D. N.° 0039-2025-EF/5 (SEGUNDA ENTREGA),2568,18,2.3. 1  5. 1  2,"PAPELERIA EN GENERAL, UTILES Y MATERIALES DE OFICINA",101.28,Compromiso
2026,1028,4,B,50,2026-04-07,20100049181,TAI LOY S.A.,26,CONTRATACION POR CATALOGO ELECTRONICO,CCE,0008-2026-GORE-CALLAO,ARCHIVADOR LOMO ANCHO TAMAÑO A4 - COMPRA CORPORATIVA OBLIGATORIA APROBADA MEDIANTE R.D. N.° 0039-2025-EF/5 (SEGUNDA ENTREGA),2568,18,2.3. 1  5. 1  2,"PAPELERIA EN GENERAL, UTILES Y MATERIALES DE OFICINA",10.12,Compromiso
2026,1028,4,B,50,2026-04-07,20100049181,TAI LOY S.A.,26,CONTRATACION POR CATALOGO ELECTRONICO,CCE,0008-2026-GORE-CALLAO,ARCHIVADOR LOMO ANCHO TAMAÑO A4 - COMPRA CORPORATIVA OBLIGATORIA APROBADA MEDIANTE R.D. N.° 0039-2025-EF/5 (SEGUNDA ENTREGA),2568,18,2.3. 1  5. 1  2,"PAPELERIA EN GENERAL, UTILES Y MATERIALES DE OFICINA",13.5,Compromiso
2026,1028,4,B,50,2026-04-07,20100049181,TAI LOY S.A.,26,CONTRATACION POR CATALOGO ELECTRONICO,CCE,0008-2026-GORE-CALLAO,ARCHIVADOR LOMO ANCHO TAMAÑO A4 - COMPRA CORPORATIVA OBLIGATORIA APROBADA MEDIANTE R.D. N.° 0039-2025-EF/5 (SEGUNDA ENTREGA),2568,18,2.3. 1  5. 1  2,"PAPELERIA EN GENERAL, UTILES Y MATERIALES DE OFICINA",84.37,Compromiso
2026,1028,4,B,50,2026-04-07,20100049181,TAI LOY S.A.,26,CONTRATACION POR CATALOGO ELECTRONICO,CCE,0008-2026-GORE-CALLAO,ARCHIVADOR LOMO ANCHO TAMAÑO A4 - COMPRA CORPORATIVA OBLIGATORIA APROBADA MEDIANTE R.D. N.° 0039-2025-EF/5 (SEGUNDA ENTREGA),2568,18,2.3. 1  5. 1  2,"PAPELERIA EN GENERAL, UTILES Y MATERIALES DE OFICINA",33.75,Compromiso
2026,1028,4,B,50,2026-04-07,20100049181,TAI LOY S.A.,26,CONTRATACION POR CATALOGO ELECTRONICO,CCE,0008-2026-GORE-CALLAO,ARCHIVADOR LOMO ANCHO TAMAÑO A4 - COMPRA CORPORATIVA OBLIGATORIA APROBADA MEDIANTE R.D. N.° 0039-2025-EF/5 (SEGUNDA ENTREGA),2568,18,2.3. 1  5. 1  2,"PAPELERIA EN GENERAL, UTILES Y MATERIALES DE OFICINA",6.75,Compromiso
2026,1028,4,B,50,2026-04-07,20100049181,TAI LOY S.A.,26,CONTRATACION POR CATALOGO ELECTRONICO,CCE,0008-2026-GORE-CALLAO,ARCHIVADOR LOMO ANCHO TAMAÑO A4 - COMPRA CORPORATIVA OBLIGATORIA APROBADA MEDIANTE R.D. N.° 0039-2025-EF/5 (SEGUNDA ENTREGA),2568,18,2.3. 1  5. 1  2,"PAPELERIA EN GENERAL, UTILES Y MATERIALES DE OFICINA",16.87,Compromiso
2026,1028,4,B,50,2026-04-07,20100049181,TAI LOY S.A.,26,CONTRATACION POR CATALOGO ELECTRONICO,CCE,0008-2026-GORE-CALLAO,ARCHIVADOR LOMO ANCHO TAMAÑO A4 - COMPRA CORPORATIVA OBLIGATORIA APROBADA MEDIANTE R.D. N.° 0039-2025-EF/5 (SEGUNDA ENTREGA),2568,18,2.3. 1  5. 1  2,"PAPELERIA EN GENERAL, UTILES Y MATERIALES DE OFICINA",67.5,Compromiso
2026,1028,4,B,50,2026-04-07,20100049181,TAI LOY S.A.,26,CONTRATACION POR CATALOGO ELECTRONICO,CCE,0008-2026-GORE-CALLAO,ARCHIVADOR LOMO ANCHO TAMAÑO A4 - COMPRA CORPORATIVA OBLIGATORIA APROBADA MEDIANTE R.D. N.° 0039-2025-EF/5 (SEGUNDA ENTREGA),2568,18,2.3. 1  5. 1  2,"PAPELERIA EN GENERAL, UTILES Y MATERIALES DE OFICINA",23.62,Compromiso
2026,1028,4,B,50,2026-04-07,20100049181,TAI LOY S.A.,26,CONTRATACION POR CATALOGO ELECTRONICO,CCE,0008-2026-GORE-CALLAO,ARCHIVADOR LOMO ANCHO TAMAÑO A4 - COMPRA CORPORATIVA OBLIGATORIA APROBADA MEDIANTE R.D. N.° 0039-2025-EF/5 (SEGUNDA ENTREGA),2568,18,2.3. 1  5. 1  2,"PAPELERIA EN GENERAL, UTILES Y MATERIALES DE OFICINA",50.62,Compromiso
2026,1028,4,B,50,2026-04-07,20100049181,TAI LOY S.A.,26,CONTRATACION POR CATALOGO ELECTRONICO,CCE,0008-2026-GORE-CALLAO,ARCHIVADOR LOMO ANCHO TAMAÑO A4 - COMPRA CORPORATIVA OBLIGATORIA APROBADA MEDIANTE R.D. N.° 0039-2025-EF/5 (SEGUNDA ENTREGA),2568,18,2.3. 1  5. 1  2,"PAPELERIA EN GENERAL, UTILES Y MATERIALES DE OFICINA",101.24,Compromiso
2026,1028,4,B,51,2026-04-07,20100049181,TAI LOY S.A.,26,CONTRATACION POR CATALOGO ELECTRONICO,CCE,0008-2026-GORE-CALLAO,ARCHIVADOR LOMO ANCHO TAMAÑO A4 - COMPRA CORPORATIVA OBLIGATORIA APROBADA MEDIANTE R.D. N.° 0039-2025-EF/5 (TERCERA ENTREGA),2569,18,2.3. 1  5. 1  2,"PAPELERIA EN GENERAL, UTILES Y MATERIALES DE OFICINA",20.25,Compromiso
2026,1028,4,B,51,2026-04-07,20100049181,TAI LOY S.A.,26,CONTRATACION POR CATALOGO ELECTRONICO,CCE,0008-2026-GORE-CALLAO,ARCHIVADOR LOMO ANCHO TAMAÑO A4 - COMPRA CORPORATIVA OBLIGATORIA APROBADA MEDIANTE R.D. N.° 0039-2025-EF/5 (TERCERA ENTREGA),2569,18,2.3. 1  5. 1  2,"PAPELERIA EN GENERAL, UTILES Y MATERIALES DE OFICINA",101.24,Compromiso
2026,1028,4,B,51,2026-04-07,20100049181,TAI LOY S.A.,26,CONTRATACION POR CATALOGO ELECTRONICO,CCE,0008-2026-GORE-CALLAO,ARCHIVADOR LOMO ANCHO TAMAÑO A4 - COMPRA CORPORATIVA OBLIGATORIA APROBADA MEDIANTE R.D. N.° 0039-2025-EF/5 (TERCERA ENTREGA),2569,18,2.3. 1  5. 1  2,"PAPELERIA EN GENERAL, UTILES Y MATERIALES DE OFICINA",134.97,Compromiso
2026,1028,4,B,51,2026-04-07,20100049181,TAI LOY S.A.,26,CONTRATACION POR CATALOGO ELECTRONICO,CCE,0008-2026-GORE-CALLAO,ARCHIVADOR LOMO ANCHO TAMAÑO A4 - COMPRA CORPORATIVA OBLIGATORIA APROBADA MEDIANTE R.D. N.° 0039-2025-EF/5 (TERCERA ENTREGA),2569,18,2.3. 1  5. 1  2,"PAPELERIA EN GENERAL, UTILES Y MATERIALES DE OFICINA",33.75,Compromiso
2026,1028,4,B,51,2026-04-07,20100049181,TAI LOY S.A.,26,CONTRATACION POR CATALOGO ELECTRONICO,CCE,0008-2026-GORE-CALLAO,ARCHIVADOR LOMO ANCHO TAMAÑO A4 - COMPRA CORPORATIVA OBLIGATORIA APROBADA MEDIANTE R.D. N.° 0039-2025-EF/5 (TERCERA ENTREGA),2569,18,2.3. 1  5. 1  2,"PAPELERIA EN GENERAL, UTILES Y MATERIALES DE OFICINA",6.75,Compromiso
2026,1028,4,B,51,2026-04-07,20100049181,TAI LOY S.A.,26,CONTRATACION POR CATALOGO ELECTRONICO,CCE,0008-2026-GORE-CALLAO,ARCHIVADOR LOMO ANCHO TAMAÑO A4 - COMPRA CORPORATIVA OBLIGATORIA APROBADA MEDIANTE R.D. N.° 0039-2025-EF/5 (TERCERA ENTREGA),2569,18,2.3. 1  5. 1  2,"PAPELERIA EN GENERAL, UTILES Y MATERIALES DE OFICINA",67.5,Compromiso
2026,1028,4,B,51,2026-04-07,20100049181,TAI LOY S.A.,26,CONTRATACION POR CATALOGO ELECTRONICO,CCE,0008-2026-GORE-CALLAO,ARCHIVADOR LOMO ANCHO TAMAÑO A4 - COMPRA CORPORATIVA OBLIGATORIA APROBADA MEDIANTE R.D. N.° 0039-2025-EF/5 (TERCERA ENTREGA),2569,18,2.3. 1  5. 1  2,"PAPELERIA EN GENERAL, UTILES Y MATERIALES DE OFICINA",107.99,Compromiso
2026,1028,4,B,51,2026-04-07,20100049181,TAI LOY S.A.,26,CONTRATACION POR CATALOGO ELECTRONICO,CCE,0008-2026-GORE-CALLAO,ARCHIVADOR LOMO ANCHO TAMAÑO A4 - COMPRA CORPORATIVA OBLIGATORIA APROBADA MEDIANTE R.D. N.° 0039-2025-EF/5 (TERCERA ENTREGA),2569,18,2.3. 1  5. 1  2,"PAPELERIA EN GENERAL, UTILES Y MATERIALES DE OFICINA",3.37,Compromiso
2026,1028,4,B,51,2026-04-07,20100049181,TAI LOY S.A.,26,CONTRATACION POR CATALOGO ELECTRONICO,CCE,0008-2026-GORE-CALLAO,ARCHIVADOR LOMO ANCHO TAMAÑO A4 - COMPRA CORPORATIVA OBLIGATORIA APROBADA MEDIANTE R.D. N.° 0039-2025-EF/5 (TERCERA ENTREGA),2569,18,2.3. 1  5. 1  2,"PAPELERIA EN GENERAL, UTILES Y MATERIALES DE OFICINA",13.5,Compromiso
2026,1028,4,B,51,2026-04-07,20100049181,TAI LOY S.A.,26,CONTRATACION POR CATALOGO ELECTRONICO,CCE,0008-2026-GORE-CALLAO,ARCHIVADOR LOMO ANCHO TAMAÑO A4 - COMPRA CORPORATIVA OBLIGATORIA APROBADA MEDIANTE R.D. N.° 0039-2025-EF/5 (TERCERA ENTREGA),2569,18,2.3. 1  5. 1  2,"PAPELERIA EN GENERAL, UTILES Y MATERIALES DE OFICINA",16.87,Compromiso
2026,1028,4,B,51,2026-04-07,20100049181,TAI LOY S.A.,26,CONTRATACION POR CATALOGO ELECTRONICO,CCE,0008-2026-GORE-CALLAO,ARCHIVADOR LOMO ANCHO TAMAÑO A4 - COMPRA CORPORATIVA OBLIGATORIA APROBADA MEDIANTE R.D. N.° 0039-2025-EF/5 (TERCERA ENTREGA),2569,18,2.3. 1  5. 1  2,"PAPELERIA EN GENERAL, UTILES Y MATERIALES DE OFICINA",134.99,Compromiso
2026,1028,4,B,52,2026-04-07,10726949315,ROBLES GONZALES BEATRICE MICHELLE,106,CONTRATO MENOR,CM,,ADQUISICION DE ARREGLOS FLORALES PARA LA OFICINA DE IMAGEN INSTITUCIONAL Y PROTOCOLO DEL GOBIERNO REGIONAL DEL CALLAO,2573,18,2.3. 1 99. 1 99,OTROS BIENES,43030.0,Compromiso
2026,1028,4,B,53,2026-04-08,20613933434,PRODUCCIONES VEGA S.A.C.,106,CONTRATO MENOR,CM,,"ADQUISICION DE BOLSA NOTEX, CUADERNO ESPIRAL Y GIGANTOGRAFIA PARA EL EVENTO ENTREGA DE BIENES IOARR",2633,18,2.3. 1  2. 1  2,TEXTILES Y ACABADOS TEXTILES,3000.0,Compromiso
2026,1028,4,B,53,2026-04-08,20613933434,PRODUCCIONES VEGA S.A.C.,106,CONTRATO MENOR,CM,,"ADQUISICION DE BOLSA NOTEX, CUADERNO ESPIRAL Y GIGANTOGRAFIA PARA EL EVENTO ENTREGA DE BIENES IOARR",2633,18,2.3. 1  5. 1  2,"PAPELERIA EN GENERAL, UTILES Y MATERIALES DE OFICINA",3000.0,Compromiso
2026,1028,4,B,53,2026-04-08,20613933434,PRODUCCIONES VEGA S.A.C.,106,CONTRATO MENOR,CM,,"ADQUISICION DE BOLSA NOTEX, CUADERNO ESPIRAL Y GIGANTOGRAFIA PARA EL EVENTO ENTREGA DE BIENES IOARR",2633,18,2.3. 1 99. 1  3,"LIBROS, DIARIOS, REVISTAS Y OTROS BIENES IMPRESOS NO VINCULADOS A ENSEÑANZA",2980.0,Compromiso
2026,1028,4,B,54,2026-04-08,20607848204,SKUNA ASOCIADOS S.A.C.,106,CONTRATO MENOR,CM,,ADQUISICION DE ALIMENTOS Y BEBIDAS PARA CONSUMO HUMANOS PARA EVENTO ENTREGA BIENES IOARR,2631,18,2.3. 1  1. 1  1,ALIMENTOS Y BEBIDAS PARA CONSUMO HUMANO,2250.0,Compromiso
2026,1028,4,B,55,2026-04-09,20610191968,INVERSIONES CORPORATIVAS CAMPOS E.I.R.L.- FERRETERÍA CAMPOS,106,CONTRATO MENOR,CM,,ADQUISICION DE SUMINISTRO DE GASFITERIA,2672,18,2.3. 1 11. 1  1,PARA EDIFICIOS Y ESTRUCTURAS,41644.4,Compromiso
2026,1028,4,B,56,2026-04-09,20304446715,SERVICIOS MULTIPLES SILVA SRLTDA,106,CONTRATO MENOR,CM,,ADQUISICIÓN DE REVISTAS Y DIARIOS PARA LA OFICINA DE IMAGEN INSTITUCIONAL Y PROTOCOLO DE LA GERENCIA GENERAL REGIONAL DEL GOBIERNO REGIONAL DEL CALLAO,2782,18,2.3. 1 99. 1  3,"LIBROS, DIARIOS, REVISTAS Y OTROS BIENES IMPRESOS NO VINCULADOS A ENSEÑANZA",29225.4,Compromiso
2026,1028,4,B,57,2026-04-13,20549582347,DISIDEL S.A.C.,106,CONTRATO MENOR,CM,,ADQUISICIÓN DE EQUIPOS DE AIRE ACONDICIONADO PORTÁTIL PARA LA GERENCIA REGIONAL DE DESARROLLO SOCIAL,2826,18,2.6. 3  2. 9  1,AIRE ACONDICIONADO Y REFRIGERACION,9774.93,Compromiso
2026,1028,4,B,58,2026-04-13,10464408784,NAVARRO SKUTERUD FRANK JOHNNY,106,CONTRATO MENOR,CM,,ADQUISICIÓN DE ARTÍCULOS DE IMPRENTA PARA EL FESTIVAL REGIONAL,2823,18,2.3. 1 99. 1  3,"LIBROS, DIARIOS, REVISTAS Y OTROS BIENES IMPRESOS NO VINCULADOS A ENSEÑANZA",12600.0,Compromiso
2026,1028,4,B,59,2026-04-13,20607848204,SKUNA ASOCIADOS S.A.C.,106,CONTRATO MENOR,CM,,ADQUISICIÓN DE REFRIGERIOS PARA EL FESTIVAL REGIONAL,2824,18,2.3. 1  1. 1  1,ALIMENTOS Y BEBIDAS PARA CONSUMO HUMANO,10200.0,Compromiso
2026,1028,4,B,60,2026-04-13,10615311974,CASTRO ALMENDARIZ MARIA ALEJANDRA,106,CONTRATO MENOR,CM,,ADQUISICIÓN DE SOUVENIRS PARA EL FESTIVAL REGIONAL,2825,18,2.3. 1 99. 1 99,OTROS BIENES,7500.0,Compromiso
2026,1028,4,B,60,2026-04-13,10615311974,CASTRO ALMENDARIZ MARIA ALEJANDRA,106,CONTRATO MENOR,CM,,ADQUISICIÓN DE SOUVENIRS PARA EL FESTIVAL REGIONAL,2825,18,2.3. 1 99. 1  4,"SIMBOLOS, DISTINTIVOS Y CONDECORACIONES",1000.0,Compromiso
2026,1028,4,B,60,2026-04-13,10615311974,CASTRO ALMENDARIZ MARIA ALEJANDRA,106,CONTRATO MENOR,CM,,ADQUISICIÓN DE SOUVENIRS PARA EL FESTIVAL REGIONAL,2825,18,2.3. 1  2. 1  1,"VESTUARIO, ACCESORIOS Y PRENDAS DIVERSAS",16000.0,Compromiso
2026,1028,4,B,61,2026-04-14,20549582347,DISIDEL S.A.C.,106,CONTRATO MENOR,CM,,ADQUISICION DE TRITURADORA PARA LA GERENCIA DE ADMINISTRACION.,2827,18,2.6. 3  2. 2  1,MAQUINAS Y EQUIPOS,2800.0,Compromiso
2026,1028,4,B,62,2026-04-14,20608880781,INVERSIONES KALESA E.I.R.L.,106,CONTRATO MENOR,CM,,ADQUISICION DE SUMINISTROS DE ELETRICIDAD PARA LA EJECUCIÓN DE MANTENIMIENTOS CORRECTIVOS,2896,18,2.3. 1  5. 4  1,"ELECTRICIDAD, ILUMINACION Y ELECTRONICA",39400.0,Compromiso
2026,1028,4,B,62,2026-04-14,20608880781,INVERSIONES KALESA E.I.R.L.,106,CONTRATO MENOR,CM,,ADQUISICION DE SUMINISTROS DE ELETRICIDAD PARA LA EJECUCIÓN DE MANTENIMIENTOS CORRECTIVOS,2896,18,2.3. 1 99. 1 99,OTROS BIENES,440.0,Compromiso
2026,1028,4,B,62,2026-04-14,20608880781,INVERSIONES KALESA E.I.R.L.,106,CONTRATO MENOR,CM,,ADQUISICION DE SUMINISTROS DE ELETRICIDAD PARA LA EJECUCIÓN DE MANTENIMIENTOS CORRECTIVOS,2896,18,2.3. 1  5. 3  1,"ASEO, LIMPIEZA Y TOCADOR",460.0,Compromiso
2026,1028,4,B,63,2026-04-14,20608423924,SERVICIOS GENERALES SHADY S.A.C.,106,CONTRATO MENOR,CM,,ADQUISICION DE MICROFONOS Y PILAS PARA LA COMISIÓN AMBIENTAL REGIONAL DEL CALLAO ? CAR 2026,2903,18,2.6. 3  2. 3  3,EQUIPOS DE TELECOMUNICACIONES,1400.0,Compromiso
2026,1028,4,B,63,2026-04-14,20608423924,SERVICIOS GENERALES SHADY S.A.C.,106,CONTRATO MENOR,CM,,ADQUISICION DE MICROFONOS Y PILAS PARA LA COMISIÓN AMBIENTAL REGIONAL DEL CALLAO ? CAR 2026,2903,18,2.3. 1  5. 4  1,"ELECTRICIDAD, ILUMINACION Y ELECTRONICA",2400.0,Compromiso
2026,1028,4,B,64,2026-04-14,20613943081,CONSORCIO HERMANOS M&M SAC,106,CONTRATO MENOR,CM,,ADQUISICION DE MESAS PLEGABLES Y VASOS DE VIDRIO PARA LA COMISIÓN AMBIENTAL,2902,18,2.6. 3  2. 1  2,MOBILIARIO,3300.0,Compromiso
2026,1028,4,B,64,2026-04-14,20613943081,CONSORCIO HERMANOS M&M SAC,106,CONTRATO MENOR,CM,,ADQUISICION DE MESAS PLEGABLES Y VASOS DE VIDRIO PARA LA COMISIÓN AMBIENTAL,2902,18,2.3. 1  5. 3  2,"DE COCINA, COMEDOR Y CAFETERIA",148.0,Compromiso
2026,1028,4,B,65,2026-04-16,10436888274,RAMIREZ ELIAS LUIS ALBERTO,106,CONTRATO MENOR,CM,,ADQUISICIÓN DE VEHÍCULO AÉREO NO TRIPULADO MULTIROTOR,2964,18,2.6. 3  2. 9 99,"MAQUINARIAS, EQUIPOS Y MOBILIARIOS DE OTRAS INSTALACIONES",43800.0,Compromiso
2026,1028,4,B,66,2026-04-17,20610513884,SERVIC TEAM S.A.C.,106,CONTRATO MENOR,CM,,ADQUISICION DE JUGOS Y GALLETAS PARA LA ACTIVIDAD OPERATIVA CAMPAÑAS DE SENSIBILIZACION A LA COMUNIDAD SOBRE SEGURIDAD Y EDUCACION VIAL EN LA REGION CALLAO - PERIODO 2026.,2977,9,2.3. 1  1. 1  1,ALIMENTOS Y BEBIDAS PARA CONSUMO HUMANO,9244.0,Compromiso
2026,1028,4,B,67,2026-04-17,10479536452,DEZA MORALES BRAYAN MIRSHA,106,CONTRATO MENOR,CM,,ADQUISICION DE GIGANTOGRAFIA DE LONA Y TARJETAS DE INVITACION,2991,18,2.3. 1 99. 1  3,"LIBROS, DIARIOS, REVISTAS Y OTROS BIENES IMPRESOS NO VINCULADOS A ENSEÑANZA",3400.0,Compromiso
2026,1028,4,B,68,2026-04-17,10430545090,SARAVIA VELARDEELIZABETH GUISSELLA,106,CONTRATO MENOR,CM,,ADQUISICIÓN DE MATERIALES PARA ACONDICIONAMIENTO FOTOGRAFICO Y DIFUSIÓN EN VIVO,2992,18,2.6. 3  2. 9 99,"MAQUINARIAS, EQUIPOS Y MOBILIARIOS DE OTRAS INSTALACIONES",9361.6,Compromiso
2026,1028,4,B,68,2026-04-17,10430545090,SARAVIA VELARDEELIZABETH GUISSELLA,106,CONTRATO MENOR,CM,,ADQUISICIÓN DE MATERIALES PARA ACONDICIONAMIENTO FOTOGRAFICO Y DIFUSIÓN EN VIVO,2992,18,2.6. 3  2. 3  3,EQUIPOS DE TELECOMUNICACIONES,20623.0,Compromiso
2026,1028,4,B,68,2026-04-17,10430545090,SARAVIA VELARDEELIZABETH GUISSELLA,106,CONTRATO MENOR,CM,,ADQUISICIÓN DE MATERIALES PARA ACONDICIONAMIENTO FOTOGRAFICO Y DIFUSIÓN EN VIVO,2992,18,2.3. 1  6. 1 99,OTROS ACCESORIOS Y REPUESTOS,319.5,Compromiso
2026,1028,4,B,68,2026-04-17,10430545090,SARAVIA VELARDEELIZABETH GUISSELLA,106,CONTRATO MENOR,CM,,ADQUISICIÓN DE MATERIALES PARA ACONDICIONAMIENTO FOTOGRAFICO Y DIFUSIÓN EN VIVO,2992,18,2.6. 3  2. 1  2,MOBILIARIO,75.0,Compromiso
2026,1028,4,B,68,2026-04-17,10430545090,SARAVIA VELARDEELIZABETH GUISSELLA,106,CONTRATO MENOR,CM,,ADQUISICIÓN DE MATERIALES PARA ACONDICIONAMIENTO FOTOGRAFICO Y DIFUSIÓN EN VIVO,2992,18,2.3. 1  5. 4  1,"ELECTRICIDAD, ILUMINACION Y ELECTRONICA",2955.6,Compromiso
2026,1028,4,B,68,2026-04-17,10430545090,SARAVIA VELARDEELIZABETH GUISSELLA,106,CONTRATO MENOR,CM,,ADQUISICIÓN DE MATERIALES PARA ACONDICIONAMIENTO FOTOGRAFICO Y DIFUSIÓN EN VIVO,2992,18,2.6. 3  2. 9  4,ELECTRICIDAD Y ELECTRONICA,4800.0,Compromiso
2026,1028,4,B,69,2026-04-17,20611268883,INVERSIONES GRAFICAS 3 PUNTOS S.A.C.,106,CONTRATO MENOR,CM,,ADQUISICIÓN DE BROCHE DE METAL PARA DISTINTIVOS PINES EMBLEMAS Y SIGLAS,3000,18,2.3. 1 99. 1  4,"SIMBOLOS, DISTINTIVOS Y CONDECORACIONES",5900.0,Compromiso
2026,1028,4,B,70,2026-04-20,10416757777,HUAMANI SOTO RUTH MAYLI,106,CONTRATO MENOR,CM,,ADQUISICIÓN DE IMPRESIONES PARA LA ACTIVIDAD OPERATIVA PROMOCIÓN Y REGULACIÓN DE LOS SERVICIOS DE TELECOMUNICACIONES EN LA REGIÓN CALLAO,3001,18,2.3. 1 99. 1  3,"LIBROS, DIARIOS, REVISTAS Y OTROS BIENES IMPRESOS NO VINCULADOS A ENSEÑANZA",31010.0,Compromiso
2026,1028,4,B,71,2026-04-20,10106294572,CASTILLO VILLANUEVA WILDER,106,CONTRATO MENOR,CM,,"ADQUISICION DE BIENES IMPRESOS, PARA EL PRESUPUESTO PARTICIPATIVO 2027 BASADO EN RESULTADOS DEL GOBIERNO REGIONAL DEL CALLAO, PARA LA OFICINA DE PLANIFICACION",3060,18,2.3. 1 99. 1  3,"LIBROS, DIARIOS, REVISTAS Y OTROS BIENES IMPRESOS NO VINCULADOS A ENSEÑANZA",1000.0,Compromiso
2026,1028,4,B,72,2026-04-21,20614770547,J&T IMPORT CO. S.A.C.,106,CONTRATO MENOR,CM,,"ADQUISICIÓN DE CHALECOS, CASACAS, CAMISAS, CAMISETAS Y GORROS PARA LA ACTIVIDAD OPERATIVA PROMOCIÓN Y REGULACIÓN DE LOS SERVICIOS DE TELECOMUNICACIONES EN LA REGIÓN CALLAO",3101,18,2.3. 1  2. 1  1,"VESTUARIO, ACCESORIOS Y PRENDAS DIVERSAS",8988.0,Compromiso
2026,1028,4,B,73,2026-04-21,20548419655,INDUSTRIAL MIND PERU SOCIEDAD ANONIMA CERRADA - INDUMIN PERU S.A.C.,106,CONTRATO MENOR,CM,,ADQUISICION DE UTILES DE OFICINA,3106,18,2.3. 1  5. 1  2,"PAPELERIA EN GENERAL, UTILES Y MATERIALES DE OFICINA",402.0,Compromiso
2026,1028,4,B,74,2026-04-21,20604859311,GUISAVI TRANSPORTE Y SERVICIOS GENERALES S.A.C.-GUISAVI S.A.C.,106,CONTRATO MENOR,CM,,ADQUISICIÓN DE INSUMOS PARA LAS UNIDADES VEHICULARES DEL POOL VEHICULAR DE LA UNIDAD DE SERVICIOS GENERALES Y VEHICULOS LIVIANOS DEL GOBIERNO REGIONAL DEL CALLAO,3102,18,2.3. 1  5. 4  1,"ELECTRICIDAD, ILUMINACION Y ELECTRONICA",9750.0,Compromiso
2026,1028,4,B,74,2026-04-21,20604859311,GUISAVI TRANSPORTE Y SERVICIOS GENERALES S.A.C.-GUISAVI S.A.C.,106,CONTRATO MENOR,CM,,ADQUISICIÓN DE INSUMOS PARA LAS UNIDADES VEHICULARES DEL POOL VEHICULAR DE LA UNIDAD DE SERVICIOS GENERALES Y VEHICULOS LIVIANOS DEL GOBIERNO REGIONAL DEL CALLAO,3102,18,2.3. 1 11. 1  1,PARA EDIFICIOS Y ESTRUCTURAS,2290.0,Compromiso
2026,1028,4,B,74,2026-04-21,20604859311,GUISAVI TRANSPORTE Y SERVICIOS GENERALES S.A.C.-GUISAVI S.A.C.,106,CONTRATO MENOR,CM,,ADQUISICIÓN DE INSUMOS PARA LAS UNIDADES VEHICULARES DEL POOL VEHICULAR DE LA UNIDAD DE SERVICIOS GENERALES Y VEHICULOS LIVIANOS DEL GOBIERNO REGIONAL DEL CALLAO,3102,18,2.3. 1  3. 1  3,"LUBRICANTES, GRASAS Y AFINES",20318.05,Compromiso
2026,1028,4,B,74,2026-04-21,20604859311,GUISAVI TRANSPORTE Y SERVICIOS GENERALES S.A.C.-GUISAVI S.A.C.,106,CONTRATO MENOR,CM,,ADQUISICIÓN DE INSUMOS PARA LAS UNIDADES VEHICULARES DEL POOL VEHICULAR DE LA UNIDAD DE SERVICIOS GENERALES Y VEHICULOS LIVIANOS DEL GOBIERNO REGIONAL DEL CALLAO,3102,18,2.3. 1  5. 3  1,"ASEO, LIMPIEZA Y TOCADOR",390.0,Compromiso
2026,1028,4,B,74,2026-04-21,20604859311,GUISAVI TRANSPORTE Y SERVICIOS GENERALES S.A.C.-GUISAVI S.A.C.,106,CONTRATO MENOR,CM,,ADQUISICIÓN DE INSUMOS PARA LAS UNIDADES VEHICULARES DEL POOL VEHICULAR DE LA UNIDAD DE SERVICIOS GENERALES Y VEHICULOS LIVIANOS DEL GOBIERNO REGIONAL DEL CALLAO,3102,18,2.3. 1  6. 1  1,DE VEHICULOS,4276.0,Compromiso
2026,1028,4,B,75,2026-04-21,20614433095,SERVICIO LOGISTICO CONTINENTAL S.R.L.,106,CONTRATO MENOR,CM,,ADQUISICIÓN DE PINES INSTITUCIONALES,3103,18,2.3. 1 99. 1  4,"SIMBOLOS, DISTINTIVOS Y CONDECORACIONES",12000.0,Compromiso
2026,1028,4,B,76,2026-04-21,20607848204,SKUNA ASOCIADOS S.A.C.,106,CONTRATO MENOR,CM,,ADQUISICIÓN DE BIDONES DE AGUA X 20 LITROS PARA OCTI,3173,18,2.3. 1  1. 1  1,ALIMENTOS Y BEBIDAS PARA CONSUMO HUMANO,1440.0,Compromiso
2026,1028,4,B,77,2026-04-22,20604077584,SOCIEDAD ESTRATEGICA COMERCIAL BOSS S.A.C.,106,CONTRATO MENOR,CM,,DISCO DURO 10 TB - EMISION DE LICENCIAS - GERENCIA DE TRANSPORTES Y COMUNICACIONES.,3089,9,2.6. 3  2. 3  1,EQUIPOS COMPUTACIONALES Y PERIFERICOS,23400.0,Compromiso
2026,1028,4,B,78,2026-04-22,10416757777,HUAMANI SOTO RUTH MAYLI,106,CONTRATO MENOR,CM,,"ADQUISICION LAPICEROS IMPRESOS, BOLSAS DE NOTEX Y DIPTICOS PARA LA ACTIVIDAD OPERATIVA CAMPAÑAS DE SENSIBILIZACION A LA COMUNIDAD SOBRE SEGURIDAD Y EDUCACION VIAL EN LA REGION CALLAO - PERIODO 2026.",3087,9,2.3. 1  5. 1  2,"PAPELERIA EN GENERAL, UTILES Y MATERIALES DE OFICINA",12400.0,Compromiso
2026,1028,4,B,78,2026-04-22,10416757777,HUAMANI SOTO RUTH MAYLI,106,CONTRATO MENOR,CM,,"ADQUISICION LAPICEROS IMPRESOS, BOLSAS DE NOTEX Y DIPTICOS PARA LA ACTIVIDAD OPERATIVA CAMPAÑAS DE SENSIBILIZACION A LA COMUNIDAD SOBRE SEGURIDAD Y EDUCACION VIAL EN LA REGION CALLAO - PERIODO 2026.",3087,9,2.3. 1 99. 1 99,OTROS BIENES,19440.0,Compromiso
2026,1028,4,B,78,2026-04-22,10416757777,HUAMANI SOTO RUTH MAYLI,106,CONTRATO MENOR,CM,,"ADQUISICION LAPICEROS IMPRESOS, BOLSAS DE NOTEX Y DIPTICOS PARA LA ACTIVIDAD OPERATIVA CAMPAÑAS DE SENSIBILIZACION A LA COMUNIDAD SOBRE SEGURIDAD Y EDUCACION VIAL EN LA REGION CALLAO - PERIODO 2026.",3087,9,2.3. 1 99. 1  3,"LIBROS, DIARIOS, REVISTAS Y OTROS BIENES IMPRESOS NO VINCULADOS A ENSEÑANZA",11180.0,Compromiso
2026,1028,4,B,79,2026-04-22,20602697224,MULTISERVICIOS COPYLIKE S.A.C.,26,CONTRATACION POR CATALOGO ELECTRONICO,CCE,0009-2026-GORE-CALLAO,ADQUISICION DE 02 HP BLACK LJ MANAGED IMAGING DRUM .W9015MC - PROCURADURIA PUBLICA REGIONAL.,3090,18,2.3. 1  5. 1  1,REPUESTOS Y ACCESORIOS,2599.89,Compromiso
2026,1028,4,B,80,2026-04-22,10454214698,GONZALES CORDOVA JOSE LUIS,106,CONTRATO MENOR,CM,,ADQUISICION DE SOUVENIRS PARA LA REALIZACION DEL EVENTO PRESUPUESTO PARTICIPATIVO 2023,3096,18,2.3. 1  5. 1  2,"PAPELERIA EN GENERAL, UTILES Y MATERIALES DE OFICINA",3500.0,Compromiso
2026,1028,4,B,80,2026-04-22,10454214698,GONZALES CORDOVA JOSE LUIS,106,CONTRATO MENOR,CM,,ADQUISICION DE SOUVENIRS PARA LA REALIZACION DEL EVENTO PRESUPUESTO PARTICIPATIVO 2023,3096,18,2.3. 1  7. 1  1,ENSERES,2500.0,Compromiso
2026,1028,4,B,80,2026-04-22,10454214698,GONZALES CORDOVA JOSE LUIS,106,CONTRATO MENOR,CM,,ADQUISICION DE SOUVENIRS PARA LA REALIZACION DEL EVENTO PRESUPUESTO PARTICIPATIVO 2023,3096,18,2.3. 1 99. 1 99,OTROS BIENES,1000.0,Compromiso
2026,1028,4,B,80,2026-04-22,10454214698,GONZALES CORDOVA JOSE LUIS,106,CONTRATO MENOR,CM,,ADQUISICION DE SOUVENIRS PARA LA REALIZACION DEL EVENTO PRESUPUESTO PARTICIPATIVO 2023,3096,18,2.3. 1  5. 3  2,"DE COCINA, COMEDOR Y CAFETERIA",2500.0,Compromiso
2026,1028,4,B,81,2026-04-22,10258593010,RASSMUSEN FUENTES GULIANNA PAOLA,106,CONTRATO MENOR,CM,,ADQUISICION DE GIGANTOGRAFIAS,3121,18,2.3. 1  5. 1  2,"PAPELERIA EN GENERAL, UTILES Y MATERIALES DE OFICINA",600.0,Compromiso
2026,1028,4,B,81,2026-04-22,10258593010,RASSMUSEN FUENTES GULIANNA PAOLA,106,CONTRATO MENOR,CM,,ADQUISICION DE GIGANTOGRAFIAS,3121,18,2.3. 1 99. 1  3,"LIBROS, DIARIOS, REVISTAS Y OTROS BIENES IMPRESOS NO VINCULADOS A ENSEÑANZA",6000.0,Compromiso
2026,1028,4,B,82,2026-04-22,10255577153,GOZZER DAVALOS SIBYL NINOSKA,106,CONTRATO MENOR,CM,,ADQUISICION DE GORRO DRILL,3122,18,2.3. 1  2. 1  1,"VESTUARIO, ACCESORIOS Y PRENDAS DIVERSAS",18000.0,Compromiso
2026,1028,4,B,83,2026-04-22,10258593010,RASSMUSEN FUENTES GULIANNA PAOLA,106,CONTRATO MENOR,CM,,ADQUISICION DE RECUERDO MONEDA DE BRONCE,3123,18,2.3. 1 99. 1  4,"SIMBOLOS, DISTINTIVOS Y CONDECORACIONES",2500.0,Compromiso
2026,1028,4,B,84,2026-04-22,10255577153,GOZZER DAVALOS SIBYL NINOSKA,106,CONTRATO MENOR,CM,,ADQUISICION DE CAMISETAS DE ALGODON MANGA CORTA,3124,18,2.3. 1  2. 1  2,TEXTILES Y ACABADOS TEXTILES,40000.0,Compromiso
2026,1028,4,B,85,2026-04-22,20562939491,SERVICIOS ELETRICOS MECANICOS & INSTALACIONES GENERALES E.I.R.L.,106,CONTRATO MENOR,CM,,ADQUISICIÓN DE VENTILADORES ELECTRICOS PARA LAS OFICINAS DEL GOBIERNO REGIONAL DEL CALLAO,3161,18,2.6. 3  2. 9  1,AIRE ACONDICIONADO Y REFRIGERACION,4667.2,Compromiso
2026,1028,4,B,86,2026-04-22,20611268883,INVERSIONES GRAFICAS 3 PUNTOS S.A.C.,106,CONTRATO MENOR,CM,,ADQUISICION DE TARJETAS DE INVITACION,3119,18,2.3. 1 99. 1  3,"LIBROS, DIARIOS, REVISTAS Y OTROS BIENES IMPRESOS NO VINCULADOS A ENSEÑANZA",1500.0,Compromiso
2026,1028,4,B,87,2026-04-23,20518799453,NUEVO MUNDO ALTERNATIVO E.I.R.L.,106,CONTRATO MENOR,CM,,"ADQU. REPUESTOS PARA IMPRESORAS HP (Z8W52A, Z9M01A, Z8W50A, Z7Y85A Y Z7Y76A) - PROCURADURIA PUBLICA REGIONAL.",3163,18,2.3. 1  5. 1  1,REPUESTOS Y ACCESORIOS,8737.0,Compromiso
2026,1028,4,B,88,2026-04-24,20613206711,FAWRE INVERSIONES Y REPRESENTACIONES DE MARCA S.A.C.,26,CONTRATACION POR CATALOGO ELECTRONICO,CCE,0010-2026-GORE-CALLAO,ADQUISICION DE AGUA DE MESA SIN GAS X 625 ML - ACR HUMEDALES (OFICINA DE AREAS PROTEGIDAS Y MEDIO AMBIENTE.,3243,0,2.3. 1  1. 1  1,ALIMENTOS Y BEBIDAS PARA CONSUMO HUMANO,7080.0,Compromiso
2026,1028,4,B,89,2026-04-24,20613933434,PRODUCCIONES VEGA S.A.C.,106,CONTRATO MENOR,CM,,ADQUISICION DE BIENES PARA LA ACCION DENOMINADA ?PRIMERA.FERIA REGIONAL JUVENIL ? 2026?,3227,18,2.3. 1  5. 1  2,"PAPELERIA EN GENERAL, UTILES Y MATERIALES DE OFICINA",3000.0,Compromiso
2026,1028,4,B,89,2026-04-24,20613933434,PRODUCCIONES VEGA S.A.C.,106,CONTRATO MENOR,CM,,ADQUISICION DE BIENES PARA LA ACCION DENOMINADA ?PRIMERA.FERIA REGIONAL JUVENIL ? 2026?,3227,18,2.3. 1 99. 1  3,"LIBROS, DIARIOS, REVISTAS Y OTROS BIENES IMPRESOS NO VINCULADOS A ENSEÑANZA",7000.0,Compromiso
2026,1028,4,B,89,2026-04-24,20613933434,PRODUCCIONES VEGA S.A.C.,106,CONTRATO MENOR,CM,,ADQUISICION DE BIENES PARA LA ACCION DENOMINADA ?PRIMERA.FERIA REGIONAL JUVENIL ? 2026?,3227,18,2.3. 1  2. 1  2,TEXTILES Y ACABADOS TEXTILES,7000.0,Compromiso
2026,1028,4,B,90,2026-04-27,20548419655,INDUSTRIAL MIND PERU SOCIEDAD ANONIMA CERRADA - INDUMIN PERU S.A.C.,106,CONTRATO MENOR,CM,,ADQUISICION DE AGUA MINERAL SIN GAS,3244,18,2.3. 1  1. 1  1,ALIMENTOS Y BEBIDAS PARA CONSUMO HUMANO,960.0,Compromiso
2026,1028,4,B,91,2026-04-27,20602697224,MULTISERVICIOS COPYLIKE S.A.C.,26,CONTRATACION POR CATALOGO ELECTRONICO,CCE,0011-2026-GORE-CALLAO,"ADQUISICION DE TAMBOR W9015MC - OFICINA DE DESARROLLO SOCIAL, POBLACIÓN E IGUALDAD DE OPORTUNIDADES, VIVIENDA Y SANEAMIENTO",3242,18,2.3. 1  5. 1  1,REPUESTOS Y ACCESORIOS,1299.98,Compromiso
2026,1028,4,B,92,2026-04-27,20606130385,WINSCORSERVICES INC EIRL,106,CONTRATO MENOR,CM,,ADQ DE MÓDULO PRE FABRICADO DE MADERA - ACT OPER ADM Y ALMAC DE KITS ASIST DE EMERGENCIAS Y DESASTRE,3245,0,2.2. 2  3.99 99,OTROS BIENES DE ASISTENCIA SOCIAL,43900.0,Compromiso
2026,1028,4,B,93,2026-04-27,10721861410,LEONARDO ANDRE PAJUELO NAVARRO,106,CONTRATO MENOR,CM,,ADQ DE JUEGO DE ASEO PERSONAL - ACT OPER ADM Y ALMAC DE KITS ASIST DE EMERGENCIAS Y DESASTRE,3272,0,2.2. 2  3.99 99,OTROS BIENES DE ASISTENCIA SOCIAL,7020.0,Compromiso
2026,1028,4,B,94,2026-04-27,20606104864,GJSOLUCION E.I.R.L.,106,CONTRATO MENOR,CM,,VOLANTE PUBLICITARIO,3263,18,2.3. 1 99. 1  3,"LIBROS, DIARIOS, REVISTAS Y OTROS BIENES IMPRESOS NO VINCULADOS A ENSEÑANZA",880.0,Compromiso
2026,1028,4,B,95,2026-04-27,10763052848,MERINO ESPINOZA ROSA ANGELICA,106,CONTRATO MENOR,CM,,UTILES DE BIOSEGURIDAD.,3264,18,2.3. 1  8. 2  1,"MATERIAL, INSUMOS, INSTRUMENTAL Y ACCESORIOS  MEDICOS, QUIRURGICOS, ODONTOLOGICOS Y DE LABORATORIO",1552.0,Compromiso
2026,1028,4,B,96,2026-04-27,20606104864,GJSOLUCION E.I.R.L.,106,CONTRATO MENOR,CM,,ADQUISICION DE SOUVENIRS,3265,18,2.3. 1  2. 1  2,TEXTILES Y ACABADOS TEXTILES,3950.0,Compromiso
2026,1028,4,B,96,2026-04-27,20606104864,GJSOLUCION E.I.R.L.,106,CONTRATO MENOR,CM,,ADQUISICION DE SOUVENIRS,3265,18,2.3. 1  5. 3  2,"DE COCINA, COMEDOR Y CAFETERIA",7450.0,Compromiso
2026,1028,4,B,97,2026-04-27,10404417491,GINA COSI CAPRISTAN,106,CONTRATO MENOR,CM,,ALIMENTOS Y BEBIDAS,3266,18,2.3. 1  1. 1  1,ALIMENTOS Y BEBIDAS PARA CONSUMO HUMANO,7200.0,Compromiso
2026,1028,4,B,98,2026-04-28,20614770547,J&T IMPORT CO. S.A.C.,106,CONTRATO MENOR,CM,,ADQUISICIÓN DE MATERIALES IMPRESOS PARA LA CEREMONIA DE ENTREGA DE BECAS INTEGRALES DE ESTUDIO 2026,3273,18,2.3. 1 99. 1  3,"LIBROS, DIARIOS, REVISTAS Y OTROS BIENES IMPRESOS NO VINCULADOS A ENSEÑANZA",22045.0,Compromiso
2026,1028,4,B,99,2026-04-28,20614770547,J&T IMPORT CO. S.A.C.,106,CONTRATO MENOR,CM,,ADQUISICIÓN DE KIT DE ESTUDIO PARA BECARIO PARA LA CEREMONIA DE ENTREGA DE BECAS INTEGRALES DE ESTUDIO 2026,3293,18,2.3. 1  2. 1  1,"VESTUARIO, ACCESORIOS Y PRENDAS DIVERSAS",4720.0,Compromiso
2026,1028,4,B,99,2026-04-28,20614770547,J&T IMPORT CO. S.A.C.,106,CONTRATO MENOR,CM,,ADQUISICIÓN DE KIT DE ESTUDIO PARA BECARIO PARA LA CEREMONIA DE ENTREGA DE BECAS INTEGRALES DE ESTUDIO 2026,3293,18,2.3. 1  2. 1  2,TEXTILES Y ACABADOS TEXTILES,8400.0,Compromiso
2026,1028,4,B,99,2026-04-28,20614770547,J&T IMPORT CO. S.A.C.,106,CONTRATO MENOR,CM,,ADQUISICIÓN DE KIT DE ESTUDIO PARA BECARIO PARA LA CEREMONIA DE ENTREGA DE BECAS INTEGRALES DE ESTUDIO 2026,3293,18,2.3. 1  5. 1  2,"PAPELERIA EN GENERAL, UTILES Y MATERIALES DE OFICINA",9080.0,Compromiso
2026,1028,4,B,99,2026-04-28,20614770547,J&T IMPORT CO. S.A.C.,106,CONTRATO MENOR,CM,,ADQUISICIÓN DE KIT DE ESTUDIO PARA BECARIO PARA LA CEREMONIA DE ENTREGA DE BECAS INTEGRALES DE ESTUDIO 2026,3293,18,2.3. 1 99. 1 99,OTROS BIENES,880.0,Compromiso
2026,1028,4,B,100,2026-04-28,10416757777,HUAMANI SOTO RUTH MAYLI,106,CONTRATO MENOR,CM,,ADQUISICIÓN DE ARTICULOS PUBLICITARIOS PARA LA CEREMONIA DE ENTREGA DE BECAS INTEGRALES DE ESTUDIO 2026,3294,18,2.3. 1  5. 3  2,"DE COCINA, COMEDOR Y CAFETERIA",7000.0,Compromiso
2026,1028,4,B,100,2026-04-28,10416757777,HUAMANI SOTO RUTH MAYLI,106,CONTRATO MENOR,CM,,ADQUISICIÓN DE ARTICULOS PUBLICITARIOS PARA LA CEREMONIA DE ENTREGA DE BECAS INTEGRALES DE ESTUDIO 2026,3294,18,2.3. 1 99. 1 99,OTROS BIENES,1750.0,Compromiso
2026,1028,4,B,100,2026-04-28,10416757777,HUAMANI SOTO RUTH MAYLI,106,CONTRATO MENOR,CM,,ADQUISICIÓN DE ARTICULOS PUBLICITARIOS PARA LA CEREMONIA DE ENTREGA DE BECAS INTEGRALES DE ESTUDIO 2026,3294,18,2.3. 1  5. 1  2,"PAPELERIA EN GENERAL, UTILES Y MATERIALES DE OFICINA",11100.0,Compromiso
2026,1028,4,B,100,2026-04-28,10416757777,HUAMANI SOTO RUTH MAYLI,106,CONTRATO MENOR,CM,,ADQUISICIÓN DE ARTICULOS PUBLICITARIOS PARA LA CEREMONIA DE ENTREGA DE BECAS INTEGRALES DE ESTUDIO 2026,3294,18,2.3. 1  2. 1  1,"VESTUARIO, ACCESORIOS Y PRENDAS DIVERSAS",2750.0,Compromiso
2026,1028,4,B,101,2026-04-28,20607134171,SMART INVERSIONES S.A.,90,LICITACIÓN PÚBLICA ABREVIADA,LP,0007-2025-GORE-CALLAO,ADQUISICION DE TORNO CNC PARA LA FASE DE EJECUCIÓN DEL PLAN DE NEGOCIO,3313,18,2.6. 3  2. 9 99,"MAQUINARIAS, EQUIPOS Y MOBILIARIOS DE OTRAS INSTALACIONES",95000.0,Compromiso
2026,1028,1,S,1,2026-01-22,20612154571,R COMERCIALES G&M EIRL,106,CONTRATO MENOR,CM,,SERVICIO DE MANTENIMIENTO CORRECTIVO DE LAS INSTALACIONES ELÉCTRICAS DEL ESTADIO MIGUEL GRAU SOLICIT,44,18,2.3. 2  4. 2  1,"DE EDIFICACIONES, OFICINAS Y ESTRUCTURAS",28780.0,Compromiso
2026,1028,1,S,2,2026-01-22,20612321648,ADRICA SERVICIOS GENERALES E.I.R.L.,106,CONTRATO MENOR,CM,,SERVICIO DE MANTENIMIENTO CORRECTIVO DEL LOCAL ESTADIO MIGUEL GRAU SOLICITADO POR LA OFICINA DE ADMINISTRACIÓN DE VILLAS REGIONALES,45,18,2.3. 2  4. 2  1,"DE EDIFICACIONES, OFICINAS Y ESTRUCTURAS",42000.0,Compromiso
2026,1028,1,S,3,2026-01-26,10702556665,CASTILLO IZQUIERDO ELIZABETH NICOLE,106,CONTRATO MENOR,CM,,SERVICIO DE CONTROL Y REVISIÓN DE EXPEDIENTES DE CONTRATACIONES DE BIENES Y SERVICIOS I,54,18,2.3. 2  9. 1  1,LOCACION DE SERVICIOS REALIZADOS POR PERSONAS NATURALES RELACIONADAS AL ROL DE LA ENTIDAD,12000.0,Compromiso
2026,1028,1,S,4,2026-01-26,10414776928,RUCOBA RIOS ELI,106,CONTRATO MENOR,CM,,SERVICIO DE CONTROL Y REVISIÓN DE EXPEDIENTES DE CONTRATACIONES DE BIENES Y SERVICIOS II,55,18,2.3. 2  9. 1  1,LOCACION DE SERVICIOS REALIZADOS POR PERSONAS NATURALES RELACIONADAS AL ROL DE LA ENTIDAD,12000.0,Compromiso
2026,1028,1,S,5,2026-01-26,10445569424,FRETEL RAMOS ROSA MARLENI,106,CONTRATO MENOR,CM,,SERVICIO DE CONTROL Y REVISIÓN DE EXPEDIENTES DE CONTRATACIONES DE BIENES Y SERVICIOS III,56,18,2.3. 2  9. 1  1,LOCACION DE SERVICIOS REALIZADOS POR PERSONAS NATURALES RELACIONADAS AL ROL DE LA ENTIDAD,12000.0,Compromiso
2026,1028,1,S,6,2026-01-26,10723729985,MUÑOZ CUADROS ROGGER JHORDAN,106,CONTRATO MENOR,CM,,SERVICIO DE CONTROL Y REVISIÓN DE EXPEDIENTES DE CONTRATACIONES DE BIENES Y SERVICIOS IV,57,18,2.3. 2  9. 1  1,LOCACION DE SERVICIOS REALIZADOS POR PERSONAS NATURALES RELACIONADAS AL ROL DE LA ENTIDAD,12000.0,Compromiso
2026,1028,1,S,7,2026-01-26,10704814840,LIMAS MEDINA EDMAN,106,CONTRATO MENOR,CM,,SERVICIO DE CONTROL Y REVISIÓN DE EXPEDIENTES DE CONTRATACIONES DE BIENES Y SERVICIOS V,58,18,2.3. 2  9. 1  1,LOCACION DE SERVICIOS REALIZADOS POR PERSONAS NATURALES RELACIONADAS AL ROL DE LA ENTIDAD,12000.0,Compromiso
2026,1028,1,S,8,2026-01-26,10437312015,ALCANTARA CHANGANAQUI JUAN JOSE,106,CONTRATO MENOR,CM,,SERVICIO DE CONTROL Y REVISIÓN DE EXPEDIENTES DE CONTRATACIONES DE BIENES Y SERVICIOS VI,59,18,2.3. 2  9. 1  1,LOCACION DE SERVICIOS REALIZADOS POR PERSONAS NATURALES RELACIONADAS AL ROL DE LA ENTIDAD,12000.0,Compromiso
2026,1028,1,S,9,2026-01-27,10414651742,ROJAS SEGUIER DOUGLAS WONDER,106,CONTRATO MENOR,CM,,SERVICIO DE COORDINACION EN TEMAS PARLAMENTARIOS PARA LA GERENCIA GENERAL REGIONAL.,64,18,2.3. 2  9. 1  1,LOCACION DE SERVICIOS REALIZADOS POR PERSONAS NATURALES RELACIONADAS AL ROL DE LA ENTIDAD,24000.0,Compromiso
2026,1028,1,S,9,2026-01-27,10414651742,ROJAS SEGUIER DOUGLAS WONDER,106,CONTRATO MENOR,CM,,SERVICIO DE COORDINACION EN TEMAS PARLAMENTARIOS PARA LA GERENCIA GENERAL REGIONAL.,64,18,2.3. 2  9. 1  1,LOCACION DE SERVICIOS REALIZADOS POR PERSONAS NATURALES RELACIONADAS AL ROL DE LA ENTIDAD,-12000.0,Rebaja
2026,1028,1,S,10,2026-01-27,10475929590,DAVILA SALAZAR VIRGILIA YULIANA,106,CONTRATO MENOR,CM,,"SERVICIO DE GESTION LEGAL, ADMINISTRATIVA Y GESTION PUBLICA PARA LA GERENCIA GENERAL REGIONAL.",65,18,2.3. 2  9. 1  1,LOCACION DE SERVICIOS REALIZADOS POR PERSONAS NATURALES RELACIONADAS AL ROL DE LA ENTIDAD,-11000.0,Rebaja
2026,1028,1,S,10,2026-01-27,10475929590,DAVILA SALAZAR VIRGILIA YULIANA,106,CONTRATO MENOR,CM,,"SERVICIO DE GESTION LEGAL, ADMINISTRATIVA Y GESTION PUBLICA PARA LA GERENCIA GENERAL REGIONAL.",65,18,2.3. 2  9. 1  1,LOCACION DE SERVICIOS REALIZADOS POR PERSONAS NATURALES RELACIONADAS AL ROL DE LA ENTIDAD,22000.0,Compromiso
2026,1028,1,S,11,2026-01-27,10078728529,CABANILLAS PAREDES ZOILA MARIA DEL CARMEN,106,CONTRATO MENOR,CM,,SERVICIO ESPECIALIZADO EN MATERIA LEGAL EN GESTION PUBLICA I PARA LA GERENCIA GENERAL REGIONAL.,66,18,2.3. 2  9. 1  1,LOCACION DE SERVICIOS REALIZADOS POR PERSONAS NATURALES RELACIONADAS AL ROL DE LA ENTIDAD,-10000.0,Rebaja
2026,1028,1,S,11,2026-01-27,10078728529,CABANILLAS PAREDES ZOILA MARIA DEL CARMEN,106,CONTRATO MENOR,CM,,SERVICIO ESPECIALIZADO EN MATERIA LEGAL EN GESTION PUBLICA I PARA LA GERENCIA GENERAL REGIONAL.,66,18,2.3. 2  9. 1  1,LOCACION DE SERVICIOS REALIZADOS POR PERSONAS NATURALES RELACIONADAS AL ROL DE LA ENTIDAD,20000.0,Compromiso
2026,1028,1,S,12,2026-01-27,10257518626,ÑIQUE VALDIVIA JOSE ANTONIO,106,CONTRATO MENOR,CM,,SERVICIO ESPECIALIZADO EN MATERIA LEGAL EN GESTION PUBLICA PARA LA GERENCIA GENERAL REGIONAL.,67,18,2.3. 2  9. 1  1,LOCACION DE SERVICIOS REALIZADOS POR PERSONAS NATURALES RELACIONADAS AL ROL DE LA ENTIDAD,20000.0,Compromiso
2026,1028,1,S,12,2026-01-27,10257518626,ÑIQUE VALDIVIA JOSE ANTONIO,106,CONTRATO MENOR,CM,,SERVICIO ESPECIALIZADO EN MATERIA LEGAL EN GESTION PUBLICA PARA LA GERENCIA GENERAL REGIONAL.,67,18,2.3. 2  9. 1  1,LOCACION DE SERVICIOS REALIZADOS POR PERSONAS NATURALES RELACIONADAS AL ROL DE LA ENTIDAD,-10000.0,Rebaja
2026,1028,1,S,13,2026-01-27,10093367249,RIVERO CABADA CARLA CRISTINA,106,CONTRATO MENOR,CM,,SERVICIO ESPECIALIZADO EN DERECHO ADMINISTRATIVO Y ADMINISTRACION PUBLICA I PARA LA GERENCIA GENERAL,68,18,2.3. 2  9. 1  1,LOCACION DE SERVICIOS REALIZADOS POR PERSONAS NATURALES RELACIONADAS AL ROL DE LA ENTIDAD,22000.0,Compromiso
2026,1028,1,S,13,2026-01-27,10093367249,RIVERO CABADA CARLA CRISTINA,106,CONTRATO MENOR,CM,,SERVICIO ESPECIALIZADO EN DERECHO ADMINISTRATIVO Y ADMINISTRACION PUBLICA I PARA LA GERENCIA GENERAL,68,18,2.3. 2  9. 1  1,LOCACION DE SERVICIOS REALIZADOS POR PERSONAS NATURALES RELACIONADAS AL ROL DE LA ENTIDAD,-11000.0,Rebaja
2026,1028,1,S,14,2026-01-27,15307314336,CACHO MORAN LUZ MARIA,106,CONTRATO MENOR,CM,,SERVICIO ESPECIALIZADO EN DERECHO ADMINISTRATIVO Y ADMINISTRACION PUBLICA PARA LA GERENCIA GENERAL,69,18,2.3. 2  9. 1  1,LOCACION DE SERVICIOS REALIZADOS POR PERSONAS NATURALES RELACIONADAS AL ROL DE LA ENTIDAD,16000.0,Compromiso
2026,1028,1,S,14,2026-01-27,15307314336,CACHO MORAN LUZ MARIA,106,CONTRATO MENOR,CM,,SERVICIO ESPECIALIZADO EN DERECHO ADMINISTRATIVO Y ADMINISTRACION PUBLICA PARA LA GERENCIA GENERAL,69,18,2.3. 2  9. 1  1,LOCACION DE SERVICIOS REALIZADOS POR PERSONAS NATURALES RELACIONADAS AL ROL DE LA ENTIDAD,-8000.0,Rebaja
2026,1028,1,S,15,2026-01-27,10425872716,GRADOS VARGAS SARA ISABEL,106,CONTRATO MENOR,CM,,SERVICIO ESPECIALIZADO EN MATERIA LEGAL I PARA LA GERENCIA GENERAL REGIONAL.,70,18,2.3. 2  9. 1  1,LOCACION DE SERVICIOS REALIZADOS POR PERSONAS NATURALES RELACIONADAS AL ROL DE LA ENTIDAD,16000.0,Compromiso
2026,1028,1,S,15,2026-01-27,10425872716,GRADOS VARGAS SARA ISABEL,106,CONTRATO MENOR,CM,,SERVICIO ESPECIALIZADO EN MATERIA LEGAL I PARA LA GERENCIA GENERAL REGIONAL.,70,18,2.3. 2  9. 1  1,LOCACION DE SERVICIOS REALIZADOS POR PERSONAS NATURALES RELACIONADAS AL ROL DE LA ENTIDAD,-8000.0,Rebaja
2026,1028,1,S,16,2026-01-27,10435582848,MUNDACA CUBAS NEYSER ORLANDO,106,CONTRATO MENOR,CM,,SERVICIO DE ASISTENCIA TÉCNICA LEGAL EN DOCUMENTOS DE GESTIÓN I PARA LA GERENCIA GENERAL REGIONAL.,71,18,2.3. 2  9. 1  1,LOCACION DE SERVICIOS REALIZADOS POR PERSONAS NATURALES RELACIONADAS AL ROL DE LA ENTIDAD,14000.0,Compromiso
2026,1028,1,S,16,2026-01-27,10435582848,MUNDACA CUBAS NEYSER ORLANDO,106,CONTRATO MENOR,CM,,SERVICIO DE ASISTENCIA TÉCNICA LEGAL EN DOCUMENTOS DE GESTIÓN I PARA LA GERENCIA GENERAL REGIONAL.,71,18,2.3. 2  9. 1  1,LOCACION DE SERVICIOS REALIZADOS POR PERSONAS NATURALES RELACIONADAS AL ROL DE LA ENTIDAD,-7000.0,Rebaja
2026,1028,1,S,17,2026-01-27,10101231190,ACOSTA RAMIREZ CRISTIAN FRANCLIN,106,CONTRATO MENOR,CM,,SERVICIO ESPECIALIZADO EN ASUNTOS LEGALES ADMINISTRATIVOS PARA LA GERENCIA GENERAL REGIONAL.,72,18,2.3. 2  9. 1  1,LOCACION DE SERVICIOS REALIZADOS POR PERSONAS NATURALES RELACIONADAS AL ROL DE LA ENTIDAD,-8000.0,Rebaja
2026,1028,1,S,17,2026-01-27,10101231190,ACOSTA RAMIREZ CRISTIAN FRANCLIN,106,CONTRATO MENOR,CM,,SERVICIO ESPECIALIZADO EN ASUNTOS LEGALES ADMINISTRATIVOS PARA LA GERENCIA GENERAL REGIONAL.,72,18,2.3. 2  9. 1  1,LOCACION DE SERVICIOS REALIZADOS POR PERSONAS NATURALES RELACIONADAS AL ROL DE LA ENTIDAD,16000.0,Compromiso
2026,1028,1,S,18,2026-01-27,10101093145,ARCE RAMIREZ MARTIN JUVENAL,106,CONTRATO MENOR,CM,,SERVICIO ESPECIALIZADO EN ASUNTOS LEGALES ADMINISTRATIVOS I PARA LA GERENCIA GENERAL REGIONAL.,73,18,2.3. 2  9. 1  1,LOCACION DE SERVICIOS REALIZADOS POR PERSONAS NATURALES RELACIONADAS AL ROL DE LA ENTIDAD,-8000.0,Rebaja
2026,1028,1,S,18,2026-01-27,10101093145,ARCE RAMIREZ MARTIN JUVENAL,106,CONTRATO MENOR,CM,,SERVICIO ESPECIALIZADO EN ASUNTOS LEGALES ADMINISTRATIVOS I PARA LA GERENCIA GENERAL REGIONAL.,73,18,2.3. 2  9. 1  1,LOCACION DE SERVICIOS REALIZADOS POR PERSONAS NATURALES RELACIONADAS AL ROL DE LA ENTIDAD,16000.0,Compromiso
2026,1028,1,S,19,2026-01-27,10096666654,PUERTA JARAMILLO WELINGSTON MARINOSKY,106,CONTRATO MENOR,CM,,SERVICIO ESPECIALIZADO EN MATERIA LEGAL  PARA LA GERENCIA GENERAL REGIONAL.,74,18,2.3. 2  9. 1  1,LOCACION DE SERVICIOS REALIZADOS POR PERSONAS NATURALES RELACIONADAS AL ROL DE LA ENTIDAD,-8000.0,Rebaja
2026,1028,1,S,19,2026-01-27,10096666654,PUERTA JARAMILLO WELINGSTON MARINOSKY,106,CONTRATO MENOR,CM,,SERVICIO ESPECIALIZADO EN MATERIA LEGAL  PARA LA GERENCIA GENERAL REGIONAL.,74,18,2.3. 2  9. 1  1,LOCACION DE SERVICIOS REALIZADOS POR PERSONAS NATURALES RELACIONADAS AL ROL DE LA ENTIDAD,16000.0,Compromiso
2026,1028,1,S,20,2026-01-27,10731841743,LOZA SILVA JOSE CARLOS,106,CONTRATO MENOR,CM,,SERVICIO DE ASISTENCIA TÉCNICA LEGAL EN DOCUMENTOS DE GESTIÓN II PARA LA GERENCIA GENERAL REGIONAL.,75,18,2.3. 2  9. 1  1,LOCACION DE SERVICIOS REALIZADOS POR PERSONAS NATURALES RELACIONADAS AL ROL DE LA ENTIDAD,-8000.0,Rebaja
2026,1028,1,S,20,2026-01-27,10731841743,LOZA SILVA JOSE CARLOS,106,CONTRATO MENOR,CM,,SERVICIO DE ASISTENCIA TÉCNICA LEGAL EN DOCUMENTOS DE GESTIÓN II PARA LA GERENCIA GENERAL REGIONAL.,75,18,2.3. 2  9. 1  1,LOCACION DE SERVICIOS REALIZADOS POR PERSONAS NATURALES RELACIONADAS AL ROL DE LA ENTIDAD,16000.0,Compromiso
2026,1028,1,S,21,2026-01-27,10722819379,ESQUIVES ZUÑE YAMILETH KASSANDRA,106,CONTRATO MENOR,CM,,SERVICIO DE ASISTENCIA TÉCNICA LEGAL EN DOCUMENTOS DE GESTIÓN PARA LA GERENCIA GENERAL REGIONAL.,76,18,2.3. 2  9. 1  1,LOCACION DE SERVICIOS REALIZADOS POR PERSONAS NATURALES RELACIONADAS AL ROL DE LA ENTIDAD,12000.0,Compromiso
2026,1028,1,S,21,2026-01-27,10722819379,ESQUIVES ZUÑE YAMILETH KASSANDRA,106,CONTRATO MENOR,CM,,SERVICIO DE ASISTENCIA TÉCNICA LEGAL EN DOCUMENTOS DE GESTIÓN PARA LA GERENCIA GENERAL REGIONAL.,76,18,2.3. 2  9. 1  1,LOCACION DE SERVICIOS REALIZADOS POR PERSONAS NATURALES RELACIONADAS AL ROL DE LA ENTIDAD,-6000.0,Rebaja
2026,1028,1,S,22,2026-01-27,10738979945,RIMARACHIN FALLA SUNY VANESSA,106,CONTRATO MENOR,CM,,SERVICIO DE ASISTENCIA LEGAL EN PROCESOS ADMINISTRATIVOS I PARA LA GERENCIA GENERAL REGIONAL.,77,18,2.3. 2  9. 1  1,LOCACION DE SERVICIOS REALIZADOS POR PERSONAS NATURALES RELACIONADAS AL ROL DE LA ENTIDAD,11000.0,Compromiso
2026,1028,1,S,22,2026-01-27,10738979945,RIMARACHIN FALLA SUNY VANESSA,106,CONTRATO MENOR,CM,,SERVICIO DE ASISTENCIA LEGAL EN PROCESOS ADMINISTRATIVOS I PARA LA GERENCIA GENERAL REGIONAL.,77,18,2.3. 2  9. 1  1,LOCACION DE SERVICIOS REALIZADOS POR PERSONAS NATURALES RELACIONADAS AL ROL DE LA ENTIDAD,-5500.0,Rebaja
2026,1028,1,S,23,2026-01-27,10714829098,TORO CORONADO SILVIA NOEMI,106,CONTRATO MENOR,CM,,SERVICIO DE ASISTENCIA LEGAL EN PROCESOS ADMINISTRATIVOS PARA LA GERENCIA GENERAL REGIONAL.,78,18,2.3. 2  9. 1  1,LOCACION DE SERVICIOS REALIZADOS POR PERSONAS NATURALES RELACIONADAS AL ROL DE LA ENTIDAD,11000.0,Compromiso
2026,1028,1,S,23,2026-01-27,10714829098,TORO CORONADO SILVIA NOEMI,106,CONTRATO MENOR,CM,,SERVICIO DE ASISTENCIA LEGAL EN PROCESOS ADMINISTRATIVOS PARA LA GERENCIA GENERAL REGIONAL.,78,18,2.3. 2  9. 1  1,LOCACION DE SERVICIOS REALIZADOS POR PERSONAS NATURALES RELACIONADAS AL ROL DE LA ENTIDAD,-5500.0,Rebaja
2026,1028,1,S,24,2026-01-27,10733750672,PEROCHENA PEZO MILAGROS DE JESUS,106,CONTRATO MENOR,CM,,SERVICIO ESPECIALIZADO EN GESTIÓN PÚBLICA Y CONTRATACIONES DEL ESTADO PARA LA GERENCIA GENERAL REGIO,79,18,2.3. 2  9. 1  1,LOCACION DE SERVICIOS REALIZADOS POR PERSONAS NATURALES RELACIONADAS AL ROL DE LA ENTIDAD,12000.0,Compromiso
2026,1028,1,S,24,2026-01-27,10733750672,PEROCHENA PEZO MILAGROS DE JESUS,106,CONTRATO MENOR,CM,,SERVICIO ESPECIALIZADO EN GESTIÓN PÚBLICA Y CONTRATACIONES DEL ESTADO PARA LA GERENCIA GENERAL REGIO,79,18,2.3. 2  9. 1  1,LOCACION DE SERVICIOS REALIZADOS POR PERSONAS NATURALES RELACIONADAS AL ROL DE LA ENTIDAD,-6000.0,Rebaja
2026,1028,1,S,25,2026-01-27,10448336820,QUISPE HUAMAN ELENA,106,CONTRATO MENOR,CM,,SERVICIO DE GESTIÓN ADMINISTRATIVA PARA LA GERENCIA GENERAL REGIONAL.,80,18,2.3. 2  9. 1  1,LOCACION DE SERVICIOS REALIZADOS POR PERSONAS NATURALES RELACIONADAS AL ROL DE LA ENTIDAD,11000.0,Compromiso
2026,1028,1,S,25,2026-01-27,10448336820,QUISPE HUAMAN ELENA,106,CONTRATO MENOR,CM,,SERVICIO DE GESTIÓN ADMINISTRATIVA PARA LA GERENCIA GENERAL REGIONAL.,80,18,2.3. 2  9. 1  1,LOCACION DE SERVICIOS REALIZADOS POR PERSONAS NATURALES RELACIONADAS AL ROL DE LA ENTIDAD,-5500.0,Rebaja
2026,1028,1,S,26,2026-01-27,10255673624,MELENDEZ RAMOS CECILIA ISABEL,106,CONTRATO MENOR,CM,,SERVICIO DE GESTIÓN Y SEGUIMIENTO DE ACTIVIDADES ADMINISTRATIVAS PARA LA GERENCIA GENERAL REGIONAL.,81,18,2.3. 2  9. 1  1,LOCACION DE SERVICIOS REALIZADOS POR PERSONAS NATURALES RELACIONADAS AL ROL DE LA ENTIDAD,8000.0,Compromiso
2026,1028,1,S,27,2026-01-27,10729734344,TELLEZ VILCHEZ JESUS SALVATTORE,106,CONTRATO MENOR,CM,,SERVICIO DE AUXILIAR ADMINISTRATIVO PARA LA GERENCIA GENERAL REGIONAL.,82,18,2.3. 2  9. 1  1,LOCACION DE SERVICIOS REALIZADOS POR PERSONAS NATURALES RELACIONADAS AL ROL DE LA ENTIDAD,3000.0,Compromiso
2026,1028,1,S,27,2026-01-27,10729734344,TELLEZ VILCHEZ JESUS SALVATTORE,106,CONTRATO MENOR,CM,,SERVICIO DE AUXILIAR ADMINISTRATIVO PARA LA GERENCIA GENERAL REGIONAL.,82,18,2.3. 2  9. 1  1,LOCACION DE SERVICIOS REALIZADOS POR PERSONAS NATURALES RELACIONADAS AL ROL DE LA ENTIDAD,-1500.0,Rebaja
2026,1028,1,S,28,2026-01-28,20269985900,PLUZ ENERGÌA PERÙ S.A.A.,14,ADJUDICACION SIN PROCEDIMIENTO,ASP,,SERVICIO BASICO DE ENERGIA ELECTRICA PARA EL GOBIERNO REGIONAL DEL CALLAO Y SEDES EXTERNAS,90,0,2.3. 2  2. 1  1,SERVICIO DE SUMINISTRO DE ENERGIA ELECTRICA,1219146.0,Compromiso
2026,1028,1,S,29,2026-01-28,20100152356,SERV AGUA POTAB Y ALCANT DE LIMA-SEDAPAL,14,ADJUDICACION SIN PROCEDIMIENTO,ASP,,SERVICIO BASICO DE AGUA POTABLE Y ALCANTARILLADO PARA EL GOBIERNO REGIONAL DEL CALLAO Y SEDES EXTERNAS,91,0,2.3. 2  2. 1  2,SERVICIO DE AGUA Y DESAGUE,706563.0,Compromiso
2026,1028,1,S,30,2026-01-28,10102182184,ALARCON MANGINI SANDRA PAOLA,106,CONTRATO MENOR,CM,,SERVICIO ESPECIALIZADO EN MATERIA LEGAL EN GESTION PÚBLICA DE LA PROCURADURIA PUBLICA REGIONAL.,85,18,2.3. 2  9. 1  1,LOCACION DE SERVICIOS REALIZADOS POR PERSONAS NATURALES RELACIONADAS AL ROL DE LA ENTIDAD,18600.0,Compromiso
2026,1028,1,S,31,2026-01-28,10714467226,AZAÑERO REYES JESSICA MAYRA,106,CONTRATO MENOR,CM,,SERVICIO DE ANALISIS Y EVALUACION DE CASOS EN TEMA PENAL Y PROCESAL PENAL DE LA PROCURADURIA PUBLICA,86,18,2.3. 2  9. 1  1,LOCACION DE SERVICIOS REALIZADOS POR PERSONAS NATURALES RELACIONADAS AL ROL DE LA ENTIDAD,18600.0,Compromiso
2026,1028,1,S,32,2026-01-28,10466846801,MALQUI PANTOJA ABELARDO GETULIO,106,CONTRATO MENOR,CM,,SERVICIO DE ANALISIS PENAL Y PROCESAL PENAL DE LA PROCURADURIA PUBLICA REGIONAL.,87,18,2.3. 2  9. 1  1,LOCACION DE SERVICIOS REALIZADOS POR PERSONAS NATURALES RELACIONADAS AL ROL DE LA ENTIDAD,18600.0,Compromiso
2026,1028,1,S,33,2026-01-28,10704366669,SERQUEN ROMERO JOHN PETER,106,CONTRATO MENOR,CM,,"SERVICIOS DE ASISTENCIA LEGAL EN PROCESOS CIVILES, LABORALES, CONTENCIOSOS ADMINISTRATIVOS Y ARBITRA",88,18,2.3. 2  9. 1  1,LOCACION DE SERVICIOS REALIZADOS POR PERSONAS NATURALES RELACIONADAS AL ROL DE LA ENTIDAD,18600.0,Compromiso
2026,1028,1,S,34,2026-01-28,10729087683,VERASTEGUI HERNANDEZ BRISCELLA TANIA,106,CONTRATO MENOR,CM,,SERVICIO ESPECIALIZADO EN MATERIA LEGAL PARA EL AREA LABORAL DE LA PROCURADURIA PUBLICA REGIONAL.,89,18,2.3. 2  9. 1  1,LOCACION DE SERVICIOS REALIZADOS POR PERSONAS NATURALES RELACIONADAS AL ROL DE LA ENTIDAD,18600.0,Compromiso
2026,1028,1,S,35,2026-01-28,10401455332,GUERRERO VELASQUEZ ROSA REGINA VICTORIA,106,CONTRATO MENOR,CM,,SERVICIO DE GESTOR DE DERECHO EN CONTENCIOSO DE LA PROCURADURIA PUBLICA REGIONAL.,92,18,2.3. 2  9. 1  1,LOCACION DE SERVICIOS REALIZADOS POR PERSONAS NATURALES RELACIONADAS AL ROL DE LA ENTIDAD,18600.0,Compromiso
2026,1028,1,S,36,2026-01-28,10731425936,ARIAS CUBILLAS SIU DE MARIA,106,CONTRATO MENOR,CM,,SERVICIO DE REGISTRO Y SEGUIMIENTO DE DOCUMENTOS ADMINISTRATIVOS Y JUDICIALES DE LA PROCURADURIA PUB,93,18,2.3. 2  9. 1  1,LOCACION DE SERVICIOS REALIZADOS POR PERSONAS NATURALES RELACIONADAS AL ROL DE LA ENTIDAD,12000.0,Compromiso
2026,1028,1,S,37,2026-01-28,10771293129,MELGAREJO GUTIERREZ RUBEN,106,CONTRATO MENOR,CM,,SERVICIO DE SEGUIMIENTO DE DOCUMENTOS ADMINISTRATIVOS DE LA PROCURADURIA PUBLICA REGIONAL.,94,18,2.3. 2  9. 1  1,LOCACION DE SERVICIOS REALIZADOS POR PERSONAS NATURALES RELACIONADAS AL ROL DE LA ENTIDAD,5400.0,Compromiso
2026,1028,1,S,38,2026-01-28,10733639461,MEDRANO SALCEDO EDUARDO FRANCO EMMANUEL,106,CONTRATO MENOR,CM,,SERVICIO DE AUXILIAR ADMINISTRATIVO DE LA PROCURADURIA PUBLICA REGIONAL.,95,18,2.3. 2  9. 1  1,LOCACION DE SERVICIOS REALIZADOS POR PERSONAS NATURALES RELACIONADAS AL ROL DE LA ENTIDAD,9000.0,Compromiso
2026,1028,1,S,39,2026-01-28,10465898912,DEL CARPIO MONROY ENRIQUE EMILIO,106,CONTRATO MENOR,CM,,SERVICIO DE ASISTENCIA DE ELABORACION DE DOCUMENTOS DE LA PROCURADURIA PUBLICA REGIONAL.,96,18,2.3. 2  9. 1  1,LOCACION DE SERVICIOS REALIZADOS POR PERSONAS NATURALES RELACIONADAS AL ROL DE LA ENTIDAD,8000.0,Compromiso
2026,1028,1,S,40,2026-01-28,10489480803,LEAL CACUA CLARA CELINA,106,CONTRATO MENOR,CM,,SERVICIO DE DIGITALIZACION Y ORGANIZACIÓN DE DOCUMENTACION DE LA PROCURADURIA PUBLICA REGIONAL.,97,18,2.3. 2  9. 1  1,LOCACION DE SERVICIOS REALIZADOS POR PERSONAS NATURALES RELACIONADAS AL ROL DE LA ENTIDAD,11400.0,Compromiso
2026,1028,1,S,41,2026-01-28,10482207613,POZO ODRIA MADELEY MERLY,106,CONTRATO MENOR,CM,,"SERVICIO DE PROCESAMIENTO, ORDENAMIENTO Y CLASIFICACION DE DOCUMENTOS ADMINISTRATIVOS DE LA PROCURAD",98,18,2.3. 2  9. 1  1,LOCACION DE SERVICIOS REALIZADOS POR PERSONAS NATURALES RELACIONADAS AL ROL DE LA ENTIDAD,6300.0,Compromiso
2026,1028,1,S,42,2026-01-28,10721801930,LICAS ACUÑA JAMES HARRISON,106,CONTRATO MENOR,CM,,SERVICIO DE ELABORACION Y SEGUIMIENTO DE DOCUMENTOS ADMINISTRATIVOS DE LA PROCURADURIA PUBLICA REGIO,99,18,2.3. 2  9. 1  1,LOCACION DE SERVICIOS REALIZADOS POR PERSONAS NATURALES RELACIONADAS AL ROL DE LA ENTIDAD,11000.0,Compromiso
2026,1028,1,S,43,2026-01-28,10441428621,ZORRILLA FLORES JHON EDDER,106,CONTRATO MENOR,CM,,SERVICIO ESPECIALIZADO LEGAL EN PROCEDIMIENTOS ADMINISTRATIVOS PARA LA OFICINA DE RECURSOS HUMANOS.,100,18,2.3. 2  9. 1  1,LOCACION DE SERVICIOS REALIZADOS POR PERSONAS NATURALES RELACIONADAS AL ROL DE LA ENTIDAD,14000.0,Compromiso
2026,1028,1,S,43,2026-01-28,10441428621,ZORRILLA FLORES JHON EDDER,106,CONTRATO MENOR,CM,,SERVICIO ESPECIALIZADO LEGAL EN PROCEDIMIENTOS ADMINISTRATIVOS PARA LA OFICINA DE RECURSOS HUMANOS.,100,18,2.3. 2  9. 1  1,LOCACION DE SERVICIOS REALIZADOS POR PERSONAS NATURALES RELACIONADAS AL ROL DE LA ENTIDAD,-7000.0,Rebaja
2026,1028,1,S,44,2026-01-28,10106341295,MASCARO TOLENTINO CARLOS ALBERTO,106,CONTRATO MENOR,CM,,SERVICIO DE GESTIÓN ADMINISTRATIVA PARA LA OFICINA DE RECURSOS HUMANOS.,101,18,2.3. 2  9. 1  1,LOCACION DE SERVICIOS REALIZADOS POR PERSONAS NATURALES RELACIONADAS AL ROL DE LA ENTIDAD,-6000.0,Rebaja
2026,1028,1,S,44,2026-01-28,10106341295,MASCARO TOLENTINO CARLOS ALBERTO,106,CONTRATO MENOR,CM,,SERVICIO DE GESTIÓN ADMINISTRATIVA PARA LA OFICINA DE RECURSOS HUMANOS.,101,18,2.3. 2  9. 1  1,LOCACION DE SERVICIOS REALIZADOS POR PERSONAS NATURALES RELACIONADAS AL ROL DE LA ENTIDAD,12000.0,Compromiso
2026,1028,1,S,45,2026-01-28,10732368715,CAYCHO CHUMPITAZ CHRISTOPHER STEVEN,106,CONTRATO MENOR,CM,,"""SERVICIO ESPECIALIZADO EN MATERIA LEGAL PARA LA OFICINA DE.RECURSOS HUMANOS"".",102,18,2.3. 2  9. 1  1,LOCACION DE SERVICIOS REALIZADOS POR PERSONAS NATURALES RELACIONADAS AL ROL DE LA ENTIDAD,-6000.0,Rebaja
2026,1028,1,S,45,2026-01-28,10732368715,CAYCHO CHUMPITAZ CHRISTOPHER STEVEN,106,CONTRATO MENOR,CM,,"""SERVICIO ESPECIALIZADO EN MATERIA LEGAL PARA LA OFICINA DE.RECURSOS HUMANOS"".",102,18,2.3. 2  9. 1  1,LOCACION DE SERVICIOS REALIZADOS POR PERSONAS NATURALES RELACIONADAS AL ROL DE LA ENTIDAD,12000.0,Compromiso
2026,1028,1,S,46,2026-01-28,10742266279,ECHEVARRIA RAMOS LUIS GABRIEL,106,CONTRATO MENOR,CM,,"SERVICIO DE SEGUIMIENTO Y MONITOREO DE EJECUCIÓN DE ACTIVIDADES PARA BIENESTAR SOCIAL, Y SEGURIDAD",103,18,2.3. 2  9. 1  1,LOCACION DE SERVICIOS REALIZADOS POR PERSONAS NATURALES RELACIONADAS AL ROL DE LA ENTIDAD,8000.0,Compromiso
2026,1028,1,S,46,2026-01-28,10742266279,ECHEVARRIA RAMOS LUIS GABRIEL,106,CONTRATO MENOR,CM,,"SERVICIO DE SEGUIMIENTO Y MONITOREO DE EJECUCIÓN DE ACTIVIDADES PARA BIENESTAR SOCIAL, Y SEGURIDAD",103,18,2.3. 2  9. 1  1,LOCACION DE SERVICIOS REALIZADOS POR PERSONAS NATURALES RELACIONADAS AL ROL DE LA ENTIDAD,-4000.0,Rebaja
2026,1028,1,S,47,2026-01-28,10458431553,DIAZ ALARCON TEODORO,106,CONTRATO MENOR,CM,,SERVICIO DE ASISTENCIA TÉCNICA ADMINISTRATIVA PARA LA OFICINA DE RECURSOS HUMANOS.,104,18,2.3. 2  9. 1  1,LOCACION DE SERVICIOS REALIZADOS POR PERSONAS NATURALES RELACIONADAS AL ROL DE LA ENTIDAD,-5000.0,Rebaja
2026,1028,1,S,47,2026-01-28,10458431553,DIAZ ALARCON TEODORO,106,CONTRATO MENOR,CM,,SERVICIO DE ASISTENCIA TÉCNICA ADMINISTRATIVA PARA LA OFICINA DE RECURSOS HUMANOS.,104,18,2.3. 2  9. 1  1,LOCACION DE SERVICIOS REALIZADOS POR PERSONAS NATURALES RELACIONADAS AL ROL DE LA ENTIDAD,10000.0,Compromiso
2026,1028,1,S,48,2026-01-28,10415932184,PAREDES RAMOS MARIA JUANA,106,CONTRATO MENOR,CM,,SERVICIO ESPECIALIZADO EN TEMAS DE DERECHO PARA LA OFICINA DE RECURSOS HUMANOS.,105,18,2.3. 2  9. 1  1,LOCACION DE SERVICIOS REALIZADOS POR PERSONAS NATURALES RELACIONADAS AL ROL DE LA ENTIDAD,-5500.0,Rebaja
2026,1028,1,S,48,2026-01-28,10415932184,PAREDES RAMOS MARIA JUANA,106,CONTRATO MENOR,CM,,SERVICIO ESPECIALIZADO EN TEMAS DE DERECHO PARA LA OFICINA DE RECURSOS HUMANOS.,105,18,2.3. 2  9. 1  1,LOCACION DE SERVICIOS REALIZADOS POR PERSONAS NATURALES RELACIONADAS AL ROL DE LA ENTIDAD,11000.0,Compromiso
2026,1028,1,S,49,2026-01-28,10454801224,VILCHERREZ CRUZ ARTURO DAVID,106,CONTRATO MENOR,CM,,SERVICIO DE ASISTENCIA LEGAL EN RECURSOS HUMANOS PARA LA SECRETARÍA TÉCNICA-PAD DE LA OFICINA DE REC,106,18,2.3. 2  9. 1  1,LOCACION DE SERVICIOS REALIZADOS POR PERSONAS NATURALES RELACIONADAS AL ROL DE LA ENTIDAD,-12000.0,Anulado
2026,1028,1,S,49,2026-01-28,10454801224,VILCHERREZ CRUZ ARTURO DAVID,106,CONTRATO MENOR,CM,,SERVICIO DE ASISTENCIA LEGAL EN RECURSOS HUMANOS PARA LA SECRETARÍA TÉCNICA-PAD DE LA OFICINA DE REC,106,18,2.3. 2  9. 1  1,LOCACION DE SERVICIOS REALIZADOS POR PERSONAS NATURALES RELACIONADAS AL ROL DE LA ENTIDAD,12000.0,Compromiso
2026,1028,1,S,50,2026-01-28,10437564472,MONTEZA BEAS SANDRA ELIZABETH,106,CONTRATO MENOR,CM,,SERVICIO ESPECIALIZADO EN PROCESOS ADMINISTRATIVO DE LA SECRETARÍA TÉCNICA- PAD PARA LA ORH,107,18,2.3. 2  9. 1  1,LOCACION DE SERVICIOS REALIZADOS POR PERSONAS NATURALES RELACIONADAS AL ROL DE LA ENTIDAD,-6000.0,Rebaja
2026,1028,1,S,50,2026-01-28,10437564472,MONTEZA BEAS SANDRA ELIZABETH,106,CONTRATO MENOR,CM,,SERVICIO ESPECIALIZADO EN PROCESOS ADMINISTRATIVO DE LA SECRETARÍA TÉCNICA- PAD PARA LA ORH,107,18,2.3. 2  9. 1  1,LOCACION DE SERVICIOS REALIZADOS POR PERSONAS NATURALES RELACIONADAS AL ROL DE LA ENTIDAD,12000.0,Compromiso
2026,1028,1,S,51,2026-01-28,10460829491,VELASQUEZ TORRES ERIKA FABIOLA,106,CONTRATO MENOR,CM,,SERVICIO DE ESPECIALISTA ADMINISTRATIVO PARA LA OFICINA DE IMAGEN INSTITUCIONAL Y PROTOCOLO DE LA GERENCIA GENERAL REGIONAL DEL GOBIERNO REGIONAL DEL CALLAO,109,18,2.3. 2  9. 1  1,LOCACION DE SERVICIOS REALIZADOS POR PERSONAS NATURALES RELACIONADAS AL ROL DE LA ENTIDAD,-6000.0,Rebaja
2026,1028,1,S,51,2026-01-28,10460829491,VELASQUEZ TORRES ERIKA FABIOLA,106,CONTRATO MENOR,CM,,SERVICIO DE ESPECIALISTA ADMINISTRATIVO PARA LA OFICINA DE IMAGEN INSTITUCIONAL Y PROTOCOLO DE LA GERENCIA GENERAL REGIONAL DEL GOBIERNO REGIONAL DEL CALLAO,109,18,2.3. 2  9. 1  1,LOCACION DE SERVICIOS REALIZADOS POR PERSONAS NATURALES RELACIONADAS AL ROL DE LA ENTIDAD,12000.0,Compromiso
2026,1028,1,S,52,2026-01-28,10748197368,HUAMAN HOYOS EVELYN MAILY,106,CONTRATO MENOR,CM,,SERVICIO DE ASISTENCIA EN LA ELABORACIÓN DE DOCUMENTOS ADMINISTRATIVOS PARA LA OFICINA DE IMAGEN INSTITUCIONAL Y PROTOCOLO DE LA GERENCIA GENERAL REGIONAL DEL GOBIERNO REGIONAL DEL CALLAO,110,18,2.3. 2  9. 1  1,LOCACION DE SERVICIOS REALIZADOS POR PERSONAS NATURALES RELACIONADAS AL ROL DE LA ENTIDAD,6000.0,Compromiso
2026,1028,1,S,52,2026-01-28,10748197368,HUAMAN HOYOS EVELYN MAILY,106,CONTRATO MENOR,CM,,SERVICIO DE ASISTENCIA EN LA ELABORACIÓN DE DOCUMENTOS ADMINISTRATIVOS PARA LA OFICINA DE IMAGEN INSTITUCIONAL Y PROTOCOLO DE LA GERENCIA GENERAL REGIONAL DEL GOBIERNO REGIONAL DEL CALLAO,110,18,2.3. 2  9. 1  1,LOCACION DE SERVICIOS REALIZADOS POR PERSONAS NATURALES RELACIONADAS AL ROL DE LA ENTIDAD,-3000.0,Rebaja
2026,1028,1,S,53,2026-01-28,10717017183,CACERES NEGRETE XIOMARA ANTUANET,106,CONTRATO MENOR,CM,,SERVICIO DE GESTIÓN Y SEGUIMIENTO DE ACTIVIDADES ADMINISTRATIVAS PARA LA OFICINA DE IMAGEN INSTITUCIONAL Y PROTOCOLO DE LA GERENCIA GENERAL REGIONAL DEL GOBIERNO REGIONAL DEL CALLAO,111,18,2.3. 2  9. 1  1,LOCACION DE SERVICIOS REALIZADOS POR PERSONAS NATURALES RELACIONADAS AL ROL DE LA ENTIDAD,10600.0,Compromiso
2026,1028,1,S,54,2026-01-28,10400130090,RENGIFO SANCHEZ PAOLA MERCEDES,106,CONTRATO MENOR,CM,,SERVICIO ESPECIALIZADO DE IMAGEN Y PROTOCOLO PARA LA OFICINA DE IMAGEN INSTITUCIONAL Y PROTOCOLO DE LA GERENCIA GENERAL REGIONAL DEL GOBIERNO REGIONAL DEL CALLAO,112,18,2.3. 2  9. 1  1,LOCACION DE SERVICIOS REALIZADOS POR PERSONAS NATURALES RELACIONADAS AL ROL DE LA ENTIDAD,12000.0,Compromiso
2026,1028,1,S,55,2026-01-28,10427294230,QUIÑONES TORRES CARLOS ROGELIO,106,CONTRATO MENOR,CM,,SERVICIO DE IMAGEN Y PROTOCOLO PARA LA OFICINA DE IMAGEN INSTITUCIONAL Y PROTOCOLO DE LA GERENCIA GENERAL REGIONAL DEL GOBIERNO REGIONAL DEL CALLAO,113,18,2.3. 2  9. 1  1,LOCACION DE SERVICIOS REALIZADOS POR PERSONAS NATURALES RELACIONADAS AL ROL DE LA ENTIDAD,-4500.0,Rebaja
2026,1028,1,S,55,2026-01-28,10427294230,QUIÑONES TORRES CARLOS ROGELIO,106,CONTRATO MENOR,CM,,SERVICIO DE IMAGEN Y PROTOCOLO PARA LA OFICINA DE IMAGEN INSTITUCIONAL Y PROTOCOLO DE LA GERENCIA GENERAL REGIONAL DEL GOBIERNO REGIONAL DEL CALLAO,113,18,2.3. 2  9. 1  1,LOCACION DE SERVICIOS REALIZADOS POR PERSONAS NATURALES RELACIONADAS AL ROL DE LA ENTIDAD,9000.0,Compromiso
2026,1028,1,S,56,2026-01-28,10257421703,CORDOVA SALAZAR CARLOS ROBERTO,106,CONTRATO MENOR,CM,,SERVICIO DE LOCUCIÓN INSTITUCIONAL PARA LA OFICINA DE IMAGEN INSTITUCIONAL Y PROTOCOLO DE LA GERENCIA GENERAL REGIONAL DEL GOBIERNO REGIONAL DEL CALLAO,114,18,2.3. 2  9. 1  1,LOCACION DE SERVICIOS REALIZADOS POR PERSONAS NATURALES RELACIONADAS AL ROL DE LA ENTIDAD,12000.0,Compromiso
2026,1028,1,S,56,2026-01-28,10257421703,CORDOVA SALAZAR CARLOS ROBERTO,106,CONTRATO MENOR,CM,,SERVICIO DE LOCUCIÓN INSTITUCIONAL PARA LA OFICINA DE IMAGEN INSTITUCIONAL Y PROTOCOLO DE LA GERENCIA GENERAL REGIONAL DEL GOBIERNO REGIONAL DEL CALLAO,114,18,2.3. 2  9. 1  1,LOCACION DE SERVICIOS REALIZADOS POR PERSONAS NATURALES RELACIONADAS AL ROL DE LA ENTIDAD,-6000.0,Rebaja
2026,1028,1,S,57,2026-01-28,10099612067,TELLO ISUIZA ROSMERY,106,CONTRATO MENOR,CM,,SERVICIO DE PROTOCOLO PARA LA OFICINA DE IMAGEN INSTITUCIONAL Y PROTOCOLO DE LA GERENCIA GENERAL REGIONAL DEL GOBIERNO REGIONAL DEL CALLAO,115,18,2.3. 2  9. 1  1,LOCACION DE SERVICIOS REALIZADOS POR PERSONAS NATURALES RELACIONADAS AL ROL DE LA ENTIDAD,9000.0,Compromiso
2026,1028,1,S,58,2026-01-28,10731055438,ROLDAN TALLEDO BARBARA CLELIA,106,CONTRATO MENOR,CM,,SERVICIO DE ORGANIZACIÓN Y EJECUCIÓN DE PROTOCOLO INSTITUCIONAL PARA LA OFICINA DE IMAGEN INSTITUCIONAL Y PROTOCOLO DE LA GERENCIA GENERAL REGIONAL DEL GOBIERNO REGIONAL DEL CALLAO,116,18,2.3. 2  9. 1  1,LOCACION DE SERVICIOS REALIZADOS POR PERSONAS NATURALES RELACIONADAS AL ROL DE LA ENTIDAD,-5000.0,Rebaja
2026,1028,1,S,58,2026-01-28,10731055438,ROLDAN TALLEDO BARBARA CLELIA,106,CONTRATO MENOR,CM,,SERVICIO DE ORGANIZACIÓN Y EJECUCIÓN DE PROTOCOLO INSTITUCIONAL PARA LA OFICINA DE IMAGEN INSTITUCIONAL Y PROTOCOLO DE LA GERENCIA GENERAL REGIONAL DEL GOBIERNO REGIONAL DEL CALLAO,116,18,2.3. 2  9. 1  1,LOCACION DE SERVICIOS REALIZADOS POR PERSONAS NATURALES RELACIONADAS AL ROL DE LA ENTIDAD,10000.0,Compromiso
2026,1028,1,S,59,2026-01-28,10465309739,AGUILAR ZEVALLOS IRWIN ABEL,106,CONTRATO MENOR,CM,,SERVICIO DE REGISTRO FOTOGRÁFICO PARA LA OFICINA DE IMAGEN INSTITUCIONAL Y PROTOCOLO DE LA GERENCIA GENERAL REGIONAL DEL GOBIERNO REGIONAL DEL CALLAO,117,18,2.3. 2  9. 1  1,LOCACION DE SERVICIOS REALIZADOS POR PERSONAS NATURALES RELACIONADAS AL ROL DE LA ENTIDAD,12000.0,Compromiso
2026,1028,1,S,59,2026-01-28,10465309739,AGUILAR ZEVALLOS IRWIN ABEL,106,CONTRATO MENOR,CM,,SERVICIO DE REGISTRO FOTOGRÁFICO PARA LA OFICINA DE IMAGEN INSTITUCIONAL Y PROTOCOLO DE LA GERENCIA GENERAL REGIONAL DEL GOBIERNO REGIONAL DEL CALLAO,117,18,2.3. 2  9. 1  1,LOCACION DE SERVICIOS REALIZADOS POR PERSONAS NATURALES RELACIONADAS AL ROL DE LA ENTIDAD,-6000.0,Rebaja
2026,1028,1,S,60,2026-01-28,10777076031,ARAOZ COLONIA CESAR FERNANDO,106,CONTRATO MENOR,CM,,SERVICIO DE FILMACIÓN Y EDICIÓN DE VIDEOS PARA LA OFICINA DE IMAGEN INSTITUCIONAL Y PROTOCOLO DE LA GERENCIA GENERAL REGIONAL DEL GOBIERNO REGIONAL DEL CALLAO,118,18,2.3. 2  9. 1  1,LOCACION DE SERVICIOS REALIZADOS POR PERSONAS NATURALES RELACIONADAS AL ROL DE LA ENTIDAD,8000.0,Compromiso
2026,1028,1,S,61,2026-01-28,10770429418,VASQUEZ GARCIA MIGUEL ANGEL,106,CONTRATO MENOR,CM,,SERVICIO DE EDICIÓN DE VIDEOS Y SIMIL PARA LA OFICINA DE IMAGEN INSTITUCIONAL Y PROTOCOLO DE LA GERENCIA GENERAL REGIONAL DEL GOBIERNO REGIONAL DEL CALLAO,119,18,2.3. 2  9. 1  1,LOCACION DE SERVICIOS REALIZADOS POR PERSONAS NATURALES RELACIONADAS AL ROL DE LA ENTIDAD,8000.0,Compromiso
2026,1028,1,S,62,2026-01-28,10756979294,REJAS AVENSUR SERGIO SEBASTIAN,106,CONTRATO MENOR,CM,,"SERVICIO DE GRABACIÓN, EDICIÓN DE VIDEO Y REGISTRO FOTOGRÁFICO PARA LA OFICINA DE IMAGEN INSTITUCIONAL Y PROTOCOLO DE LA GERENCIA GENERAL REGIONAL DEL GOBIERNO REGIONAL DEL CALLAO",120,18,2.3. 2  9. 1  1,LOCACION DE SERVICIOS REALIZADOS POR PERSONAS NATURALES RELACIONADAS AL ROL DE LA ENTIDAD,9000.0,Compromiso
2026,1028,1,S,62,2026-01-28,10756979294,REJAS AVENSUR SERGIO SEBASTIAN,106,CONTRATO MENOR,CM,,"SERVICIO DE GRABACIÓN, EDICIÓN DE VIDEO Y REGISTRO FOTOGRÁFICO PARA LA OFICINA DE IMAGEN INSTITUCIONAL Y PROTOCOLO DE LA GERENCIA GENERAL REGIONAL DEL GOBIERNO REGIONAL DEL CALLAO",120,18,2.3. 2  9. 1  1,LOCACION DE SERVICIOS REALIZADOS POR PERSONAS NATURALES RELACIONADAS AL ROL DE LA ENTIDAD,-4500.0,Rebaja
2026,1028,1,S,63,2026-01-28,10430744378,UGAZ RODRIGUEZ ALVARO PAUL,106,CONTRATO MENOR,CM,,SERVICIO DE REGISTRO FOTOGRÁFICO II PARA LA OFICINA DE IMAGEN INSTITUCIONAL Y PROTOCOLO DE LA GERENCIA GENERAL REGIONAL DEL GOBIERNO REGIONAL DEL CALLAO,121,18,2.3. 2  9. 1  1,LOCACION DE SERVICIOS REALIZADOS POR PERSONAS NATURALES RELACIONADAS AL ROL DE LA ENTIDAD,-5000.0,Rebaja
2026,1028,1,S,63,2026-01-28,10430744378,UGAZ RODRIGUEZ ALVARO PAUL,106,CONTRATO MENOR,CM,,SERVICIO DE REGISTRO FOTOGRÁFICO II PARA LA OFICINA DE IMAGEN INSTITUCIONAL Y PROTOCOLO DE LA GERENCIA GENERAL REGIONAL DEL GOBIERNO REGIONAL DEL CALLAO,121,18,2.3. 2  9. 1  1,LOCACION DE SERVICIOS REALIZADOS POR PERSONAS NATURALES RELACIONADAS AL ROL DE LA ENTIDAD,10000.0,Compromiso
2026,1028,1,S,64,2026-01-28,10732342996,MEZA CARO MARLON JEFFERSON,106,CONTRATO MENOR,CM,,SERVICIO DE SEGUIMIENTO Y ASISTENCIA TÉCNICA PARA COORDINACIÓN PARA LA OFICINA DE IMAGEN INSTITUCIONAL Y PROTOCOLO DE LA GERENCIA GENERAL REGIONAL DEL GOBIERNO REGIONAL DEL CALLAO,122,18,2.3. 2  9. 1  1,LOCACION DE SERVICIOS REALIZADOS POR PERSONAS NATURALES RELACIONADAS AL ROL DE LA ENTIDAD,-5000.0,Rebaja
2026,1028,1,S,64,2026-01-28,10732342996,MEZA CARO MARLON JEFFERSON,106,CONTRATO MENOR,CM,,SERVICIO DE SEGUIMIENTO Y ASISTENCIA TÉCNICA PARA COORDINACIÓN PARA LA OFICINA DE IMAGEN INSTITUCIONAL Y PROTOCOLO DE LA GERENCIA GENERAL REGIONAL DEL GOBIERNO REGIONAL DEL CALLAO,122,18,2.3. 2  9. 1  1,LOCACION DE SERVICIOS REALIZADOS POR PERSONAS NATURALES RELACIONADAS AL ROL DE LA ENTIDAD,10000.0,Compromiso
2026,1028,1,S,65,2026-01-28,10462943526,ROJAS NUÑEZ JOSEPH FERNANDO,106,CONTRATO MENOR,CM,,"SERVICIO DE ELABORACIÓN, EDICIÓN, COORDINACIÓN Y ENVÍO DE NOTAS DE PRENSA PARA LA OFICINA DE IMAGEN INSTITUCIONAL Y PROTOCOLO DE LA GERENCIA GENERAL REGIONAL DEL GOBIERNO REGIONAL DEL CALLLAO",123,18,2.3. 2  9. 1  1,LOCACION DE SERVICIOS REALIZADOS POR PERSONAS NATURALES RELACIONADAS AL ROL DE LA ENTIDAD,-5000.0,Rebaja
2026,1028,1,S,65,2026-01-28,10462943526,ROJAS NUÑEZ JOSEPH FERNANDO,106,CONTRATO MENOR,CM,,"SERVICIO DE ELABORACIÓN, EDICIÓN, COORDINACIÓN Y ENVÍO DE NOTAS DE PRENSA PARA LA OFICINA DE IMAGEN INSTITUCIONAL Y PROTOCOLO DE LA GERENCIA GENERAL REGIONAL DEL GOBIERNO REGIONAL DEL CALLLAO",123,18,2.3. 2  9. 1  1,LOCACION DE SERVICIOS REALIZADOS POR PERSONAS NATURALES RELACIONADAS AL ROL DE LA ENTIDAD,10000.0,Compromiso
2026,1028,1,S,66,2026-01-28,10746981118,ESPICHAN CONTRERAS MAURO,106,CONTRATO MENOR,CM,,SERVICIO DE COBERTURA Y REDACCIÓN DE CONTENIDOS PERIODÍSTICOS PARA LA OFICINA DE IMAGEN INSTITUCIONAL Y PROTOCOLO DE LA GERENCIA GENERAL REGIONAL DEL GOBIERNO REGIONAL DEL CALLAO,274,18,2.3. 2  9. 1  1,LOCACION DE SERVICIOS REALIZADOS POR PERSONAS NATURALES RELACIONADAS AL ROL DE LA ENTIDAD,-4000.0,Rebaja
2026,1028,1,S,66,2026-01-28,10746981118,ESPICHAN CONTRERAS MAURO,106,CONTRATO MENOR,CM,,SERVICIO DE COBERTURA Y REDACCIÓN DE CONTENIDOS PERIODÍSTICOS PARA LA OFICINA DE IMAGEN INSTITUCIONAL Y PROTOCOLO DE LA GERENCIA GENERAL REGIONAL DEL GOBIERNO REGIONAL DEL CALLAO,274,18,2.3. 2  9. 1  1,LOCACION DE SERVICIOS REALIZADOS POR PERSONAS NATURALES RELACIONADAS AL ROL DE LA ENTIDAD,8000.0,Compromiso
2026,1028,1,S,67,2026-01-28,10727294185,ROJAS INFANTE FABIANA MARIFE,106,CONTRATO MENOR,CM,,SERVICIO DE GESTIÓN DE CONTENIDOS PARA REDES SOCIALES PARA LA OFICINA DE IMAGEN INSTITUCIONAL Y PROTOCOLO DE LA GERENCIA GENERAL REGIONAL DEL GOBIERNO REGIONAL DEL CALLAO.REGIONAL DEL GOBIERNO REGIONAL DEL CALLAO,124,18,2.3. 2  9. 1  1,LOCACION DE SERVICIOS REALIZADOS POR PERSONAS NATURALES RELACIONADAS AL ROL DE LA ENTIDAD,8000.0,Compromiso
2026,1028,1,S,67,2026-01-28,10727294185,ROJAS INFANTE FABIANA MARIFE,106,CONTRATO MENOR,CM,,SERVICIO DE GESTIÓN DE CONTENIDOS PARA REDES SOCIALES PARA LA OFICINA DE IMAGEN INSTITUCIONAL Y PROTOCOLO DE LA GERENCIA GENERAL REGIONAL DEL GOBIERNO REGIONAL DEL CALLAO.REGIONAL DEL GOBIERNO REGIONAL DEL CALLAO,124,18,2.3. 2  9. 1  1,LOCACION DE SERVICIOS REALIZADOS POR PERSONAS NATURALES RELACIONADAS AL ROL DE LA ENTIDAD,-4000.0,Rebaja
2026,1028,1,S,68,2026-01-28,10702957121,RODRIGUEZ GUERRERO SHERRY NOELLY,106,CONTRATO MENOR,CM,,SERVICIO DE DESARROLLO DE CONTENIDO DIGITAL PARA LAS REDES SOCIALES PARA LA OFICINA DE IMAGEN INSTITUCIONAL Y PROTOCOLO DE LA GERENCIA GENERAL REGIONAL DEL GOBIERNO REGIONAL DEL CALLAO,125,18,2.3. 2  9. 1  1,LOCACION DE SERVICIOS REALIZADOS POR PERSONAS NATURALES RELACIONADAS AL ROL DE LA ENTIDAD,8000.0,Compromiso
2026,1028,1,S,68,2026-01-28,10702957121,RODRIGUEZ GUERRERO SHERRY NOELLY,106,CONTRATO MENOR,CM,,SERVICIO DE DESARROLLO DE CONTENIDO DIGITAL PARA LAS REDES SOCIALES PARA LA OFICINA DE IMAGEN INSTITUCIONAL Y PROTOCOLO DE LA GERENCIA GENERAL REGIONAL DEL GOBIERNO REGIONAL DEL CALLAO,125,18,2.3. 2  9. 1  1,LOCACION DE SERVICIOS REALIZADOS POR PERSONAS NATURALES RELACIONADAS AL ROL DE LA ENTIDAD,-4000.0,Rebaja
2026,1028,1,S,69,2026-01-28,10746498972,SARAVIA ROMERO PIERO ANGEL,106,CONTRATO MENOR,CM,,SERVICIO DE DISEÑO Y ELABORACIÓN DE MATERIAL IMPRESO PARA LA OFICINA DE IMAGEN INSTITUCIONAL Y PROTOCOLO DE LA GERENCIA GENERAL REGIONAL DEL GOBIERNO REGIONAL DEL CALLAO.,126,18,2.3. 2  9. 1  1,LOCACION DE SERVICIOS REALIZADOS POR PERSONAS NATURALES RELACIONADAS AL ROL DE LA ENTIDAD,10000.0,Compromiso
2026,1028,1,S,70,2026-01-28,10739308319,RETAMOZO PASICHE ANTUANET KATHERIN,106,CONTRATO MENOR,CM,,SERVICIO DE DISEÑO Y DIAGRAMACIÓN DE PIEZAS GRÁFICAS PARA LA OFICINA DE IMAGEN INSTITUCIONAL Y PROTOCOLO DE LA GERENCIA GENERAL REGIONAL DEL GOBIERNO REGIONAL DEL CALLAO.,127,18,2.3. 2  9. 1  1,LOCACION DE SERVICIOS REALIZADOS POR PERSONAS NATURALES RELACIONADAS AL ROL DE LA ENTIDAD,-4000.0,Rebaja
2026,1028,1,S,70,2026-01-28,10739308319,RETAMOZO PASICHE ANTUANET KATHERIN,106,CONTRATO MENOR,CM,,SERVICIO DE DISEÑO Y DIAGRAMACIÓN DE PIEZAS GRÁFICAS PARA LA OFICINA DE IMAGEN INSTITUCIONAL Y PROTOCOLO DE LA GERENCIA GENERAL REGIONAL DEL GOBIERNO REGIONAL DEL CALLAO.,127,18,2.3. 2  9. 1  1,LOCACION DE SERVICIOS REALIZADOS POR PERSONAS NATURALES RELACIONADAS AL ROL DE LA ENTIDAD,8000.0,Compromiso
2026,1028,1,S,71,2026-01-28,10257898399,CONTRERAS SAMAME NOEMI MIRIAM,106,CONTRATO MENOR,CM,,SERVICIO DE ORIENTACIÓN Y REGISTRO DE VISITAS I PARA LA OFICINA DE IMAGEN INSTITUCIONAL Y PROTOCOLO DE LA GERENCIA GENERAL REGIONAL DEL GOBIERNO REGIONAL DEL CALLAO.,128,18,2.3. 2  9. 1  1,LOCACION DE SERVICIOS REALIZADOS POR PERSONAS NATURALES RELACIONADAS AL ROL DE LA ENTIDAD,6800.0,Compromiso
2026,1028,1,S,71,2026-01-28,10257898399,CONTRERAS SAMAME NOEMI MIRIAM,106,CONTRATO MENOR,CM,,SERVICIO DE ORIENTACIÓN Y REGISTRO DE VISITAS I PARA LA OFICINA DE IMAGEN INSTITUCIONAL Y PROTOCOLO DE LA GERENCIA GENERAL REGIONAL DEL GOBIERNO REGIONAL DEL CALLAO.,128,18,2.3. 2  9. 1  1,LOCACION DE SERVICIOS REALIZADOS POR PERSONAS NATURALES RELACIONADAS AL ROL DE LA ENTIDAD,-3400.0,Rebaja
2026,1028,1,S,72,2026-01-28,10257781530,SAENZ QUIROZ KATTYA CONSUELO,106,CONTRATO MENOR,CM,,SERVICIO DE ORIENTACIÓN Y REGISTRO DE VISITAS II PARA LA OFICINA DE IMAGEN INSTITUCIONAL Y PROTOCOLO DE LA GERENCIA GENERAL REGIONAL DEL GOBIERNO REGIONAL DEL CALLAO.,129,18,2.3. 2  9. 1  1,LOCACION DE SERVICIOS REALIZADOS POR PERSONAS NATURALES RELACIONADAS AL ROL DE LA ENTIDAD,6800.0,Compromiso
2026,1028,1,S,72,2026-01-28,10257781530,SAENZ QUIROZ KATTYA CONSUELO,106,CONTRATO MENOR,CM,,SERVICIO DE ORIENTACIÓN Y REGISTRO DE VISITAS II PARA LA OFICINA DE IMAGEN INSTITUCIONAL Y PROTOCOLO DE LA GERENCIA GENERAL REGIONAL DEL GOBIERNO REGIONAL DEL CALLAO.,129,18,2.3. 2  9. 1  1,LOCACION DE SERVICIOS REALIZADOS POR PERSONAS NATURALES RELACIONADAS AL ROL DE LA ENTIDAD,-3400.0,Rebaja
2026,1028,1,S,73,2026-01-28,10255614300,CARRASCO SALAZAR JAVIER ALCIDES,106,CONTRATO MENOR,CM,,SERVICIO DE ORIENTACIÓN Y REGISTRO DE VISITAS III PARA LA OFICINA DE IMAGEN INSTITUCIONAL Y PROTOCOLO DE LA GERENCIA GENERAL REGIONAL DEL GOBIERNO REGIONAL DEL CALLAO.,130,18,2.3. 2  9. 1  1,LOCACION DE SERVICIOS REALIZADOS POR PERSONAS NATURALES RELACIONADAS AL ROL DE LA ENTIDAD,6800.0,Compromiso
2026,1028,1,S,73,2026-01-28,10255614300,CARRASCO SALAZAR JAVIER ALCIDES,106,CONTRATO MENOR,CM,,SERVICIO DE ORIENTACIÓN Y REGISTRO DE VISITAS III PARA LA OFICINA DE IMAGEN INSTITUCIONAL Y PROTOCOLO DE LA GERENCIA GENERAL REGIONAL DEL GOBIERNO REGIONAL DEL CALLAO.,130,18,2.3. 2  9. 1  1,LOCACION DE SERVICIOS REALIZADOS POR PERSONAS NATURALES RELACIONADAS AL ROL DE LA ENTIDAD,-3400.0,Rebaja
2026,1028,1,S,74,2026-01-28,10470865836,TORNO FLORES SERGIO EDUARDO,106,CONTRATO MENOR,CM,,SERVICIO DE ASISTENCIA TÉCNICA EN PRENSA PARA LA REDACCIÓN DE CONTENIDOS COMUNICACIONALES Y PERIODÍSTICOS PARA LA OFICINA DE IMAGEN INSTITUCIONAL Y PROTOCOLO DE LA GERENCIA GENERAL REGIONAL DEL GOBIERNO REGIONAL DEL CALLAO,131,18,2.3. 2  9. 1  1,LOCACION DE SERVICIOS REALIZADOS POR PERSONAS NATURALES RELACIONADAS AL ROL DE LA ENTIDAD,8600.0,Compromiso
2026,1028,1,S,74,2026-01-28,10470865836,TORNO FLORES SERGIO EDUARDO,106,CONTRATO MENOR,CM,,SERVICIO DE ASISTENCIA TÉCNICA EN PRENSA PARA LA REDACCIÓN DE CONTENIDOS COMUNICACIONALES Y PERIODÍSTICOS PARA LA OFICINA DE IMAGEN INSTITUCIONAL Y PROTOCOLO DE LA GERENCIA GENERAL REGIONAL DEL GOBIERNO REGIONAL DEL CALLAO,131,18,2.3. 2  9. 1  1,LOCACION DE SERVICIOS REALIZADOS POR PERSONAS NATURALES RELACIONADAS AL ROL DE LA ENTIDAD,-4300.0,Rebaja
2026,1028,1,S,75,2026-01-28,20614759870,CONSORCIO CLEAN,4,CONCURSO PUBLICO,CP,0001-2025-GORE-CALLAO,SERVICIO DE LIMPIEZA,139,18,2.3. 2  3. 1  1,SERVICIOS DE LIMPIEZA E HIGIENE,6310838.0,Compromiso
2026,1028,1,S,76,2026-01-28,10258596931,LEON MENDOZA CARLOS SANTIAGO,106,CONTRATO MENOR,CM,,SERVICIO ESPECIALIZADO EN PROCESOS CONTABLES Y FINANCIEROS,157,18,2.3. 2  9. 1  1,LOCACION DE SERVICIOS REALIZADOS POR PERSONAS NATURALES RELACIONADAS AL ROL DE LA ENTIDAD,-10000.0,Rebaja
2026,1028,1,S,76,2026-01-28,10258596931,LEON MENDOZA CARLOS SANTIAGO,106,CONTRATO MENOR,CM,,SERVICIO ESPECIALIZADO EN PROCESOS CONTABLES Y FINANCIEROS,157,18,2.3. 2  9. 1  1,LOCACION DE SERVICIOS REALIZADOS POR PERSONAS NATURALES RELACIONADAS AL ROL DE LA ENTIDAD,20000.0,Compromiso
2026,1028,1,S,77,2026-01-28,10404121061,PADILLA CUEVA GROBER,106,CONTRATO MENOR,CM,,SERVICIO ESPECIALIZADO EN CONTRATACIONES PÚBLICAS,158,18,2.3. 2  9. 1  1,LOCACION DE SERVICIOS REALIZADOS POR PERSONAS NATURALES RELACIONADAS AL ROL DE LA ENTIDAD,-10000.0,Rebaja
2026,1028,1,S,77,2026-01-28,10404121061,PADILLA CUEVA GROBER,106,CONTRATO MENOR,CM,,SERVICIO ESPECIALIZADO EN CONTRATACIONES PÚBLICAS,158,18,2.3. 2  9. 1  1,LOCACION DE SERVICIOS REALIZADOS POR PERSONAS NATURALES RELACIONADAS AL ROL DE LA ENTIDAD,20000.0,Compromiso
2026,1028,1,S,78,2026-01-28,10258315460,JUAREZ FERNANDEZ DANIEL ALBERTO,106,CONTRATO MENOR,CM,,SERVICIO ESPECIALIZADO EN ADMINISTRACION PUBLICA,159,18,2.3. 2  9. 1  1,LOCACION DE SERVICIOS REALIZADOS POR PERSONAS NATURALES RELACIONADAS AL ROL DE LA ENTIDAD,-10000.0,Rebaja
2026,1028,1,S,78,2026-01-28,10258315460,JUAREZ FERNANDEZ DANIEL ALBERTO,106,CONTRATO MENOR,CM,,SERVICIO ESPECIALIZADO EN ADMINISTRACION PUBLICA,159,18,2.3. 2  9. 1  1,LOCACION DE SERVICIOS REALIZADOS POR PERSONAS NATURALES RELACIONADAS AL ROL DE LA ENTIDAD,20000.0,Compromiso
2026,1028,1,S,79,2026-01-28,10099123279,LEON SARAVIA FRITZ PIERANTONI,106,CONTRATO MENOR,CM,,SERVICIO ESPECIALIZADO EN OPERATIVIDAD Y MANEJO DE EQUIPOS,160,18,2.3. 2  9. 1  1,LOCACION DE SERVICIOS REALIZADOS POR PERSONAS NATURALES RELACIONADAS AL ROL DE LA ENTIDAD,9000.0,Compromiso
2026,1028,1,S,80,2026-01-29,10076403801,ARAGON CASTILLO JORGE ISAAC,14,ADJUDICACION SIN PROCEDIMIENTO,ASP,,SERVICIO ESPECIALIZADO MATERIA LEGAL PARA LA GERENCIA DE ASESORIA JURIDICA DEL GOBIERNO REGIONAL DEL CALLAO,151,18,2.3. 2  9. 1  1,LOCACION DE SERVICIOS REALIZADOS POR PERSONAS NATURALES RELACIONADAS AL ROL DE LA ENTIDAD,20000.0,Compromiso
2026,1028,1,S,80,2026-01-29,10076403801,ARAGON CASTILLO JORGE ISAAC,14,ADJUDICACION SIN PROCEDIMIENTO,ASP,,SERVICIO ESPECIALIZADO MATERIA LEGAL PARA LA GERENCIA DE ASESORIA JURIDICA DEL GOBIERNO REGIONAL DEL CALLAO,151,18,2.3. 2  9. 1  1,LOCACION DE SERVICIOS REALIZADOS POR PERSONAS NATURALES RELACIONADAS AL ROL DE LA ENTIDAD,-10000.0,Rebaja
2026,1028,1,S,81,2026-01-29,10407950505,NAJARRO SILVA DARWIN OLGERS,14,ADJUDICACION SIN PROCEDIMIENTO,ASP,,SERVICIO ESPECIALIZADO LEGAL EN PROCEDIMIENTOS ADMINISTRATIVOS PARA LA GERENCIA DE ASESORIA JURIDICA DEL GOBIERNO REGIONAL DEL CALLAO,154,18,2.3. 2  9. 1  1,LOCACION DE SERVICIOS REALIZADOS POR PERSONAS NATURALES RELACIONADAS AL ROL DE LA ENTIDAD,-10000.0,Rebaja
2026,1028,1,S,81,2026-01-29,10407950505,NAJARRO SILVA DARWIN OLGERS,14,ADJUDICACION SIN PROCEDIMIENTO,ASP,,SERVICIO ESPECIALIZADO LEGAL EN PROCEDIMIENTOS ADMINISTRATIVOS PARA LA GERENCIA DE ASESORIA JURIDICA DEL GOBIERNO REGIONAL DEL CALLAO,154,18,2.3. 2  9. 1  1,LOCACION DE SERVICIOS REALIZADOS POR PERSONAS NATURALES RELACIONADAS AL ROL DE LA ENTIDAD,20000.0,Compromiso
2026,1028,1,S,82,2026-01-29,10466588275,MORALES MIRANDA ESTRELLA BELEN,14,ADJUDICACION SIN PROCEDIMIENTO,ASP,,SERVICIO DE ASISTENCIA PARA LA FORMULACIÓN DE DOCUMENTOS LEGALES EN PROCESOS ADMINISTRATIVOS PARA LA GERENCIA DE ASESORIA JURIDICA DEL GOBIERNO REGIONAL DEL CALLAO,155,18,2.3. 2  9. 1  1,LOCACION DE SERVICIOS REALIZADOS POR PERSONAS NATURALES RELACIONADAS AL ROL DE LA ENTIDAD,5000.0,Compromiso
2026,1028,1,S,83,2026-01-29,10479540689,CASIANO MONTERO GRETTA PAMELA,14,ADJUDICACION SIN PROCEDIMIENTO,ASP,,SERVICIO ESPECIALIZADO EN ASUNTOS LEGALES ADMINISTRATIVOS PARA LA GERENCIA DE ASESORIA JURIDICA DEL GOBIERNO REGIONAL DEL CALLAO,156,18,2.3. 2  9. 1  1,LOCACION DE SERVICIOS REALIZADOS POR PERSONAS NATURALES RELACIONADAS AL ROL DE LA ENTIDAD,16000.0,Compromiso
2026,1028,1,S,84,2026-01-29,10437393805,NUNURA CHERO JHON MICHAEL,106,CONTRATO MENOR,CM,,SERVICIO ESPECIALIZADO EN MATERIA LEGAL PARA LA SECRETARIA DE CONSEJO REGIONAL DEL GOBIERNO REGIONAL,141,18,2.3. 2  9. 1  1,LOCACION DE SERVICIOS REALIZADOS POR PERSONAS NATURALES RELACIONADAS AL ROL DE LA ENTIDAD,14000.0,Compromiso
2026,1028,1,S,85,2026-01-29,10256024913,LARA GARAY YOLANDA,106,CONTRATO MENOR,CM,,SERVICIO ESPECIALIZADO EN TEMAS DE DERECHO PARA LA SECRETARIA DE CONSEJO REGIONAL DEL CALLAO.,142,18,2.3. 2  9. 1  1,LOCACION DE SERVICIOS REALIZADOS POR PERSONAS NATURALES RELACIONADAS AL ROL DE LA ENTIDAD,14000.0,Compromiso
2026,1028,1,S,86,2026-01-29,10449990515,VIZCARDO ORBE HELLEN INES,106,CONTRATO MENOR,CM,,SERVICIO DE  ASISTENCIA LEGAL EN PROCESOS LOGISTICOS PARA LA SECRETARIA DE CONSEJO REGIONAL DEL GOBI,143,18,2.3. 2  9. 1  1,LOCACION DE SERVICIOS REALIZADOS POR PERSONAS NATURALES RELACIONADAS AL ROL DE LA ENTIDAD,10000.0,Compromiso
2026,1028,1,S,87,2026-01-29,10733060421,SALAZAR RUIZ VICTOR STEEP,106,CONTRATO MENOR,CM,,SERVICIO DE ELABORACION DE CONTENIDOS DE MATERIAL DE DIFUSION PARA LA SECRETARIA DE CONSEJO REGIONAL,144,18,2.3. 2  9. 1  1,LOCACION DE SERVICIOS REALIZADOS POR PERSONAS NATURALES RELACIONADAS AL ROL DE LA ENTIDAD,6600.0,Compromiso
2026,1028,1,S,88,2026-01-29,10076722418,JIMENEZ SMITH ERNESTO JULIAN,106,CONTRATO MENOR,CM,,SERVICIO ESPECIALIZADO EN INGENIERIA ADMINISTRATIVA PARA LA SECRETARIA DE CONSEJO REGIONAL DEL CALLA,145,18,2.3. 2  9. 1  1,LOCACION DE SERVICIOS REALIZADOS POR PERSONAS NATURALES RELACIONADAS AL ROL DE LA ENTIDAD,14000.0,Compromiso
2026,1028,1,S,89,2026-01-29,10456248204,BENITES AGUILAR SANDRA FIORELLA,106,CONTRATO MENOR,CM,,SERVICIO DE ASISTENCIA Y REVISION LEGAL DE DOCUMENTOS PARA LA SECRETARIA DE CONSEJO REGIONAL,146,18,2.3. 2  9. 1  1,LOCACION DE SERVICIOS REALIZADOS POR PERSONAS NATURALES RELACIONADAS AL ROL DE LA ENTIDAD,9000.0,Compromiso
2026,1028,1,S,90,2026-01-29,10076323220,BENAVIDES CORBETTA SANDRO MOISES,106,CONTRATO MENOR,CM,,SERVICIO DE ASISTENCIA TECNICA LEGAL EN DOCUMENTOS DE GESTION PARA LA SECRETARIA DE CONSEJO REGIONAL,147,18,2.3. 2  9. 1  1,LOCACION DE SERVICIOS REALIZADOS POR PERSONAS NATURALES RELACIONADAS AL ROL DE LA ENTIDAD,12000.0,Compromiso
2026,1028,1,S,91,2026-01-29,10436937879,AGREDA ALARCON EDSON ROBERT,106,CONTRATO MENOR,CM,,SERVICIO DE SEGUIMIENTO Y ASISTENCIA DE ACTIVIDADES ADMINISTRATIVAS PARA LA SECRETARIA DE CONSEJO RE,148,18,2.3. 2  9. 1  1,LOCACION DE SERVICIOS REALIZADOS POR PERSONAS NATURALES RELACIONADAS AL ROL DE LA ENTIDAD,12000.0,Compromiso
2026,1028,1,S,92,2026-01-29,10457674487,GASTELO NAVARRO MIGUEL ARMANDO,106,CONTRATO MENOR,CM,,SERVICIO DE AUXILIAR ADMINISTRATIVO PARA LA SECRETARIA DE CONSEJO REGIONAL DEL CALLAO.,149,18,2.3. 2  9. 1  1,LOCACION DE SERVICIOS REALIZADOS POR PERSONAS NATURALES RELACIONADAS AL ROL DE LA ENTIDAD,5000.0,Compromiso
2026,1028,1,S,93,2026-01-29,10436461301,ALEJO MARTINEZ JAVIER DANIEL,106,CONTRATO MENOR,CM,,SERVICIO ESPECIALIZADO EN DERECHO ADMINISTRATIVO PARA LA SECRETARIA DE CONSEJO REGIONAL DEL GOBIERNO,150,18,2.3. 2  9. 1  1,LOCACION DE SERVICIOS REALIZADOS POR PERSONAS NATURALES RELACIONADAS AL ROL DE LA ENTIDAD,18000.0,Compromiso
2026,1028,1,S,94,2026-01-29,10075387135,GARCIA CAVAGNARO RAMON ORESTES,106,CONTRATO MENOR,CM,,SERVICIO DE COORDINACION EN ACTIVIDADES DE PROMOCION Y DIFUSION PARA LA SECRETARIA DE CONSEJO .,152,18,2.3. 2  9. 1  1,LOCACION DE SERVICIOS REALIZADOS POR PERSONAS NATURALES RELACIONADAS AL ROL DE LA ENTIDAD,10000.0,Compromiso
2026,1028,1,S,95,2026-01-29,10711177987,RODAS NEGRON GRECIA,106,CONTRATO MENOR,CM,,SERVICIO DE ASITENCIA TECNICA ADMINISTRATIVA Y ORGANIZACIÓN DEL ACERVO DOCUMENTARIO PARA LA SECRETAR,153,18,2.3. 2  9. 1  1,LOCACION DE SERVICIOS REALIZADOS POR PERSONAS NATURALES RELACIONADAS AL ROL DE LA ENTIDAD,4600.0,Compromiso
2026,1028,1,S,96,2026-01-29,10716325305,CARRASCAL CORDOVA CAMILA STEFANIE,106,CONTRATO MENOR,CM,,SERVICIO DE ASISTENCIA TECNICA ADMINISTRATIVA I,162,18,2.3. 2  9. 1  1,LOCACION DE SERVICIOS REALIZADOS POR PERSONAS NATURALES RELACIONADAS AL ROL DE LA ENTIDAD,10000.0,Compromiso
2026,1028,1,S,97,2026-01-29,10736237658,PICASSO TICA VINCCENZO ALFIERI,106,CONTRATO MENOR,CM,,SERVICIO DE ASISTENCIA TECNICA ADMINISTRATIVA II,163,18,2.3. 2  9. 1  1,LOCACION DE SERVICIOS REALIZADOS POR PERSONAS NATURALES RELACIONADAS AL ROL DE LA ENTIDAD,10000.0,Compromiso
2026,1028,1,S,98,2026-01-29,10763990368,CRUZ CAMPOS HUGO FERNANDO,106,CONTRATO MENOR,CM,,SERVICIO DE CLASIFICACIÓN Y ORDENAMIENTO DE ARCHIVOS I,164,18,2.3. 2  9. 1  1,LOCACION DE SERVICIOS REALIZADOS POR PERSONAS NATURALES RELACIONADAS AL ROL DE LA ENTIDAD,6000.0,Compromiso
2026,1028,1,S,99,2026-01-29,10107284121,ANDRICH VALLE ANNIE JANE,106,CONTRATO MENOR,CM,,SERVICIO DE CLASIFICACIÓN Y ORDENAMIENTO DE ARCHIVOS II,165,18,2.3. 2  9. 1  1,LOCACION DE SERVICIOS REALIZADOS POR PERSONAS NATURALES RELACIONADAS AL ROL DE LA ENTIDAD,11000.0,Compromiso
2026,1028,1,S,100,2026-01-29,10433160431,ALLENDE LIZARRAGA PAUL CHRISTOPHER,106,CONTRATO MENOR,CM,,SERVICIO DE CONTROL DOCUMENTARIO Y ADMINISTRATIVO,166,18,2.3. 2  9. 1  1,LOCACION DE SERVICIOS REALIZADOS POR PERSONAS NATURALES RELACIONADAS AL ROL DE LA ENTIDAD,7000.0,Compromiso
2026,1028,1,S,101,2026-01-29,10470255361,CASTRO TENA GUADALUPE EDELMIRA,106,CONTRATO MENOR,CM,,SERVICIO DE COORDINACIÓN EN LOGÍSTICA PARA PROCEDIMIENTOS DE SELECCIÓN,167,18,2.3. 2  9. 1  1,LOCACION DE SERVICIOS REALIZADOS POR PERSONAS NATURALES RELACIONADAS AL ROL DE LA ENTIDAD,20000.0,Compromiso
2026,1028,1,S,102,2026-01-29,10471742932,SOTELO RITUAY KARL JAINER,106,CONTRATO MENOR,CM,,SERVICIO DE EJECUCIÓN DE PROCEDIMIENTOS DE SELECCIÓN DE LAS CONTRATACIONES DEL ESTADO I,168,18,2.3. 2  9. 1  1,LOCACION DE SERVICIOS REALIZADOS POR PERSONAS NATURALES RELACIONADAS AL ROL DE LA ENTIDAD,18000.0,Compromiso
2026,1028,1,S,103,2026-01-29,20100072751,EMPRESA PERUANA DE SERVICIOS EDITORIALES S.A. - EDITORA PERU,106,CONTRATO MENOR,CM,,CONTRATACIÓN DEL SERVICIO PARA LA REALIZACIÓN DE LAS PUBLICACIONES DE NORMAS REGIONALES EN MEDIOS DE COMUNICACIÓN DE PRENSA ESCRITA ? DIFUSIÓN EN EL DIARIO OFICIAL EL PERUANO - SOLICITADO POR LA SECRETARIA DEL CONSEJO REGIONAL,161,18,2.3. 2  2. 5  1,DIFUSIÓN EN EL DIARIO OFICIAL,42000.0,Compromiso
2026,1028,1,S,104,2026-01-29,10410994467,CAPUÑAY AGUILAR ENRIQUE CARLOS,106,CONTRATO MENOR,CM,,SERVICIO DE EJECUCIÓN DE PROCEDIMIENTOS DE SELECCIÓN DE LAS CONTRATACIONES DEL ESTADO II,169,18,2.3. 2  9. 1  1,LOCACION DE SERVICIOS REALIZADOS POR PERSONAS NATURALES RELACIONADAS AL ROL DE LA ENTIDAD,18000.0,Compromiso
2026,1028,1,S,105,2026-01-29,10763498081,SUSANO CRUZ LIZBETH YANIRA,106,CONTRATO MENOR,CM,,SERVICIO DE EJECUCIÓN DE PROCEDIMIENTOS DE SELECCIÓN DE LAS CONTRATACIONES DEL ESTADO III,170,18,2.3. 2  9. 1  1,LOCACION DE SERVICIOS REALIZADOS POR PERSONAS NATURALES RELACIONADAS AL ROL DE LA ENTIDAD,18000.0,Compromiso
2026,1028,1,S,106,2026-01-29,10421585330,SAMAME RAMIREZ PEDRO MIGUEL,106,CONTRATO MENOR,CM,,SERVICIO DE INDAGACIÓN DE MERCADO Y ELABORACIÓN DE EXPEDIENTES DE BIENES Y SERVICIOS I,171,18,2.3. 2  9. 1  1,LOCACION DE SERVICIOS REALIZADOS POR PERSONAS NATURALES RELACIONADAS AL ROL DE LA ENTIDAD,14000.0,Compromiso
2026,1028,1,S,107,2026-01-29,10738070998,OYAGUE CASTILLO ANDREA LUCIA,106,CONTRATO MENOR,CM,,SERVICIO DE INDAGACIÓN DE MERCADO Y ELABORACIÓN DE EXPEDIENTES DE BIENES Y SERVICIOS II,172,18,2.3. 2  9. 1  1,LOCACION DE SERVICIOS REALIZADOS POR PERSONAS NATURALES RELACIONADAS AL ROL DE LA ENTIDAD,14000.0,Compromiso
2026,1028,1,S,108,2026-01-29,10476658271,CASTRO BLANCAS JOSSIMAR CRISTIAN,106,CONTRATO MENOR,CM,,SERVICIO DE REGISTRO Y RECEPCION DE BIENES EN ALMACEN I,173,18,2.3. 2  9. 1  1,LOCACION DE SERVICIOS REALIZADOS POR PERSONAS NATURALES RELACIONADAS AL ROL DE LA ENTIDAD,6000.0,Compromiso
2026,1028,1,S,109,2026-01-29,10102069680,MARRUFO LEON SAMUEL EDUARDO,106,CONTRATO MENOR,CM,,SERVICIO DE REGISTRO Y RECEPCION DE BIENES EN ALMACEN II,174,18,2.3. 2  9. 1  1,LOCACION DE SERVICIOS REALIZADOS POR PERSONAS NATURALES RELACIONADAS AL ROL DE LA ENTIDAD,6000.0,Compromiso
2026,1028,1,S,110,2026-01-29,10457953068,SOTA MURGUIA LIZ BELU XIOMARA,106,CONTRATO MENOR,CM,,SERVICIO DE SEGUIMIENTO DE DOCUMENTOS ADMINISTRATIVOS I,175,18,2.3. 2  9. 1  1,LOCACION DE SERVICIOS REALIZADOS POR PERSONAS NATURALES RELACIONADAS AL ROL DE LA ENTIDAD,12000.0,Compromiso
2026,1028,1,S,111,2026-01-29,10723234439,PORTILLA MACETA RENATO WILLIAM,106,CONTRATO MENOR,CM,,SERVICIO DE SEGUIMIENTO DE DOCUMENTOS ADMINISTRATIVOS II,176,18,2.3. 2  9. 1  1,LOCACION DE SERVICIOS REALIZADOS POR PERSONAS NATURALES RELACIONADAS AL ROL DE LA ENTIDAD,12000.0,Compromiso
2026,1028,1,S,112,2026-01-29,10415479498,PALACIOS MONTES DEYSY,106,CONTRATO MENOR,CM,,SERVICIO DE SEGUIMIENTO DE DOCUMENTOS ADMINISTRATIVOS III,177,18,2.3. 2  9. 1  1,LOCACION DE SERVICIOS REALIZADOS POR PERSONAS NATURALES RELACIONADAS AL ROL DE LA ENTIDAD,10000.0,Compromiso
2026,1028,1,S,113,2026-01-29,10736400443,MENDOZA CAMPOS GIANFRANCO,106,CONTRATO MENOR,CM,,SERVICIO ESPECIALIZADO DE ACUERDO MARCO,178,18,2.3. 2  9. 1  1,LOCACION DE SERVICIOS REALIZADOS POR PERSONAS NATURALES RELACIONADAS AL ROL DE LA ENTIDAD,14000.0,Compromiso
2026,1028,1,S,114,2026-01-29,10719429837,MATIENZO ROJAS VERONICA FIORELLA,106,CONTRATO MENOR,CM,,SERVICIO ESPECIALIZADO EN EJECUCIÓN CONTRACTUAL,179,18,2.3. 2  9. 1  1,LOCACION DE SERVICIOS REALIZADOS POR PERSONAS NATURALES RELACIONADAS AL ROL DE LA ENTIDAD,11000.0,Compromiso
2026,1028,1,S,114,2026-01-29,10719429837,MATIENZO ROJAS VERONICA FIORELLA,106,CONTRATO MENOR,CM,,SERVICIO ESPECIALIZADO EN EJECUCIÓN CONTRACTUAL,179,18,2.3. 2  9. 1  1,LOCACION DE SERVICIOS REALIZADOS POR PERSONAS NATURALES RELACIONADAS AL ROL DE LA ENTIDAD,-5500.0,Rebaja
2026,1028,1,S,115,2026-01-29,10441211134,CHAHUAYLLA TRUJILLO HILDA MARIBEL,106,CONTRATO MENOR,CM,,SERVICIO PARA EL ANALISIS DEL ESTADO SITUACIONAL DE LAS CONTRATACIONES DE BIENES Y SERVICIOS I,180,18,2.3. 2  9. 1  1,LOCACION DE SERVICIOS REALIZADOS POR PERSONAS NATURALES RELACIONADAS AL ROL DE LA ENTIDAD,15000.0,Compromiso
2026,1028,1,S,116,2026-01-29,10704175171,BENAVENTE SECLEN HILLARY EMI,106,CONTRATO MENOR,CM,,SERVICIO PARA EL ANALISIS DEL ESTADO SITUACIONAL DE LAS CONTRATACIONES DE BIENES Y SERVICIOS II,181,18,2.3. 2  9. 1  1,LOCACION DE SERVICIOS REALIZADOS POR PERSONAS NATURALES RELACIONADAS AL ROL DE LA ENTIDAD,15000.0,Compromiso
2026,1028,1,S,117,2026-01-29,10458038487,RAMOS VALLADOLID KATHERINE YSBEL,106,CONTRATO MENOR,CM,,SERVICIO PARA EL ANALISIS DEL ESTADO SITUACIONAL DE LAS CONTRATACIONES DE BIENES Y SERVICIOS III,182,18,2.3. 2  9. 1  1,LOCACION DE SERVICIOS REALIZADOS POR PERSONAS NATURALES RELACIONADAS AL ROL DE LA ENTIDAD,15000.0,Compromiso
2026,1028,1,S,118,2026-01-29,10467678057,MONTOYA SALVATIERRA ANTONY GUILLERMO,106,CONTRATO MENOR,CM,,"SERVICIO DE PLANIFICACION, PROGRAMACION DE BIENES, SERVICIOS Y GESTION PRESUPUESTAL DE LAS CONTRATAC",183,18,2.3. 2  9. 1  1,LOCACION DE SERVICIOS REALIZADOS POR PERSONAS NATURALES RELACIONADAS AL ROL DE LA ENTIDAD,15000.0,Compromiso
2026,1028,1,S,119,2026-01-29,10476656759,BURGA VARGAS DEYANIRA JASMIN,106,CONTRATO MENOR,CM,,SERVICIO DE GESTION DE PROCESOS LOGISTICOS,190,18,2.3. 2  9. 1  1,LOCACION DE SERVICIOS REALIZADOS POR PERSONAS NATURALES RELACIONADAS AL ROL DE LA ENTIDAD,16000.0,Compromiso
2026,1028,1,S,120,2026-01-29,10451710171,ESPINOZA MANRIQUE VICTOR JESUS,106,CONTRATO MENOR,CM,,"SERVICIO ESPECIALIZADO EN LOGÍSTICA, GESTIÓN ADMINISTRATIVA Y LEGAL",184,18,2.3. 2  9. 1  1,LOCACION DE SERVICIOS REALIZADOS POR PERSONAS NATURALES RELACIONADAS AL ROL DE LA ENTIDAD,22000.0,Compromiso
2026,1028,1,S,121,2026-01-29,10321338751,SILVA SENA DE GARCIA MILAGROS ORFELINDA,106,CONTRATO MENOR,CM,,SERVICIO ESPECIALIZADO EN PROCESOS LOGISTICOS I,185,18,2.3. 2  9. 1  1,LOCACION DE SERVICIOS REALIZADOS POR PERSONAS NATURALES RELACIONADAS AL ROL DE LA ENTIDAD,16000.0,Compromiso
2026,1028,1,S,122,2026-01-29,10448526530,ZELADA BAZAN JOSE LUIS,106,CONTRATO MENOR,CM,,COORDINACION EN SERVICIOS GENERALES,186,18,2.3. 2  9. 1  1,LOCACION DE SERVICIOS REALIZADOS POR PERSONAS NATURALES RELACIONADAS AL ROL DE LA ENTIDAD,-9000.0,Rebaja
2026,1028,1,S,122,2026-01-29,10448526530,ZELADA BAZAN JOSE LUIS,106,CONTRATO MENOR,CM,,COORDINACION EN SERVICIOS GENERALES,186,18,2.3. 2  9. 1  1,LOCACION DE SERVICIOS REALIZADOS POR PERSONAS NATURALES RELACIONADAS AL ROL DE LA ENTIDAD,18000.0,Compromiso
2026,1028,1,S,123,2026-01-29,20611114151,ROSAWI S.A.C.,106,CONTRATO MENOR,CM,,SERVICIO DE COFFEE BREAK SOLICITADO POR LA OFICINA DE ADMINISTRACION DE VILLA REGIONALES,187,18,2.3. 2  7.11  5,SERVICIOS DE ALIMENTACION DE CONSUMO HUMANO,10000.0,Compromiso
2026,1028,1,S,124,2026-01-29,10708563434,CORDERO ROSALES ANTHONY ANIBAL,106,CONTRATO MENOR,CM,,SERVICIO DE ORDENAMIENTO DE DOCUMENTOS DE ARCHIVO,191,18,2.3. 2  9. 1  1,LOCACION DE SERVICIOS REALIZADOS POR PERSONAS NATURALES RELACIONADAS AL ROL DE LA ENTIDAD,4000.0,Compromiso
2026,1028,1,S,125,2026-01-29,10409831660,DEXTRE SILVA GILBERTO RONALD,106,CONTRATO MENOR,CM,,SERVICIO DE SEGUIMIENTO DE DOCUMENTOS ADMINISTRATIVOS IV,192,18,2.3. 2  9. 1  1,LOCACION DE SERVICIOS REALIZADOS POR PERSONAS NATURALES RELACIONADAS AL ROL DE LA ENTIDAD,10000.0,Compromiso
2026,1028,1,S,126,2026-01-29,10255562261,RUIDIAS VENEGAS ANA MARIA,106,CONTRATO MENOR,CM,,SERVICIO DE REVISIÓN Y SEGUIMIENTO DE EXPEDIENTES RELACIONADOS A PROCEDIMIENTOS ADMINISTRATIVOS,275,18,2.3. 2  9. 1  1,LOCACION DE SERVICIOS REALIZADOS POR PERSONAS NATURALES RELACIONADAS AL ROL DE LA ENTIDAD,2000.0,Compromiso
2026,1028,1,S,127,2026-01-29,10726645260,ESPINOZA RIVERA JORGE ALFREDO,106,CONTRATO MENOR,CM,,SERVICIO DE GESTION DE PROCESOS LOGISTICOS,276,18,2.3. 2  9. 1  1,LOCACION DE SERVICIOS REALIZADOS POR PERSONAS NATURALES RELACIONADAS AL ROL DE LA ENTIDAD,16000.0,Compromiso
2026,1028,1,S,128,2026-01-29,10101182865,PALOMINO MAMANI EDGAR AUGUSTO,106,CONTRATO MENOR,CM,,SERVICIO DE ASISTENCIA TECNICA ADMINISTRATIVA,277,18,2.3. 2  9. 1  1,LOCACION DE SERVICIOS REALIZADOS POR PERSONAS NATURALES RELACIONADAS AL ROL DE LA ENTIDAD,6178.0,Compromiso
2026,1028,1,S,129,2026-01-29,10422619254,GONZALEZ VELARDE KARINA LEONOR,106,CONTRATO MENOR,CM,,SERVICIO DE ASISTENCIA EN LA ELABORACIÓN DE DOCUMENTOS ADMINISTRATIVOS PARA LA OFICINA DE RECURSOS,195,18,2.3. 2  9. 1  1,LOCACION DE SERVICIOS REALIZADOS POR PERSONAS NATURALES RELACIONADAS AL ROL DE LA ENTIDAD,6000.0,Compromiso
2026,1028,1,S,130,2026-01-29,10062321356,GARCIA PEREZ JULIO AGUSTIN,106,CONTRATO MENOR,CM,,SERVICIO DE DIGITALIZCIÓN Y ORGANIZACIÓN DE DOCUMENTACIÓN PARA LA OFICINA DE RECURSOS HUMANOS.,196,18,2.3. 2  9. 1  1,LOCACION DE SERVICIOS REALIZADOS POR PERSONAS NATURALES RELACIONADAS AL ROL DE LA ENTIDAD,6000.0,Compromiso
2026,1028,1,S,131,2026-01-29,10774234352,VEGA LOZANO DIANA ROSARIO DEL PILAR,106,CONTRATO MENOR,CM,,SERVICIO DE ASISTENCIA TECNICA ADMINISTRATIVA PARA LA EJECUTORIA COACTIVA REGIONAL.,197,18,2.3. 2  9. 1  1,LOCACION DE SERVICIOS REALIZADOS POR PERSONAS NATURALES RELACIONADAS AL ROL DE LA ENTIDAD,8000.0,Compromiso
2026,1028,1,S,132,2026-01-29,10756082880,CORSINO CANA MIGUEL ANGEL ALFREDO,106,CONTRATO MENOR,CM,,SERVICIO EN MATERIA LEGAL PARA LA MODERNIZACION DE LA GESTION PUBLICA PARA LA EJECUTORIA COACTIVA,198,18,2.3. 2  9. 1  1,LOCACION DE SERVICIOS REALIZADOS POR PERSONAS NATURALES RELACIONADAS AL ROL DE LA ENTIDAD,8000.0,Compromiso
2026,1028,1,S,133,2026-01-29,10741488367,HUAMAN LETONA LUIS JAVIER,106,CONTRATO MENOR,CM,,SERVICIO ESPECIALIZADO EN MATERIA LEGAL EN GESTION PUBLICA PARA LA EJECUTORIA COACTIVA REGIONAL.,199,18,2.3. 2  9. 1  1,LOCACION DE SERVICIOS REALIZADOS POR PERSONAS NATURALES RELACIONADAS AL ROL DE LA ENTIDAD,12000.0,Compromiso
2026,1028,1,S,134,2026-01-29,10768491327,ALCALDE MUÑOZ HENRRY LUIS,106,CONTRATO MENOR,CM,,SERVICIO ESPECIALIZADO EN GESTION PUBLICA PARA LA EJECUTORIA COACTIVA REGIONAL.,200,18,2.3. 2  9. 1  1,LOCACION DE SERVICIOS REALIZADOS POR PERSONAS NATURALES RELACIONADAS AL ROL DE LA ENTIDAD,12000.0,Compromiso
2026,1028,1,S,135,2026-01-30,10477787121,SOBRADO TRUJILLO MARY CRUZ,106,CONTRATO MENOR,CM,,SERVICIO PARA EL ANALISIS DEL ESTADO SITUACIONAL DE LAS CONTRATACIONES DE BIENES Y SERVICIOS IV,226,18,2.3. 2  9. 1  1,LOCACION DE SERVICIOS REALIZADOS POR PERSONAS NATURALES RELACIONADAS AL ROL DE LA ENTIDAD,15000.0,Compromiso
2026,1028,1,S,136,2026-01-30,10481210785,PASCUAL VARGAS JAQUELIN ESTEFANI,106,CONTRATO MENOR,CM,,SERVICIO ESPECIALIZADO EN MATERIA LEGAL,237,18,2.3. 2  9. 1  1,LOCACION DE SERVICIOS REALIZADOS POR PERSONAS NATURALES RELACIONADAS AL ROL DE LA ENTIDAD,16000.0,Compromiso
2026,1028,1,S,137,2026-01-30,10721748231,HUAMANI CHUCO LOIDA ESTHER,106,CONTRATO MENOR,CM,,SERVICIO ESPECIALIZADO EN PROCESOS LOGISTICOS IV,242,18,2.3. 2  9. 1  1,LOCACION DE SERVICIOS REALIZADOS POR PERSONAS NATURALES RELACIONADAS AL ROL DE LA ENTIDAD,16000.0,Compromiso
2026,1028,1,S,138,2026-01-30,10726741099,CASTRO ATO LUIS ANGEL,106,CONTRATO MENOR,CM,,SERVICIO ESPECIALIZADO EN PROCESOS LOGISTICOS II,227,18,2.3. 2  9. 1  1,LOCACION DE SERVICIOS REALIZADOS POR PERSONAS NATURALES RELACIONADAS AL ROL DE LA ENTIDAD,16000.0,Compromiso
2026,1028,1,S,139,2026-01-30,10419134371,VALDIVIA MUÑOZ MILTON PAUL,106,CONTRATO MENOR,CM,,SERVICIO ESPECIALIZADO EN PROCESOS LOGISTICOS III,228,18,2.3. 2  9. 1  1,LOCACION DE SERVICIOS REALIZADOS POR PERSONAS NATURALES RELACIONADAS AL ROL DE LA ENTIDAD,16000.0,Compromiso
2026,1028,1,S,140,2026-01-30,10753724708,BALLON ARCE MARIEL,106,CONTRATO MENOR,CM,,SERVICIO DE CLASIFICACION Y ORDENAMIENTO DE ARCHIVOS I,213,18,2.3. 2  9. 1  1,LOCACION DE SERVICIOS REALIZADOS POR PERSONAS NATURALES RELACIONADAS AL ROL DE LA ENTIDAD,8000.0,Compromiso
2026,1028,1,S,141,2026-01-30,10484631471,ROJAS GUILLEN JHONATHAN ALONZO,106,CONTRATO MENOR,CM,,SERVICIO DE CLASIFICACION Y ORDENAMIENTO DE ARCHIVOS II,208,18,2.3. 2  9. 1  1,LOCACION DE SERVICIOS REALIZADOS POR PERSONAS NATURALES RELACIONADAS AL ROL DE LA ENTIDAD,10600.0,Compromiso
2026,1028,1,S,142,2026-01-30,10424371039,ALMEYDA HUAPAYA DIEGO HUMBERTO,106,CONTRATO MENOR,CM,,SERVICIO DE CLASIFICACION Y ORDENAMIENTO DE ARCHIVOS III,204,18,2.3. 2  9. 1  1,LOCACION DE SERVICIOS REALIZADOS POR PERSONAS NATURALES RELACIONADAS AL ROL DE LA ENTIDAD,8000.0,Compromiso
2026,1028,1,S,143,2026-01-30,10739509331,CABALLERO PEREZ JAVIER AMMED,106,CONTRATO MENOR,CM,,SERVICIO DE CLASIFICACION Y ORDENAMIENTO DE ARCHIVOS IV,205,18,2.3. 2  9. 1  1,LOCACION DE SERVICIOS REALIZADOS POR PERSONAS NATURALES RELACIONADAS AL ROL DE LA ENTIDAD,6000.0,Compromiso
2026,1028,1,S,144,2026-01-30,10730306046,CRUZ VELEZ GUILLERMO ANTONIO,106,CONTRATO MENOR,CM,,SERVICIO DE CLASIFICACION Y ORDENAMIENTO DE ARCHIVOS V,206,18,2.3. 2  9. 1  1,LOCACION DE SERVICIOS REALIZADOS POR PERSONAS NATURALES RELACIONADAS AL ROL DE LA ENTIDAD,6000.0,Compromiso
2026,1028,1,S,145,2026-01-30,10477199645,YANAC HUIZA MIGUEL OSWALDO,106,CONTRATO MENOR,CM,,SERVICIO DE CLASIFICACION Y ORDENAMIENTO DE ARCHIVOS VI,207,18,2.3. 2  9. 1  1,LOCACION DE SERVICIOS REALIZADOS POR PERSONAS NATURALES RELACIONADAS AL ROL DE LA ENTIDAD,8100.0,Compromiso
2026,1028,1,S,146,2026-01-30,10703562162,VASCONES ROJAS CESAR POOL,106,CONTRATO MENOR,CM,,SERVICIO DE CLASIFICACION Y ORDENAMIENTO DE ARCHIVOS VII,209,18,2.3. 2  9. 1  1,LOCACION DE SERVICIOS REALIZADOS POR PERSONAS NATURALES RELACIONADAS AL ROL DE LA ENTIDAD,8000.0,Compromiso
2026,1028,1,S,147,2026-01-30,10765860097,CARAZA APONTE ALEKSEI ALEXANDRO,106,CONTRATO MENOR,CM,,"SERVICIO DE REVISION, DIGITACION Y SISTEMATIZACION DE INFORMACION  I",210,18,2.3. 2  9. 1  1,LOCACION DE SERVICIOS REALIZADOS POR PERSONAS NATURALES RELACIONADAS AL ROL DE LA ENTIDAD,10000.0,Compromiso
2026,1028,1,S,148,2026-01-30,10700087439,MENDIVES OTERO CYNTHIA MABEL,106,CONTRATO MENOR,CM,,"SERVICIO DE REVISION, DIGITACION Y SISTEMATIZACION DE INFORMACION  II",211,18,2.3. 2  9. 1  1,LOCACION DE SERVICIOS REALIZADOS POR PERSONAS NATURALES RELACIONADAS AL ROL DE LA ENTIDAD,7000.0,Compromiso
2026,1028,1,S,148,2026-01-30,10700087439,MENDIVES OTERO CYNTHIA MABEL,106,CONTRATO MENOR,CM,,"SERVICIO DE REVISION, DIGITACION Y SISTEMATIZACION DE INFORMACION  II",211,18,2.3. 2  9. 1  1,LOCACION DE SERVICIOS REALIZADOS POR PERSONAS NATURALES RELACIONADAS AL ROL DE LA ENTIDAD,-3500.0,Rebaja
2026,1028,1,S,149,2026-01-30,10725553981,SANTILLAN SANTILLAN KARLA VANESSA,106,CONTRATO MENOR,CM,,"SERVICIO DE REVISION, DIGITACION Y SISTEMATIZACION DE INFORMACION  III",212,18,2.3. 2  9. 1  1,LOCACION DE SERVICIOS REALIZADOS POR PERSONAS NATURALES RELACIONADAS AL ROL DE LA ENTIDAD,-4000.0,Rebaja
2026,1028,1,S,149,2026-01-30,10725553981,SANTILLAN SANTILLAN KARLA VANESSA,106,CONTRATO MENOR,CM,,"SERVICIO DE REVISION, DIGITACION Y SISTEMATIZACION DE INFORMACION  III",212,18,2.3. 2  9. 1  1,LOCACION DE SERVICIOS REALIZADOS POR PERSONAS NATURALES RELACIONADAS AL ROL DE LA ENTIDAD,8000.0,Compromiso
2026,1028,1,S,150,2026-01-30,10459393973,BEDREÑANA FLORES FELIX UBALDO,106,CONTRATO MENOR,CM,,"SERVICIO DE REVISION, DIGITACION Y SISTEMATIZACION DE INFORMACION  IV",214,18,2.3. 2  9. 1  1,LOCACION DE SERVICIOS REALIZADOS POR PERSONAS NATURALES RELACIONADAS AL ROL DE LA ENTIDAD,9600.0,Compromiso
2026,1028,1,S,151,2026-01-30,10080624056,OLARTE DELGADO JOSE ANTONIO,106,CONTRATO MENOR,CM,,"SERVICIO DE REVISION, DIGITACION Y SISTEMATIZACION DE INFORMACION  V",215,18,2.3. 2  9. 1  1,LOCACION DE SERVICIOS REALIZADOS POR PERSONAS NATURALES RELACIONADAS AL ROL DE LA ENTIDAD,14000.0,Compromiso
2026,1028,1,S,152,2026-01-30,10074474212,HURTADO SUAREZ LUIS GODOFREDO,106,CONTRATO MENOR,CM,,"SERVICIO DE REVISION, DIGITACION Y SISTEMATIZACION DE INFORMACION  VI",216,18,2.3. 2  9. 1  1,LOCACION DE SERVICIOS REALIZADOS POR PERSONAS NATURALES RELACIONADAS AL ROL DE LA ENTIDAD,16000.0,Compromiso
2026,1028,1,S,153,2026-01-30,10733264484,BLANCO MUÑOZ JORDAN SAMIR,106,CONTRATO MENOR,CM,,ASESORIA EN ASPECTOS JURIDICOS ADMINISTRATIVOS,217,18,2.3. 2  9. 1  1,LOCACION DE SERVICIOS REALIZADOS POR PERSONAS NATURALES RELACIONADAS AL ROL DE LA ENTIDAD,-8500.0,Rebaja
2026,1028,1,S,153,2026-01-30,10733264484,BLANCO MUÑOZ JORDAN SAMIR,106,CONTRATO MENOR,CM,,ASESORIA EN ASPECTOS JURIDICOS ADMINISTRATIVOS,217,18,2.3. 2  9. 1  1,LOCACION DE SERVICIOS REALIZADOS POR PERSONAS NATURALES RELACIONADAS AL ROL DE LA ENTIDAD,17000.0,Compromiso
2026,1028,1,S,154,2026-01-30,10475672459,LIZARBE LEZAMA THALIA LISSETTE,106,CONTRATO MENOR,CM,,SERVICIO DE COORDINACIÓN EN PROTOCOLO Y COMUNICACIÓN INTERNA,218,18,2.3. 2  9. 1  1,LOCACION DE SERVICIOS REALIZADOS POR PERSONAS NATURALES RELACIONADAS AL ROL DE LA ENTIDAD,-5000.0,Rebaja
2026,1028,1,S,154,2026-01-30,10475672459,LIZARBE LEZAMA THALIA LISSETTE,106,CONTRATO MENOR,CM,,SERVICIO DE COORDINACIÓN EN PROTOCOLO Y COMUNICACIÓN INTERNA,218,18,2.3. 2  9. 1  1,LOCACION DE SERVICIOS REALIZADOS POR PERSONAS NATURALES RELACIONADAS AL ROL DE LA ENTIDAD,10000.0,Compromiso
2026,1028,1,S,155,2026-01-30,10700362120,HUAMAN SAMANIEGO DE GUZMAN JOSSELYN MILENA,106,CONTRATO MENOR,CM,,"SERVICIO DE RECEPCION, ELABORACIÓN Y ARCHIVO DE DOCUMENTOS",219,18,2.3. 2  9. 1  1,LOCACION DE SERVICIOS REALIZADOS POR PERSONAS NATURALES RELACIONADAS AL ROL DE LA ENTIDAD,7000.0,Compromiso
2026,1028,1,S,155,2026-01-30,10700362120,HUAMAN SAMANIEGO DE GUZMAN JOSSELYN MILENA,106,CONTRATO MENOR,CM,,"SERVICIO DE RECEPCION, ELABORACIÓN Y ARCHIVO DE DOCUMENTOS",219,18,2.3. 2  9. 1  1,LOCACION DE SERVICIOS REALIZADOS POR PERSONAS NATURALES RELACIONADAS AL ROL DE LA ENTIDAD,-3500.0,Rebaja
2026,1028,1,S,156,2026-01-30,10447574956,RAMIREZ CUTTI LIZBETH,106,CONTRATO MENOR,CM,,SERVICIO ESPECIALIZADO PARA LA COORDINACION TECNICA SEGUIMIENTO DE ACTIVIDADES,220,18,2.3. 2  9. 1  1,LOCACION DE SERVICIOS REALIZADOS POR PERSONAS NATURALES RELACIONADAS AL ROL DE LA ENTIDAD,12000.0,Compromiso
2026,1028,1,S,157,2026-01-30,10480938432,SOTO SALLUCA JOSE ALEXANDER,106,CONTRATO MENOR,CM,,SERVICIO DE ASISTENCIA EN LA GESTIÓN DE CONTRATACIONES PÚBLICAS,221,18,2.3. 2  9. 1  1,LOCACION DE SERVICIOS REALIZADOS POR PERSONAS NATURALES RELACIONADAS AL ROL DE LA ENTIDAD,-6000.0,Rebaja
2026,1028,1,S,157,2026-01-30,10480938432,SOTO SALLUCA JOSE ALEXANDER,106,CONTRATO MENOR,CM,,SERVICIO DE ASISTENCIA EN LA GESTIÓN DE CONTRATACIONES PÚBLICAS,221,18,2.3. 2  9. 1  1,LOCACION DE SERVICIOS REALIZADOS POR PERSONAS NATURALES RELACIONADAS AL ROL DE LA ENTIDAD,12000.0,Compromiso
2026,1028,1,S,158,2026-01-30,10421370554,VERGARAY LEON CARLOS ALBERTO,106,CONTRATO MENOR,CM,,"SERVICIO DE REVISIÓN, ELABORACIÓN Y MONITOREO DE CONTRATACIONES DE BIENES Y SERVICIOS",229,18,2.3. 2  9. 1  1,LOCACION DE SERVICIOS REALIZADOS POR PERSONAS NATURALES RELACIONADAS AL ROL DE LA ENTIDAD,-6000.0,Rebaja
2026,1028,1,S,158,2026-01-30,10421370554,VERGARAY LEON CARLOS ALBERTO,106,CONTRATO MENOR,CM,,"SERVICIO DE REVISIÓN, ELABORACIÓN Y MONITOREO DE CONTRATACIONES DE BIENES Y SERVICIOS",229,18,2.3. 2  9. 1  1,LOCACION DE SERVICIOS REALIZADOS POR PERSONAS NATURALES RELACIONADAS AL ROL DE LA ENTIDAD,12000.0,Compromiso
2026,1028,1,S,159,2026-01-30,10745296870,DOMINGUEZ MORILLO EMILSEN,106,CONTRATO MENOR,CM,,"SERVICIO DE ASISTENCIA TÉCNICA ADMINISTRATIVA - LOGÍSTICA EN LA REVISIÓN, SEGUIMIENTO, REGISTRO Y AC",222,18,2.3. 2  9. 1  1,LOCACION DE SERVICIOS REALIZADOS POR PERSONAS NATURALES RELACIONADAS AL ROL DE LA ENTIDAD,-5500.0,Rebaja
2026,1028,1,S,159,2026-01-30,10745296870,DOMINGUEZ MORILLO EMILSEN,106,CONTRATO MENOR,CM,,"SERVICIO DE ASISTENCIA TÉCNICA ADMINISTRATIVA - LOGÍSTICA EN LA REVISIÓN, SEGUIMIENTO, REGISTRO Y AC",222,18,2.3. 2  9. 1  1,LOCACION DE SERVICIOS REALIZADOS POR PERSONAS NATURALES RELACIONADAS AL ROL DE LA ENTIDAD,11000.0,Compromiso
2026,1028,1,S,160,2026-01-30,10732169089,OLARTE CASSANI SUSAN D'JANNIRA LUZMILA,106,CONTRATO MENOR,CM,,SERVICIO DE ELABORACION Y SEGUIMIENTO DE DOCUMENTOS ADMINISTRATIVOS,225,18,2.3. 2  9. 1  1,LOCACION DE SERVICIOS REALIZADOS POR PERSONAS NATURALES RELACIONADAS AL ROL DE LA ENTIDAD,-5000.0,Rebaja
2026,1028,1,S,160,2026-01-30,10732169089,OLARTE CASSANI SUSAN D'JANNIRA LUZMILA,106,CONTRATO MENOR,CM,,SERVICIO DE ELABORACION Y SEGUIMIENTO DE DOCUMENTOS ADMINISTRATIVOS,225,18,2.3. 2  9. 1  1,LOCACION DE SERVICIOS REALIZADOS POR PERSONAS NATURALES RELACIONADAS AL ROL DE LA ENTIDAD,10000.0,Compromiso
2026,1028,1,S,161,2026-01-30,10463420225,PEREZ CASTRO ADA DEL ROCIO,106,CONTRATO MENOR,CM,,SERVICIO DE COORDINACIÓN Y SUPERVISION DE LAS CONTRATACIONES Y PAGOS DE BIENES Y SERVICIOS,223,18,2.3. 2  9. 1  1,LOCACION DE SERVICIOS REALIZADOS POR PERSONAS NATURALES RELACIONADAS AL ROL DE LA ENTIDAD,-6000.0,Rebaja
2026,1028,1,S,161,2026-01-30,10463420225,PEREZ CASTRO ADA DEL ROCIO,106,CONTRATO MENOR,CM,,SERVICIO DE COORDINACIÓN Y SUPERVISION DE LAS CONTRATACIONES Y PAGOS DE BIENES Y SERVICIOS,223,18,2.3. 2  9. 1  1,LOCACION DE SERVICIOS REALIZADOS POR PERSONAS NATURALES RELACIONADAS AL ROL DE LA ENTIDAD,12000.0,Compromiso
2026,1028,1,S,162,2026-01-30,10469365901,SUAZO CALLUPE JUSSANA LUCIA,106,CONTRATO MENOR,CM,,SERVICIO DE AUXILIAR ADMINISTRATIVOS,224,18,2.3. 2  9. 1  1,LOCACION DE SERVICIOS REALIZADOS POR PERSONAS NATURALES RELACIONADAS AL ROL DE LA ENTIDAD,-4500.0,Rebaja
2026,1028,1,S,162,2026-01-30,10469365901,SUAZO CALLUPE JUSSANA LUCIA,106,CONTRATO MENOR,CM,,SERVICIO DE AUXILIAR ADMINISTRATIVOS,224,18,2.3. 2  9. 1  1,LOCACION DE SERVICIOS REALIZADOS POR PERSONAS NATURALES RELACIONADAS AL ROL DE LA ENTIDAD,9000.0,Compromiso
2026,1028,1,S,163,2026-01-30,10458116895,TORRES SANTA CRUZ DEYSI,106,CONTRATO MENOR,CM,,SERVICIO ESPECIALIZADO EN CONTROL PREVIO Y REVISION I,278,18,2.3. 2  9. 1  1,LOCACION DE SERVICIOS REALIZADOS POR PERSONAS NATURALES RELACIONADAS AL ROL DE LA ENTIDAD,10000.0,Compromiso
2026,1028,1,S,163,2026-01-30,10458116895,TORRES SANTA CRUZ DEYSI,106,CONTRATO MENOR,CM,,SERVICIO ESPECIALIZADO EN CONTROL PREVIO Y REVISION I,278,18,2.3. 2  9. 1  1,LOCACION DE SERVICIOS REALIZADOS POR PERSONAS NATURALES RELACIONADAS AL ROL DE LA ENTIDAD,-5000.0,Rebaja
2026,1028,1,S,164,2026-01-30,10730997855,RODRIGUEZ TORRES SHERYL DAYANE,106,CONTRATO MENOR,CM,,SERVICIO ESPECIALIZADO EN CONTROL PREVIO Y REVISION II,279,18,2.3. 2  9. 1  1,LOCACION DE SERVICIOS REALIZADOS POR PERSONAS NATURALES RELACIONADAS AL ROL DE LA ENTIDAD,-6000.0,Rebaja
2026,1028,1,S,164,2026-01-30,10730997855,RODRIGUEZ TORRES SHERYL DAYANE,106,CONTRATO MENOR,CM,,SERVICIO ESPECIALIZADO EN CONTROL PREVIO Y REVISION II,279,18,2.3. 2  9. 1  1,LOCACION DE SERVICIOS REALIZADOS POR PERSONAS NATURALES RELACIONADAS AL ROL DE LA ENTIDAD,12000.0,Compromiso
2026,1028,1,S,165,2026-01-30,10430533831,CHIPAO PUMACAYO KELVIN FELIX,106,CONTRATO MENOR,CM,,SERVICIO ESPECIALIZADO DE CONTROL INTERNO,280,18,2.3. 2  9. 1  1,LOCACION DE SERVICIOS REALIZADOS POR PERSONAS NATURALES RELACIONADAS AL ROL DE LA ENTIDAD,-6000.0,Rebaja
2026,1028,1,S,165,2026-01-30,10430533831,CHIPAO PUMACAYO KELVIN FELIX,106,CONTRATO MENOR,CM,,SERVICIO ESPECIALIZADO DE CONTROL INTERNO,280,18,2.3. 2  9. 1  1,LOCACION DE SERVICIOS REALIZADOS POR PERSONAS NATURALES RELACIONADAS AL ROL DE LA ENTIDAD,12000.0,Compromiso
2026,1028,1,S,166,2026-01-30,10703509946,VALLADARES MARTINEZ ROGER GUSTAVO,106,CONTRATO MENOR,CM,,SERVICIO DE COORDINADOR PARA EL SEGUIMIENTO DE ACTIVIDADES ESTRATEGICAS,281,18,2.3. 2  9. 1  1,LOCACION DE SERVICIOS REALIZADOS POR PERSONAS NATURALES RELACIONADAS AL ROL DE LA ENTIDAD,-10000.0,Rebaja
2026,1028,1,S,166,2026-01-30,10703509946,VALLADARES MARTINEZ ROGER GUSTAVO,106,CONTRATO MENOR,CM,,SERVICIO DE COORDINADOR PARA EL SEGUIMIENTO DE ACTIVIDADES ESTRATEGICAS,281,18,2.3. 2  9. 1  1,LOCACION DE SERVICIOS REALIZADOS POR PERSONAS NATURALES RELACIONADAS AL ROL DE LA ENTIDAD,20000.0,Compromiso
2026,1028,1,S,167,2026-01-30,10465383904,CHIRITO QUIROZ CARLA MARIA,106,CONTRATO MENOR,CM,,SERVICIO ESPECIALIZADO EN REVISIÓN DE EXPEDIENTES DE PAGO I,231,18,2.3. 2  9. 1  1,LOCACION DE SERVICIOS REALIZADOS POR PERSONAS NATURALES RELACIONADAS AL ROL DE LA ENTIDAD,14000.0,Compromiso
2026,1028,1,S,167,2026-01-30,10465383904,CHIRITO QUIROZ CARLA MARIA,106,CONTRATO MENOR,CM,,SERVICIO ESPECIALIZADO EN REVISIÓN DE EXPEDIENTES DE PAGO I,231,18,2.3. 2  9. 1  1,LOCACION DE SERVICIOS REALIZADOS POR PERSONAS NATURALES RELACIONADAS AL ROL DE LA ENTIDAD,-7000.0,Rebaja
2026,1028,1,S,168,2026-01-30,10763397403,TRUJILLO PABLO YAMIL,106,CONTRATO MENOR,CM,,SERVICIO ESPECIALIZADO EN REVISIÓN DE EXPEDIENTES DE PAGO II,232,18,2.3. 2  9. 1  1,LOCACION DE SERVICIOS REALIZADOS POR PERSONAS NATURALES RELACIONADAS AL ROL DE LA ENTIDAD,14000.0,Compromiso
2026,1028,1,S,168,2026-01-30,10763397403,TRUJILLO PABLO YAMIL,106,CONTRATO MENOR,CM,,SERVICIO ESPECIALIZADO EN REVISIÓN DE EXPEDIENTES DE PAGO II,232,18,2.3. 2  9. 1  1,LOCACION DE SERVICIOS REALIZADOS POR PERSONAS NATURALES RELACIONADAS AL ROL DE LA ENTIDAD,-7000.0,Rebaja
2026,1028,1,S,169,2026-01-30,10483120988,DE LA CRUZ FLORES KELLY YESSENIA,106,CONTRATO MENOR,CM,,SERVICIO DE REVISIÓN Y ATENCIÓN DE EXPEDIENTES ADMINISTRATIVOS I,233,18,2.3. 2  9. 1  1,LOCACION DE SERVICIOS REALIZADOS POR PERSONAS NATURALES RELACIONADAS AL ROL DE LA ENTIDAD,13000.0,Compromiso
2026,1028,1,S,169,2026-01-30,10483120988,DE LA CRUZ FLORES KELLY YESSENIA,106,CONTRATO MENOR,CM,,SERVICIO DE REVISIÓN Y ATENCIÓN DE EXPEDIENTES ADMINISTRATIVOS I,233,18,2.3. 2  9. 1  1,LOCACION DE SERVICIOS REALIZADOS POR PERSONAS NATURALES RELACIONADAS AL ROL DE LA ENTIDAD,-6500.0,Rebaja
2026,1028,1,S,170,2026-01-30,10728621481,CARRASCO PUENTE BEATRIZ ELEANA,106,CONTRATO MENOR,CM,,SERVICIO DE REVISIÓN Y ATENCIÓN DE EXPEDIENTES ADMINISTRATIVOS II,234,18,2.3. 2  9. 1  1,LOCACION DE SERVICIOS REALIZADOS POR PERSONAS NATURALES RELACIONADAS AL ROL DE LA ENTIDAD,-5000.0,Rebaja
2026,1028,1,S,170,2026-01-30,10728621481,CARRASCO PUENTE BEATRIZ ELEANA,106,CONTRATO MENOR,CM,,SERVICIO DE REVISIÓN Y ATENCIÓN DE EXPEDIENTES ADMINISTRATIVOS II,234,18,2.3. 2  9. 1  1,LOCACION DE SERVICIOS REALIZADOS POR PERSONAS NATURALES RELACIONADAS AL ROL DE LA ENTIDAD,10000.0,Compromiso
2026,1028,1,S,171,2026-01-30,10725489345,CARPIO CASTRO JOSE MARIA,106,CONTRATO MENOR,CM,,SERVICIO DE REVISIÓN Y ATENCIÓN DE EXPEDIENTES ADMINISTRATIVOS III,235,18,2.3. 2  9. 1  1,LOCACION DE SERVICIOS REALIZADOS POR PERSONAS NATURALES RELACIONADAS AL ROL DE LA ENTIDAD,-4000.0,Rebaja
2026,1028,1,S,171,2026-01-30,10725489345,CARPIO CASTRO JOSE MARIA,106,CONTRATO MENOR,CM,,SERVICIO DE REVISIÓN Y ATENCIÓN DE EXPEDIENTES ADMINISTRATIVOS III,235,18,2.3. 2  9. 1  1,LOCACION DE SERVICIOS REALIZADOS POR PERSONAS NATURALES RELACIONADAS AL ROL DE LA ENTIDAD,8000.0,Compromiso
2026,1028,1,S,172,2026-01-30,10445436904,BARRIENTOS CAYTUIRO MIGUEL ANGEL,106,CONTRATO MENOR,CM,,SERVICIO DE ANÁLISIS DE INFORMACIÓN CONTABLE Y FINANCIERA I,236,18,2.3. 2  9. 1  1,LOCACION DE SERVICIOS REALIZADOS POR PERSONAS NATURALES RELACIONADAS AL ROL DE LA ENTIDAD,14000.0,Compromiso
2026,1028,1,S,173,2026-01-30,10457662403,FARROÑAY FIESTAS BLANCA SARITA,106,CONTRATO MENOR,CM,,SERVICIO DE ANÁLISIS DE INFORMACIÓN CONTABLE Y FINANCIERA II,238,18,2.3. 2  9. 1  1,LOCACION DE SERVICIOS REALIZADOS POR PERSONAS NATURALES RELACIONADAS AL ROL DE LA ENTIDAD,-7000.0,Rebaja
2026,1028,1,S,173,2026-01-30,10457662403,FARROÑAY FIESTAS BLANCA SARITA,106,CONTRATO MENOR,CM,,SERVICIO DE ANÁLISIS DE INFORMACIÓN CONTABLE Y FINANCIERA II,238,18,2.3. 2  9. 1  1,LOCACION DE SERVICIOS REALIZADOS POR PERSONAS NATURALES RELACIONADAS AL ROL DE LA ENTIDAD,14000.0,Compromiso
2026,1028,1,S,174,2026-01-30,10449750972,PEREYRA ACOSTA SONALY LIZETH,106,CONTRATO MENOR,CM,,SERVICIO ESPECIALIZADO DE INTEGRADOR CONTABLE I,239,18,2.3. 2  9. 1  1,LOCACION DE SERVICIOS REALIZADOS POR PERSONAS NATURALES RELACIONADAS AL ROL DE LA ENTIDAD,16000.0,Compromiso
2026,1028,1,S,175,2026-01-30,10740637351,GARCIA BUSTIOS GINA YAJAHIRA,106,CONTRATO MENOR,CM,,SERVICIO ESPECIALIZADO DE INTEGRADOR CONTABLE II,240,18,2.3. 2  9. 1  1,LOCACION DE SERVICIOS REALIZADOS POR PERSONAS NATURALES RELACIONADAS AL ROL DE LA ENTIDAD,16000.0,Compromiso
2026,1028,1,S,176,2026-01-30,10069083752,VENTURO OBREGON AIDEE VIRGINIA,106,CONTRATO MENOR,CM,,SERVICIO ESPECIALIZADO EN CONTROL PREVIO Y REVISION,241,18,2.3. 2  9. 1  1,LOCACION DE SERVICIOS REALIZADOS POR PERSONAS NATURALES RELACIONADAS AL ROL DE LA ENTIDAD,16000.0,Compromiso
2026,1028,1,S,176,2026-01-30,10069083752,VENTURO OBREGON AIDEE VIRGINIA,106,CONTRATO MENOR,CM,,SERVICIO ESPECIALIZADO EN CONTROL PREVIO Y REVISION,241,18,2.3. 2  9. 1  1,LOCACION DE SERVICIOS REALIZADOS POR PERSONAS NATURALES RELACIONADAS AL ROL DE LA ENTIDAD,-8000.0,Rebaja
2026,1028,1,S,177,2026-01-30,10738844136,MORAN BARRIONUEVO KEYLA NURITH,106,CONTRATO MENOR,CM,,"SERVICIO DE REVISIÓN, ANALISIS Y VERIFICACIÓN DE EXPEDIENTES",230,18,2.3. 2  9. 1  1,LOCACION DE SERVICIOS REALIZADOS POR PERSONAS NATURALES RELACIONADAS AL ROL DE LA ENTIDAD,14000.0,Compromiso
2026,1028,1,S,177,2026-01-30,10738844136,MORAN BARRIONUEVO KEYLA NURITH,106,CONTRATO MENOR,CM,,"SERVICIO DE REVISIÓN, ANALISIS Y VERIFICACIÓN DE EXPEDIENTES",230,18,2.3. 2  9. 1  1,LOCACION DE SERVICIOS REALIZADOS POR PERSONAS NATURALES RELACIONADAS AL ROL DE LA ENTIDAD,-7000.0,Rebaja
2026,1028,1,S,178,2026-01-30,10459415136,BUENO BASOMBRIO LUIS MIGUEL,106,CONTRATO MENOR,CM,,SERVICIO DE ASISTENCIA TECNICA ADMINISTRATIVA LEGAL EN PROCESOS CIVILES DE LA PROCURADURIA PUBLICA,282,18,2.3. 2  9. 1  1,LOCACION DE SERVICIOS REALIZADOS POR PERSONAS NATURALES RELACIONADAS AL ROL DE LA ENTIDAD,18600.0,Compromiso
2026,1028,1,S,179,2026-01-30,10714578117,ILAVE COLLAZOS WILDER IVAN,106,CONTRATO MENOR,CM,,"SERVICIO DE ASISTENCIA EN DERECHO DE IMPULSO PROCESAL EN MATERIA LABORAL, CIVIL Y PENAL DE LA PPR",283,18,2.3. 2  9. 1  1,LOCACION DE SERVICIOS REALIZADOS POR PERSONAS NATURALES RELACIONADAS AL ROL DE LA ENTIDAD,18600.0,Compromiso
2026,1028,1,S,180,2026-01-30,10736071423,ARANA PANDURO HARRY JHON,106,CONTRATO MENOR,CM,,"SERVICIO DE ASISTENCIA LEGAL EN PROCESOS CIVILES, LABORALES, CONTENCIOSOS ADMINISTRATIVOS DE LA PPR",284,18,2.3. 2  9. 1  1,LOCACION DE SERVICIOS REALIZADOS POR PERSONAS NATURALES RELACIONADAS AL ROL DE LA ENTIDAD,18600.0,Compromiso
2026,1028,1,S,181,2026-01-30,10448943394,CANCHANYA JONES BECKY KATRINA,106,CONTRATO MENOR,CM,,SERVICIO DE ORDENAMIENTO DE DOCUMENTOS DE ARCHIVO PARA LA PROCURADURIA PUBLICA REGIONAL.,285,18,2.3. 2  9. 1  1,LOCACION DE SERVICIOS REALIZADOS POR PERSONAS NATURALES RELACIONADAS AL ROL DE LA ENTIDAD,8000.0,Compromiso
2026,1028,1,S,182,2026-01-30,10726243552,CORDOVA MENDOZA MANUEL ALEJANDRO,106,CONTRATO MENOR,CM,,SERVICIO DE VERIFICACION Y CLASIFICACION DE DOCUMENTOS DE LA PROCURADURIA PUBLICA REGIONAL.,286,18,2.3. 2  9. 1  1,LOCACION DE SERVICIOS REALIZADOS POR PERSONAS NATURALES RELACIONADAS AL ROL DE LA ENTIDAD,4000.0,Compromiso
2026,1028,1,S,183,2026-01-30,10724587441,MACHACA CANCHANYA KARINA MERCEDES,106,CONTRATO MENOR,CM,,SERVICIO DE REVISION DE TRANSFERENCIA DE DOCUMENTOS AL ARCHIVO DE LA PROCURADURIA PUBLICA REGIONAL.,287,18,2.3. 2  9. 1  1,LOCACION DE SERVICIOS REALIZADOS POR PERSONAS NATURALES RELACIONADAS AL ROL DE LA ENTIDAD,11000.0,Compromiso
2026,1028,1,S,184,2026-01-30,10440914972,MANRIQUE RABINES LUIS ALBERTO,106,CONTRATO MENOR,CM,,"SERVICIO DE CLASIFICACION, REGISTRO Y DIGITALIZACION DE DOCUMENTOS  DE LA PROCURADURIA PUBLICA",288,18,2.3. 2  9. 1  1,LOCACION DE SERVICIOS REALIZADOS POR PERSONAS NATURALES RELACIONADAS AL ROL DE LA ENTIDAD,9000.0,Compromiso
2026,1028,1,S,185,2026-01-30,10741372806,MACHACA LIPE FANNY ELIZABETH,106,CONTRATO MENOR,CM,,SERVICIO DE CLASIFICACION ORDENAMIENTO E INVENTARIO DE SERIE DOCUMENTAL DE LA PROCURADURIA PUBLICA,289,18,2.3. 2  9. 1  1,LOCACION DE SERVICIOS REALIZADOS POR PERSONAS NATURALES RELACIONADAS AL ROL DE LA ENTIDAD,8300.0,Compromiso
2026,1028,1,S,186,2026-01-30,10443583802,BREIDING GOMEZ ROBERT ALEXANDER,106,CONTRATO MENOR,CM,,"SERVICIO DE SEGUIMIENTO, REGISTRO Y DESPACHO DIGITAL DE DOCUMENTOS.",290,18,2.3. 2  9. 1  1,LOCACION DE SERVICIOS REALIZADOS POR PERSONAS NATURALES RELACIONADAS AL ROL DE LA ENTIDAD,9200.0,Compromiso
2026,1028,1,S,187,2026-01-30,10747945107,PAREDES MUÑOZ ALEXANDRA BRILLITH,106,CONTRATO MENOR,CM,,SERVICIO DE CLASIFICACION Y ORDENAMIENTO DE ARCHIVOS PARA LA PPR.,291,18,2.3. 2  9. 1  1,LOCACION DE SERVICIOS REALIZADOS POR PERSONAS NATURALES RELACIONADAS AL ROL DE LA ENTIDAD,9000.0,Compromiso
2026,1028,1,S,188,2026-01-30,10449034134,YATACO CALLA EDHER JAVIER,106,CONTRATO MENOR,CM,,SERVICIO ESPECIALIZADO EN GESTION DE SERVICIOS INFORMATICOS PARA LA PPR.,292,18,2.3. 2  9. 1  1,LOCACION DE SERVICIOS REALIZADOS POR PERSONAS NATURALES RELACIONADAS AL ROL DE LA ENTIDAD,9200.0,Compromiso
2026,1028,1,S,189,2026-01-30,10450193718,GONGORA VALQUI ROSA MARBELI,106,CONTRATO MENOR,CM,,SERVICIO ESPECIALIZADOS EN ASUNTOS LEGALES ADMINISTRATIVOS DE LA PROCURADURIA PUBLICA REGIONAL .,293,18,2.3. 2  9. 1  1,LOCACION DE SERVICIOS REALIZADOS POR PERSONAS NATURALES RELACIONADAS AL ROL DE LA ENTIDAD,-18600.0,Anulado
2026,1028,1,S,189,2026-01-30,10450193718,GONGORA VALQUI ROSA MARBELI,106,CONTRATO MENOR,CM,,SERVICIO ESPECIALIZADOS EN ASUNTOS LEGALES ADMINISTRATIVOS DE LA PROCURADURIA PUBLICA REGIONAL .,293,18,2.3. 2  9. 1  1,LOCACION DE SERVICIOS REALIZADOS POR PERSONAS NATURALES RELACIONADAS AL ROL DE LA ENTIDAD,18600.0,Compromiso
2026,1028,2,S,190,2026-02-18,10086618091,VILLEGAS ALVARADO LILIAN EUSEBIA,106,CONTRATO MENOR,CM,,SERVICIO ESPECIALIZADO EN PROCESOS ADMINISTRATIVOS PARA LA COMISION DE DESARROLLO SOCIAL DEL CONSEJO,312,18,2.3. 2  9. 1  1,LOCACION DE SERVICIOS REALIZADOS POR PERSONAS NATURALES RELACIONADAS AL ROL DE LA ENTIDAD,14000.0,Compromiso
2026,1028,2,S,191,2026-02-18,10462394671,RAMOS FLORES YHONY,106,CONTRATO MENOR,CM,,SERVICIO DE ASISTENCIA TÉCNICA ADMINISTRATIVA PARA LA COMISIÓN DE ADMINISTRACION REGIONAL,313,18,2.3. 2  9. 1  1,LOCACION DE SERVICIOS REALIZADOS POR PERSONAS NATURALES RELACIONADAS AL ROL DE LA ENTIDAD,8000.0,Compromiso
2026,1028,2,S,192,2026-02-18,10429286781,ZEVALLOS MATOS CAROL GUISELLE,106,CONTRATO MENOR,CM,,SERVICIO ESPECIALIZADO EN CONTROL Y GESTIÓN DE PROCESOS OPERATIVOS ADMINISTRATIVOS PARA LA COMISIÓN,314,18,2.3. 2  9. 1  1,LOCACION DE SERVICIOS REALIZADOS POR PERSONAS NATURALES RELACIONADAS AL ROL DE LA ENTIDAD,14000.0,Compromiso
2026,1028,2,S,193,2026-02-18,10473426086,SANCHEZ PEREZ LOURDES DIANA MERCEDES,106,CONTRATO MENOR,CM,,SERVICIO ESPECIALIZADO EN GESTIÓN PÚBLICA PARA LA COMISIÓN DE ADMINISTRACION REGIONAL DEL CONSEJO,315,18,2.3. 2  9. 1  1,LOCACION DE SERVICIOS REALIZADOS POR PERSONAS NATURALES RELACIONADAS AL ROL DE LA ENTIDAD,14000.0,Compromiso
2026,1028,2,S,194,2026-02-18,10724461986,ALARCON YDROGO XIOMARA VALERIA,106,CONTRATO MENOR,CM,,SERVICIO DE AUXILIAR ADMINISTRATIVO PARA LA COMISIÓN DE ADMINISTRACION REGIONAL DEL CONSEJO REGIONAL,316,18,2.3. 2  9. 1  1,LOCACION DE SERVICIOS REALIZADOS POR PERSONAS NATURALES RELACIONADAS AL ROL DE LA ENTIDAD,7000.0,Compromiso
2026,1028,2,S,195,2026-02-18,10707562612,AZURZA JANAMPA RONALD ROMARIO,106,CONTRATO MENOR,CM,,SERVICIO DE ORGANIZACIÓN DE DOCUMENTACION DE ARCHIVOS PARA LA COMISIÓN DE ADMINISTRACION REGIONAL,317,18,2.3. 2  9. 1  1,LOCACION DE SERVICIOS REALIZADOS POR PERSONAS NATURALES RELACIONADAS AL ROL DE LA ENTIDAD,7000.0,Compromiso
2026,1028,2,S,196,2026-02-18,10732461740,GUERRERO ALARCON DIEGO ANGEL,106,CONTRATO MENOR,CM,,SERVICIOS ESPECIALIZADOS EN MEDIO AMBIENTE PARA LA COMISION DE INFRAESTRUCTURA DEL CONSEJO REGIONAL,318,18,2.3. 2  9. 1  1,LOCACION DE SERVICIOS REALIZADOS POR PERSONAS NATURALES RELACIONADAS AL ROL DE LA ENTIDAD,14000.0,Compromiso
2026,1028,2,S,197,2026-02-18,10713285914,LLERENA VILLACREZ DERIAN MANUEL,106,CONTRATO MENOR,CM,,SERVICIO ESPECIALIZADO EN INGENIERIA CIVIL PARA LA COMISION DE INFRAESTRUCTURA DEL CONSEJO REGIONAL,319,18,2.3. 2  9. 1  1,LOCACION DE SERVICIOS REALIZADOS POR PERSONAS NATURALES RELACIONADAS AL ROL DE LA ENTIDAD,14000.0,Compromiso
2026,1028,2,S,198,2026-02-18,10806504519,PAIVA SILVA KELY,106,CONTRATO MENOR,CM,,SERVICIO DE SEGUIMIENTO Y ASISTENCIA DE ACTIVIDADES ADMINISTRATIVAS PARA LA COMISION DE INFRAESTRUCT,320,18,2.3. 2  9. 1  1,LOCACION DE SERVICIOS REALIZADOS POR PERSONAS NATURALES RELACIONADAS AL ROL DE LA ENTIDAD,6000.0,Compromiso
2026,1028,2,S,199,2026-02-18,10741283102,GUERRERO CHINCHAY ELENA NICOLE,106,CONTRATO MENOR,CM,,SERVICIO DE AUXILIAR ADMINISTRATIVO PARA LA COMISION DE INFRAESTRUCTURA DEL CONSEJO REGIONAL,321,18,2.3. 2  9. 1  1,LOCACION DE SERVICIOS REALIZADOS POR PERSONAS NATURALES RELACIONADAS AL ROL DE LA ENTIDAD,7000.0,Compromiso
2026,1028,2,S,200,2026-02-18,10430947279,NEIRA GOLAC WILLIAM ABEL,106,CONTRATO MENOR,CM,,"SERVICIO DE RECEPCION, ELABORACION Y ARCHIVO DE DOCUMENTOS PARA LA COMISION DE INFRAESTRUCTURA",322,18,2.3. 2  9. 1  1,LOCACION DE SERVICIOS REALIZADOS POR PERSONAS NATURALES RELACIONADAS AL ROL DE LA ENTIDAD,9000.0,Compromiso
2026,1028,2,S,201,2026-02-18,10466377631,QUISPE CUBA JENNIFER MARGOTH,106,CONTRATO MENOR,CM,,SERVICIO DE ASISTENCIA TECNICA ADMINISTRATIVA PARA LA COMISION DE RECURSOS NATURALES DEL CONSEJO,323,18,2.3. 2  9. 1  1,LOCACION DE SERVICIOS REALIZADOS POR PERSONAS NATURALES RELACIONADAS AL ROL DE LA ENTIDAD,5000.0,Compromiso
2026,1028,2,S,202,2026-02-18,10478988686,BERROCAL CCALLASACA JUAN IGNASIO,106,CONTRATO MENOR,CM,,SERVICIO ESPECIALIZADO EN INGENIERIA AMBIENTAL PARA LA COMISION DE RECURSOS NATURALES DEL CONSEJO,324,18,2.3. 2  9. 1  1,LOCACION DE SERVICIOS REALIZADOS POR PERSONAS NATURALES RELACIONADAS AL ROL DE LA ENTIDAD,12000.0,Compromiso
2026,1028,2,S,203,2026-02-18,10256360581,ESPINOZA MUÑANTE CARLOS ANTONIO,106,CONTRATO MENOR,CM,,SERVICI ODE COORDINACION DE PROCESOS OPERATIVOS EN LA GESTION ADMINISTRATIVA PARA LA COMISION,325,18,2.3. 2  9. 1  1,LOCACION DE SERVICIOS REALIZADOS POR PERSONAS NATURALES RELACIONADAS AL ROL DE LA ENTIDAD,12000.0,Compromiso
2026,1028,2,S,204,2026-02-18,10704407446,OBREGON MORA MERCEDES BEATRIZ,106,CONTRATO MENOR,CM,,SERVICIO DE ASISTENCIA TECNICA Y MONITOREO DE ACTIVIDADES EN GESTION PARA LA COMISION DE RECURSOS NA,326,18,2.3. 2  9. 1  1,LOCACION DE SERVICIOS REALIZADOS POR PERSONAS NATURALES RELACIONADAS AL ROL DE LA ENTIDAD,12000.0,Compromiso
2026,1028,2,S,205,2026-02-18,10400326423,NORABUENA HEREDIA LUIS ALBERTO,106,CONTRATO MENOR,CM,,SERVICIO DE ASISTENCIA TECNICA LEGAL PARA LA COMISION DE RECURSOS NATURALES DEL CONSEJO REGIONAL,327,18,2.3. 2  9. 1  1,LOCACION DE SERVICIOS REALIZADOS POR PERSONAS NATURALES RELACIONADAS AL ROL DE LA ENTIDAD,9000.0,Compromiso
2026,1028,2,S,206,2026-02-18,10419741430,CAYA SALAZAR LUIS MIGUEL,106,CONTRATO MENOR,CM,,"SERVICIO ESPECIALIZADO EN TEMAS DE DERECHO PARA LA COMISION DE DEFENSA NACIONAL,  DEFENSA CIVIL",328,18,2.3. 2  9. 1  1,LOCACION DE SERVICIOS REALIZADOS POR PERSONAS NATURALES RELACIONADAS AL ROL DE LA ENTIDAD,14000.0,Compromiso
2026,1028,2,S,207,2026-02-18,10085124311,CORTEZ HEREDIA LILI CARLOTA,106,CONTRATO MENOR,CM,,"SERVICIO ESPECIALIZADO EN GESTIÓN DE PROCESOS ADMINISTRATIVOS  PARA LA COMISION DE DEFENSA NACIONAL,",329,18,2.3. 2  9. 1  1,LOCACION DE SERVICIOS REALIZADOS POR PERSONAS NATURALES RELACIONADAS AL ROL DE LA ENTIDAD,14000.0,Compromiso
2026,1028,2,S,208,2026-02-18,10433840629,CASTILLO OJEDA JOSE LUIS,106,CONTRATO MENOR,CM,,SERVICIO ESPECIALIZADO EN TEMAS DE SEGURIDAD CIUDADANA  PARA LA COMISION DE DEFENSA NACIONAL,330,18,2.3. 2  9. 1  1,LOCACION DE SERVICIOS REALIZADOS POR PERSONAS NATURALES RELACIONADAS AL ROL DE LA ENTIDAD,14000.0,Compromiso
2026,1028,2,S,209,2026-02-18,10432962259,CASTILLO ALATRISTA PAUL IVAN,106,CONTRATO MENOR,CM,,SERVICIO DE EJECUCIÓN Y MONITOREO DE LA GESTION ADMINISTRATIVA  PARA LA COMISION DE DEFENSA NACIONAL,331,18,2.3. 2  9. 1  1,LOCACION DE SERVICIOS REALIZADOS POR PERSONAS NATURALES RELACIONADAS AL ROL DE LA ENTIDAD,8000.0,Compromiso
2026,1028,2,S,210,2026-02-18,10062158323,AURAZO PEREZ EDILMAR,106,CONTRATO MENOR,CM,,"SERVICIO ESPECIALIZADO EN MATERIA LEGAL PARA LA COMISIÓN DE SALUD, TRANSPORTES Y COMUNICACIONES",332,18,2.3. 2  9. 1  1,LOCACION DE SERVICIOS REALIZADOS POR PERSONAS NATURALES RELACIONADAS AL ROL DE LA ENTIDAD,13000.0,Compromiso
2026,1028,2,S,211,2026-02-18,10725718271,AVILA GUIMA RICARDO MAZAKI,106,CONTRATO MENOR,CM,,"SERVICIO DE ASISTENCIA LEGAL EN PROCESOS ADMINISTRATIVOS PARA LA COMISIÓN DE SALUD, TRANSPORTES",333,18,2.3. 2  9. 1  1,LOCACION DE SERVICIOS REALIZADOS POR PERSONAS NATURALES RELACIONADAS AL ROL DE LA ENTIDAD,11000.0,Compromiso
2026,1028,2,S,212,2026-02-18,10210153719,PARIONA GALINDO FEDERICO,106,CONTRATO MENOR,CM,,"SERVICIO ESPECIALIZADO EN GESTIÓN PÚBLICA PARA LA COMISIÓN DE SALUD, TRANSPORTES Y COMUNICACIONES",334,18,2.3. 2  9. 1  1,LOCACION DE SERVICIOS REALIZADOS POR PERSONAS NATURALES RELACIONADAS AL ROL DE LA ENTIDAD,14000.0,Compromiso
2026,1028,2,S,213,2026-02-18,10473385223,DAVILA ROQUE RAFAEL,106,CONTRATO MENOR,CM,,"SERVICIO DE ASISTENCIA TECNICA LEGAL EN DOCUMENTOS DE GESTION PARA LA COMISIÓN DE SALUD, TRANSPORTES",335,18,2.3. 2  9. 1  1,LOCACION DE SERVICIOS REALIZADOS POR PERSONAS NATURALES RELACIONADAS AL ROL DE LA ENTIDAD,12000.0,Compromiso
2026,1028,2,S,214,2026-02-18,10108345727,ZUÑIGA MORALES PATRICIA MARLENE,106,CONTRATO MENOR,CM,,SERVICIO ESPECIALIZADO EN CONTROL Y GESTION DE PROCESOS OPERATIVOS ADMINISTRATIVOS PARA LA COMISION,308,18,2.3. 2  9. 1  1,LOCACION DE SERVICIOS REALIZADOS POR PERSONAS NATURALES RELACIONADAS AL ROL DE LA ENTIDAD,16000.0,Compromiso
2026,1028,2,S,215,2026-02-18,10257754770,GARAY BRAVO LILIAN,106,CONTRATO MENOR,CM,,SERVICIO DE AUXILIAR ADMINISTRATIVO PARA LA COMISION DE DESARROLLO SOCIAL DEL CONSEJO REGIONAL,309,18,2.3. 2  9. 1  1,LOCACION DE SERVICIOS REALIZADOS POR PERSONAS NATURALES RELACIONADAS AL ROL DE LA ENTIDAD,6000.0,Compromiso
2026,1028,2,S,216,2026-02-18,10458770021,MAGUIÑO CASAPINO RUTH ABIGAIL,106,CONTRATO MENOR,CM,,"SERVICIO DE RECEPCION, REGISTRO Y ORGANIZACIÓN DE DOCUMENTOS PARA LA COMISION DE DESARROLLO",310,18,2.3. 2  9. 1  1,LOCACION DE SERVICIOS REALIZADOS POR PERSONAS NATURALES RELACIONADAS AL ROL DE LA ENTIDAD,6000.0,Compromiso
2026,1028,2,S,217,2026-02-18,10708005393,COELLO RUEDA ANTHONY JEAN PIERRE,106,CONTRATO MENOR,CM,,SERVICIO DE COORDINACION DE ACTIVIDADES DE GESTION SOCIAL PARA LA COMISION DE DESARROLLO SOCIAL,307,18,2.3. 2  9. 1  1,LOCACION DE SERVICIOS REALIZADOS POR PERSONAS NATURALES RELACIONADAS AL ROL DE LA ENTIDAD,8000.0,Compromiso
2026,1028,2,S,218,2026-02-18,10429778196,GONZALES AVALOS SANDRA URSULA,106,CONTRATO MENOR,CM,,SERVICIO ESPECIALIZADO EN TEMAS DE PRESUPUESTO.,306,18,2.3. 2  9. 1  1,LOCACION DE SERVICIOS REALIZADOS POR PERSONAS NATURALES RELACIONADAS AL ROL DE LA ENTIDAD,14000.0,Compromiso
2026,1028,2,S,219,2026-02-18,10729657692,HERRERA CONTRERAS ANGELY XIOMARA MILAGROS,106,CONTRATO MENOR,CM,,SERVICIO DE ASISTENCIA TECNICA ADMINISTRATIVA.,305,18,2.3. 2  9. 1  1,LOCACION DE SERVICIOS REALIZADOS POR PERSONAS NATURALES RELACIONADAS AL ROL DE LA ENTIDAD,7600.0,Compromiso
2026,1028,2,S,220,2026-02-18,10417532906,OBREGON SILVA CECILIA MARCELA,106,CONTRATO MENOR,CM,,SERVICIO ESPECIALIZADO EN ADMINISTRACIÓN PÚBLICA.,304,18,2.3. 2  9. 1  1,LOCACION DE SERVICIOS REALIZADOS POR PERSONAS NATURALES RELACIONADAS AL ROL DE LA ENTIDAD,12000.0,Compromiso
2026,1028,2,S,221,2026-02-18,10484418182,PEREZ VELASQUEZ MARINA,106,CONTRATO MENOR,CM,,SERVICIO DE ANALISIS ADMINISTRATIVO.,303,18,2.3. 2  9. 1  1,LOCACION DE SERVICIOS REALIZADOS POR PERSONAS NATURALES RELACIONADAS AL ROL DE LA ENTIDAD,7600.0,Compromiso
2026,1028,2,S,222,2026-02-18,10255437921,GONZALES MELENDEZ BEATRIZ MARINA,106,CONTRATO MENOR,CM,,SERVICIO DE AUXILIAR ADMINISTRATIVO.,302,18,2.3. 2  9. 1  1,LOCACION DE SERVICIOS REALIZADOS POR PERSONAS NATURALES RELACIONADAS AL ROL DE LA ENTIDAD,6000.0,Compromiso
2026,1028,2,S,223,2026-02-18,10715306242,GONZALES TUANAMA GREYS,106,CONTRATO MENOR,CM,,SERVICIO DE ASISTENCIA ADMINISTRATIVA PARA EL SISTEMA DE GESTIÓN DOCUMENTAL CON EXPEDIENTE Y FIRMA D,301,18,2.3. 2  9. 1  1,LOCACION DE SERVICIOS REALIZADOS POR PERSONAS NATURALES RELACIONADAS AL ROL DE LA ENTIDAD,7600.0,Compromiso
2026,1028,2,S,224,2026-02-18,10712274030,ZAVALA JIMÉNEZ LOANA NOEMI,106,CONTRATO MENOR,CM,,SERVICIO DE ASISTENCIA ADMINISTRATIVA PARA EL SISTEMA DE GESTIÓN DOCUMENTAL CON EXPEDIENTE Y FIRMA D,300,18,2.3. 2  9. 1  1,LOCACION DE SERVICIOS REALIZADOS POR PERSONAS NATURALES RELACIONADAS AL ROL DE LA ENTIDAD,9600.0,Compromiso
2026,1028,2,S,225,2026-02-18,10436984907,SILVA COLLAO DIEGO MAURICIO,106,CONTRATO MENOR,CM,,SERVICIO DE COORDINACIÓN EN TEMAS DE LOGÍSTICA Y PRESUPUESTO210100010885,299,18,2.3. 2  9. 1  1,LOCACION DE SERVICIOS REALIZADOS POR PERSONAS NATURALES RELACIONADAS AL ROL DE LA ENTIDAD,13000.0,Compromiso
2026,1028,2,S,226,2026-02-18,10707464793,BARRIOS TORRES MIGUEL FERNANDO,106,CONTRATO MENOR,CM,,SERVICIO ESPECIALIZADO EN ESTADÍSTICA.,298,18,2.3. 2  9. 1  1,LOCACION DE SERVICIOS REALIZADOS POR PERSONAS NATURALES RELACIONADAS AL ROL DE LA ENTIDAD,8000.0,Compromiso
2026,1028,2,S,227,2026-02-18,10461377268,NARREA LAURA FRANCISCO MANUEL,106,CONTRATO MENOR,CM,,SERVICIO ESPECIALIZADO EN MODERNIZACIÓN DE LA GESTION PÚBLICA .,297,18,2.3. 2  9. 1  1,LOCACION DE SERVICIOS REALIZADOS POR PERSONAS NATURALES RELACIONADAS AL ROL DE LA ENTIDAD,13000.0,Compromiso
2026,1028,2,S,228,2026-02-18,10449451428,ZAVALA MORA ROBERTO ANTONIO,106,CONTRATO MENOR,CM,,SERVICIO ESPECIALIZADO EN DEMARCACIÓN Y ORGANIZACIÓN TERRITORIAL.,336,18,2.3. 2  9. 1  1,LOCACION DE SERVICIOS REALIZADOS POR PERSONAS NATURALES RELACIONADAS AL ROL DE LA ENTIDAD,13400.0,Compromiso
2026,1028,2,S,229,2026-02-19,20269985900,PLUZ ENERGÌA PERÙ S.A.A.,14,ADJUDICACION SIN PROCEDIMIENTO,ASP,,CONTRATACION DEL SERVICIO BASICO DE ENERGIA ELECTRICA PARA LA OFICINA DE ADMINISTRACIÓN DE VILLAS REGIONALES DEL GOBIERNO REGIONAL DEL CALLAO.,337,0,2.3. 2  2. 1  1,SERVICIO DE SUMINISTRO DE ENERGIA ELECTRICA,362433.0,Compromiso
2026,1028,2,S,230,2026-02-19,20100152356,SERV AGUA POTAB Y ALCANT DE LIMA-SEDAPAL,14,ADJUDICACION SIN PROCEDIMIENTO,ASP,,CONTRATACION DEL SERVICIO BASICO DE AGUA POTABLE Y ALCANTARILLADO PARA LA OFICINA DE ADMINISTRACIÓN DE VILLAS REGIONALES DEL GOBIERNO REGIONAL DEL CALLAO.,338,0,2.3. 2  2. 1  2,SERVICIO DE AGUA Y DESAGUE,514865.0,Compromiso
2026,1028,2,S,231,2026-02-19,20517207331,PROTECTA S.A. COMPAÑIA DE SEGUROS,106,CONTRATO MENOR,CM,,"CONTRATACIÓN DEL SERVICIO DE SEGURO OBLIGATORIO DE ACCIDENTES DE TRÁNSITO ? ?SOAT?, PARA LA FLOTA VEHICULAR DEL GOBIERNO REGIONAL DEL CALLAO",339,18,2.3. 2  6. 3  3,SEGURO OBLIGATORIO ACCIDENTES DE TRANSITO (SOAT),5980.0,Compromiso
2026,1028,2,S,232,2026-02-19,10476420020,FRYE ESPINOZA ESTEFANI,106,CONTRATO MENOR,CM,,SERVICIO ESPECIALIZADO EN MATERIA LEGAL.,498,18,2.3. 2  9. 1  1,LOCACION DE SERVICIOS REALIZADOS POR PERSONAS NATURALES RELACIONADAS AL ROL DE LA ENTIDAD,-20000.0,Anulado
2026,1028,2,S,232,2026-02-19,10476420020,FRYE ESPINOZA ESTEFANI,106,CONTRATO MENOR,CM,,SERVICIO ESPECIALIZADO EN MATERIA LEGAL.,498,18,2.3. 2  9. 1  1,LOCACION DE SERVICIOS REALIZADOS POR PERSONAS NATURALES RELACIONADAS AL ROL DE LA ENTIDAD,20000.0,Compromiso
2026,1028,2,S,233,2026-02-19,10455152874,CASTILLO LARA MARIE ANTOINETTE LUCIANA,106,CONTRATO MENOR,CM,,SERVICIO ESPECIALIZADO EN MATERIA LEGAL EN GESTION PUBLICA.,499,18,2.3. 2  9. 1  1,LOCACION DE SERVICIOS REALIZADOS POR PERSONAS NATURALES RELACIONADAS AL ROL DE LA ENTIDAD,-18000.0,Anulado
2026,1028,2,S,233,2026-02-19,10455152874,CASTILLO LARA MARIE ANTOINETTE LUCIANA,106,CONTRATO MENOR,CM,,SERVICIO ESPECIALIZADO EN MATERIA LEGAL EN GESTION PUBLICA.,499,18,2.3. 2  9. 1  1,LOCACION DE SERVICIOS REALIZADOS POR PERSONAS NATURALES RELACIONADAS AL ROL DE LA ENTIDAD,18000.0,Compromiso
2026,1028,2,S,234,2026-02-19,10727446686,CASTILLO OLAYA XIOMARA ELIZABETH,106,CONTRATO MENOR,CM,,SERVICIO DE GESTION ADMINISTRATIVA.,500,18,2.3. 2  9. 1  1,LOCACION DE SERVICIOS REALIZADOS POR PERSONAS NATURALES RELACIONADAS AL ROL DE LA ENTIDAD,6000.0,Compromiso
2026,1028,2,S,234,2026-02-19,10727446686,CASTILLO OLAYA XIOMARA ELIZABETH,106,CONTRATO MENOR,CM,,SERVICIO DE GESTION ADMINISTRATIVA.,500,18,2.3. 2  9. 1  1,LOCACION DE SERVICIOS REALIZADOS POR PERSONAS NATURALES RELACIONADAS AL ROL DE LA ENTIDAD,-6000.0,Anulado
2026,1028,2,S,235,2026-02-19,10157641005,GRANADOS MEJIA EDWIN FAUSTINO,106,CONTRATO MENOR,CM,,SERVICIO ESPECIALIZADO DE UN GESTOR DE PROYECTOS DE INVERSION PUBLICA.,501,18,2.3. 2  9. 1  1,LOCACION DE SERVICIOS REALIZADOS POR PERSONAS NATURALES RELACIONADAS AL ROL DE LA ENTIDAD,-20000.0,Anulado
2026,1028,2,S,235,2026-02-19,10157641005,GRANADOS MEJIA EDWIN FAUSTINO,106,CONTRATO MENOR,CM,,SERVICIO ESPECIALIZADO DE UN GESTOR DE PROYECTOS DE INVERSION PUBLICA.,501,18,2.3. 2  9. 1  1,LOCACION DE SERVICIOS REALIZADOS POR PERSONAS NATURALES RELACIONADAS AL ROL DE LA ENTIDAD,20000.0,Compromiso
2026,1028,2,S,236,2026-02-20,10433342505,SABRERA CAMPOS ESPERANZA HILDAURA,106,CONTRATO MENOR,CM,,SERVICIO ESPECIALIZADO LEGAL EN PROCEDIMIENTOS ADMINISTRATIVOS..,352,18,2.3. 2  9. 1  1,LOCACION DE SERVICIOS REALIZADOS POR PERSONAS NATURALES RELACIONADAS AL ROL DE LA ENTIDAD,12000.0,Compromiso
2026,1028,2,S,237,2026-02-20,10730479307,SILVA GALVAN EDDIE JOSUE,106,CONTRATO MENOR,CM,,SERVICIO ESPECIALIZADO EN PLANEAMIENTO.,350,18,2.3. 2  9. 1  1,LOCACION DE SERVICIOS REALIZADOS POR PERSONAS NATURALES RELACIONADAS AL ROL DE LA ENTIDAD,12000.0,Compromiso
2026,1028,2,S,238,2026-02-20,10157624712,LEON ROCA RODOLFO GUILLERMO,106,CONTRATO MENOR,CM,,SERVICIO DE ASISTENCIA TÉCNICA EN GESTIÓN Y PLANIFICACIÓN.,349,18,2.3. 2  9. 1  1,LOCACION DE SERVICIOS REALIZADOS POR PERSONAS NATURALES RELACIONADAS AL ROL DE LA ENTIDAD,12000.0,Compromiso
2026,1028,2,S,239,2026-02-20,10416410521,ROJAS GUEVARA FRANCIS EDUARDO,106,CONTRATO MENOR,CM,,SERVICIO ESPECIALIZADO EN PLANIFICACIÓN.,348,18,2.3. 2  9. 1  1,LOCACION DE SERVICIOS REALIZADOS POR PERSONAS NATURALES RELACIONADAS AL ROL DE LA ENTIDAD,12000.0,Compromiso
2026,1028,2,S,240,2026-02-20,10468548467,MONTALVO CESPEDES MILAGROS DEL ROSARIO JAQUELINE,106,CONTRATO MENOR,CM,,SERVICIO DE AUXILIAR ADMINISTRATIVO..,347,18,2.3. 2  9. 1  1,LOCACION DE SERVICIOS REALIZADOS POR PERSONAS NATURALES RELACIONADAS AL ROL DE LA ENTIDAD,6000.0,Compromiso
2026,1028,2,S,241,2026-02-20,10079723628,RIOS RENGIFO RUTH EMILIA,106,CONTRATO MENOR,CM,,SERVICIO DE GESTION ADMINISTRATIVA,357,18,2.3. 2  9. 1  1,LOCACION DE SERVICIOS REALIZADOS POR PERSONAS NATURALES RELACIONADAS AL ROL DE LA ENTIDAD,7800.0,Compromiso
2026,1028,2,S,242,2026-02-20,10774707668,TELLO LLAJA MABETH CATHERIN,106,CONTRATO MENOR,CM,,"SERVICIO DE REVISION, VERIFICACION Y CONTROL PREVIO DE DOCUMENTOS DEOPERACIONES ADMINISTRATIVAS",358,18,2.3. 2  9. 1  1,LOCACION DE SERVICIOS REALIZADOS POR PERSONAS NATURALES RELACIONADAS AL ROL DE LA ENTIDAD,6600.0,Compromiso
2026,1028,2,S,243,2026-02-20,10753621275,SOTO RAFAEL PIERINA KATIUSKA,106,CONTRATO MENOR,CM,,"SERVICIO DE REVISION, VERIFICACION Y CONTROL PREVIO DE DOCUMENTOS ADMINISTRATIVOS",359,18,2.3. 2  9. 1  1,LOCACION DE SERVICIOS REALIZADOS POR PERSONAS NATURALES RELACIONADAS AL ROL DE LA ENTIDAD,6300.0,Compromiso
2026,1028,2,S,244,2026-02-20,10092246421,LAVADO SINCHE MAXIMO ANTONIO,106,CONTRATO MENOR,CM,,SERVICIO ESPECIALIZADO EN MATERIA LEGAL PARA LA COMISION DE LA MUJER DEL CONSEJO REGIONAL,353,18,2.3. 2  9. 1  1,LOCACION DE SERVICIOS REALIZADOS POR PERSONAS NATURALES RELACIONADAS AL ROL DE LA ENTIDAD,14000.0,Compromiso
2026,1028,2,S,245,2026-02-20,10401801362,RAMOS TIMOTEO SUSANA LISBET,106,CONTRATO MENOR,CM,,SERVICIO ESPECIALIZADO EN TEMAS DE DERECHO PARA LA COMISION DE LA MUJER DEL CONSEJO REGIONAL,354,18,2.3. 2  9. 1  1,LOCACION DE SERVICIOS REALIZADOS POR PERSONAS NATURALES RELACIONADAS AL ROL DE LA ENTIDAD,14000.0,Compromiso
2026,1028,2,S,246,2026-02-20,10435012995,DELLEPIANE VASQUEZ NATALIA BEATRIZ,106,CONTRATO MENOR,CM,,SERVICIO DE GESTION Y SEGUIMIENTO DE  ACTIVIDADES  ADMINISTRATIVAS PARA LA COMISION DE LA MUJER DEL,355,18,2.3. 2  9. 1  1,LOCACION DE SERVICIOS REALIZADOS POR PERSONAS NATURALES RELACIONADAS AL ROL DE LA ENTIDAD,16000.0,Compromiso
2026,1028,2,S,247,2026-02-20,10754470394,JIMENEZ MELENDEZ ALICIA KATHERINE,106,CONTRATO MENOR,CM,,SERVICIO DE SEGUIMIENTO Y ASISTENCIA DE ACTIVIDADES ADMINISTRATIVAS PARA LA COMISION DE LA MUJER DEL,356,18,2.3. 2  9. 1  1,LOCACION DE SERVICIOS REALIZADOS POR PERSONAS NATURALES RELACIONADAS AL ROL DE LA ENTIDAD,10000.0,Compromiso
2026,1028,2,S,248,2026-02-23,10099606831,PAREDES BRAVO RICARDO ARISTIDES,106,CONTRATO MENOR,CM,,SERVICIO ESPECIALIZADO EN PROYECTOS DE INVERSIÓN.,362,18,2.3. 2  9. 1  1,LOCACION DE SERVICIOS REALIZADOS POR PERSONAS NATURALES RELACIONADAS AL ROL DE LA ENTIDAD,16000.0,Compromiso
2026,1028,2,S,249,2026-02-23,10457576426,SONCO QUISPE SANDY HILDA,106,CONTRATO MENOR,CM,,SERVICIO DE GESTIÓN Y SEGUIMIENTO DE ACTIVIDADES ADMINISTRATIVAS.,361,18,2.3. 2  9. 1  1,LOCACION DE SERVICIOS REALIZADOS POR PERSONAS NATURALES RELACIONADAS AL ROL DE LA ENTIDAD,8000.0,Compromiso
2026,1028,2,S,250,2026-02-23,10627436705,FERNANDEZ ARBILDO KEVIN JESUS,106,CONTRATO MENOR,CM,,SERVICIO DE ORGANIZACION DE EVENTOS,364,18,2.3. 2  7. 9 99,OTROS RELACIONADOS A ORGANIZACION DE EVENTOS,15000.0,Compromiso
2026,1028,2,S,251,2026-02-23,10436420434,MORANTE VARGAS HILDA ELIZABETH,106,CONTRATO MENOR,CM,,SERVICIO ESPECIALIZADO EN ASUNTOS LEGALES ADMINISTRATIVOS,365,18,2.3. 2  9. 1  1,LOCACION DE SERVICIOS REALIZADOS POR PERSONAS NATURALES RELACIONADAS AL ROL DE LA ENTIDAD,4500.0,Compromiso
2026,1028,2,S,252,2026-02-23,10736220356,BUSTAMANTE SARAVIA OMAR ANTHONY,106,CONTRATO MENOR,CM,,SERVICIO ESPECIALIZADO EN CONTRATACIONES PÚBLICAS,366,18,2.3. 2  9. 1  1,LOCACION DE SERVICIOS REALIZADOS POR PERSONAS NATURALES RELACIONADAS AL ROL DE LA ENTIDAD,4500.0,Compromiso
2026,1028,2,S,253,2026-02-23,10438224608,SUAREZ SUAREZ JORGE LUIS,106,CONTRATO MENOR,CM,,"SERVICIO ESPECIALIZADO EN PROCESOS LOGISTICOS, PARA LA OFICINA DE AGRICULTURA Y PRODUCCION DE LA GERENCIA REGIONAL DE DESARROLLO ECONOMICO DEL GOBIERNO REGIONAL DEL CALLAO.",369,18,2.3. 2  9. 1  1,LOCACION DE SERVICIOS REALIZADOS POR PERSONAS NATURALES RELACIONADAS AL ROL DE LA ENTIDAD,28000.0,Compromiso
2026,1028,2,S,254,2026-02-24,10061097835,SAAVEDRA SABUCO DORA ROSA,106,CONTRATO MENOR,CM,,SERVICIO ESPECIALIZADO EN CONTROL GUBERNAMENTAL.,381,18,2.3. 2  9. 1  1,LOCACION DE SERVICIOS REALIZADOS POR PERSONAS NATURALES RELACIONADAS AL ROL DE LA ENTIDAD,13000.0,Compromiso
2026,1028,2,S,255,2026-02-24,10400293002,PALACIOS ROMERO CESAR ALBERTO,106,CONTRATO MENOR,CM,,"SERVICIO DE ANÁLISIS, CONTROL Y REVISIÓN DE LAS ACTIVIDADES ADMINISTRATIVAS.",380,18,2.3. 2  9. 1  1,LOCACION DE SERVICIOS REALIZADOS POR PERSONAS NATURALES RELACIONADAS AL ROL DE LA ENTIDAD,13000.0,Compromiso
2026,1028,2,S,256,2026-02-24,10437712463,DELGADO BURGA ROMEL,106,CONTRATO MENOR,CM,,SERVICIO DE APOYO ADMINISTRATIVO PARA ACTIVIDAD D CONTROL GUBERNAMENTAL.,379,18,2.3. 2  9. 1  1,LOCACION DE SERVICIOS REALIZADOS POR PERSONAS NATURALES RELACIONADAS AL ROL DE LA ENTIDAD,10200.0,Compromiso
2026,1028,2,S,257,2026-02-24,10056419042,ARENAS FACUNDO KARLA GUILLIANA,106,CONTRATO MENOR,CM,,SERVICIO DE ASISTENCIA DE CONTROL GUBERNAMENTAL.,378,18,2.3. 2  9. 1  1,LOCACION DE SERVICIOS REALIZADOS POR PERSONAS NATURALES RELACIONADAS AL ROL DE LA ENTIDAD,9200.0,Compromiso
2026,1028,2,S,258,2026-02-24,10428580732,HUANCA TORRES EDY ELIAS,106,CONTRATO MENOR,CM,,SERVICIO DE REGISTRO DE INFORMACIÓN EN EL SISTEMA DE CONTROL GUBERNAMENTAL.,377,18,2.3. 2  9. 1  1,LOCACION DE SERVICIOS REALIZADOS POR PERSONAS NATURALES RELACIONADAS AL ROL DE LA ENTIDAD,14000.0,Compromiso
2026,1028,2,S,259,2026-02-24,10724060752,ORTIZ HUAMAN ROMEL DANIEL,106,CONTRATO MENOR,CM,,SERVICIO DE AUDITORÍA GUBERNAMENTAL.,376,18,2.3. 2  9. 1  1,LOCACION DE SERVICIOS REALIZADOS POR PERSONAS NATURALES RELACIONADAS AL ROL DE LA ENTIDAD,13000.0,Compromiso
2026,1028,2,S,260,2026-02-24,10066996463,BELLIDO REYNA FERNANDO,106,CONTRATO MENOR,CM,,SERVICIO SERVICIO DE ASESORIA LEGAL PROFESIONAL ABOGADO PARA LA OFICINA DE MAQUINARIA PESADA DE LA GERENCIA REGIONAL DE INFRAESTRUCTURA DEL GOBIERNO REGIONAL DEL CALLAO,385,18,2.3. 2  9. 1  1,LOCACION DE SERVICIOS REALIZADOS POR PERSONAS NATURALES RELACIONADAS AL ROL DE LA ENTIDAD,11000.0,Compromiso
2026,1028,2,S,261,2026-02-24,10336631691,TORRES CABANILLAS EWUAR GEISER,106,CONTRATO MENOR,CM,,SERVICIO ESPECIALIZADO EN INGENIERIA MECANICA ELECTRICA PARA LA OFICINA DE MAQUINARIA PESADA DE LA GERENCIA REGIONAL DE INFRAESTRUCTURA DEL GOBIERNO REGIONAL DEL CALLAO.,386,18,2.3. 2  9. 1  1,LOCACION DE SERVICIOS REALIZADOS POR PERSONAS NATURALES RELACIONADAS AL ROL DE LA ENTIDAD,6000.0,Compromiso
2026,1028,2,S,262,2026-02-24,10257097256,LAVADO CANCAN NOEMI MIRTZA,106,CONTRATO MENOR,CM,,SERVICIO ESPECIALIZADO EN PROCESOS ADMINISTRATIVOS PARA LA OFICINA DE MAQUINARIA PESADA DE LA GERENCIA REGIONAL DE INFRAESTRUCTURA DEL GOBIERNO REGIONAL DEL CALLAO,387,18,2.3. 2  9. 1  1,LOCACION DE SERVICIOS REALIZADOS POR PERSONAS NATURALES RELACIONADAS AL ROL DE LA ENTIDAD,10000.0,Compromiso
2026,1028,2,S,263,2026-02-24,10460129058,GUERRA CHAMBERS LUIS ENRIQUE,106,CONTRATO MENOR,CM,,SERVICIO ESPECIALIZADO EN CONTROL PATRIMONIAL PARA LA OFICINA DE MAQUINARIA PESADA DE LA GERENCIA REGIONAL DE INFRAESTRUCTURA DEL GOBIERNO REGIONAL DEL CALLAO.,388,18,2.3. 2  9. 1  1,LOCACION DE SERVICIOS REALIZADOS POR PERSONAS NATURALES RELACIONADAS AL ROL DE LA ENTIDAD,10000.0,Compromiso
2026,1028,2,S,264,2026-02-24,10079766416,ESPINOZA REYES YERSON MIULER,106,CONTRATO MENOR,CM,,SERVICIO ADMINISTRATIVO CONTABLE PARA LA OFICINA DE MAQUINARIA PESADA DE LA GERENCIA REGIONAL DE INFRAESTRUCTURA DEL GOBIERNO REGIONAL DEL CALLAO.,389,18,2.3. 2  9. 1  1,LOCACION DE SERVICIOS REALIZADOS POR PERSONAS NATURALES RELACIONADAS AL ROL DE LA ENTIDAD,11000.0,Compromiso
2026,1028,2,S,265,2026-02-24,10099981526,RIVERA FIGUEROA JORGE ALBERTO RAMON,106,CONTRATO MENOR,CM,,SERVICIO ESPECIALIZADO EN INGENIERIA MECANICA ELECTRICA PARA LA OFICINA DE MAQUINARIA PESADA DE LA GERENCIA REGIONAL DE INFRAESTRUCTURA DEL GOBIERNO REGIONAL DEL CALLAO.,390,18,2.3. 2  9. 1  1,LOCACION DE SERVICIOS REALIZADOS POR PERSONAS NATURALES RELACIONADAS AL ROL DE LA ENTIDAD,8000.0,Compromiso
2026,1028,2,S,266,2026-02-24,10099523650,VASQUEZ NEYRA JOSE ANTONIO,106,CONTRATO MENOR,CM,,SERVICIO ESPECIALIZADO EN PROCESOS ADMINISTRATIVOS PARA LA OFICINA DE MAQUINARIA PESADA DE LA GERENCIA REGIONAL DE INFRAESTRUCTURA DEL GOBIERNO REGIONAL DEL CALLAO.,391,18,2.3. 2  9. 1  1,LOCACION DE SERVICIOS REALIZADOS POR PERSONAS NATURALES RELACIONADAS AL ROL DE LA ENTIDAD,11000.0,Compromiso
2026,1028,2,S,267,2026-02-24,10255711038,CAMPOS ORMEÑO LUIS WALBERTO,106,CONTRATO MENOR,CM,,SERVICIO DE OPERACION DE MAQUINARIA PESADA I PARA LA OFICINA DE MAQUINARIA PESADA DE LA GERENCIA REGIONAL DE INFRAESTRUCTURA DEL GOBIERNO REGIONAL DEL CALLAO.,392,18,2.3. 2  9. 1  1,LOCACION DE SERVICIOS REALIZADOS POR PERSONAS NATURALES RELACIONADAS AL ROL DE LA ENTIDAD,4000.0,Compromiso
2026,1028,2,S,268,2026-02-24,10236632003,CASTILLO FLORES ALEJANDRO,106,CONTRATO MENOR,CM,,SERVICIO DE OPERACION DE MAQUINARIA PESADA II PARA LA OFICINA DE MAQUINARIA PESADA DE LA GERENCIA REGIONAL DE INFRAESTRUCTURA DEL GOBIERNO REGIONAL DEL CALLAO.,393,18,2.3. 2  9. 1  1,LOCACION DE SERVICIOS REALIZADOS POR PERSONAS NATURALES RELACIONADAS AL ROL DE LA ENTIDAD,4000.0,Compromiso
2026,1028,2,S,269,2026-02-24,10402696341,GARCIA EGOAVIL ULISES MARIO,106,CONTRATO MENOR,CM,,SERVICIO DE OPERACION DE MAQUINARIA PESADA III PARA LA OFICINA DE MAQUINARIA PESADA DE LA GERENCIA REGIONAL DE INFRAESTRUCTURA DEL GOBIERNO REGIONAL DEL CALLAO.,394,18,2.3. 2  9. 1  1,LOCACION DE SERVICIOS REALIZADOS POR PERSONAS NATURALES RELACIONADAS AL ROL DE LA ENTIDAD,4400.0,Compromiso
2026,1028,2,S,270,2026-02-24,10094408704,PACHECO MOSCOSO ANGEL MIGUEL,106,CONTRATO MENOR,CM,,SERVICIO DE OPERACION DE MAQUINARIA PESADA ? VOLQUETE PARA LA OFICINA DE MAQUINARIA PESADA DE LA GERENCIA REGIONAL DE INFRAESTRUCTURA DELGOBIERNO REGIONAL DEL CALLAO,395,18,2.3. 2  9. 1  1,LOCACION DE SERVICIOS REALIZADOS POR PERSONAS NATURALES RELACIONADAS AL ROL DE LA ENTIDAD,4000.0,Compromiso
2026,1028,2,S,271,2026-02-24,10257028157,CUADROS CARPIO REYNALDO ROGER,106,CONTRATO MENOR,CM,,SERVICIO DE OPERACION DE MAQUINARIA PESADA - CAMION CISTERNA PARA LA OFICINA DE MAQUINARIA PESADA DE LA GERENCIA REGIONAL DE INFRAESTRUCTURA DEL GOBIERNO REGIONAL DEL CALLAO,396,18,2.3. 2  9. 1  1,LOCACION DE SERVICIOS REALIZADOS POR PERSONAS NATURALES RELACIONADAS AL ROL DE LA ENTIDAD,4000.0,Compromiso
2026,1028,2,S,272,2026-02-24,10416702735,JAUREGUI ALCARRAZ LIZANDRO,106,CONTRATO MENOR,CM,,SERVICIO DE OPERACION DE MAQUINARIA PESADA - RODILLO VIBRATORIO Y CAMION CISTERNA PARA LA OFICINA DE MAQUINARIA PESADA DE LA GERENCIA REGIONAL DE INFRAESTRUCTURA DEL GOBIERNO REGIONAL DEL CALLAO,397,18,2.3. 2  9. 1  1,LOCACION DE SERVICIOS REALIZADOS POR PERSONAS NATURALES RELACIONADAS AL ROL DE LA ENTIDAD,4000.0,Compromiso
2026,1028,2,S,273,2026-02-24,10108131492,LOPEZ ALCAHUAMAN YURI JAIME,106,CONTRATO MENOR,CM,,SERVICIO DE OPERACION DE MAQUINARIA PESADA IV PARA LA UNIDAD DE OPERACIONES DE LA OFICINA DE MAQUINARIA PESADA DE LA GERENCIA REGIONAL DE INFRAESTRUCTURA DEL GOBIERNO REGIONAL DEL CALLAO,398,18,2.3. 2  9. 1  1,LOCACION DE SERVICIOS REALIZADOS POR PERSONAS NATURALES RELACIONADAS AL ROL DE LA ENTIDAD,6000.0,Compromiso
2026,1028,2,S,274,2026-02-24,10256985492,BOSKOVICH BARRETO WILLY RICHARD,106,CONTRATO MENOR,CM,,SERVICIO DE SEGUIMIENTO DE OPERACIONES II PARA LA OFICINA DE MAQUINARIA PESADA DE LA GERENCIA REGIONAL DE INFRAESTRUCTURA DEL GOBIERNO REGIONAL DEL CALLAO,399,18,2.3. 2  9. 1  1,LOCACION DE SERVICIOS REALIZADOS POR PERSONAS NATURALES RELACIONADAS AL ROL DE LA ENTIDAD,6000.0,Compromiso
2026,1028,2,S,275,2026-02-24,10254802641,ARICA GUTIERREZ CARLOS ALBERTO,106,CONTRATO MENOR,CM,,SERVICIO DE SEGUIMIENTO DE OPERACIONES I PARA LA UNIDAD DE OPERACIONES DE LA OFICINA DE MAQUINARIA PESADA DE LA GERENCIA REGIONAL DE INFRAESTRUCTURA DEL GOBIERNO REGIONAL DEL CALLAO.,400,18,2.3. 2  9. 1  1,LOCACION DE SERVICIOS REALIZADOS POR PERSONAS NATURALES RELACIONADAS AL ROL DE LA ENTIDAD,3000.0,Compromiso
2026,1028,2,S,276,2026-02-24,10422489938,JAUREGUI ALCARRAZ HERIBERTO,106,CONTRATO MENOR,CM,,SERVICIO DE SEGUIMIENTO DE OPERACIONES III PARA LA OFICINA DE MAQUINARIA PESADA DE LA GERENCIA REGIONAL DE INFRAESTRUCTURA DEL GOBIERNO REGIONAL DEL CALLAO,401,18,2.3. 2  9. 1  1,LOCACION DE SERVICIOS REALIZADOS POR PERSONAS NATURALES RELACIONADAS AL ROL DE LA ENTIDAD,4000.0,Compromiso
2026,1028,2,S,277,2026-02-24,10404376522,GONZALES RAVELLO CARLOS DANIEL,106,CONTRATO MENOR,CM,,SERVICIO DE SEGUIMIENTO DE OPERACIONES II PARA LA UNIDAD DE OPERACIONES DE LA OFICINA DE MAQUINARIA PESADA DE LA GERENCIA REGIONAL DE INFRAESTRUCTURA DEL GOBIERNO REGIONAL DEL CALLAO.,402,18,2.3. 2  9. 1  1,LOCACION DE SERVICIOS REALIZADOS POR PERSONAS NATURALES RELACIONADAS AL ROL DE LA ENTIDAD,3400.0,Compromiso
2026,1028,2,S,278,2026-02-24,10256989064,MEZA HUAYANAY GUILLERMO ELIAS,106,CONTRATO MENOR,CM,,SERVICIO DE SEGUIMIENTO DE OPERACIONES III PARA LA UNIDAD DE OPERACIONES DE LA OFICINA DE MAQUINARIA PESADA DE LA GERENCIA REGIONAL DE INFRAESTRUCTURA DEL GOBIERNO REGIONAL DEL CALLAO.,403,18,2.3. 2  9. 1  1,LOCACION DE SERVICIOS REALIZADOS POR PERSONAS NATURALES RELACIONADAS AL ROL DE LA ENTIDAD,3600.0,Compromiso
2026,1028,2,S,279,2026-02-24,10102255076,SANCHEZ ESPINOZA NOE CESAR,106,CONTRATO MENOR,CM,,SERVICIO DE SEGUIMIENTO DE OPERACIONES IV PARA LA UNIDAD DE OPERACIONES DE LA OFICINA DE MAQUINARIA PESADA DE LA GERENCIA REGIONAL DE INFRAESTRUCTURA DEL GOBIERNO REGIONAL DEL CALLAO.,404,18,2.3. 2  9. 1  1,LOCACION DE SERVICIOS REALIZADOS POR PERSONAS NATURALES RELACIONADAS AL ROL DE LA ENTIDAD,3600.0,Compromiso
2026,1028,2,S,280,2026-02-24,10254421753,VILLANUEVA NEYRA MANUEL,106,CONTRATO MENOR,CM,,SERVICIO DESEGUIMIENTO DE OPERACIONES IV PARA LA OFICINA DE MAQUINARIA PESADA DE LA GERENCIA REGIONAL DE INFRAESTRUCTURA DEL GOBIERNO REGIONAL DEL CALLAO.,405,18,2.3. 2  9. 1  1,LOCACION DE SERVICIOS REALIZADOS POR PERSONAS NATURALES RELACIONADAS AL ROL DE LA ENTIDAD,4000.0,Compromiso
2026,1028,2,S,281,2026-02-24,10255740275,BALAREZO GIL BENITO ROMAN,106,CONTRATO MENOR,CM,,SERVICIO DE ORDENAMIENTO DE LOS BIENES DE ALMACEN II DE LA OFICINA DE MAQUINARIA PESADA DE LA GERENCIA REGIONAL DE INFRAESTRUCTURA DEL GOBIERNO REGIONAL DEL CALLAO.,406,18,2.3. 2  9. 1  1,LOCACION DE SERVICIOS REALIZADOS POR PERSONAS NATURALES RELACIONADAS AL ROL DE LA ENTIDAD,3600.0,Compromiso
2026,1028,2,S,282,2026-02-24,10255745960,RUA OLIVARES ELIAS JULIAN,106,CONTRATO MENOR,CM,,SERVICIO DE ORDENAMIENTO DE LOS BIENES DE ALMACEN I DE LA OFICINA DE MAQUINARIA PESADA DE LA GERENCIA REGIONAL DE INFRAESTRUCTURA DEL GOBIERNO REGIONAL DEL CALLAO.,407,18,2.3. 2  9. 1  1,LOCACION DE SERVICIOS REALIZADOS POR PERSONAS NATURALES RELACIONADAS AL ROL DE LA ENTIDAD,5000.0,Compromiso
2026,1028,2,S,283,2026-02-24,10080743438,CHAVEZ CORDERO VICTOR HUGO,106,CONTRATO MENOR,CM,,SERVICIO EN AUXILIAR DE MANTENIMIENTO I - LLANTERIA PARA LA OFICINA DE MAQUINARIA PESADA DE LA GERENCIA REGIONAL DE INFRAESTRUCTURA DEL GOBIERNO REGIONAL DEL CALLAO.,408,18,2.3. 2  9. 1  1,LOCACION DE SERVICIOS REALIZADOS POR PERSONAS NATURALES RELACIONADAS AL ROL DE LA ENTIDAD,5000.0,Compromiso
2026,1028,2,S,284,2026-02-24,10107325684,CUEVA MINA ROMUALDO,106,CONTRATO MENOR,CM,,SERVICIO DE AUXILIAR EN MANTENIMIENTO ? ELECTRICIDAD PARA LA UNIDAD DE MANTENIMIENTO DE LA OFICINA DE MAQUINARIA PESADA DE LA GERENCIA REGIONAL DE INFRAESTRUCTURA DEL GOBIERNO REGIONAL DEL CALLAO.,409,18,2.3. 2  9. 1  1,LOCACION DE SERVICIOS REALIZADOS POR PERSONAS NATURALES RELACIONADAS AL ROL DE LA ENTIDAD,3000.0,Compromiso
2026,1028,2,S,285,2026-02-24,10293518772,CUTIPA HUAYTA LUIS PERCY,106,CONTRATO MENOR,CM,,SERVICIO DE AUXILIO MECANICO AUTOMOTOR PARA LA OFICINA DE MAQUINARIA PESADA DE LA GERENCIA REGIONAL DE INFRAESTRUCTURA DEL GOBIERNO REGIONAL DEL CALLAO,410,18,2.3. 2  9. 1  1,LOCACION DE SERVICIOS REALIZADOS POR PERSONAS NATURALES RELACIONADAS AL ROL DE LA ENTIDAD,4000.0,Compromiso
2026,1028,2,S,286,2026-02-24,10257654813,QUINTANA CARRASCO CARLOS EDUARDO,106,CONTRATO MENOR,CM,,SERVICIO ESPECIALIZADO EN MECANICA PARA LA OFICINA DE MAQUINARIA PESADA DE LA GERENCIA REGIONAL DE INFRAESTRUCTURA DEL GOBIERNO REGIONAL DEL CALLAO.,411,18,2.3. 2  9. 1  1,LOCACION DE SERVICIOS REALIZADOS POR PERSONAS NATURALES RELACIONADAS AL ROL DE LA ENTIDAD,4000.0,Compromiso
2026,1028,2,S,287,2026-02-24,10159423765,OROZCO QUISPE JUAN TIMOTEO,106,CONTRATO MENOR,CM,,"SERVICIO DE AUXILIAR EN MANTENIMIENTO II ? LLANTERIA, PARA LA OFICINA DE MAQUINARIA PESADA DE LA GERENCIA REGIONAL DE INFRAESTRUCTURA DEL GOBIERNO REGIONAL DEL CALLAO.",412,18,2.3. 2  9. 1  1,LOCACION DE SERVICIOS REALIZADOS POR PERSONAS NATURALES RELACIONADAS AL ROL DE LA ENTIDAD,3600.0,Compromiso
2026,1028,2,S,288,2026-02-24,10462407144,VASQUEZ HERNANDEZ LUIS ORLANDO,106,CONTRATO MENOR,CM,,"SERVICIO DE COORDINACIÓN DE PROYECTOS DE INVERSIÓN  PARA LA GERENCIA REGIONAL DE EDUCACION, CULTURA",413,18,2.3. 2  9. 1  1,LOCACION DE SERVICIOS REALIZADOS POR PERSONAS NATURALES RELACIONADAS AL ROL DE LA ENTIDAD,36000.0,Compromiso
2026,1028,2,S,289,2026-02-24,10746007278,HURTADO PARDO LECHCOP,106,CONTRATO MENOR,CM,,"SERVICIO DE COORDINACIÓN, SEGUIMIENTO Y MONITOREO DE PROYECTO DE INVERSIÓN  PARA LA GERENCIA REGIONA",414,18,2.3. 2  9. 1  1,LOCACION DE SERVICIOS REALIZADOS POR PERSONAS NATURALES RELACIONADAS AL ROL DE LA ENTIDAD,36000.0,Compromiso
2026,1028,2,S,290,2026-02-24,10764755915,HUINCHO ORTEGA KATERIN MARIELA,106,CONTRATO MENOR,CM,,"SERVICIO ESPECIALIZADO EN CONTRATACIONES PUBLICAS PARA LA GERENCIA REGIONAL DE EDUCACIÓN, CULTURA",415,18,2.3. 2  9. 1  1,LOCACION DE SERVICIOS REALIZADOS POR PERSONAS NATURALES RELACIONADAS AL ROL DE LA ENTIDAD,36000.0,Compromiso
2026,1028,2,S,291,2026-02-24,10729301961,REBOSIO AGUILAR KEVIN JESUS ALEX,106,CONTRATO MENOR,CM,,SERVICIO DE GESTIÓN ADMINISTRATIVA PARA LA GERENCIA DE ASESORÍA JURÍDICA PARA EL GRC,383,18,2.3. 2  9. 1  1,LOCACION DE SERVICIOS REALIZADOS POR PERSONAS NATURALES RELACIONADAS AL ROL DE LA ENTIDAD,10000.0,Compromiso
2026,1028,2,S,292,2026-02-24,10450193718,GONGORA VALQUI ROSA MARBELI,106,CONTRATO MENOR,CM,,SERVICIO ESPECIALIZADO EN MATERIA LEGAL EN GESTIÓN PÚBLICA PARA LA GERENCIA DE ASESORIA JURIDICA DE LA GRC,384,18,2.3. 2  9. 1  1,LOCACION DE SERVICIOS REALIZADOS POR PERSONAS NATURALES RELACIONADAS AL ROL DE LA ENTIDAD,20000.0,Compromiso
2026,1028,2,S,293,2026-02-24,10097193024,FARFAN FLORIAN ZULLY ANTONIA,106,CONTRATO MENOR,CM,,SERVICIO DE ASISTENCIA ADMINISTRATIVA III PARA EL POOL DE VEHICULOS DE LA UNIDAD DE SERVICIOS,418,18,2.3. 2  9. 1  1,LOCACION DE SERVICIOS REALIZADOS POR PERSONAS NATURALES RELACIONADAS AL ROL DE LA ENTIDAD,6400.0,Compromiso
2026,1028,2,S,294,2026-02-24,10258169072,VILLALOBOS SAMPEN DANIEL JESUS,106,CONTRATO MENOR,CM,,SERVICIO DE GESTIÓN ADMINISTRATIVA PARA LA UNIDAD DE SERVICIOS GENERALES Y VEHICULOS LIVIANOS,419,18,2.3. 2  9. 1  1,LOCACION DE SERVICIOS REALIZADOS POR PERSONAS NATURALES RELACIONADAS AL ROL DE LA ENTIDAD,16000.0,Compromiso
2026,1028,2,S,295,2026-02-24,10258664171,TISNADO CHOQUE LOURDES LEONILDA,106,CONTRATO MENOR,CM,,"SERVICIO DE ASISTENCIA TECNICA ADMINISTRATIVA PARA LA COMISIÓN DE EDUCACION, CULTURA Y DEPORTE",421,18,2.3. 2  9. 1  1,LOCACION DE SERVICIOS REALIZADOS POR PERSONAS NATURALES RELACIONADAS AL ROL DE LA ENTIDAD,7000.0,Compromiso
2026,1028,2,S,296,2026-02-24,10181118631,BLAS FLORIAN CESAR EDMUNDO,106,CONTRATO MENOR,CM,,SERVICIO ESPECIALIZADO EN CONTROL Y GESTION DE PROCESOS OPERATIVOS ADMINISTRATIVOS PARA LA COMISIÓN,422,18,2.3. 2  9. 1  1,LOCACION DE SERVICIOS REALIZADOS POR PERSONAS NATURALES RELACIONADAS AL ROL DE LA ENTIDAD,14000.0,Compromiso
2026,1028,2,S,297,2026-02-24,10425016224,BELAHONIA CAMPOS JOSE LUIS,106,CONTRATO MENOR,CM,,SERVICIO DE ASISTENCIA TECNICA EN GESTION DE PROCESOS ADMINISTRATIVOS PARA LA COMISIÓN DE EDUCACION,423,18,2.3. 2  9. 1  1,LOCACION DE SERVICIOS REALIZADOS POR PERSONAS NATURALES RELACIONADAS AL ROL DE LA ENTIDAD,10000.0,Compromiso
2026,1028,2,S,298,2026-02-24,10435254719,MEJIA PALOMINO RAQUEL MARIA,106,CONTRATO MENOR,CM,,SERVICIO DE SEGUIMIENTO Y ASISTENCIA DE ACTIVIDADES ADMINISTRATIVAS PARA LA COMISIÓN DE EDUCACION,424,18,2.3. 2  9. 1  1,LOCACION DE SERVICIOS REALIZADOS POR PERSONAS NATURALES RELACIONADAS AL ROL DE LA ENTIDAD,5000.0,Compromiso
2026,1028,2,S,299,2026-02-24,10258072478,CERNA ALCARRAZ RAFAEL RODOLFO,106,CONTRATO MENOR,CM,,"SERVICIO DE AUXILIAR ADMINISTRATIVO PARA LA COMISIÓN DE EDUCACION, CULTURA Y DEPORTE DEL CONSEJO REG",425,18,2.3. 2  9. 1  1,LOCACION DE SERVICIOS REALIZADOS POR PERSONAS NATURALES RELACIONADAS AL ROL DE LA ENTIDAD,6000.0,Compromiso
2026,1028,2,S,300,2026-02-24,10722551392,NUÑEZ GUEVARA JHAN FRANCO,106,CONTRATO MENOR,CM,,SERVICIO DE COORDINACIÓN EN ACTIVIDADES DE PROMOCIÓN Y DIFUSIÓN PARA LA COMISIÓN DE EDUCACION,426,18,2.3. 2  9. 1  1,LOCACION DE SERVICIOS REALIZADOS POR PERSONAS NATURALES RELACIONADAS AL ROL DE LA ENTIDAD,4000.0,Compromiso
2026,1028,2,S,301,2026-02-24,10476388096,PONCE AUCAYAURI ELIZABETH DELIA,106,CONTRATO MENOR,CM,,"SERVICIO DE RECEPCION, REGISTRO Y ORGANIZACIÓN DE DOCUMENTOS PARA LA COMISIÓN DE EDUCACION",427,18,2.3. 2  9. 1  1,LOCACION DE SERVICIOS REALIZADOS POR PERSONAS NATURALES RELACIONADAS AL ROL DE LA ENTIDAD,4000.0,Compromiso
2026,1028,2,S,302,2026-02-24,10100557962,RICRA UMERES WILFREDO,106,CONTRATO MENOR,CM,,SERVICIO DE COORDINACION DE PROYECTOS DE INVERSION PARA LA UNIDAD EJECUTORA DE INVERSIONES DE LA GERENCIA REGIONAL DE DEFENSA CIVIL Y SEGURIDAD CIUDADANA,444,18,2.3. 2  9. 1  1,LOCACION DE SERVICIOS REALIZADOS POR PERSONAS NATURALES RELACIONADAS AL ROL DE LA ENTIDAD,14000.0,Compromiso
2026,1028,2,S,303,2026-02-24,10466809140,SANCHEZ SIPAN SUSAN SELENE,106,CONTRATO MENOR,CM,,SERVICIO DE ASISTENCIA ADMINISTRATIVA PARA LA GESTIÓN DE SERVICIOS Y TRÁMITE DE DOCUMENTACIÓN I,428,18,2.3. 2  9. 1  1,LOCACION DE SERVICIOS REALIZADOS POR PERSONAS NATURALES RELACIONADAS AL ROL DE LA ENTIDAD,10000.0,Compromiso
2026,1028,2,S,304,2026-02-24,10258343161,CAMARGO CARDENAS CLORINDA,106,CONTRATO MENOR,CM,,SERVICIO DE ASISTENCIA TECNICA ADMINISTRATIVA I,429,18,2.3. 2  9. 1  1,LOCACION DE SERVICIOS REALIZADOS POR PERSONAS NATURALES RELACIONADAS AL ROL DE LA ENTIDAD,3500.0,Compromiso
2026,1028,2,S,305,2026-02-24,10462435334,MARTINEZ BACA ABRAHAM KEVIN,106,CONTRATO MENOR,CM,,SERVICIO DE ASISTENCIA TECNICA ADMINISTRATIVA II,430,18,2.3. 2  9. 1  1,LOCACION DE SERVICIOS REALIZADOS POR PERSONAS NATURALES RELACIONADAS AL ROL DE LA ENTIDAD,7000.0,Compromiso
2026,1028,2,S,306,2026-02-24,10255672741,MANTILLA BROWN MIGUEL SANTIAGO,106,CONTRATO MENOR,CM,,SERVICIO DE ASISTENCIA EN SERVICIOS GENERALES,431,18,2.3. 2  9. 1  1,LOCACION DE SERVICIOS REALIZADOS POR PERSONAS NATURALES RELACIONADAS AL ROL DE LA ENTIDAD,6000.0,Compromiso
2026,1028,2,S,307,2026-02-24,10430430942,ECHEVARRIA NATIVIDAD ALAN JESUS,106,CONTRATO MENOR,CM,,SERVICIO DE AUXILIAR EN MANTENIMIENTO I,432,18,2.3. 2  9. 1  1,LOCACION DE SERVICIOS REALIZADOS POR PERSONAS NATURALES RELACIONADAS AL ROL DE LA ENTIDAD,6000.0,Compromiso
2026,1028,2,S,308,2026-02-24,10762084738,CASTRO POLO ANGELES DIANA,106,CONTRATO MENOR,CM,,SERVICIO DE GESTIÓN ADMINISTRATIVA,433,18,2.3. 2  9. 1  1,LOCACION DE SERVICIOS REALIZADOS POR PERSONAS NATURALES RELACIONADAS AL ROL DE LA ENTIDAD,6000.0,Compromiso
2026,1028,2,S,309,2026-02-24,10437673298,PORTOCARRERO ROMAN PABLO ERNESTO,106,CONTRATO MENOR,CM,,SERVICIO DE MONITOREO DE SERVICIOS GENERALES,434,18,2.3. 2  9. 1  1,LOCACION DE SERVICIOS REALIZADOS POR PERSONAS NATURALES RELACIONADAS AL ROL DE LA ENTIDAD,6000.0,Compromiso
2026,1028,2,S,310,2026-02-24,10742919540,SABALU CORNEJO EDGAR EMIR,106,CONTRATO MENOR,CM,,SERVICIO  DE OPERARIOS,435,18,2.3. 2  9. 1  1,LOCACION DE SERVICIOS REALIZADOS POR PERSONAS NATURALES RELACIONADAS AL ROL DE LA ENTIDAD,6000.0,Compromiso
2026,1028,2,S,311,2026-02-24,10714254273,PINEDO ROMERO WALTER EDUARDO,106,CONTRATO MENOR,CM,,"SERVICIO DE PERSONAL ASISTENCIAL, ADMINISTRATIVO Y DE MANTENIMIENTO",436,18,2.3. 2  9. 1  1,LOCACION DE SERVICIOS REALIZADOS POR PERSONAS NATURALES RELACIONADAS AL ROL DE LA ENTIDAD,6000.0,Compromiso
2026,1028,2,S,312,2026-02-24,10608103584,PACHECO REBATTA AARON LEONARDO,106,CONTRATO MENOR,CM,,SERVICIO DE PINTADO DE MUROS,437,18,2.3. 2  9. 1  1,LOCACION DE SERVICIOS REALIZADOS POR PERSONAS NATURALES RELACIONADAS AL ROL DE LA ENTIDAD,6000.0,Compromiso
2026,1028,2,S,313,2026-02-24,10447982426,MARTINEZ ACUÑA WALTER RAUL,106,CONTRATO MENOR,CM,,SERVICIO DE SEGUIMIENTO Y CONTROL DE ACTIVIDADES ADMINISTRATIVAS,438,18,2.3. 2  9. 1  1,LOCACION DE SERVICIOS REALIZADOS POR PERSONAS NATURALES RELACIONADAS AL ROL DE LA ENTIDAD,4000.0,Compromiso
2026,1028,2,S,314,2026-02-24,10455449893,GOMEZ OCHOA MARTIN ANDRES,106,CONTRATO MENOR,CM,,SERVICIO DE SEGUIMIENTO Y MONITOREO DE SERVICIOS GENERALES,439,18,2.3. 2  9. 1  1,LOCACION DE SERVICIOS REALIZADOS POR PERSONAS NATURALES RELACIONADAS AL ROL DE LA ENTIDAD,8000.0,Compromiso
2026,1028,2,S,315,2026-02-24,10736480609,SANCHEZ FLORES JIMMY RUSSBEL,106,CONTRATO MENOR,CM,,SERVICIO ESPECIALIZADO EN GESTIÓN DE MANTENIMIENTO,440,18,2.3. 2  9. 1  1,LOCACION DE SERVICIOS REALIZADOS POR PERSONAS NATURALES RELACIONADAS AL ROL DE LA ENTIDAD,6000.0,Compromiso
2026,1028,2,S,316,2026-02-24,10774206774,SANTA CRUZ PRADO CHRISTIAN MAYKOL,106,CONTRATO MENOR,CM,,SERVICIO ESPECIALIZADO EN INSTALACIONES ELECTRICAS - OPERARIO,441,18,2.3. 2  9. 1  1,LOCACION DE SERVICIOS REALIZADOS POR PERSONAS NATURALES RELACIONADAS AL ROL DE LA ENTIDAD,6000.0,Compromiso
2026,1028,2,S,317,2026-02-24,10457146332,PEÑA RIOS JEFFERSON JHONATAN,106,CONTRATO MENOR,CM,,SERVICIO DE COORDINACIÓN EN LOGÍSTICA PARA CONTRATACIONES MENORES,442,18,2.3. 2  9. 1  1,LOCACION DE SERVICIOS REALIZADOS POR PERSONAS NATURALES RELACIONADAS AL ROL DE LA ENTIDAD,10000.0,Compromiso
2026,1028,2,S,318,2026-02-25,10466988907,CRUZ RUPAY KARLA VIOLETA,106,CONTRATO MENOR,CM,,SERVICIO ESPECIALIZADO EN ADMINISTRACIÓN PARA LA UNIDAD FUNCIONAL DE INTEGRIDAD INSTITUCIONAL DE LA GERENCIA GENERAL REGIONAL DEL GOBIERNO REGIONAL DEL CALLAO,445,18,2.3. 2  9. 1  1,LOCACION DE SERVICIOS REALIZADOS POR PERSONAS NATURALES RELACIONADAS AL ROL DE LA ENTIDAD,10000.0,Compromiso
2026,1028,2,S,319,2026-02-25,10455866079,SANCHEZ CAMPOS KRYSTEL ELENA,106,CONTRATO MENOR,CM,,SERVICIO ESPECIALIZADO EN CONTROL INTERNO PARA LA UNIDAD FUNCIONAL DE INTEGRIDAD INSTITUCIONAL DE LA GERENCIA GENERAL REGIONAL DEL GOBIERNO REGIONAL DEL CALLAO,446,18,2.3. 2  9. 1  1,LOCACION DE SERVICIOS REALIZADOS POR PERSONAS NATURALES RELACIONADAS AL ROL DE LA ENTIDAD,14000.0,Compromiso
2026,1028,2,S,320,2026-02-25,10099628079,PACHAS SAENZ LUIS ENRIQUE,106,CONTRATO MENOR,CM,,SERVICIO DE CONTROL Y REVISION DE EXPEDIENTES DE CONTRATACIONES DE BIENES Y SERVICIOS,474,18,2.3. 2  9. 1  1,LOCACION DE SERVICIOS REALIZADOS POR PERSONAS NATURALES RELACIONADAS AL ROL DE LA ENTIDAD,4000.0,Compromiso
2026,1028,2,S,321,2026-02-25,10416766547,HEBER MISAEL CASTAÑEDA ALFARO,106,CONTRATO MENOR,CM,,SERVICIO DE SEGUIMIENTO DE DOCUMENTOS ADMINISTRATIVOS,475,18,2.3. 2  9. 1  1,LOCACION DE SERVICIOS REALIZADOS POR PERSONAS NATURALES RELACIONADAS AL ROL DE LA ENTIDAD,3000.0,Compromiso
2026,1028,2,S,322,2026-02-25,10720134697,ORE ATAUCUSI MAYKOL BRAYAM,106,CONTRATO MENOR,CM,,SERVICIO DE CONTROL Y REVISION DE EXPEDIENTES DE CONTRATACIONES DE BIENES Y SERVICIOS VII,476,18,2.3. 2  9. 1  1,LOCACION DE SERVICIOS REALIZADOS POR PERSONAS NATURALES RELACIONADAS AL ROL DE LA ENTIDAD,2000.0,Compromiso
2026,1028,2,S,323,2026-02-25,10459612748,MUSAYON BRAVO LIZBETH ANGIE,106,CONTRATO MENOR,CM,,SERVICIO ESPECIALIZADO EN MATERIA LEGAL PARA LA COMISION DE DESARROLLO ECONOMICO DEL CONSEJO REGIONA,447,18,2.3. 2  9. 1  1,LOCACION DE SERVICIOS REALIZADOS POR PERSONAS NATURALES RELACIONADAS AL ROL DE LA ENTIDAD,16000.0,Compromiso
2026,1028,2,S,324,2026-02-25,10456718065,LIMAS CARTY LUZ EUGENIA,106,CONTRATO MENOR,CM,,SERVICIO ESPECIALIZADO EN TEMAS DE DERECHO PARA LA COMISION DE DESARROLLO ECONOMICO DEL CONSEJO,448,18,2.3. 2  9. 1  1,LOCACION DE SERVICIOS REALIZADOS POR PERSONAS NATURALES RELACIONADAS AL ROL DE LA ENTIDAD,10000.0,Compromiso
2026,1028,2,S,325,2026-02-25,10453237660,ANGULO PALACIOS IRVIN ALEXANDER,106,CONTRATO MENOR,CM,,SERVICIO DE ASISTENCIA TECNICA LEGAL PARA LA COMISION DE DESARROLLO ECONOMICO DEL CONSEJO REGIONAL,449,18,2.3. 2  9. 1  1,LOCACION DE SERVICIOS REALIZADOS POR PERSONAS NATURALES RELACIONADAS AL ROL DE LA ENTIDAD,6000.0,Compromiso
2026,1028,2,S,326,2026-02-25,10062289428,BRAVO FUENTES MERCEDES AVELINA,106,CONTRATO MENOR,CM,,SERVICIO DE ORGANIZACIÓN Y DIGITALIZACION DE LA DOCUMENTACION DE ARCHIVOS PARA LA COMISION DE DESARR,450,18,2.3. 2  9. 1  1,LOCACION DE SERVICIOS REALIZADOS POR PERSONAS NATURALES RELACIONADAS AL ROL DE LA ENTIDAD,8000.0,Compromiso
2026,1028,2,S,327,2026-02-25,10452820639,FLORIAN GÜIVIN SHIRLLEY DIANNE,106,CONTRATO MENOR,CM,,"SERVICIO DE ASISTENCIA LEGAL PARA LA EVALUACION, ATENCION Y SISTEMATIZACION DE CONSULTAS PARA LA GRE",451,18,2.3. 2  9. 1  1,LOCACION DE SERVICIOS REALIZADOS POR PERSONAS NATURALES RELACIONADAS AL ROL DE LA ENTIDAD,13500.0,Compromiso
2026,1028,2,S,328,2026-02-25,10472869821,PAIVA GIRON DORIS SOCORRO,106,CONTRATO MENOR,CM,,SERVICIO ESPECIALIZADO EN TEMAS DE PLANIFICACION Y PRESUPUESTO PARA LA GERENCIA REGIONAL DE EDUCACIÓ,452,18,2.3. 2  9. 1  1,LOCACION DE SERVICIOS REALIZADOS POR PERSONAS NATURALES RELACIONADAS AL ROL DE LA ENTIDAD,22500.0,Compromiso
2026,1028,2,S,329,2026-02-25,10732064783,CARRION SANCHEZ KATHERINE BRIGITH,106,CONTRATO MENOR,CM,,"SERVICIO DE ASISTENCIA GERENCIAL PARA LA GERENCIA REGIONAL DE EDUCACIÓN, CULTURA Y DEPORTE DEL GOBIE",453,18,2.3. 2  9. 1  1,LOCACION DE SERVICIOS REALIZADOS POR PERSONAS NATURALES RELACIONADAS AL ROL DE LA ENTIDAD,12000.0,Compromiso
2026,1028,2,S,330,2026-02-25,10773757432,ACOSTA MESTRE KENYI MANUEL,106,CONTRATO MENOR,CM,,"SERVICIO ESPECIALIZADO EN INGENIERIA CIVIL  PARA LA GERENCIA REGIONAL DE EDUCACIÓN, CULTURA Y DEPORT",454,18,2.3. 2  9. 1  1,LOCACION DE SERVICIOS REALIZADOS POR PERSONAS NATURALES RELACIONADAS AL ROL DE LA ENTIDAD,24000.0,Compromiso
2026,1028,2,S,331,2026-02-25,10718340841,CALIXTO MARCA GERALD JEFFERSON,106,CONTRATO MENOR,CM,,"SERVICIO ESPECIALIZADO EN COSTOS Y PRESUPUESTO PARA LA GERENCIA REGIONAL DE EDUCACIÓN, CULTURA",455,18,2.3. 2  9. 1  1,LOCACION DE SERVICIOS REALIZADOS POR PERSONAS NATURALES RELACIONADAS AL ROL DE LA ENTIDAD,25500.0,Compromiso
2026,1028,2,S,332,2026-02-25,10475544027,TRUJILLO VIDAL ANDY STIVEN,106,CONTRATO MENOR,CM,,"SERVICIO DE ARQUITECTURA DE PROYECTOS PARA LA GERENCIA REGIONAL DE EDUCACIÓN, CULTURA Y DEPORTE",456,18,2.3. 2  9. 1  1,LOCACION DE SERVICIOS REALIZADOS POR PERSONAS NATURALES RELACIONADAS AL ROL DE LA ENTIDAD,25500.0,Compromiso
2026,1028,2,S,333,2026-02-25,10764063657,CERRON SALVATIERRA AIDEE JUDITH,106,CONTRATO MENOR,CM,,"SERVICIO ESPECIALIZADO EN INGENIERA AMBIENTAL PARA LA GERENCIA REGIONAL DE EDUCACION, CULTURA",457,18,2.3. 2  9. 1  1,LOCACION DE SERVICIOS REALIZADOS POR PERSONAS NATURALES RELACIONADAS AL ROL DE LA ENTIDAD,24000.0,Compromiso
2026,1028,2,S,334,2026-02-25,10467370231,GUTIERREZ SILVANO CARLOS ALFREDO,106,CONTRATO MENOR,CM,,SERVICIO DE SOPORTE INFORMATICO,465,18,2.3. 2  9. 1  1,LOCACION DE SERVICIOS REALIZADOS POR PERSONAS NATURALES RELACIONADAS AL ROL DE LA ENTIDAD,8000.0,Compromiso
2026,1028,2,S,335,2026-02-25,10465962181,DONATO CAMPOS MIGUEL ANGELO,106,CONTRATO MENOR,CM,,SERVICIO DE SOPORTE TECNICO DIAGNOSTICO DE LA INFRAESTRUCTURA TECNOLOGICA,466,18,2.3. 2  9. 1  1,LOCACION DE SERVICIOS REALIZADOS POR PERSONAS NATURALES RELACIONADAS AL ROL DE LA ENTIDAD,8000.0,Compromiso
2026,1028,2,S,336,2026-02-25,10430143471,BLAS BOCANGEL PEDRO FRANCISCO,106,CONTRATO MENOR,CM,,SERVICIO DE REGISTRO Y SEGUIMIENTO DE INCIDENTES DE SOPORTE TECNOLOGICO,467,18,2.3. 2  9. 1  1,LOCACION DE SERVICIOS REALIZADOS POR PERSONAS NATURALES RELACIONADAS AL ROL DE LA ENTIDAD,7800.0,Compromiso
2026,1028,2,S,337,2026-02-25,10439830463,ROJAS MIRANDA RICHARD ANTONY,106,CONTRATO MENOR,CM,,SERVICIO DE SOPORTE TECNICO Y GESTION DE LA INFRAESTRUCTURA TECNOLOGICA,468,18,2.3. 2  9. 1  1,LOCACION DE SERVICIOS REALIZADOS POR PERSONAS NATURALES RELACIONADAS AL ROL DE LA ENTIDAD,8000.0,Compromiso
2026,1028,2,S,338,2026-02-25,10076419251,RAMOS ENCINAS SOLEDAD ADELA,106,CONTRATO MENOR,CM,,SERVICIO DE ANALISIS ADMINISTRATIVO,469,18,2.3. 2  9. 1  1,LOCACION DE SERVICIOS REALIZADOS POR PERSONAS NATURALES RELACIONADAS AL ROL DE LA ENTIDAD,9200.0,Compromiso
2026,1028,2,S,339,2026-02-25,10458893093,FLORES GARAY ENEDINA,106,CONTRATO MENOR,CM,,SERVICIO DE ASISTENCIA TECNICA ADMINISTRATIVA,477,18,2.3. 2  9. 1  1,LOCACION DE SERVICIOS REALIZADOS POR PERSONAS NATURALES RELACIONADAS AL ROL DE LA ENTIDAD,8000.0,Compromiso
2026,1028,2,S,340,2026-02-25,10445910908,VÁSQUEZ FLORES ANTONY GUILLERMO,106,CONTRATO MENOR,CM,,"SERVICIO ESPECIALIZADO DE INGENIERÍA EN ESTRUCTURAS PARA LA GERENCIA REGIONAL DE EDUCACIÓN, CULTURA",458,18,2.3. 2  9. 1  1,LOCACION DE SERVICIOS REALIZADOS POR PERSONAS NATURALES RELACIONADAS AL ROL DE LA ENTIDAD,25500.0,Compromiso
2026,1028,2,S,341,2026-02-25,10469817224,GALAN CUTIPA FRANK WILLIAMS,106,CONTRATO MENOR,CM,,SERVICIO ESPECIALIZADO EN INGENIERIA MECANICA ELECTRICA PARA LA GERENCIA REGIONAL DE EDUCACIÓN,459,18,2.3. 2  9. 1  1,LOCACION DE SERVICIOS REALIZADOS POR PERSONAS NATURALES RELACIONADAS AL ROL DE LA ENTIDAD,25500.0,Compromiso
2026,1028,2,S,342,2026-02-25,10414119293,HUAYLLA DIAZ EDWIN WILFREDO,106,CONTRATO MENOR,CM,,"SERVICIO ESPECIALIZADO EN INGENIERIA SANITARIA PARA LA GERENCIA REGIONAL DE EDUCACIÓN, CULTURA",460,18,2.3. 2  9. 1  1,LOCACION DE SERVICIOS REALIZADOS POR PERSONAS NATURALES RELACIONADAS AL ROL DE LA ENTIDAD,25500.0,Compromiso
2026,1028,2,S,343,2026-02-25,10256817361,PALACIOS COUCILLAS JORGE CARLOS,106,CONTRATO MENOR,CM,,"SERVICIO DE ASISTENCIA TÉCNICA EN TEMAS DEPORTIVOS PARA LA GERENCIA REGIONAL DE EDUCACIÓN, CULTURA",461,18,2.3. 2  9. 1  1,LOCACION DE SERVICIOS REALIZADOS POR PERSONAS NATURALES RELACIONADAS AL ROL DE LA ENTIDAD,22500.0,Compromiso
2026,1028,2,S,344,2026-02-25,10726773080,RAMIREZ ROJAS NATALY MABEL,106,CONTRATO MENOR,CM,,"SERVICIO DE ORDENAMIENTO, FOLIACIÓN Y DISTRIBUCIÓN DE DOCUMENTOS PARA LA GERENCIA REGIONAL DE EDUCAC",462,18,2.3. 2  9. 1  1,LOCACION DE SERVICIOS REALIZADOS POR PERSONAS NATURALES RELACIONADAS AL ROL DE LA ENTIDAD,7500.0,Compromiso
2026,1028,2,S,345,2026-02-25,10079380739,SIFUENTES SOBRINO NIVIA MARIA,106,CONTRATO MENOR,CM,,SERVICIO DE CLASIFICACION Y DIGITALIZACION DE DOCUMENTOS PARA LA GERENCIA REGIONAL DE EDUCACIÓN,463,18,2.3. 2  9. 1  1,LOCACION DE SERVICIOS REALIZADOS POR PERSONAS NATURALES RELACIONADAS AL ROL DE LA ENTIDAD,10500.0,Compromiso
2026,1028,2,S,346,2026-02-25,10706066891,GONZALES TREBEJO ARNOLD JEANPIERE,106,CONTRATO MENOR,CM,,"SERVICIO DE ASISTENCIA TECNICA EN INGENIERIA  PARA LA GERENCIA REGIONAL DE EDUCACIÓN, CULTURA",473,18,2.3. 2  9. 1  1,LOCACION DE SERVICIOS REALIZADOS POR PERSONAS NATURALES RELACIONADAS AL ROL DE LA ENTIDAD,15000.0,Compromiso
2026,1028,2,S,347,2026-02-25,10257657731,VEGA ALARCON SALVADOR,106,CONTRATO MENOR,CM,,SERVICIO ESPECIALIZADO EN COMUNICACIÓN Y PROTOCOLO PARA LA GERENCIA REGIONAL DE DESARROLLO SOCIAL,470,18,2.3. 2  9. 1  1,LOCACION DE SERVICIOS REALIZADOS POR PERSONAS NATURALES RELACIONADAS AL ROL DE LA ENTIDAD,9000.0,Compromiso
2026,1028,2,S,348,2026-02-25,10258445479,MANCHEGO MORALES JOSE DANIEL,106,CONTRATO MENOR,CM,,SERVICIO ESPECIALIZADO EN PROCESOS ADMINISTRATIVOS Y LOGISTICOS PARA LA GERENCIA REGIONAL DE DESARRO,471,18,2.3. 2  9. 1  1,LOCACION DE SERVICIOS REALIZADOS POR PERSONAS NATURALES RELACIONADAS AL ROL DE LA ENTIDAD,14000.0,Compromiso
2026,1028,2,S,349,2026-02-25,10774312264,JACOBI ZAMORA ROSA MARIA,106,CONTRATO MENOR,CM,,SERVICIO ESPECIALIZADO EN GESTION DE PROCESOS ADMINISTRATIVOS PARA LA GERENCIA REGIONAL DE DESARROLL,472,18,2.3. 2  9. 1  1,LOCACION DE SERVICIOS REALIZADOS POR PERSONAS NATURALES RELACIONADAS AL ROL DE LA ENTIDAD,10000.0,Compromiso
2026,1028,2,S,350,2026-02-26,20548990841,CORPORACION TITUS S.A.C.,106,CONTRATO MENOR,CM,,SERVICIO DE ORGANIZACION DE EVENTOS,485,18,2.3. 2  7. 9 99,OTROS RELACIONADOS A ORGANIZACION DE EVENTOS,8000.0,Compromiso
2026,1028,2,S,351,2026-02-26,10440443627,VASQUEZ PEREZ DANNY DANIEL,106,CONTRATO MENOR,CM,,SERVICIO DE ASISTENCIA EN LA CLASIFICACION Y ORDENAMIENTO DE ARCHIVOS PARA LA SECRETARIA DE CONSEJO,484,18,2.3. 2  9. 1  1,LOCACION DE SERVICIOS REALIZADOS POR PERSONAS NATURALES RELACIONADAS AL ROL DE LA ENTIDAD,6000.0,Compromiso
2026,1028,2,S,352,2026-02-26,10087300779,URIBE ENRIQUEZ FRITZ ARNALDO,106,CONTRATO MENOR,CM,,SERVICIO DE ASISTENCIA TECNICA EN GESTION CULTURAL Y ARTISTICA  PARA LA GERENCIA REGIONAL,487,18,2.3. 2  9. 1  1,LOCACION DE SERVICIOS REALIZADOS POR PERSONAS NATURALES RELACIONADAS AL ROL DE LA ENTIDAD,12000.0,Compromiso
2026,1028,2,S,353,2026-02-26,10744906704,FLORES YANCAPALLO ASHLI LUZ,106,CONTRATO MENOR,CM,,SERVICIO DE ASISTENCIA LEGAL EN DERECHO ADMINISTRATIVO Y GESTIÓN PÚBLICA..,493,18,2.3. 2  9. 1  1,LOCACION DE SERVICIOS REALIZADOS POR PERSONAS NATURALES RELACIONADAS AL ROL DE LA ENTIDAD,10000.0,Compromiso
2026,1028,2,S,354,2026-02-26,10403083726,CASTILLO MECOLA CESAR CARLOS,106,CONTRATO MENOR,CM,,SERVICIO DE GESTION ADMINISTRATIVA.,494,18,2.3. 2  9. 1  1,LOCACION DE SERVICIOS REALIZADOS POR PERSONAS NATURALES RELACIONADAS AL ROL DE LA ENTIDAD,8000.0,Compromiso
2026,1028,2,S,355,2026-02-26,10429547151,CHEVEZ BAYONA ANGEL OSWALDO,106,CONTRATO MENOR,CM,,SERVICIO DE COORDINACIÓN Y ELABORACIÓN DE INFORMES EN GESTIÓN DE RIESGOS DE DESASTRES I.,495,18,2.3. 2  9. 1  1,LOCACION DE SERVICIOS REALIZADOS POR PERSONAS NATURALES RELACIONADAS AL ROL DE LA ENTIDAD,35000.0,Compromiso
2026,1028,2,S,356,2026-02-26,10485080860,BAUTISTA AGUERO KATHERIN JHOANA,106,CONTRATO MENOR,CM,,SERVICIO ESPECIALIZADO EN INGENIERÍA AMBIENTAL II.,496,18,2.3. 2  9. 1  1,LOCACION DE SERVICIOS REALIZADOS POR PERSONAS NATURALES RELACIONADAS AL ROL DE LA ENTIDAD,35000.0,Compromiso
2026,1028,2,S,357,2026-02-26,10717148083,VASQUEZ HERNANDEZ SANDRO RODRIGO,106,CONTRATO MENOR,CM,,SERVICIO DE COORDINACIÓN Y ELABORACIÓN DE INFORMES EN GESTIÓN DE RIESGOS DE DESASTRES II.,497,18,2.3. 2  9. 1  1,LOCACION DE SERVICIOS REALIZADOS POR PERSONAS NATURALES RELACIONADAS AL ROL DE LA ENTIDAD,35000.0,Compromiso
2026,1028,2,S,358,2026-02-26,10422175381,PEREZ ROCA AVALOS JUAN GABRIEL,106,CONTRATO MENOR,CM,,SERVICIO DE GESTION DE PROCESOS LOGISTICOS,506,18,2.3. 2  9. 1  1,LOCACION DE SERVICIOS REALIZADOS POR PERSONAS NATURALES RELACIONADAS AL ROL DE LA ENTIDAD,4000.0,Compromiso
2026,1028,2,S,359,2026-02-26,10102252336,SAENZ PACHECO LOURDES PATRICIA,106,CONTRATO MENOR,CM,,"SERVICIO DE REVISION, ANALISIS Y VERIFICACION DE DOCUMENTOS DE PAGOS",502,18,2.3. 2  9. 1  1,LOCACION DE SERVICIOS REALIZADOS POR PERSONAS NATURALES RELACIONADAS AL ROL DE LA ENTIDAD,6178.0,Compromiso
2026,1028,2,S,360,2026-02-26,10062821944,ALCA ZAVALA WILFREDO SIMON,106,CONTRATO MENOR,CM,,"SERVICIO DE AUXILIAR ADMINISTRATIVO PARA LA GERENCIA REGIONAL DE EDUCACIÓN, CULTURA Y DEPORTE",503,18,2.3. 2  9. 1  1,LOCACION DE SERVICIOS REALIZADOS POR PERSONAS NATURALES RELACIONADAS AL ROL DE LA ENTIDAD,8000.0,Compromiso
2026,1028,2,S,361,2026-02-26,10465216366,VERA ORTIZ THALIA GISVEL,106,CONTRATO MENOR,CM,,SERVICIO ASISTENCIA LEGAL EN DERECHO ADMINISTRATIVO Y GESTION PUBLICA.,504,18,2.3. 2  9. 1  1,LOCACION DE SERVICIOS REALIZADOS POR PERSONAS NATURALES RELACIONADAS AL ROL DE LA ENTIDAD,18000.0,Compromiso
2026,1028,2,S,362,2026-02-26,10442093593,RENGIFO ESCUDERO JOSEPH LEWIS,106,CONTRATO MENOR,CM,,SERVICIO DE ASISTENCIA ADMINISTRATIVA PARA LA GESTION DE SERVICIOS TRAMITE DE DOCUMENTACION,507,18,2.3. 2  9. 1  1,LOCACION DE SERVICIOS REALIZADOS POR PERSONAS NATURALES RELACIONADAS AL ROL DE LA ENTIDAD,13000.0,Compromiso
2026,1028,2,S,363,2026-02-26,10489859705,FLORES SANCHEZ MARCO ANTONIO,106,CONTRATO MENOR,CM,,SERVICIO DE SUPERVISION Y ASISTENCIA TECNICA DEL POOL DE VEHICULOS,508,18,2.3. 2  9. 1  1,LOCACION DE SERVICIOS REALIZADOS POR PERSONAS NATURALES RELACIONADAS AL ROL DE LA ENTIDAD,9000.0,Compromiso
2026,1028,2,S,364,2026-02-26,10090784884,ROJAS VILLALOBOS CESAR RICARDO,106,CONTRATO MENOR,CM,,SERVICIO DE AUXILIAR EN MANTENIMIENTO III,509,18,2.3. 2  9. 1  1,LOCACION DE SERVICIOS REALIZADOS POR PERSONAS NATURALES RELACIONADAS AL ROL DE LA ENTIDAD,3600.0,Compromiso
2026,1028,2,S,365,2026-02-26,10211402755,PAZ BALDEON NILOVNA GHERALDINE,106,CONTRATO MENOR,CM,,SERVICIO DE ASISTENCIA LEGAL EN PROCESOS ADMINISTRATIVOS.,505,18,2.3. 2  9. 1  1,LOCACION DE SERVICIOS REALIZADOS POR PERSONAS NATURALES RELACIONADAS AL ROL DE LA ENTIDAD,12000.0,Compromiso
2026,1028,2,S,366,2026-02-26,10255321183,SALAZAR CHIPULINA JULIO ARTURO,106,CONTRATO MENOR,CM,,SERVICIO DE AUXILIAR EN MANTENIMIENTO IV,510,18,2.3. 2  9. 1  1,LOCACION DE SERVICIOS REALIZADOS POR PERSONAS NATURALES RELACIONADAS AL ROL DE LA ENTIDAD,3600.0,Compromiso
2026,1028,2,S,367,2026-02-26,10095378922,DE TRAMONTANA BREÑA PIERO LUCAS,106,CONTRATO MENOR,CM,,SERVICIO DE CONDUCCION DE VEHICULO II,511,18,2.3. 2  9. 1  1,LOCACION DE SERVICIOS REALIZADOS POR PERSONAS NATURALES RELACIONADAS AL ROL DE LA ENTIDAD,6000.0,Compromiso
2026,1028,2,S,368,2026-02-26,10450384220,BELLO ESPINOZA CARLOS IVAN,106,CONTRATO MENOR,CM,,SERVICIO DE CONDUCCION DE VEHICULO IV,512,18,2.3. 2  9. 1  1,LOCACION DE SERVICIOS REALIZADOS POR PERSONAS NATURALES RELACIONADAS AL ROL DE LA ENTIDAD,6000.0,Compromiso
2026,1028,2,S,369,2026-02-26,10008227409,VASQUEZ RUIZ CESAR AUGUSTO,106,CONTRATO MENOR,CM,,SERVICIO DE CONDUCCION DE VEHICULO V,513,18,2.3. 2  9. 1  1,LOCACION DE SERVICIOS REALIZADOS POR PERSONAS NATURALES RELACIONADAS AL ROL DE LA ENTIDAD,6000.0,Compromiso
2026,1028,2,S,369,2026-02-26,10008227409,VASQUEZ RUIZ CESAR AUGUSTO,106,CONTRATO MENOR,CM,,SERVICIO DE CONDUCCION DE VEHICULO V,513,18,2.3. 2  9. 1  1,LOCACION DE SERVICIOS REALIZADOS POR PERSONAS NATURALES RELACIONADAS AL ROL DE LA ENTIDAD,400.0,Ampliación
2026,1028,2,S,370,2026-02-26,10077148880,CONTRERAS DURAND FROILAN ENRIQUE,106,CONTRATO MENOR,CM,,SERVICIO DE MONITOREO DE SERVICIOS GENERALES II,514,18,2.3. 2  9. 1  1,LOCACION DE SERVICIOS REALIZADOS POR PERSONAS NATURALES RELACIONADAS AL ROL DE LA ENTIDAD,6000.0,Compromiso
2026,1028,2,S,371,2026-02-26,10257483377,FLORES SILVA NOLBERTO RAMON,106,CONTRATO MENOR,CM,,SERVICIO DE OPERARIO II,515,18,2.3. 2  9. 1  1,LOCACION DE SERVICIOS REALIZADOS POR PERSONAS NATURALES RELACIONADAS AL ROL DE LA ENTIDAD,3500.0,Compromiso
2026,1028,2,S,372,2026-02-26,10468986669,MORALES MARTINEZ GIOVANNI BREINER,106,CONTRATO MENOR,CM,,"SERVICIO DE PERSONAL ASISTENCIAL, ADMINISTRATIVO Y DE MANTENIMIENTO II",516,18,2.3. 2  9. 1  1,LOCACION DE SERVICIOS REALIZADOS POR PERSONAS NATURALES RELACIONADAS AL ROL DE LA ENTIDAD,6000.0,Compromiso
2026,1028,2,S,373,2026-02-26,10254617844,MIRANDA CHANAME CARLOS MARTIN,106,CONTRATO MENOR,CM,,SERVICIO DE PINTADO DE MUROS II,517,18,2.3. 2  9. 1  1,LOCACION DE SERVICIOS REALIZADOS POR PERSONAS NATURALES RELACIONADAS AL ROL DE LA ENTIDAD,4114.0,Compromiso
2026,1028,2,S,374,2026-02-26,10254542771,CHAVEZ CABREJOS CLAUDIO ALEJANDRO,106,CONTRATO MENOR,CM,,SERVICIO DE SEGUIMIENTO Y MONITOREO DE SERVICIOS GENERALES I,518,18,2.3. 2  9. 1  1,LOCACION DE SERVICIOS REALIZADOS POR PERSONAS NATURALES RELACIONADAS AL ROL DE LA ENTIDAD,4600.0,Compromiso
2026,1028,2,S,375,2026-02-26,10254617585,ABRIL RAMIREZ TOMAS,106,CONTRATO MENOR,CM,,SERVICIO DE SUPERVISION Y ASISTENCIA TECNICA III,519,18,2.3. 2  9. 1  1,LOCACION DE SERVICIOS REALIZADOS POR PERSONAS NATURALES RELACIONADAS AL ROL DE LA ENTIDAD,5600.0,Compromiso
2026,1028,2,S,376,2026-02-26,10801897709,PACHECO VILLANUEVA ROBERTO AGUSTIN,106,CONTRATO MENOR,CM,,SERVICIO DE SUPERVISION Y ASISTENCIA TECNICA IV,520,18,2.3. 2  9. 1  1,LOCACION DE SERVICIOS REALIZADOS POR PERSONAS NATURALES RELACIONADAS AL ROL DE LA ENTIDAD,4400.0,Compromiso
2026,1028,2,S,377,2026-02-26,10802597857,JIMENEZ GRADOS JORGE LUIS,106,CONTRATO MENOR,CM,,SERVICIO ESPECIALIZADO EN GESTIÓN DE MANTENIMIENTO II,521,18,2.3. 2  9. 1  1,LOCACION DE SERVICIOS REALIZADOS POR PERSONAS NATURALES RELACIONADAS AL ROL DE LA ENTIDAD,6000.0,Compromiso
2026,1028,2,S,378,2026-02-26,10095992876,CASTRO GUERRA LUIS ANTONIO,106,CONTRATO MENOR,CM,,SERVICIO ESPECIALIZADO EN INSTALACIONES ELECTRICAS II,522,18,2.3. 2  9. 1  1,LOCACION DE SERVICIOS REALIZADOS POR PERSONAS NATURALES RELACIONADAS AL ROL DE LA ENTIDAD,9000.0,Compromiso
2026,1028,2,S,379,2026-02-27,10748238641,LEYVA RAMOS ROBERTO RODOLFO,106,CONTRATO MENOR,CM,,SERVICIO DE ELABORACIÓN DE INFORMES TÉCNICOS EN TEMAS AMBIENTALES.,523,18,2.3. 2  9. 1  1,LOCACION DE SERVICIOS REALIZADOS POR PERSONAS NATURALES RELACIONADAS AL ROL DE LA ENTIDAD,-6000.0,Rebaja
2026,1028,2,S,379,2026-02-27,10748238641,LEYVA RAMOS ROBERTO RODOLFO,106,CONTRATO MENOR,CM,,SERVICIO DE ELABORACIÓN DE INFORMES TÉCNICOS EN TEMAS AMBIENTALES.,523,18,2.3. 2  9. 1  1,LOCACION DE SERVICIOS REALIZADOS POR PERSONAS NATURALES RELACIONADAS AL ROL DE LA ENTIDAD,18000.0,Compromiso
2026,1028,2,S,380,2026-02-27,10752424026,SOLORZANO CONDEZO KAREN YURICO,106,CONTRATO MENOR,CM,,"SERVICIO DE COORDINACIÓN EN PROGRAMACIÓN LOGÍSTICA, GESTIÓN ADMINISTRATIVA Y PRESUPUESTAL.",524,18,2.3. 2  9. 1  1,LOCACION DE SERVICIOS REALIZADOS POR PERSONAS NATURALES RELACIONADAS AL ROL DE LA ENTIDAD,18000.0,Compromiso
2026,1028,2,S,381,2026-02-27,10720166599,DIAZ SALAZAR YAZMIN YSABEL,106,CONTRATO MENOR,CM,,SERVICIO DE ELABORACIÓN DE CONTENIDOS DE MATERIALES DE COMUNICACIÓN .,525,18,2.3. 2  9. 1  1,LOCACION DE SERVICIOS REALIZADOS POR PERSONAS NATURALES RELACIONADAS AL ROL DE LA ENTIDAD,12000.0,Compromiso
2026,1028,2,S,381,2026-02-27,10720166599,DIAZ SALAZAR YAZMIN YSABEL,106,CONTRATO MENOR,CM,,SERVICIO DE ELABORACIÓN DE CONTENIDOS DE MATERIALES DE COMUNICACIÓN .,525,18,2.3. 2  9. 1  1,LOCACION DE SERVICIOS REALIZADOS POR PERSONAS NATURALES RELACIONADAS AL ROL DE LA ENTIDAD,-4000.0,Rebaja
2026,1028,2,S,382,2026-02-27,10727621330,TARRILLO SANCHEZ MILTON YOEL,106,CONTRATO MENOR,CM,,SERVICIO ESPECIALIZADO EN ECONOMIA.,526,18,2.3. 2  9. 1  1,LOCACION DE SERVICIOS REALIZADOS POR PERSONAS NATURALES RELACIONADAS AL ROL DE LA ENTIDAD,13500.0,Compromiso
2026,1028,2,S,383,2026-02-27,10702066234,PACHECO GARCIA YESSENIA IBHET,106,CONTRATO MENOR,CM,,"SERVICIO DE GESTIÓN LEGAL, ADMINISTRATIVA Y GESTION PUBLICA.",527,18,2.3. 2  9. 1  1,LOCACION DE SERVICIOS REALIZADOS POR PERSONAS NATURALES RELACIONADAS AL ROL DE LA ENTIDAD,18000.0,Compromiso
2026,1028,2,S,384,2026-02-27,10758445831,DE LA CRUZ MAMANI DAYANA STACY,106,CONTRATO MENOR,CM,,SERVICIO ESPECIALIZADO EN INGENIERIA AMBIENTAL I.,528,18,2.3. 2  9. 1  1,LOCACION DE SERVICIOS REALIZADOS POR PERSONAS NATURALES RELACIONADAS AL ROL DE LA ENTIDAD,18000.0,Compromiso
2026,1028,2,S,385,2026-02-27,10400396936,PLACIDO NAVARRETE RICARDO ALEXI,106,CONTRATO MENOR,CM,,SERVICIO DE CONTROL Y SEGUIMIENTO DE INGRESO Y SALIDA DE BIENES DE ALMACEN .,529,18,2.3. 2  9. 1  1,LOCACION DE SERVICIOS REALIZADOS POR PERSONAS NATURALES RELACIONADAS AL ROL DE LA ENTIDAD,7500.0,Compromiso
2026,1028,2,S,386,2026-02-27,10102068985,CERNA ROJAS CARLOS ENRIQUE,106,CONTRATO MENOR,CM,,SERVICIO DE SEGUIMIENTO Y COORDINACION DE ACTIVIDADES TECNICAS Y OPERATIVAS.,530,18,2.3. 2  9. 1  1,LOCACION DE SERVICIOS REALIZADOS POR PERSONAS NATURALES RELACIONADAS AL ROL DE LA ENTIDAD,21000.0,Compromiso
2026,1028,2,S,387,2026-02-27,10745109727,ESPINO DE LA CRUZ AARON RICKY MAX,106,CONTRATO MENOR,CM,,SERVICIO DE GESTIÓN EN ACTIVIDADES DEL MEDIO AMBIENTE.,531,18,2.3. 2  9. 1  1,LOCACION DE SERVICIOS REALIZADOS POR PERSONAS NATURALES RELACIONADAS AL ROL DE LA ENTIDAD,10500.0,Compromiso
2026,1028,2,S,388,2026-02-27,10705521927,CUBAS MEGO LAURY LISBETH,106,CONTRATO MENOR,CM,,SERVICIO DE ASISTENCIA GERENCIAL.,532,18,2.3. 2  9. 1  1,LOCACION DE SERVICIOS REALIZADOS POR PERSONAS NATURALES RELACIONADAS AL ROL DE LA ENTIDAD,10500.0,Compromiso
2026,1028,2,S,389,2026-02-27,10402164072,PULACHE GONZAGA GLORIA ISABEL,106,CONTRATO MENOR,CM,,SERVICIO ADMINISTRATIVO EN LOGISTICA.,533,18,2.3. 2  9. 1  1,LOCACION DE SERVICIOS REALIZADOS POR PERSONAS NATURALES RELACIONADAS AL ROL DE LA ENTIDAD,7500.0,Compromiso
2026,1028,2,S,390,2026-02-27,10471010311,CASTILLO CASTILLO JOSE MARCELLO,106,CONTRATO MENOR,CM,,SERVICIO ESPECIALIZADO EN MATERIA LEGAL .,534,18,2.3. 2  9. 1  1,LOCACION DE SERVICIOS REALIZADOS POR PERSONAS NATURALES RELACIONADAS AL ROL DE LA ENTIDAD,21000.0,Compromiso
2026,1028,2,S,391,2026-02-27,20600098633,CRECER SEGUROS S.A. COMPAÑIA DE SEGUROS,106,CONTRATO MENOR,CM,,CONTRATACIÓN DEL SERVICIO DE POLIZA DE SEGURO DE VIDA LEY Y SEGURO COMPLEMENTARIO DE TRABAJO DE RIESGO - PENSION PARA LOS TRABAJADORES DEL GOBIERNO REGIONAL DEL CALLAO,535,18,2.1. 3  1. 1  6,OTRAS CONTRIBUCIONES DEL EMPLEADOR,19323.99,Compromiso
2026,1028,2,S,391,2026-02-27,20600098633,CRECER SEGUROS S.A. COMPAÑIA DE SEGUROS,106,CONTRATO MENOR,CM,,CONTRATACIÓN DEL SERVICIO DE POLIZA DE SEGURO DE VIDA LEY Y SEGURO COMPLEMENTARIO DE TRABAJO DE RIESGO - PENSION PARA LOS TRABAJADORES DEL GOBIERNO REGIONAL DEL CALLAO,535,18,2.1. 3  1. 1 12,CONTRIBUCIONES POR EL SEGURO COMPLEMENTARIO DE TRABAJO DE RIESGO,9974.99,Compromiso
2026,1028,2,S,392,2026-02-27,20523470761,SANITAS PERU S.A. - EPS,106,CONTRATO MENOR,CM,,CONTRATACIÓN DEL SERVICIO DE POLIZA DE SEGURO COMPLEMENTARIO DE TRABAJO DE RIESGO - SALUD PARA LOS TRABAJADORES DEL GOBIERNO REGIONAL DEL CALLAO,536,18,2.1. 3  1. 1 12,CONTRIBUCIONES POR EL SEGURO COMPLEMENTARIO DE TRABAJO DE RIESGO,13299.98,Compromiso
2026,1028,2,S,393,2026-02-27,10469267305,HUAMAN SANCHEZ EDGAR LEONARDO,106,CONTRATO MENOR,CM,,SERVICIO DE TOPOGRAFIA.,537,18,2.3. 2  9. 1  1,LOCACION DE SERVICIOS REALIZADOS POR PERSONAS NATURALES RELACIONADAS AL ROL DE LA ENTIDAD,8000.0,Compromiso
2026,1028,2,S,394,2026-02-27,10754198490,CASTAÑEDA VIA VICTOR,106,CONTRATO MENOR,CM,,SERVICIO DE COORDINACION DE PROYECTOS .,538,18,2.3. 2  9. 1  1,LOCACION DE SERVICIOS REALIZADOS POR PERSONAS NATURALES RELACIONADAS AL ROL DE LA ENTIDAD,18000.0,Compromiso
2026,1028,2,S,395,2026-02-27,20269985900,PLUZ ENERGÌA PERÙ S.A.A.,14,ADJUDICACION SIN PROCEDIMIENTO,ASP,,SERVICIO BASICO DE ENERGIA ELECTRICA PARA LA DIRECCION REGIONAL DEL TRABAJO Y PROMOCION DEL EMPLEO DEL GOBIERNO REGIONAL DEL CALLAO,540,0,2.3. 2  2. 1  1,SERVICIO DE SUMINISTRO DE ENERGIA ELECTRICA,16700.0,Compromiso
2026,1028,2,S,396,2026-02-27,20603732945,GG PUBLICIDAD & INGENIERIA S.A.C.,106,CONTRATO MENOR,CM,,CONTRATACIÓN DEL SERVICIO DE PUBLICACIONES OFICIALES DE NORMAS REGIONALES DE LA SECRETARÍA DEL CONSEJO REGIONAL DEL GOBIERNO REGIONAL DEL CALLAO EN DIARIO DE ALCANCE REGIONAL,541,18,2.3. 2  2. 4  1,SERVICIO DE PUBLICIDAD,29750.0,Compromiso
2026,1028,2,S,397,2026-02-27,20513669560,MALL PLAZA PERU S.A,14,ADJUDICACION SIN PROCEDIMIENTO,ASP,,"PAGO DEL COMODATO DEL LOCAL CENTRO MAC CALLAO, CORRESPONDIENTE AL AÑO 2026, SOLICITADO POR LA GERENCIA REGIONAL DE DESARROLLO ECONOMICO DEL GOBIERNO REGIONAL DEL CALLAO",539,18,2.3. 2  7.11 99,SERVICIOS DIVERSOS,490448.0,Compromiso
2026,1028,3,S,398,2026-03-02,10490681511,MARQUEZ ZUÑIGA EDUARDO MATIAS,106,CONTRATO MENOR,CM,,SERVICIO ESPECIALIZADO EN COORDINACIONES DE ASUNTOS SOCIO AMBIENTALES .,542,18,2.3. 2  9. 1  1,LOCACION DE SERVICIOS REALIZADOS POR PERSONAS NATURALES RELACIONADAS AL ROL DE LA ENTIDAD,42000.0,Compromiso
2026,1028,3,S,399,2026-03-02,10435270463,RAMIREZ QUISPE YESENIA,106,CONTRATO MENOR,CM,,SERVICIO DE GESTION ADMINISTRATIVA.,543,18,2.3. 2  9. 1  1,LOCACION DE SERVICIOS REALIZADOS POR PERSONAS NATURALES RELACIONADAS AL ROL DE LA ENTIDAD,17500.0,Compromiso
2026,1028,3,S,400,2026-03-02,10737784938,VALERIO MEZA LEYDI JAZMIN,106,CONTRATO MENOR,CM,,SERVICIO DE FACILITADOR EN GESTION AMBIENTAL.,544,18,2.3. 2  9. 1  1,LOCACION DE SERVICIOS REALIZADOS POR PERSONAS NATURALES RELACIONADAS AL ROL DE LA ENTIDAD,17500.0,Compromiso
2026,1028,3,S,401,2026-03-03,10258163686,PAZ LA ROSA YESABEL NATALIA,106,CONTRATO MENOR,CM,,SERVICIO DE RECEPCION Y VERIFICACION DE BIENES EN ALMACEN DE LA UNIDAD DE SERVICIOS GENERALES,545,18,2.3. 2  9. 1  1,LOCACION DE SERVICIOS REALIZADOS POR PERSONAS NATURALES RELACIONADAS AL ROL DE LA ENTIDAD,3600.0,Compromiso
2026,1028,3,S,402,2026-03-03,10256731113,CANALES GOGIN ROSARIO CONSUELO,106,CONTRATO MENOR,CM,,SERVICIO DE LIMPIEZA DE LOCALES I PARA LA UNIDAD DE SERVICIOS GENERALES Y VEHICULOS LIVIANOS .,546,18,2.3. 2  9. 1  1,LOCACION DE SERVICIOS REALIZADOS POR PERSONAS NATURALES RELACIONADAS AL ROL DE LA ENTIDAD,2700.0,Compromiso
2026,1028,3,S,403,2026-03-03,10258102458,BEDON PANTOJA MARIA MAGDALENA,106,CONTRATO MENOR,CM,,SERVICIO DE LIMPIEZA DE LOCALES II PARA LA UNIDAD DE SERVICIOS GENERALES Y VEHICULOS LIVIANOS .,547,18,2.3. 2  9. 1  1,LOCACION DE SERVICIOS REALIZADOS POR PERSONAS NATURALES RELACIONADAS AL ROL DE LA ENTIDAD,2000.0,Compromiso
2026,1028,3,S,404,2026-03-03,10081452399,LAHURA SENCI SANDRO MARTIN,106,CONTRATO MENOR,CM,,SERVICIO ESPECIALIZADO EN MECANICA PARA LA UNIDAD DE SERVICIOS GENERALES Y VEHICULOS LIVIANOS.,548,18,2.3. 2  9. 1  1,LOCACION DE SERVICIOS REALIZADOS POR PERSONAS NATURALES RELACIONADAS AL ROL DE LA ENTIDAD,8600.0,Compromiso
2026,1028,3,S,405,2026-03-03,10257030992,ROMAN CARDENAS GUILLERMO,106,CONTRATO MENOR,CM,,SERVICIO ESPECIALIZADO EN GESTIÓN DE MANTENIMIENTO PARA LA UNIDAD DE SERVICIOS GENERALES Y VEHICULOS,549,18,2.3. 2  9. 1  1,LOCACION DE SERVICIOS REALIZADOS POR PERSONAS NATURALES RELACIONADAS AL ROL DE LA ENTIDAD,7000.0,Compromiso
2026,1028,3,S,406,2026-03-03,10417006791,FLORES LINARES CHRISTOPHER,106,CONTRATO MENOR,CM,,SERVICIO DE CONDUCCION DE VEHICULO VI PARA LA UNIDAD DE SERVICIOS GENERALES Y VEHICULOS LIVIANOS.,550,18,2.3. 2  9. 1  1,LOCACION DE SERVICIOS REALIZADOS POR PERSONAS NATURALES RELACIONADAS AL ROL DE LA ENTIDAD,6400.0,Compromiso
2026,1028,3,S,407,2026-03-03,10255646864,CARTAGENA ZUÑIGA ANDRES OSWALDO,106,CONTRATO MENOR,CM,,SERVICIO DE CONDUCCION DE VEHICULO VII PARA LA UNIDAD DE SERVICIOS GENERALES Y VEHICULOS LIVIANOS.,551,18,2.3. 2  9. 1  1,LOCACION DE SERVICIOS REALIZADOS POR PERSONAS NATURALES RELACIONADAS AL ROL DE LA ENTIDAD,6400.0,Compromiso
2026,1028,3,S,408,2026-03-03,10258660132,SAAVEDRA SALINAS DANY WILFREDO,106,CONTRATO MENOR,CM,,SERVICIO DE CONDUCCION DE VEHICULO VIII PARA LA UNIDAD DE SERVICIOS GENERALES Y VEHICULOS LIVIANOS.,552,18,2.3. 2  9. 1  1,LOCACION DE SERVICIOS REALIZADOS POR PERSONAS NATURALES RELACIONADAS AL ROL DE LA ENTIDAD,6400.0,Compromiso
2026,1028,3,S,409,2026-03-03,10405579401,REYES ESCATE AUGUSTO MARTIN,106,CONTRATO MENOR,CM,,SERVICIO DE CONDUCCION DE VEHICULO IX PARA LA UNIDAD DE SERVICIOS GENERALES Y VEHICULOS LIVIANOS.,553,18,2.3. 2  9. 1  1,LOCACION DE SERVICIOS REALIZADOS POR PERSONAS NATURALES RELACIONADAS AL ROL DE LA ENTIDAD,6400.0,Compromiso
2026,1028,3,S,410,2026-03-03,10258283614,RIVERA PEREZ WILLIAM,106,CONTRATO MENOR,CM,,SERVICIO DE CONDUCCION DE VEHICULO X PARA LA UNIDAD DE SERVICIOS GENERALES Y VEHICULOS LIVIANOS.,554,18,2.3. 2  9. 1  1,LOCACION DE SERVICIOS REALIZADOS POR PERSONAS NATURALES RELACIONADAS AL ROL DE LA ENTIDAD,6400.0,Compromiso
2026,1028,3,S,411,2026-03-03,10069402858,OBLITAS VILLANUEVA DANIEL SANTOS,106,CONTRATO MENOR,CM,,SERVICIO DE CONDUCCION DE VEHICULO XI PARA LA UNIDAD DE SERVICIOS GENERALES Y VEHICULOS LIVIANOS.,555,18,2.3. 2  9. 1  1,LOCACION DE SERVICIOS REALIZADOS POR PERSONAS NATURALES RELACIONADAS AL ROL DE LA ENTIDAD,6400.0,Compromiso
2026,1028,3,S,412,2026-03-03,10086872795,ARREDONDO GARCIA PEDRO ANTONIO,106,CONTRATO MENOR,CM,,SERVICIO DE CONDUCCION DE VEHICULO XII PARA LA UNIDAD DE SERVICIOS GENERALES Y VEHICULOS LIVIANOS.,556,18,2.3. 2  9. 1  1,LOCACION DE SERVICIOS REALIZADOS POR PERSONAS NATURALES RELACIONADAS AL ROL DE LA ENTIDAD,6400.0,Compromiso
2026,1028,3,S,413,2026-03-03,10256452524,RODA MEDRANO GUSTAVO,106,CONTRATO MENOR,CM,,SERVICIO DE CONDUCCION DE VEHICULO XIII PARA LA UNIDAD DE SERVICIOS GENERALES Y VEHICULOS LIVIANOS.,557,18,2.3. 2  9. 1  1,LOCACION DE SERVICIOS REALIZADOS POR PERSONAS NATURALES RELACIONADAS AL ROL DE LA ENTIDAD,6400.0,Compromiso
2026,1028,3,S,414,2026-03-03,10255380163,SERRANO CARBAJAL JULIO LORENZO,106,CONTRATO MENOR,CM,,SERVICIO DE CONDUCCION DE VEHICULO XIV PARA LA UNIDAD DE SERVICIOS GENERALES Y VEHICULOS LIVIANOS.,558,18,2.3. 2  9. 1  1,LOCACION DE SERVICIOS REALIZADOS POR PERSONAS NATURALES RELACIONADAS AL ROL DE LA ENTIDAD,6400.0,Compromiso
2026,1028,3,S,415,2026-03-03,10100889914,ROJAS MOGOLLON ENRIQUE,106,CONTRATO MENOR,CM,,SERVICIO DE CONDUCCION DE VEHICULO XV PARA LA UNIDAD DE SERVICIOS GENERALES Y VEHICULOS LIVIANOS.,559,18,2.3. 2  9. 1  1,LOCACION DE SERVICIOS REALIZADOS POR PERSONAS NATURALES RELACIONADAS AL ROL DE LA ENTIDAD,6400.0,Compromiso
2026,1028,3,S,416,2026-03-03,10211174485,LINO ROJAS HILARIO DONATO,106,CONTRATO MENOR,CM,,SERVICIO DE CONDUCCION DE VEHICULO XVI PARA LA UNIDAD DE SERVICIOS GENERALES Y VEHICULOS LIVIANOS.,560,18,2.3. 2  9. 1  1,LOCACION DE SERVICIOS REALIZADOS POR PERSONAS NATURALES RELACIONADAS AL ROL DE LA ENTIDAD,6400.0,Compromiso
2026,1028,3,S,417,2026-03-03,10094420739,CHAVARRY ESPINAL ELIO MODESTO,106,CONTRATO MENOR,CM,,SERVICIO DE CONDUCCION DE VEHICULO XVII PARA LA UNIDAD DE SERVICIOS GENERALES Y VEHICULOS LIVIANOS.,561,18,2.3. 2  9. 1  1,LOCACION DE SERVICIOS REALIZADOS POR PERSONAS NATURALES RELACIONADAS AL ROL DE LA ENTIDAD,5000.0,Compromiso
2026,1028,3,S,418,2026-03-03,10087011793,PUCH ALMONTE ELLIOT EDUARDO,106,CONTRATO MENOR,CM,,SERVICIO DE CONDUCCION DE VEHICULO XVIII PARA LA UNIDAD DE SERVICIOS GENERALES Y VEHICULOS LIVIANOS,562,18,2.3. 2  9. 1  1,LOCACION DE SERVICIOS REALIZADOS POR PERSONAS NATURALES RELACIONADAS AL ROL DE LA ENTIDAD,6400.0,Compromiso
2026,1028,3,S,419,2026-03-03,10413762931,MIRANDA RIEGA JEFFERSON JESUS,106,CONTRATO MENOR,CM,,SERVICIO DE CONDUCCIÓN DE VEHÍCULO XIX DE LA UNIDAD DE SERVICIOS GENERALES Y VEHICULOS LIVIANOS .,563,18,2.3. 2  9. 1  1,LOCACION DE SERVICIOS REALIZADOS POR PERSONAS NATURALES RELACIONADAS AL ROL DE LA ENTIDAD,6400.0,Compromiso
2026,1028,3,S,420,2026-03-03,10070448594,GOMEZ INFANTAS CLAUDIO ROBERTO,106,CONTRATO MENOR,CM,,SERVICIO DE CONDUCCIÓN DE VEHÍCULO XX DE LA UNIDAD DE SERVICIOS GENERALES Y VEHICULOS LIVIANOS .,564,18,2.3. 2  9. 1  1,LOCACION DE SERVICIOS REALIZADOS POR PERSONAS NATURALES RELACIONADAS AL ROL DE LA ENTIDAD,6400.0,Compromiso
2026,1028,3,S,421,2026-03-03,10067921670,VASQUEZ SALDAÑA CARLOS ALBERTO,106,CONTRATO MENOR,CM,,SERVICIO DE CONDUCCIÓN DE VEHÍCULO XXI DE LA UNIDAD DE SERVICIOS GENERALES Y VEHICULOS LIVIANOS .,565,18,2.3. 2  9. 1  1,LOCACION DE SERVICIOS REALIZADOS POR PERSONAS NATURALES RELACIONADAS AL ROL DE LA ENTIDAD,6400.0,Compromiso
2026,1028,3,S,422,2026-03-03,10476382837,CAJAS ESPINOZA YESSY YOANA,106,CONTRATO MENOR,CM,,SERVICIO DE ASISTENCIA TECNICA ADMINISTRATIVA,566,18,2.3. 2  9. 1  1,LOCACION DE SERVICIOS REALIZADOS POR PERSONAS NATURALES RELACIONADAS AL ROL DE LA ENTIDAD,12000.0,Compromiso
2026,1028,3,S,423,2026-03-03,10400494261,LEON PRIETO JOSE ALBERTO,106,CONTRATO MENOR,CM,,SERVICIO ESPECIALIZADO EN INGENIERIA PESQUERA .,567,18,2.3. 2  9. 1  1,LOCACION DE SERVICIOS REALIZADOS POR PERSONAS NATURALES RELACIONADAS AL ROL DE LA ENTIDAD,11000.0,Compromiso
2026,1028,3,S,424,2026-03-03,10096021424,BELAHONIA TORRES JOSE LUIS,106,CONTRATO MENOR,CM,,SERVICIO DE GESTIÓN Y SEGUIMIENTO DE ACTIVIDADES ADMINISTRATIVAS.,568,18,2.3. 2  9. 1  1,LOCACION DE SERVICIOS REALIZADOS POR PERSONAS NATURALES RELACIONADAS AL ROL DE LA ENTIDAD,8000.0,Compromiso
2026,1028,3,S,425,2026-03-03,10469023643,UTRILLA FERNANDEZ GIOVANNI,106,CONTRATO MENOR,CM,,SERVICIO DE ESPECIALIZADO EN  SISTEMA DE INFORMACION GEOGRAFICA.,569,18,2.3. 2  9. 1  1,LOCACION DE SERVICIOS REALIZADOS POR PERSONAS NATURALES RELACIONADAS AL ROL DE LA ENTIDAD,13000.0,Compromiso
2026,1028,3,S,426,2026-03-03,10710848098,HERNANDEZ CHECA GENESIS JOSSELYN,106,CONTRATO MENOR,CM,,SERVICIO DE GESTIÓN ADMINISTRATIVA.,570,18,2.3. 2  9. 1  1,LOCACION DE SERVICIOS REALIZADOS POR PERSONAS NATURALES RELACIONADAS AL ROL DE LA ENTIDAD,12000.0,Compromiso
2026,1028,3,S,427,2026-03-03,10416348681,BELLODAS TAVARA ARMENIA,106,CONTRATO MENOR,CM,,SERVICIO ESPECIALIZADO DE INGENIERIA INDUSTRIAL.,571,18,2.3. 2  9. 1  1,LOCACION DE SERVICIOS REALIZADOS POR PERSONAS NATURALES RELACIONADAS AL ROL DE LA ENTIDAD,12000.0,Compromiso
2026,1028,3,S,428,2026-03-03,10099325718,PALACIOS GIANNONI FIORELLA ANTUANET,106,CONTRATO MENOR,CM,,SERVICIO DE ASISTENCIA TÉCNICA ADMINISTRATIVA LEGAL.,572,18,2.3. 2  9. 1  1,LOCACION DE SERVICIOS REALIZADOS POR PERSONAS NATURALES RELACIONADAS AL ROL DE LA ENTIDAD,13000.0,Compromiso
2026,1028,3,S,429,2026-03-03,10295847510,ZAMATA YUCRA JAVIER EDUARDO,106,CONTRATO MENOR,CM,,SERVICIO DE ANALISIS EN GESTION DE PROCESOS ADMINISTRATIVOS.,573,18,2.3. 2  9. 1  1,LOCACION DE SERVICIOS REALIZADOS POR PERSONAS NATURALES RELACIONADAS AL ROL DE LA ENTIDAD,11000.0,Compromiso
2026,1028,3,S,430,2026-03-03,10419520867,MOSCOSO ZARATE JULIA ERICA,106,CONTRATO MENOR,CM,,SERVICIO DE SEGUIMIENTO Y ASISTENCIA DE ACTIVIDADES ADMINISTRATIVAS.,574,18,2.3. 2  9. 1  1,LOCACION DE SERVICIOS REALIZADOS POR PERSONAS NATURALES RELACIONADAS AL ROL DE LA ENTIDAD,7000.0,Compromiso
2026,1028,3,S,431,2026-03-04,10412431010,CALDERON ORELLANA DENNIS RAUL,106,CONTRATO MENOR,CM,,SERVICIO DE DEFENSA LEGAL EN MATERIA PENAL A FAVOR DEL SR. CIRO RONALD CASTILLO ROJO SALAS - ACTUALIZADA OS 2024-6468,586,18,2.3. 2  7.14  5,ASESORÍA LEGAL PARA SERVIDORES Y EX-SERVIDORES CIVILES,12500.0,Compromiso
2026,1028,3,S,432,2026-03-04,10437146972,GUERRERO ARAUJO KARIN JANET,106,CONTRATO MENOR,CM,,"SERVICIO ESPECIALIZADO EN GESTION DE PROCESOS ADMINISTRATIVOS, PARA LA OFICINA DE IMAGEN INSTITUCIONAL Y PROTOCOLO DE LA GERENCIA GENERAL REGIONAL DEL GOBIERNO REGIONAL DEL CALLAO",593,18,2.3. 2  9. 1  1,LOCACION DE SERVICIOS REALIZADOS POR PERSONAS NATURALES RELACIONADAS AL ROL DE LA ENTIDAD,22000.0,Compromiso
2026,1028,3,S,433,2026-03-04,10095643375,RUIZ ROJAS JANETTE BEATRIZ,106,CONTRATO MENOR,CM,,"SERVICIO DE SEGUIMIENTO, EMISION Y ELABORACION DE DOCUMENTOS ADMINISTRATIVOS, PARA LA OFICINA DE IMAGEN INSTITUCIONAL Y PROTOCOLO DE LA GERENCIA GENERAL REGIONAL DEL GOBIERNO REGIONAL DEL CALLAO",594,18,2.3. 2  9. 1  1,LOCACION DE SERVICIOS REALIZADOS POR PERSONAS NATURALES RELACIONADAS AL ROL DE LA ENTIDAD,14000.0,Compromiso
2026,1028,3,S,434,2026-03-04,10434720481,RODRIGUEZ OLIVA JUAN CARLOS,106,CONTRATO MENOR,CM,,"SERVICIO DE GRABACION, EDICION DE VIDEO Y REGISTRO FOTOGRAFICO, PARA LA OFICINA DE IMAGEN INSTITUCIONAL Y PROTOCOLO DE LA GERENCIA GENERAL REGIONAL DEL GOBIERNO REGIONAL DEL CALLAO",595,18,2.3. 2  9. 1  1,LOCACION DE SERVICIOS REALIZADOS POR PERSONAS NATURALES RELACIONADAS AL ROL DE LA ENTIDAD,24000.0,Compromiso
2026,1028,3,S,435,2026-03-04,10468754466,YANCAN RIVA OSWIN CEMAT HEGIDIO,106,CONTRATO MENOR,CM,,"SERVICIO DE FILMACION Y EDICION DE VIDEOS, PARA LA OFICINA DE IMAGEN INSTITUCIONAL Y PROTOCOLO DE LA GERENCIA GENERAL REGIONAL DEL GOBIERNO REGIONAL DEL CALLAO",596,18,2.3. 2  9. 1  1,LOCACION DE SERVICIOS REALIZADOS POR PERSONAS NATURALES RELACIONADAS AL ROL DE LA ENTIDAD,22000.0,Compromiso
2026,1028,3,S,436,2026-03-04,10094623036,TELLO SAENZ JORGE GERMAIN,106,CONTRATO MENOR,CM,,"SERVICIO DE REGISTRO FOTOGRAFICO, PARA LA OFICINA DE IMAGEN INSTITUCIONAL Y PROTOCOLO DE LA GERENCIA GENERAL REGIONAL DEL GOBIERNO REGIONAL DEL CALLAO",597,18,2.3. 2  9. 1  1,LOCACION DE SERVICIOS REALIZADOS POR PERSONAS NATURALES RELACIONADAS AL ROL DE LA ENTIDAD,22000.0,Compromiso
2026,1028,3,S,437,2026-03-04,10258486230,ANTON HUAMANCHUMO JESSICA LISETTE,106,CONTRATO MENOR,CM,,"SERVICIO DE ORIENTACION Y REGISTRO DE VISITAS EN LINEA I, PARA LA OFICINA DE IMAGEN INSTITUCIONAL Y PROTOCOLO DE LA GERENCIA GENERAL REGIONAL DEL GOBIERNO REGIONAL DEL CALLAO",598,18,2.3. 2  9. 1  1,LOCACION DE SERVICIOS REALIZADOS POR PERSONAS NATURALES RELACIONADAS AL ROL DE LA ENTIDAD,18000.0,Compromiso
2026,1028,3,S,438,2026-03-04,10467160597,LAVALLE ACEVEDO KATHERIN ZULAY,106,CONTRATO MENOR,CM,,"SERVICIO DE ORIENTACION Y REGISTRO DE VISITAS EN LINEA II, PARA LA OFICINA DE IMAGEN INSTITUCIONAL Y PROTOCOLO DE LA GERENCIA GENERAL REGIONAL DEL GOBIERNO REGIONAL DEL CALLAO",599,18,2.3. 2  9. 1  1,LOCACION DE SERVICIOS REALIZADOS POR PERSONAS NATURALES RELACIONADAS AL ROL DE LA ENTIDAD,12000.0,Compromiso
2026,1028,3,S,439,2026-03-04,10735402329,DIAZ ARCE JESUS ALONSO,106,CONTRATO MENOR,CM,,"SERVICIO DE COORDINACION EN IMAGEN INSTITUCIONAL, PARA LA OFICINA DE IMAGEN INSTITUCIONAL Y PROTOCOLO DE LA GERENCIA GENERAL REGIONAL DEL GOBIERNO REGIONAL DEL CALLAO",600,18,2.3. 2  9. 1  1,LOCACION DE SERVICIOS REALIZADOS POR PERSONAS NATURALES RELACIONADAS AL ROL DE LA ENTIDAD,26000.0,Compromiso
2026,1028,3,S,440,2026-03-04,10077664861,PARDAVE VALVERDE CRISTIAN NICANOR,106,CONTRATO MENOR,CM,,"SERVICIO DE ORGANIZACIÓN Y EJECUCION DE PROTOCOLO INSTITUCIONAL, PARA LA OFICINA DE IMAGEN INSTITUCIONAL Y PROTOCOLO DE LA GERENCIA GENERAL REGIONAL DEL GOBIERNO REGIONAL DEL CALLAO",601,18,2.3. 2  9. 1  1,LOCACION DE SERVICIOS REALIZADOS POR PERSONAS NATURALES RELACIONADAS AL ROL DE LA ENTIDAD,24000.0,Compromiso
2026,1028,3,S,441,2026-03-04,10722266876,BOGGIANO JIMENEZ FABIANA FRANCESCA,106,CONTRATO MENOR,CM,,"SERVICIO DE GESTION DE CONTENIDOS EN REDES SOCIALES, PARA LA OFICINA DE IMAGEN INSTITUCIONAL Y PROTOCOLO DE LA GERENCIA GENERAL REGIONAL DEL GOBIERNO REGIONAL DEL CALLAO",602,18,2.3. 2  9. 1  1,LOCACION DE SERVICIOS REALIZADOS POR PERSONAS NATURALES RELACIONADAS AL ROL DE LA ENTIDAD,20000.0,Compromiso
2026,1028,3,S,442,2026-03-04,10723729063,ROJAS PAREDES DARA,106,CONTRATO MENOR,CM,,"SERVICIO DE ASISTENCIA EN LA ELABORACION DE CONTENIDOS EN REDES SOCIALES, PARA LA OFICINA DE IMAGEN INSTITUCIONAL Y PROTOCOLO DE LA GERENCIA GENERAL REGIONAL DEL GOBIERNO REGIONAL DEL CALLAO",603,18,2.3. 2  9. 1  1,LOCACION DE SERVICIOS REALIZADOS POR PERSONAS NATURALES RELACIONADAS AL ROL DE LA ENTIDAD,12000.0,Compromiso
2026,1028,3,S,443,2026-03-04,10733685358,ORMEÑO CELESTINO FIORELLA KARINA,106,CONTRATO MENOR,CM,,"SERVICIO DE PROTOCOLO II, PARA LA OFICINA DE IMAGEN INSTITUCIONAL Y PROTOCOLO DE LA GERENCIA GENERAL REGIONAL DEL GOBIERNO REGIONAL DEL CALLAO",604,18,2.3. 2  9. 1  1,LOCACION DE SERVICIOS REALIZADOS POR PERSONAS NATURALES RELACIONADAS AL ROL DE LA ENTIDAD,20000.0,Compromiso
2026,1028,3,S,444,2026-03-04,10257955821,CUYA CORONADO AMERICO,106,CONTRATO MENOR,CM,,"SERVICIO DE ASISTENCIA EN ORIENTACION Y ATENCION A USUSARIOS, PARA LA OFICINA DE IMAGEN INSTITUCIONAL Y PROTOCOLO DE LA GERENCIA GENERAL REGIONAL DEL GOBIERNO REGIONAL DEL CALLAO",605,18,2.3. 2  9. 1  1,LOCACION DE SERVICIOS REALIZADOS POR PERSONAS NATURALES RELACIONADAS AL ROL DE LA ENTIDAD,10000.0,Compromiso
2026,1028,3,S,445,2026-03-04,10741328769,JARA RIVADENEYRA VALERY BRIGIT,106,CONTRATO MENOR,CM,,"SERVICIO DE ASITENCIA TECNICA EN COMUNICACIÓN, PROTOCOLO Y ACTIVIDADES INSTITUCIONALES, PARA LA OFICINA DE IMAGEN INSTITUCIONAL Y PROTOCOLO DE LA GERENCIA GENERAL REGIONAL DEL GOBIERNO REGIONAL DEL CALLAO",606,18,2.3. 2  9. 1  1,LOCACION DE SERVICIOS REALIZADOS POR PERSONAS NATURALES RELACIONADAS AL ROL DE LA ENTIDAD,18000.0,Compromiso
2026,1028,3,S,446,2026-03-04,10421781911,ROQUE CHUMACERO DEIVY DOMINGO,106,CONTRATO MENOR,CM,,"SERVICIO DE PRODUCCION DE AUDIOVISUAL Y IMAGENES, PARA LA OFICINA DE IMAGEN INSTITUCIONAL Y PROTOCOLO DE LA GERENCIA GENERAL REGIONAL DEL GOBIERNO REGIONAL DEL CALLAO",607,18,2.3. 2  9. 1  1,LOCACION DE SERVICIOS REALIZADOS POR PERSONAS NATURALES RELACIONADAS AL ROL DE LA ENTIDAD,24000.0,Compromiso
2026,1028,3,S,447,2026-03-04,10726770293,RODRIGUEZ VALLADARES JHONATAN TOMAS,106,CONTRATO MENOR,CM,,"SERVICIO DE EDICIÓN Y POST PRODUCCIÓN DE VIDEO, PARA LA OFICINA DE IMAGEN INSTITUCIONAL Y PROTOCOLO DE LA GERENCIA GENERAL REGIONAL DEL GOBIERNO REGIONAL DEL CALLAO",608,18,2.3. 2  9. 1  1,LOCACION DE SERVICIOS REALIZADOS POR PERSONAS NATURALES RELACIONADAS AL ROL DE LA ENTIDAD,12000.0,Compromiso
2026,1028,3,S,448,2026-03-04,10744533061,TRIVIÑO GONZALES BRUNO ALONSO,106,CONTRATO MENOR,CM,,"SERVICIO DE REDACCION DE NOTAS DE PRENSA, PARA LA OFICINA DE IMAGEN INSTITUCIONAL Y PROTOCOLO DE LA GERENCIA GENERAL REGIONAL DEL GOBIERNO REGIONAL DEL CALLAO",609,18,2.3. 2  9. 1  1,LOCACION DE SERVICIOS REALIZADOS POR PERSONAS NATURALES RELACIONADAS AL ROL DE LA ENTIDAD,24000.0,Compromiso
2026,1028,3,S,449,2026-03-04,15608259446,HERNANDEZ SEVERO MARCELO EDUARDO,106,CONTRATO MENOR,CM,,"SERVICIO DE COBERTURA Y REDACCION DE CONTENIDOS PERIODISTICOS, PARA LA OFICINA DE IMAGEN INSTITUCIONAL Y PROTOCOLO DE LA GERENCIA GENERAL REGIONAL DEL GOBIERNO REGIONAL DEL CALLAO",610,18,2.3. 2  9. 1  1,LOCACION DE SERVICIOS REALIZADOS POR PERSONAS NATURALES RELACIONADAS AL ROL DE LA ENTIDAD,20000.0,Compromiso
2026,1028,3,S,450,2026-03-04,10257184124,RIVERA PEREZ MANUEL HUSSEIN,106,CONTRATO MENOR,CM,,"SERVICIO DE ASISTENCIA DE PRENSA, PARA LA OFICINA DE IMAGEN INSTITUCIONAL Y PROTOCOLO DE LA GERENCIA GENERAL REGIONAL DEL GOBIERNO REGIONAL DEL CALLAO",611,18,2.3. 2  9. 1  1,LOCACION DE SERVICIOS REALIZADOS POR PERSONAS NATURALES RELACIONADAS AL ROL DE LA ENTIDAD,22000.0,Compromiso
2026,1028,3,S,451,2026-03-04,10097239172,MALPARTIDA AVILA GREGORIO NICOLAS,106,CONTRATO MENOR,CM,,SERVICIO ESPECIALIZADO EN TEMAS DE TELECOMUNICACIONES,612,18,2.3. 2  9. 1  1,LOCACION DE SERVICIOS REALIZADOS POR PERSONAS NATURALES RELACIONADAS AL ROL DE LA ENTIDAD,5000.0,Compromiso
2026,1028,3,S,452,2026-03-04,10400645472,FERNANDEZ PARDO WALTER WILLIAM,106,CONTRATO MENOR,CM,,SERVICIO DE ASISTENCIA EN LA GESTIÓN DE CONTRATACIONES PÚBLICAS,621,18,2.3. 2  9. 1  1,LOCACION DE SERVICIOS REALIZADOS POR PERSONAS NATURALES RELACIONADAS AL ROL DE LA ENTIDAD,36000.0,Compromiso
2026,1028,3,S,453,2026-03-04,10422321239,CHOQUE HUAMANI MARTHA LILIANA,106,CONTRATO MENOR,CM,,SERVICIO ESPECIALIZADO EN MATERIA LABORAL DE RECURSOS HUMANOS,622,18,2.3. 2  9. 1  1,LOCACION DE SERVICIOS REALIZADOS POR PERSONAS NATURALES RELACIONADAS AL ROL DE LA ENTIDAD,34000.0,Compromiso
2026,1028,3,S,454,2026-03-04,10450223749,MAMANI GUILLERMO ABDIEL,106,CONTRATO MENOR,CM,,SERVICIO ESPECIALIZADO EN PROCESOS CONTABLES Y FINANCIEROS,623,18,2.3. 2  9. 1  1,LOCACION DE SERVICIOS REALIZADOS POR PERSONAS NATURALES RELACIONADAS AL ROL DE LA ENTIDAD,30000.0,Compromiso
2026,1028,3,S,455,2026-03-04,10258520390,ARIAS RIOS ROSA ELENA,106,CONTRATO MENOR,CM,,SERVICIO DE DIGITALIZACIÓN Y ORGANIZACIÓN DE DOCUMENTACION.,669,18,2.3. 2  9. 1  1,LOCACION DE SERVICIOS REALIZADOS POR PERSONAS NATURALES RELACIONADAS AL ROL DE LA ENTIDAD,7000.0,Compromiso
2026,1028,3,S,456,2026-03-04,10099564810,SANTAMARIA SANCHEZ MANUEL,106,CONTRATO MENOR,CM,,"SERVICIO DE DIGITALIZACIÓN, ORGANIZACIÓN Y BACK UP DE DOCUMENTACIÓN.",670,18,2.3. 2  9. 1  1,LOCACION DE SERVICIOS REALIZADOS POR PERSONAS NATURALES RELACIONADAS AL ROL DE LA ENTIDAD,5000.0,Compromiso
2026,1028,3,S,457,2026-03-04,10459887348,POMA LIMAS EDITH,106,CONTRATO MENOR,CM,,SERVICIO DE DIAGNOSTICO LEGAL DE PREDIOS.,671,18,2.3. 2  9. 1  1,LOCACION DE SERVICIOS REALIZADOS POR PERSONAS NATURALES RELACIONADAS AL ROL DE LA ENTIDAD,10600.0,Compromiso
2026,1028,3,S,458,2026-03-04,10154253993,QUISPE CHUMPITAZ DORA MARIA,106,CONTRATO MENOR,CM,,SERVICIO DE ASISTENCIA TECNICA ADMINISTRATIVA.,672,18,2.3. 2  9. 1  1,LOCACION DE SERVICIOS REALIZADOS POR PERSONAS NATURALES RELACIONADAS AL ROL DE LA ENTIDAD,6000.0,Compromiso
2026,1028,3,S,459,2026-03-04,10257107961,TORRES RODRIGUEZ ALFREDO RAYMUNDO,106,CONTRATO MENOR,CM,,"SERVICIO DE CLASIFICACIÓN, CONCILIACIÓN, VERIFICACIÓN Y SANEAMIENTO DE BIENES MUEBLES.",673,18,2.3. 2  9. 1  1,LOCACION DE SERVICIOS REALIZADOS POR PERSONAS NATURALES RELACIONADAS AL ROL DE LA ENTIDAD,5000.0,Compromiso
2026,1028,3,S,460,2026-03-04,10732623626,RUIZ VASQUEZ HENRY GUSTAVO,106,CONTRATO MENOR,CM,,SERVICIO DE ANALISIS LEGAL DE PARTIDAS ELECTRONICAS DE PREDIOS.,674,18,2.3. 2  9. 1  1,LOCACION DE SERVICIOS REALIZADOS POR PERSONAS NATURALES RELACIONADAS AL ROL DE LA ENTIDAD,8000.0,Compromiso
2026,1028,3,S,461,2026-03-04,10419056869,SANCHEZ MEDINA DE MENACHO VANESSA,106,CONTRATO MENOR,CM,,SERVICIO ESPECIALIZADO EN GESTIÓN PÚBLICA.,675,18,2.3. 2  9. 1  1,LOCACION DE SERVICIOS REALIZADOS POR PERSONAS NATURALES RELACIONADAS AL ROL DE LA ENTIDAD,10000.0,Compromiso
2026,1028,3,S,462,2026-03-04,10067854328,LLACSA LOPEZ PRICILIA MERCEDES,106,CONTRATO MENOR,CM,,SERVICIO DE PROCESAMIENTO ORDENAMIENTO Y CLASIFICACION DE DOCUMENTOS ADMINISTRATIVOS.,676,18,2.3. 2  9. 1  1,LOCACION DE SERVICIOS REALIZADOS POR PERSONAS NATURALES RELACIONADAS AL ROL DE LA ENTIDAD,5000.0,Compromiso
2026,1028,3,S,463,2026-03-04,10405848550,PAJUELO CHUMBES MARIA DEL PILAR,106,CONTRATO MENOR,CM,,SERVICIO ESPECIALIZADO EN ASUNTOS LEGALES ADMINISTRATIVOS.,677,18,2.3. 2  9. 1  1,LOCACION DE SERVICIOS REALIZADOS POR PERSONAS NATURALES RELACIONADAS AL ROL DE LA ENTIDAD,10000.0,Compromiso
2026,1028,3,S,464,2026-03-04,10254509448,MELENDEZ QUIROZ CARMELA LUZ,106,CONTRATO MENOR,CM,,SERVICIO DE DIGITALIZACION Y CLASIFICACION DE DOCUMENTOS .,678,18,2.3. 2  9. 1  1,LOCACION DE SERVICIOS REALIZADOS POR PERSONAS NATURALES RELACIONADAS AL ROL DE LA ENTIDAD,5000.0,Compromiso
2026,1028,3,S,465,2026-03-04,10403625812,ECHE QUISPE PAOLA RUTH,106,CONTRATO MENOR,CM,,SERVICIO DE AUXILIAR ADMINISTRATIVO .,679,18,2.3. 2  9. 1  1,LOCACION DE SERVICIOS REALIZADOS POR PERSONAS NATURALES RELACIONADAS AL ROL DE LA ENTIDAD,5000.0,Compromiso
2026,1028,3,S,466,2026-03-04,10258004375,SALAS RUIZ YESSENIA ANGELICA,106,CONTRATO MENOR,CM,,SERVICIO DE MONITOREO DE INDICADORES Y PROCESOS OPERATIVOS.,680,18,2.3. 2  9. 1  1,LOCACION DE SERVICIOS REALIZADOS POR PERSONAS NATURALES RELACIONADAS AL ROL DE LA ENTIDAD,4000.0,Compromiso
2026,1028,3,S,467,2026-03-04,10460182676,AGUILAR SILVERA LEONARDO DAVIS,106,CONTRATO MENOR,CM,,SERVICIO DE CONTROL TOPOGRAFICO.,681,18,2.3. 2  9. 1  1,LOCACION DE SERVICIOS REALIZADOS POR PERSONAS NATURALES RELACIONADAS AL ROL DE LA ENTIDAD,8600.0,Compromiso
2026,1028,3,S,468,2026-03-04,10455311816,VASQUEZ LICHARDO DAYHAN ELIZABETH,106,CONTRATO MENOR,CM,,SERVICIO ESPECIALIZADO EN CONTROL PATRIMONIAL .,682,18,2.3. 2  9. 1  1,LOCACION DE SERVICIOS REALIZADOS POR PERSONAS NATURALES RELACIONADAS AL ROL DE LA ENTIDAD,11700.0,Compromiso
2026,1028,3,S,469,2026-03-04,10454550060,MIRANDA NINAPAYTAN MARIA DEL CARMEN,106,CONTRATO MENOR,CM,,SERVICIO ESPECIALIZADO EN INGENIERÍA GEOGRÁFICA.,683,18,2.3. 2  9. 1  1,LOCACION DE SERVICIOS REALIZADOS POR PERSONAS NATURALES RELACIONADAS AL ROL DE LA ENTIDAD,10000.0,Compromiso
2026,1028,3,S,470,2026-03-04,10096375072,HUERTA OSORIO JHON GERMANY,106,CONTRATO MENOR,CM,,SERVICIO DE ASISTENCIA TÉCNICA LEGAL EN DOCUMENTOS DE GESTIÓN.,684,18,2.3. 2  9. 1  1,LOCACION DE SERVICIOS REALIZADOS POR PERSONAS NATURALES RELACIONADAS AL ROL DE LA ENTIDAD,10000.0,Compromiso
2026,1028,3,S,471,2026-03-04,10258163732,LOPEZ VENDIVES DIANA VERONICA,106,CONTRATO MENOR,CM,,SERVICIO DE ANALISIS DE PROCESOS ADMINISTRATIVOS EN GESTION DOCUMENTAL .,685,18,2.3. 2  9. 1  1,LOCACION DE SERVICIOS REALIZADOS POR PERSONAS NATURALES RELACIONADAS AL ROL DE LA ENTIDAD,7000.0,Compromiso
2026,1028,3,S,472,2026-03-04,10724463911,BEUNZA SUEROS ALEJANDRA CECILIA,106,CONTRATO MENOR,CM,,SERVICIO DE REVISION DIGITACION Y SISTEMATIZACION DE INFORMACION .,686,18,2.3. 2  9. 1  1,LOCACION DE SERVICIOS REALIZADOS POR PERSONAS NATURALES RELACIONADAS AL ROL DE LA ENTIDAD,5000.0,Compromiso
2026,1028,3,S,473,2026-03-04,10486484239,MEDINA LIRA KAREN MILAGROS,106,CONTRATO MENOR,CM,,SERVICIO DE REVISION Y ACTUALIZACION DE DOCUMENTOS.,687,18,2.3. 2  9. 1  1,LOCACION DE SERVICIOS REALIZADOS POR PERSONAS NATURALES RELACIONADAS AL ROL DE LA ENTIDAD,6000.0,Compromiso
2026,1028,3,S,474,2026-03-04,10423440690,SIMON YUMBATO WILLIAN ROBINSON,106,CONTRATO MENOR,CM,,SERVICIO DE ASISTENCIA LEGAL EN PROCESOS ADMINISTRATIVOS.,688,18,2.3. 2  9. 1  1,LOCACION DE SERVICIOS REALIZADOS POR PERSONAS NATURALES RELACIONADAS AL ROL DE LA ENTIDAD,8000.0,Compromiso
2026,1028,3,S,475,2026-03-04,10468522522,CASTILLO PARDO KENYO JERZY,106,CONTRATO MENOR,CM,,SERVICIO DE LEVANTAMIENTO DE INFORMACIÓN DE CAMPO PARA SANEAMIENTO FISICO LEGAL .,689,18,2.3. 2  9. 1  1,LOCACION DE SERVICIOS REALIZADOS POR PERSONAS NATURALES RELACIONADAS AL ROL DE LA ENTIDAD,8800.0,Compromiso
2026,1028,3,S,476,2026-03-04,10053297132,PRADA GRANDEZ ROY,106,CONTRATO MENOR,CM,,SERVICIO DE NOTIFICADOR.,690,18,2.3. 2  9. 1  1,LOCACION DE SERVICIOS REALIZADOS POR PERSONAS NATURALES RELACIONADAS AL ROL DE LA ENTIDAD,5400.0,Compromiso
2026,1028,3,S,477,2026-03-04,10067762458,CORDOVA LLACSA JUAN CARLOS,106,CONTRATO MENOR,CM,,SERVICIO DE COORDINACION EN PROGRAMACION Y PRESUPUESTO .,691,18,2.3. 2  9. 1  1,LOCACION DE SERVICIOS REALIZADOS POR PERSONAS NATURALES RELACIONADAS AL ROL DE LA ENTIDAD,10600.0,Compromiso
2026,1028,3,S,478,2026-03-04,10407281620,SANCHEZ TORRES SOLEDAD,106,CONTRATO MENOR,CM,,SERVICIO ADMINISTRATIVO CONTABLE I PARA LA OFICINA DE CONTABILIDAD..,639,18,2.3. 2  9. 1  1,LOCACION DE SERVICIOS REALIZADOS POR PERSONAS NATURALES RELACIONADAS AL ROL DE LA ENTIDAD,7000.0,Compromiso
2026,1028,3,S,479,2026-03-04,10731109571,CAMPAÑA OLIVA CARLOS EDUARDO,106,CONTRATO MENOR,CM,,SERVICIO ADMINISTRATIVO CONTABLE II PARA LA OFICINA DE CONTABILIDAD..,640,18,2.3. 2  9. 1  1,LOCACION DE SERVICIOS REALIZADOS POR PERSONAS NATURALES RELACIONADAS AL ROL DE LA ENTIDAD,6000.0,Compromiso
2026,1028,3,S,480,2026-03-04,10719141965,PALACIOS FLORES DEISY PAMELA,106,CONTRATO MENOR,CM,,SERVICIO ADMINISTRATIVO CONTABLE III PARA LA OFICINA DE CONTABILIDAD..,641,18,2.3. 2  9. 1  1,LOCACION DE SERVICIOS REALIZADOS POR PERSONAS NATURALES RELACIONADAS AL ROL DE LA ENTIDAD,3000.0,Compromiso
2026,1028,3,S,481,2026-03-04,10470094422,MENDOZA CHUQUIMANGO KATHERINE,106,CONTRATO MENOR,CM,,SERVICIO ESPECIALIZADO EN PROCESOS ADMINISTRATIVOS Y LOGISTICOS PARA LA OFICINA DE CONTABILIDAD.,642,18,2.3. 2  9. 1  1,LOCACION DE SERVICIOS REALIZADOS POR PERSONAS NATURALES RELACIONADAS AL ROL DE LA ENTIDAD,7000.0,Compromiso
2026,1028,3,S,482,2026-03-04,10107136890,RAMIREZ TENORIO ROSAURA LINDAURA,106,CONTRATO MENOR,CM,,SERVICIO ESPECIALIZADO EN REVISIÓN DE EXPEDIENTES DE PAGO I PARA LA OFICINA DE CONTABILIDAD..,643,18,2.3. 2  9. 1  1,LOCACION DE SERVICIOS REALIZADOS POR PERSONAS NATURALES RELACIONADAS AL ROL DE LA ENTIDAD,8000.0,Compromiso
2026,1028,3,S,483,2026-03-04,10432718161,YATACO MARCOS ENRIQUE GEOANNI,106,CONTRATO MENOR,CM,,SERVICIO ESPECIALIZADO EN REVISIÓN DE EXPEDIENTES DE PAGO II PARA LA OFICINA DE CONTABILIDAD..,644,18,2.3. 2  9. 1  1,LOCACION DE SERVICIOS REALIZADOS POR PERSONAS NATURALES RELACIONADAS AL ROL DE LA ENTIDAD,8000.0,Compromiso
2026,1028,3,S,484,2026-03-04,10426921176,CHUMBIAUCA CORDOVA HENRY ALFONSO,106,CONTRATO MENOR,CM,,SERVICIO ESPECIALIZADO EN REVISIÓN DE EXPEDIENTES DE PAGO III PARA LA OFICINA DE CONTABILIDAD..,645,18,2.3. 2  9. 1  1,LOCACION DE SERVICIOS REALIZADOS POR PERSONAS NATURALES RELACIONADAS AL ROL DE LA ENTIDAD,8000.0,Compromiso
2026,1028,3,S,485,2026-03-04,10421843762,MACEDO SANGAMA ABNER IGOR,106,CONTRATO MENOR,CM,,SERVICIO DE RECOLECCION DE DATOS EN CAMPO .,728,18,2.3. 2  9. 1  1,LOCACION DE SERVICIOS REALIZADOS POR PERSONAS NATURALES RELACIONADAS AL ROL DE LA ENTIDAD,7000.0,Compromiso
2026,1028,3,S,486,2026-03-04,10482573229,CASTILLO OLAYA JORDAN YEISON,106,CONTRATO MENOR,CM,,SERVICIO ESPECIALIZADO EN ANÁLISIS DE CUENTAS CONTABLES PARA LA OFICINA DE CONTABILIDAD..,646,18,2.3. 2  9. 1  1,LOCACION DE SERVICIOS REALIZADOS POR PERSONAS NATURALES RELACIONADAS AL ROL DE LA ENTIDAD,4500.0,Compromiso
2026,1028,3,S,487,2026-03-04,10480284726,VILLANUEVA TOLEDO ELBER SAUL,106,CONTRATO MENOR,CM,,SERVICIO DE MONITOREO Y GESTION DE LA INFRAESTRUCTURA TECNOLOGICA,652,18,2.3. 2  9. 1  1,LOCACION DE SERVICIOS REALIZADOS POR PERSONAS NATURALES RELACIONADAS AL ROL DE LA ENTIDAD,25000.0,Compromiso
2026,1028,3,S,488,2026-03-04,10727647657,PALOMINO FIESTAS SERGIO ALONSO,106,CONTRATO MENOR,CM,,SERVICIO DE GESTION DE SERVICIO TECNOLOGIAS DE LA INFORMACION Y EQUIPAMIENTO TECNOLOGICO,657,18,2.3. 2  9. 1  1,LOCACION DE SERVICIOS REALIZADOS POR PERSONAS NATURALES RELACIONADAS AL ROL DE LA ENTIDAD,22500.0,Compromiso
2026,1028,3,S,489,2026-03-04,10770900706,MENDOZA ESPINOZA JIM OSCAR,106,CONTRATO MENOR,CM,,SERVICIO DE ASISTENCIA TECNICA DE APLICACIONES INFORMATICOS.,658,18,2.3. 2  9. 1  1,LOCACION DE SERVICIOS REALIZADOS POR PERSONAS NATURALES RELACIONADAS AL ROL DE LA ENTIDAD,25000.0,Compromiso
2026,1028,3,S,490,2026-03-04,10742308478,SALVADOR ARIAS JUAN GUSTAVO,106,CONTRATO MENOR,CM,,SERVICIO DE SOPORTE Y MANTENIMIENTO DE SOFTWARE DE GESTION DE INFORMACION,659,18,2.3. 2  9. 1  1,LOCACION DE SERVICIOS REALIZADOS POR PERSONAS NATURALES RELACIONADAS AL ROL DE LA ENTIDAD,25000.0,Compromiso
2026,1028,3,S,491,2026-03-04,10075367983,BRACAMONTE GONZALES FELIX EDUARDO,106,CONTRATO MENOR,CM,,SERVICIO DE SOPORTE TECNICO DE EQUIPOS DE COMPUTO Y ATENCIÓN A INCIDENCIAS,660,18,2.3. 2  9. 1  1,LOCACION DE SERVICIOS REALIZADOS POR PERSONAS NATURALES RELACIONADAS AL ROL DE LA ENTIDAD,20000.0,Compromiso
2026,1028,3,S,492,2026-03-04,10461564611,PIÑASHCA HUERTA ROGER JHOEL,106,CONTRATO MENOR,CM,,SERVICIO DE ADMINISTRACION Y MONITOREO DE REDES,662,18,2.3. 2  9. 1  1,LOCACION DE SERVICIOS REALIZADOS POR PERSONAS NATURALES RELACIONADAS AL ROL DE LA ENTIDAD,36000.0,Compromiso
2026,1028,3,S,493,2026-03-04,10475941565,PAMPA VARA ELVIS KENYO,106,CONTRATO MENOR,CM,,SERVICIO DE ANALISIS DE FUNCIONALIDADES EN SISTEMA INFORMATICO,663,18,2.3. 2  9. 1  1,LOCACION DE SERVICIOS REALIZADOS POR PERSONAS NATURALES RELACIONADAS AL ROL DE LA ENTIDAD,20000.0,Compromiso
2026,1028,3,S,494,2026-03-04,10415669670,RODRIGUEZ REVILLA VIVIANA DIANA,106,CONTRATO MENOR,CM,,SERVICIO DE AUXILIAR ADMINISTRATIVO,664,18,2.3. 2  9. 1  1,LOCACION DE SERVICIOS REALIZADOS POR PERSONAS NATURALES RELACIONADAS AL ROL DE LA ENTIDAD,8000.0,Compromiso
2026,1028,3,S,495,2026-03-04,10103171186,VARGAS SOPLIN ADALBERTO ENRIQUE,106,CONTRATO MENOR,CM,,SERVICIO DE COORDINACION EN SERVICIOS GENERALES PARA LA UNIDAD DE SERVICIOS GENERALES Y VEHICULOS,647,18,2.3. 2  9. 1  1,LOCACION DE SERVICIOS REALIZADOS POR PERSONAS NATURALES RELACIONADAS AL ROL DE LA ENTIDAD,27000.0,Compromiso
2026,1028,3,S,496,2026-03-04,10447982426,MARTINEZ ACUÑA WALTER RAUL,106,CONTRATO MENOR,CM,,SERVICIO DE SEGUIMIENTO Y CONTROL DE ACTIVIDADES ADMINISTRATIVAS PARA LA UNIDAD DE SERVICIOS GENERAL,648,18,2.3. 2  9. 1  1,LOCACION DE SERVICIOS REALIZADOS POR PERSONAS NATURALES RELACIONADAS AL ROL DE LA ENTIDAD,13500.0,Compromiso
2026,1028,3,S,497,2026-03-04,10077623081,ALVARO ESCALANTE CARLA JENNY,106,CONTRATO MENOR,CM,,SERVICIO DE GESTIÓN ADMINISTRATIVA I PARA LA UNIDAD DE SERVICIOS GENERALES Y VEHICULOS LIVIANOS .,649,18,2.3. 2  9. 1  1,LOCACION DE SERVICIOS REALIZADOS POR PERSONAS NATURALES RELACIONADAS AL ROL DE LA ENTIDAD,15000.0,Compromiso
2026,1028,3,S,498,2026-03-04,10103014498,CASTILLO ABURTO CAROLINA,106,CONTRATO MENOR,CM,,SERVICIO DE GESTIÓN ADMINISTRATIVA II PARA LA UNIDAD DE SERVICIOS GENERALES Y VEHICULOS LIVIANOS .,650,18,2.3. 2  9. 1  1,LOCACION DE SERVICIOS REALIZADOS POR PERSONAS NATURALES RELACIONADAS AL ROL DE LA ENTIDAD,15000.0,Compromiso
2026,1028,3,S,499,2026-03-04,10258343161,CAMARGO CARDENAS CLORINDA,106,CONTRATO MENOR,CM,,SERVICIO DE ASISTENCIA ADMINISTRATIVA PARA LA GESTION DE SERVICIOS Y BIENES DEL POOL DE VEHICULOS,651,18,2.3. 2  9. 1  1,LOCACION DE SERVICIOS REALIZADOS POR PERSONAS NATURALES RELACIONADAS AL ROL DE LA ENTIDAD,10500.0,Compromiso
2026,1028,3,S,500,2026-03-04,10416335791,CASTRO OJEDA MARIELA SARAHY,106,CONTRATO MENOR,CM,,SERVICIO DE MANTENIMIENTO Y LIMPIEZA DE INMUEBLES PARA LA UNIDAD DE SERVICIOS GENERALES Y VEHICULOS,653,18,2.3. 2  9. 1  1,LOCACION DE SERVICIOS REALIZADOS POR PERSONAS NATURALES RELACIONADAS AL ROL DE LA ENTIDAD,7500.0,Compromiso
2026,1028,3,S,501,2026-03-04,10459047412,TALLEDO NAZAR ENRIC GILBERT,106,CONTRATO MENOR,CM,,SERVICIO DE CONDUCCION DE VEHICULO XXII PARA LA UNIDAD DE SERVICIOS GENERALES Y VEHICULOS LIVIANOS.,654,18,2.3. 2  9. 1  1,LOCACION DE SERVICIOS REALIZADOS POR PERSONAS NATURALES RELACIONADAS AL ROL DE LA ENTIDAD,9000.0,Compromiso
2026,1028,3,S,502,2026-03-04,10258597422,SALLUCA SALLUCA JUAN ALBERTO,106,CONTRATO MENOR,CM,,SERVICIO DE CONDUCCION DE VEHICULO XXIII PARA LA UNIDAD DE SERVICIOS GENERALES Y VEHICULOS LIVIANOS,655,18,2.3. 2  9. 1  1,LOCACION DE SERVICIOS REALIZADOS POR PERSONAS NATURALES RELACIONADAS AL ROL DE LA ENTIDAD,10500.0,Compromiso
2026,1028,3,S,503,2026-03-04,10468649956,CASTREJON PEREZ CARLOS,106,CONTRATO MENOR,CM,,SERVICIO DE CONDUCCION DE VEHICULO XXIV PARA LA UNIDAD DE SERVICIOS GENERALES Y VEHICULOS LIVIANOS.,656,18,2.3. 2  9. 1  1,LOCACION DE SERVICIOS REALIZADOS POR PERSONAS NATURALES RELACIONADAS AL ROL DE LA ENTIDAD,6000.0,Compromiso
2026,1028,3,S,504,2026-03-04,10416505921,AVILA ARMAS YONEL,106,CONTRATO MENOR,CM,,SERVICIO DE SEGUIMIENTO Y MONITOREO DE PROYECTOS DE INVERSION PUBLICA .,693,18,2.3. 2  9. 1  1,LOCACION DE SERVICIOS REALIZADOS POR PERSONAS NATURALES RELACIONADAS AL ROL DE LA ENTIDAD,40000.0,Compromiso
2026,1028,3,S,505,2026-03-04,10426985824,CARDENAS SALAZAR MARCO ANTONIO,106,CONTRATO MENOR,CM,,SERVICIO DE AUXILIAR EN MANTENIMIENTO I,624,18,2.3. 2  9. 1  1,LOCACION DE SERVICIOS REALIZADOS POR PERSONAS NATURALES RELACIONADAS AL ROL DE LA ENTIDAD,7000.0,Compromiso
2026,1028,3,S,506,2026-03-04,10254864531,CUEVA CABREJOS CARLOS CIRO,106,CONTRATO MENOR,CM,,SERVICIO DE SUPERVISION DE PROCESOS LOGÍSTICOS I,625,18,2.3. 2  9. 1  1,LOCACION DE SERVICIOS REALIZADOS POR PERSONAS NATURALES RELACIONADAS AL ROL DE LA ENTIDAD,5000.0,Compromiso
2026,1028,3,S,507,2026-03-04,10077444977,DEL AGUILA PEREZ FLUCKER,106,CONTRATO MENOR,CM,,SERVICIO DE AUXILIO MECANICO AUTOMOTOR I.,626,18,2.3. 2  9. 1  1,LOCACION DE SERVICIOS REALIZADOS POR PERSONAS NATURALES RELACIONADAS AL ROL DE LA ENTIDAD,4600.0,Compromiso
2026,1028,3,S,508,2026-03-04,10095960834,FLORES DELGADO LEANDRO,106,CONTRATO MENOR,CM,,SERVICIO ESPECIALIZADO EN TEMAS DE SEGURIDAD CIUDADANA.,627,18,2.3. 2  9. 1  1,LOCACION DE SERVICIOS REALIZADOS POR PERSONAS NATURALES RELACIONADAS AL ROL DE LA ENTIDAD,12100.0,Compromiso
2026,1028,3,S,509,2026-03-04,10106830423,FLORES PONTE MARLENE PATROCINIA,106,CONTRATO MENOR,CM,,SERVICIO DE SUPERVISION DE PROCESOS LOGÍSTICOS II,628,18,2.3. 2  9. 1  1,LOCACION DE SERVICIOS REALIZADOS POR PERSONAS NATURALES RELACIONADAS AL ROL DE LA ENTIDAD,3550.0,Compromiso
2026,1028,3,S,510,2026-03-04,10257755059,BARRIONUEVO FLORES JORGE LUIS,106,CONTRATO MENOR,CM,,SERVICIO DE SEGUIMIENTO Y MONITOREO DE PROYECTOS DE INVERSION PUBLICA I PARA LA OFICINA DE CONSTRUCC,694,18,2.3. 2  9. 1  1,LOCACION DE SERVICIOS REALIZADOS POR PERSONAS NATURALES RELACIONADAS AL ROL DE LA ENTIDAD,36000.0,Compromiso
2026,1028,3,S,511,2026-03-04,10472000379,JIMENEZ RAMOS DAVIS MARTIN,106,CONTRATO MENOR,CM,,SERVICIO DE CONDUCCIÓN DE VEHICULO III.,629,18,2.3. 2  9. 1  1,LOCACION DE SERVICIOS REALIZADOS POR PERSONAS NATURALES RELACIONADAS AL ROL DE LA ENTIDAD,6200.0,Compromiso
2026,1028,3,S,512,2026-03-04,10257501219,LAOS OLIVA MORAYMA ALICIA,106,CONTRATO MENOR,CM,,SERVICIO DE ASISTENCIA TECNICA ADMINISTRATIVA.,630,18,2.3. 2  9. 1  1,LOCACION DE SERVICIOS REALIZADOS POR PERSONAS NATURALES RELACIONADAS AL ROL DE LA ENTIDAD,6000.0,Compromiso
2026,1028,3,S,513,2026-03-04,10254356935,MACEDO NARAZA JANET TERESA,106,CONTRATO MENOR,CM,,SERVICIO ESPECIALIZADO EN PROCESOS ADMINISTRATIVOS.,631,18,2.3. 2  9. 1  1,LOCACION DE SERVICIOS REALIZADOS POR PERSONAS NATURALES RELACIONADAS AL ROL DE LA ENTIDAD,10000.0,Compromiso
2026,1028,3,S,514,2026-03-04,10257635401,MENDOZA ARROYO DE CAJO LEONCIA,106,CONTRATO MENOR,CM,,SERVICIO DE ORIENTACIÓN Y REGISTRO DE VISITAS.,632,18,2.3. 2  9. 1  1,LOCACION DE SERVICIOS REALIZADOS POR PERSONAS NATURALES RELACIONADAS AL ROL DE LA ENTIDAD,2400.0,Compromiso
2026,1028,3,S,515,2026-03-04,10254621272,MORON DIAZ JAIME ALBERTO,106,CONTRATO MENOR,CM,,SERVICIO DE ASISTENCIA EN SEGURIDAD,633,18,2.3. 2  9. 1  1,LOCACION DE SERVICIOS REALIZADOS POR PERSONAS NATURALES RELACIONADAS AL ROL DE LA ENTIDAD,5400.0,Compromiso
2026,1028,3,S,516,2026-03-04,10419111185,PANDURO DOMINGUEZ PAQUITA,106,CONTRATO MENOR,CM,,SERVICIO DE ASISTENCIA TECNICA ADMINISTRATIVA.,634,18,2.3. 2  9. 1  1,LOCACION DE SERVICIOS REALIZADOS POR PERSONAS NATURALES RELACIONADAS AL ROL DE LA ENTIDAD,6000.0,Compromiso
2026,1028,3,S,517,2026-03-04,10257569123,SALLUCA TITO ALBERTO,106,CONTRATO MENOR,CM,,SERVICIO DE ORDENAMIENTO DE LOS BIENES DE ALMACEN I..,635,18,2.3. 2  9. 1  1,LOCACION DE SERVICIOS REALIZADOS POR PERSONAS NATURALES RELACIONADAS AL ROL DE LA ENTIDAD,5400.0,Compromiso
2026,1028,3,S,518,2026-03-04,10802411087,SILUPU GUILLEN SARA MASHYEL,106,CONTRATO MENOR,CM,,SEGUIMIENTO Y MONITOREO DEL SERVICIO DE SEGURIDAD Y VIGILANCIA V.,636,18,2.3. 2  9. 1  1,LOCACION DE SERVICIOS REALIZADOS POR PERSONAS NATURALES RELACIONADAS AL ROL DE LA ENTIDAD,2400.0,Compromiso
2026,1028,3,S,519,2026-03-04,10068151649,SUAREZ HERRERA OSCAR TEOFILO,106,CONTRATO MENOR,CM,,SERVICIO DE AUXILIAR EN MANTENIMIENTO II.,637,18,2.3. 2  9. 1  1,LOCACION DE SERVICIOS REALIZADOS POR PERSONAS NATURALES RELACIONADAS AL ROL DE LA ENTIDAD,7000.0,Compromiso
2026,1028,3,S,520,2026-03-04,10761263663,QUEZADA RAMOS EDER NEL,106,CONTRATO MENOR,CM,,SERVICIO DE SEGUIMIENTO Y MONITOREO DE PROYECTOS DE INVERSION PUBLICA II PARA LA OFICINA DE CONSTRUC,695,18,2.3. 2  9. 1  1,LOCACION DE SERVICIOS REALIZADOS POR PERSONAS NATURALES RELACIONADAS AL ROL DE LA ENTIDAD,32000.0,Compromiso
2026,1028,3,S,521,2026-03-04,10008456106,ZORRILLA GALICIA CARLOS ENRIQUE,106,CONTRATO MENOR,CM,,SERVICIO DE CONDUCCIÓN DE VEHICULO VII.,638,18,2.3. 2  9. 1  1,LOCACION DE SERVICIOS REALIZADOS POR PERSONAS NATURALES RELACIONADAS AL ROL DE LA ENTIDAD,7000.0,Compromiso
2026,1028,3,S,522,2026-03-04,10727405751,ALBA SANTA CRUZ BELLA FLOR,106,CONTRATO MENOR,CM,,SERVICIO DE SEGUIMIENTO Y MONITOREO DE LAS OBRAS I PARA COORDINACION DE LA EJECUCIÓN DE INVERSIONES,696,18,2.3. 2  9. 1  1,LOCACION DE SERVICIOS REALIZADOS POR PERSONAS NATURALES RELACIONADAS AL ROL DE LA ENTIDAD,22500.0,Compromiso
2026,1028,3,S,523,2026-03-04,10258397954,ALVARADO DAÑINO MARCO ANTONIO,106,CONTRATO MENOR,CM,,SERVICIO DE COORDINACIÓN DE TOMA DE INVENTARIO FISICO DE BIENES PATRIMONIALES .,742,18,2.3. 2  9. 1  1,LOCACION DE SERVICIOS REALIZADOS POR PERSONAS NATURALES RELACIONADAS AL ROL DE LA ENTIDAD,5000.0,Compromiso
2026,1028,3,S,524,2026-03-04,10461147998,ALCOSER LLACTA FARLY BORIS,106,CONTRATO MENOR,CM,,SERVICIO DE SUPERVISIÓN PARA LA TOMA DE INVENTARIO .,744,18,2.3. 2  9. 1  1,LOCACION DE SERVICIOS REALIZADOS POR PERSONAS NATURALES RELACIONADAS AL ROL DE LA ENTIDAD,5500.0,Compromiso
2026,1028,3,S,525,2026-03-04,10714579890,CAMPOS PURIZAGA  ALEJANDRA,106,CONTRATO MENOR,CM,,SERVICIO ADMINISTRATIVO EN CONTROL PATRIMONIAL .,745,18,2.3. 2  9. 1  1,LOCACION DE SERVICIOS REALIZADOS POR PERSONAS NATURALES RELACIONADAS AL ROL DE LA ENTIDAD,5000.0,Compromiso
2026,1028,3,S,526,2026-03-04,10748343933,LOZANO BAUTISTA BRENDA GERALDINE,106,CONTRATO MENOR,CM,,SERVICIO DE PROCESAMIENTO DE INFORMACIÓN DE INVENTARIOS  I .,746,18,2.3. 2  9. 1  1,LOCACION DE SERVICIOS REALIZADOS POR PERSONAS NATURALES RELACIONADAS AL ROL DE LA ENTIDAD,4500.0,Compromiso
2026,1028,3,S,527,2026-03-04,10421303032,PONCE ASENCIOS JUAN MANUEL,106,CONTRATO MENOR,CM,,SERVICIO DE PROCESAMIENTO DE INFORMACIÓN DE INVENTARIOS  II .,747,18,2.3. 2  9. 1  1,LOCACION DE SERVICIOS REALIZADOS POR PERSONAS NATURALES RELACIONADAS AL ROL DE LA ENTIDAD,4500.0,Compromiso
2026,1028,3,S,528,2026-03-04,10730127770,LOZANO TELLO MARIELA NICOL,106,CONTRATO MENOR,CM,,SERVICIO DE SEGUIMIENTO DE ACTIVIDADES ADMINISTRATIVOS.,748,18,2.3. 2  9. 1  1,LOCACION DE SERVICIOS REALIZADOS POR PERSONAS NATURALES RELACIONADAS AL ROL DE LA ENTIDAD,4000.0,Compromiso
2026,1028,3,S,529,2026-03-04,10702292889,LLAGAS REYNA GABRIEL ALEJANDRO,106,CONTRATO MENOR,CM,,SERVICIO DE BUSQUEDA DE BIENES FALTANTES DE INVENTARIO FISICO.,749,18,2.3. 2  9. 1  1,LOCACION DE SERVICIOS REALIZADOS POR PERSONAS NATURALES RELACIONADAS AL ROL DE LA ENTIDAD,4000.0,Compromiso
2026,1028,3,S,530,2026-03-04,10747621522,MUÑOZ CARRILLO JOHN STEVEN RICARDO,106,CONTRATO MENOR,CM,,SERVICIO DE ASISTENCIA EN PROCESAMIENTO DE BASE DE DATOS.,750,18,2.3. 2  9. 1  1,LOCACION DE SERVICIOS REALIZADOS POR PERSONAS NATURALES RELACIONADAS AL ROL DE LA ENTIDAD,4000.0,Compromiso
2026,1028,3,S,531,2026-03-04,10764379166,URBANO ROMAN JUNIOR FRANCISCO VICTOR,106,CONTRATO MENOR,CM,,SERVICIO DE INVENTARIO DE EXISTENCIAS DE ALMACEN I .,751,18,2.3. 2  9. 1  1,LOCACION DE SERVICIOS REALIZADOS POR PERSONAS NATURALES RELACIONADAS AL ROL DE LA ENTIDAD,3500.0,Compromiso
2026,1028,3,S,532,2026-03-04,10467318158,VEGA REATEGUI JUANA  AURORA,106,CONTRATO MENOR,CM,,SERVICIO DE INVENTARIO DE EXISTENCIAS DE ALMACEN II.,752,18,2.3. 2  9. 1  1,LOCACION DE SERVICIOS REALIZADOS POR PERSONAS NATURALES RELACIONADAS AL ROL DE LA ENTIDAD,3500.0,Compromiso
2026,1028,3,S,533,2026-03-04,10452694340,VALVERDE ALIAGA DENNIS COOPER,106,CONTRATO MENOR,CM,,.SERVICIO INVENTARIADOR P/TOMA DE INVENTARIO FISICO DE BIENES PATRIM.Y EXIST. ALMACEN I .,753,18,2.3. 2  9. 1  1,LOCACION DE SERVICIOS REALIZADOS POR PERSONAS NATURALES RELACIONADAS AL ROL DE LA ENTIDAD,3000.0,Compromiso
2026,1028,3,S,534,2026-03-04,10776910142,CAMASCA ECHEVARRIA ROBERTO DAVID,106,CONTRATO MENOR,CM,,SERVICIO INVENTARIADOR P/TOMA DE INVENTARIO FISICO DE BIENES PATRIM.Y EXIST. ALMACEN II .,754,18,2.3. 2  9. 1  1,LOCACION DE SERVICIOS REALIZADOS POR PERSONAS NATURALES RELACIONADAS AL ROL DE LA ENTIDAD,3000.0,Compromiso
2026,1028,3,S,535,2026-03-04,10401591406,PRADO TORRES JOSE MARTIN,106,CONTRATO MENOR,CM,,SERVICIO INVENTARIADOR P/TOMA DE INVENTARIO FISICO DE BIENES PATRIM.Y EXIST. ALMACEN III.,755,18,2.3. 2  9. 1  1,LOCACION DE SERVICIOS REALIZADOS POR PERSONAS NATURALES RELACIONADAS AL ROL DE LA ENTIDAD,3000.0,Compromiso
2026,1028,3,S,536,2026-03-04,10403874421,MANCHEGO MORALES JOSE OMAR,106,CONTRATO MENOR,CM,,SERVICIO DE INVENTARIO DE PREDIOS.,756,18,2.3. 2  9. 1  1,LOCACION DE SERVICIOS REALIZADOS POR PERSONAS NATURALES RELACIONADAS AL ROL DE LA ENTIDAD,3000.0,Compromiso
2026,1028,3,S,537,2026-03-04,10753619955,BALCAZAR TRUJILLO YAZMIN ALEXA,106,CONTRATO MENOR,CM,,SERVICIO DE DIGITACIÓN I .,757,18,2.3. 2  9. 1  1,LOCACION DE SERVICIOS REALIZADOS POR PERSONAS NATURALES RELACIONADAS AL ROL DE LA ENTIDAD,3000.0,Compromiso
2026,1028,3,S,538,2026-03-04,10166935437,FERNANDEZ RIOJA DANY DANIA,106,CONTRATO MENOR,CM,,SERVICIO DE DIGITACIÓN II.,758,18,2.3. 2  9. 1  1,LOCACION DE SERVICIOS REALIZADOS POR PERSONAS NATURALES RELACIONADAS AL ROL DE LA ENTIDAD,3000.0,Compromiso
2026,1028,3,S,539,2026-03-04,10094469835,SOLIS MAITA LUIS JESUS,106,CONTRATO MENOR,CM,,SERVICIO DE DIGITACIÓN III .,759,18,2.3. 2  9. 1  1,LOCACION DE SERVICIOS REALIZADOS POR PERSONAS NATURALES RELACIONADAS AL ROL DE LA ENTIDAD,3000.0,Compromiso
2026,1028,3,S,540,2026-03-04,10099319203,MUÑOZ MONCADA ANA CECILIA,106,CONTRATO MENOR,CM,,SERVICIO DE DIGITACIÓN IV .,760,18,2.3. 2  9. 1  1,LOCACION DE SERVICIOS REALIZADOS POR PERSONAS NATURALES RELACIONADAS AL ROL DE LA ENTIDAD,3000.0,Compromiso
2026,1028,3,S,541,2026-03-04,10717444341,CORDOVA FLORES JOSUE PEDRO,106,CONTRATO MENOR,CM,,SERVICIO DE INVENTARIO DE BIENES MUEBLES I .,761,18,2.3. 2  9. 1  1,LOCACION DE SERVICIOS REALIZADOS POR PERSONAS NATURALES RELACIONADAS AL ROL DE LA ENTIDAD,2500.0,Compromiso
2026,1028,3,S,542,2026-03-04,10719179971,FUENTES MEDINA NICOLE FRANCCESCA,106,CONTRATO MENOR,CM,,SERVICIO DE INVENTARIO DE BIENES MUEBLES II .,762,18,2.3. 2  9. 1  1,LOCACION DE SERVICIOS REALIZADOS POR PERSONAS NATURALES RELACIONADAS AL ROL DE LA ENTIDAD,2500.0,Compromiso
2026,1028,3,S,543,2026-03-04,10253304583,MUÑOZ REFORME MARCOS JOHNNY,106,CONTRATO MENOR,CM,,SERVICIO DE INVENTARIO DE BIENES MUEBLES III .,763,18,2.3. 2  9. 1  1,LOCACION DE SERVICIOS REALIZADOS POR PERSONAS NATURALES RELACIONADAS AL ROL DE LA ENTIDAD,2500.0,Compromiso
2026,1028,3,S,544,2026-03-04,10067497827,GONZALES EFIO GRACIANO DEMETRIO,106,CONTRATO MENOR,CM,,SERVICIO DE INVENTARIO DE BIENES MUEBLES IV .,764,18,2.3. 2  9. 1  1,LOCACION DE SERVICIOS REALIZADOS POR PERSONAS NATURALES RELACIONADAS AL ROL DE LA ENTIDAD,2500.0,Compromiso
2026,1028,3,S,545,2026-03-04,10403413441,PALACIOS OCAÑA MIGUELINA DOMINGA,106,CONTRATO MENOR,CM,,SERVICIO DE INVENTARIO DE BIENES MUEBLES V .,765,18,2.3. 2  9. 1  1,LOCACION DE SERVICIOS REALIZADOS POR PERSONAS NATURALES RELACIONADAS AL ROL DE LA ENTIDAD,2500.0,Compromiso
2026,1028,3,S,546,2026-03-04,10800997785,GUERRERO CASTRO CARLOS ALFONSO,106,CONTRATO MENOR,CM,,SERVICIO DE LEVANTAMIENTO DE INFORMACIÓN DE BIENES MUEBLES I .,766,18,2.3. 2  9. 1  1,LOCACION DE SERVICIOS REALIZADOS POR PERSONAS NATURALES RELACIONADAS AL ROL DE LA ENTIDAD,2500.0,Compromiso
2026,1028,3,S,547,2026-03-04,10257010487,OLAYA PIMENTEL MARCO ANTONIO,106,CONTRATO MENOR,CM,,SERVICIO DE LEVANTAMIENTO DE INFORMACIÓN DE BIENES MUEBLES II .,767,18,2.3. 2  9. 1  1,LOCACION DE SERVICIOS REALIZADOS POR PERSONAS NATURALES RELACIONADAS AL ROL DE LA ENTIDAD,2500.0,Compromiso
2026,1028,3,S,548,2026-03-04,10721927216,JIMENEZ DIAZ EMANUEL,106,CONTRATO MENOR,CM,,SERVICIO DE LEVANTAMIENTO DE INFORMACIÓN DE BIENES MUEBLES III.,768,18,2.3. 2  9. 1  1,LOCACION DE SERVICIOS REALIZADOS POR PERSONAS NATURALES RELACIONADAS AL ROL DE LA ENTIDAD,2500.0,Compromiso
2026,1028,3,S,549,2026-03-04,10727797764,AVILES ASALDE JIMENA PATRICIA,106,CONTRATO MENOR,CM,,SERVICIO DE INVENTARIO I.,769,18,2.3. 2  9. 1  1,LOCACION DE SERVICIOS REALIZADOS POR PERSONAS NATURALES RELACIONADAS AL ROL DE LA ENTIDAD,2000.0,Compromiso
2026,1028,3,S,550,2026-03-04,10405792155,LOPEZ FLORES GLENY,106,CONTRATO MENOR,CM,,SERVICIO DE INVENTARIO II.,770,18,2.3. 2  9. 1  1,LOCACION DE SERVICIOS REALIZADOS POR PERSONAS NATURALES RELACIONADAS AL ROL DE LA ENTIDAD,2000.0,Compromiso
2026,1028,3,S,551,2026-03-04,10704556549,NIKER BELLIDO MARTINEZ,106,CONTRATO MENOR,CM,,SERVICIO DE CONDUCCION DE VEHICULO.,743,18,2.3. 2  9. 1  1,LOCACION DE SERVICIOS REALIZADOS POR PERSONAS NATURALES RELACIONADAS AL ROL DE LA ENTIDAD,3000.0,Compromiso
2026,1028,3,S,552,2026-03-04,10418767664,TERRONES MARIÑOS CESAR ALBERTO,106,CONTRATO MENOR,CM,,SERVICIO DE SEGUIMIENTO Y MONITOREO DE LAS OBRAS II PARA COORDINACION DE LA EJECUCIÓN DE INVERSIONES,697,18,2.3. 2  9. 1  1,LOCACION DE SERVICIOS REALIZADOS POR PERSONAS NATURALES RELACIONADAS AL ROL DE LA ENTIDAD,21000.0,Compromiso
2026,1028,3,S,553,2026-03-04,10401112737,PINTO ARMAS VANESSA PAOLA,106,CONTRATO MENOR,CM,,"SERVICIO DE AMBIENTACIÓN, DECORACIÓN E IMPLEMENTACIÓN DE ESCENARIO EN AUDITORIO PARA EL DESARROLLO",661,18,2.3. 2  7. 9 99,OTROS RELACIONADOS A ORGANIZACION DE EVENTOS,40000.0,Compromiso
2026,1028,3,S,554,2026-03-04,10726383729,ESPINO RODRIGUEZ RICHARD STEPHEN,106,CONTRATO MENOR,CM,,SERVICIO DE SEGUIMIENTO Y MONITOREO DE LAS OBRAS III PARA COORDINACION DE LA EJECUCIÓN DE INVERSIONE,698,18,2.3. 2  9. 1  1,LOCACION DE SERVICIOS REALIZADOS POR PERSONAS NATURALES RELACIONADAS AL ROL DE LA ENTIDAD,28000.0,Compromiso
2026,1028,3,S,555,2026-03-04,10316762862,HENRY FREDERYCK ROSALES VELASQUEZ,106,CONTRATO MENOR,CM,,SERVICIO DE SEGUIMIENTO Y MONITOREO DE LAS OBRAS PARA COORDINACION DE LA EJECUCIÓN DE INVERSIONES DE,699,18,2.3. 2  9. 1  1,LOCACION DE SERVICIOS REALIZADOS POR PERSONAS NATURALES RELACIONADAS AL ROL DE LA ENTIDAD,24000.0,Compromiso
2026,1028,3,S,556,2026-03-04,10102507725,RUJEL TAVARA DAVID BENJAMIN,106,CONTRATO MENOR,CM,,SERVICIO DE ALIMENTACIÓN DE PERSONAS - CATERING PARA EL DESARROLLO,665,18,2.3. 2  7.11  5,SERVICIOS DE ALIMENTACION DE CONSUMO HUMANO,28000.0,Compromiso
2026,1028,3,S,557,2026-03-04,10084777078,OROSCO LEON JOSE LUIS,106,CONTRATO MENOR,CM,,SERVICIO ESPECIALIZADO EN LIQUIDACION DE PROYECTOS DE INVERSION PARA LA OFICINA DE CONSTRUCCION Y VI,700,18,2.3. 2  9. 1  1,LOCACION DE SERVICIOS REALIZADOS POR PERSONAS NATURALES RELACIONADAS AL ROL DE LA ENTIDAD,24000.0,Compromiso
2026,1028,3,S,558,2026-03-04,20608136691,EFICASERVIX E.I.R.L.,106,CONTRATO MENOR,CM,,SERVICIO DE ALQUILER DE MOBILIARIO Y ESTRUCTURAS METÁLICAS PARA EL DESARROLLO,666,18,2.3. 2  5. 1  3,DE MOBILIARIO Y SIMILARES,43000.0,Compromiso
2026,1028,3,S,559,2026-03-04,10466310064,CANTORAL DELGADILLO CATHERINE SARA,106,CONTRATO MENOR,CM,,SERVICIO ESPECIALIZADO EN LIQUIDACION DE PROYECTOS DE INVERSION I PARA LA OFICINA DE CONSTRUCCION,701,18,2.3. 2  9. 1  1,LOCACION DE SERVICIOS REALIZADOS POR PERSONAS NATURALES RELACIONADAS AL ROL DE LA ENTIDAD,24000.0,Compromiso
2026,1028,3,S,560,2026-03-04,10077733804,CECILIA ELISA MONTENEGRO JOO,106,CONTRATO MENOR,CM,,SERVICIO DE ARQUITECTURA DE PROYECTOS DE INVERSION PARA LA OFICINA DE CONSTRUCCION Y VIALIDAD DE LA,702,18,2.3. 2  9. 1  1,LOCACION DE SERVICIOS REALIZADOS POR PERSONAS NATURALES RELACIONADAS AL ROL DE LA ENTIDAD,24000.0,Compromiso
2026,1028,3,S,561,2026-03-04,20610253882,MISAICO PRODUCCIONES S.A.C.,106,CONTRATO MENOR,CM,,SERVICIO DE ALQUILER DE EQUIPOS AUDIOVISUALES PARA EL DESARROLLO,667,18,2.3. 2  5. 1  4,DE MAQUINARIAS Y EQUIPOS,43500.0,Compromiso
2026,1028,3,S,562,2026-03-04,20601273391,CRIVER NEGOCIOS INTEGRALES SOCIEDAD ANONIMA CERRADA - CRIVER NEGOCIOS INTEGRALES S.A.C.,106,CONTRATO MENOR,CM,,SERVICIO DE ALQUILER DE EQUIPO ELECTRÓGENO PARA EL DESARROLLO,668,18,2.3. 2  5. 1  4,DE MAQUINARIAS Y EQUIPOS,12000.0,Compromiso
2026,1028,3,S,563,2026-03-04,10086566805,MIRANDA BUENO SANTOS RAFAEL,106,CONTRATO MENOR,CM,,SERVICIO ESPECIALIZADO EN INGENIERIA ELECTRICA PARA LA OFICINA DE CONSTRUCCION Y VIALIDAD DE LA GERE,703,18,2.3. 2  9. 1  1,LOCACION DE SERVICIOS REALIZADOS POR PERSONAS NATURALES RELACIONADAS AL ROL DE LA ENTIDAD,24000.0,Compromiso
2026,1028,3,S,564,2026-03-04,10476916114,LEON ANAYA LARISSA KATERING,106,CONTRATO MENOR,CM,,SERVICIO DE ELABORACION DE EXPEDIENTES TECNICOS PARA INSTALACIONES SANITARIAS DE LOS PROYECTOS DE ED,704,18,2.3. 2  9. 1  1,LOCACION DE SERVICIOS REALIZADOS POR PERSONAS NATURALES RELACIONADAS AL ROL DE LA ENTIDAD,32000.0,Compromiso
2026,1028,3,S,565,2026-03-04,10723543709,REDUCINDO TORRES JEANNPIERR JAINER,106,CONTRATO MENOR,CM,,SERVICIO ESPECIALIZADO EN MATERIA LEGAL EN GESTION PUBLICA PARA LA OFICINA DE CONSTRUCCION Y VIALIDA,705,18,2.3. 2  9. 1  1,LOCACION DE SERVICIOS REALIZADOS POR PERSONAS NATURALES RELACIONADAS AL ROL DE LA ENTIDAD,40000.0,Compromiso
2026,1028,3,S,566,2026-03-04,10701894958,LUIS ALBERTO LLANOS JULCARIMA,106,CONTRATO MENOR,CM,,SERVICIO DE COORDINACION DE PROYECTOS DE INVERSION PARA LA OFICINA DE CONSTRUCCIÓN Y VIALIDAD DE LA,706,18,2.3. 2  9. 1  1,LOCACION DE SERVICIOS REALIZADOS POR PERSONAS NATURALES RELACIONADAS AL ROL DE LA ENTIDAD,14000.0,Compromiso
2026,1028,3,S,567,2026-03-04,10468409572,MELISSA MARCELINA CORZO PENADILLO,106,CONTRATO MENOR,CM,,SERVICIO DE ASISTENCIA PARA DESPACHO DE DOCUMENTOS DE SECRETARIA DE LA OFICINA DE CONSTRUCCION Y VIA,707,18,2.3. 2  9. 1  1,LOCACION DE SERVICIOS REALIZADOS POR PERSONAS NATURALES RELACIONADAS AL ROL DE LA ENTIDAD,14000.0,Compromiso
2026,1028,3,S,568,2026-03-04,10477078163,VILELA OJEDA GABRIELA DEL PILAR,106,CONTRATO MENOR,CM,,SERVICIO DE ASISTENCIA TECNICA ADMINISTRATIVA PARA LA OFICINA DE CONSTRUCCION Y VIALIDAD DE LA GEREN,708,18,2.3. 2  9. 1  1,LOCACION DE SERVICIOS REALIZADOS POR PERSONAS NATURALES RELACIONADAS AL ROL DE LA ENTIDAD,10500.0,Compromiso
2026,1028,3,S,569,2026-03-04,10465897444,MEDINA PERALTA CHRISTIAN DANIEL,106,CONTRATO MENOR,CM,,SERVICIO DE ARQUITECTURA DE PROYECTOS PARA EL PLAN DE CONTINGENCIA DE LA OFICINA DE CONSTRUCCION Y V,709,18,2.3. 2  9. 1  1,LOCACION DE SERVICIOS REALIZADOS POR PERSONAS NATURALES RELACIONADAS AL ROL DE LA ENTIDAD,14000.0,Compromiso
2026,1028,3,S,570,2026-03-04,10763147083,CROSBY TINUCO MARYCIELO,106,CONTRATO MENOR,CM,,SERVICIO DE ARQUITECTURA DE PROYECTOS II DE INVERSION PARA LA OFICINA DE CONSTRUCCION Y VIALIDAD DE,710,18,2.3. 2  9. 1  1,LOCACION DE SERVICIOS REALIZADOS POR PERSONAS NATURALES RELACIONADAS AL ROL DE LA ENTIDAD,15000.0,Compromiso
2026,1028,3,S,571,2026-03-04,10403466803,RODRIGUEZ RIVAS ROLANDO JOHAN,106,CONTRATO MENOR,CM,,SERVICIO ESPECIALIZADO EN INGENIERIA ELECTRONICA EN AUTOMATIZACION Y CONTROL PARA LA OFICINA DE CONS,711,18,2.3. 2  9. 1  1,LOCACION DE SERVICIOS REALIZADOS POR PERSONAS NATURALES RELACIONADAS AL ROL DE LA ENTIDAD,24000.0,Compromiso
2026,1028,3,S,572,2026-03-04,10455152874,CASTILLO LARA MARIE ANTOINETTE LUCIANA,106,CONTRATO MENOR,CM,,SERVICIO ESPECIALIZADO EN MATERIA LEGAL PARA LA OFICINA DE CONSTRUCCION Y VIALIDAD DE LA GERENCIA RE,712,18,2.3. 2  9. 1  1,LOCACION DE SERVICIOS REALIZADOS POR PERSONAS NATURALES RELACIONADAS AL ROL DE LA ENTIDAD,32000.0,Compromiso
2026,1028,3,S,573,2026-03-04,10404918015,BARDON RAMOS MARIO FRANCISCO,106,CONTRATO MENOR,CM,,SERVICIO DE ASISTENCIA TECNICA EN PROYECTOS DE INVERSION PUBLICA PARA LA OFICINA DE CONSTRUCCION Y V,713,18,2.3. 2  9. 1  1,LOCACION DE SERVICIOS REALIZADOS POR PERSONAS NATURALES RELACIONADAS AL ROL DE LA ENTIDAD,26000.0,Compromiso
2026,1028,3,S,574,2026-03-04,10707927530,RAMOS DIAZ JHULIANA,106,CONTRATO MENOR,CM,,SERVICIO DE GESTION ADMINISTRATIVA PARA LA OFICINA DE CONSTRUCCION Y VIALIDAD DE LA GERENCIA REGIONA,714,18,2.3. 2  9. 1  1,LOCACION DE SERVICIOS REALIZADOS POR PERSONAS NATURALES RELACIONADAS AL ROL DE LA ENTIDAD,14000.0,Compromiso
2026,1028,3,S,575,2026-03-04,10718313665,DIAZ HUERTA STEPHANIE SHARON,106,CONTRATO MENOR,CM,,SERVICIO ADMINISTRATIVO EN LOGISTICA.,715,18,2.3. 2  9. 1  1,LOCACION DE SERVICIOS REALIZADOS POR PERSONAS NATURALES RELACIONADAS AL ROL DE LA ENTIDAD,18000.0,Compromiso
2026,1028,3,S,576,2026-03-04,10736554033,CHRISTIAN MANUEL CANALES GARCIA,106,CONTRATO MENOR,CM,,SERVICIO DE ELABORACON DE CONTENIDOS COMUNICACIONALES.,716,18,2.3. 2  9. 1  1,LOCACION DE SERVICIOS REALIZADOS POR PERSONAS NATURALES RELACIONADAS AL ROL DE LA ENTIDAD,5500.0,Compromiso
2026,1028,3,S,577,2026-03-04,10700228571,LAZO PACHECO DANITZA TRINIDAD.,106,CONTRATO MENOR,CM,,SERVICIO DE GESTIÓN EN ACTIVIDADES DEL MEDIO AMBIENTE .,717,18,2.3. 2  9. 1  1,LOCACION DE SERVICIOS REALIZADOS POR PERSONAS NATURALES RELACIONADAS AL ROL DE LA ENTIDAD,6000.0,Compromiso
2026,1028,3,S,578,2026-03-04,10470878016,SACRAVILCA CASANOVA AMPARO MARILYN,106,CONTRATO MENOR,CM,,SERVICIO ESPECIALIZADO EN INGENIERIA AMBIENTAL.,718,18,2.3. 2  9. 1  1,LOCACION DE SERVICIOS REALIZADOS POR PERSONAS NATURALES RELACIONADAS AL ROL DE LA ENTIDAD,6000.0,Compromiso
2026,1028,3,S,579,2026-03-04,10728439004,ALIAGA ORTIZ MIRLA GERALDIN,106,CONTRATO MENOR,CM,,SERVICIO ESPECIALIZADO EN MATERIA LEGAL EN GESTIÓN PÚBLICA.,719,18,2.3. 2  9. 1  1,LOCACION DE SERVICIOS REALIZADOS POR PERSONAS NATURALES RELACIONADAS AL ROL DE LA ENTIDAD,18000.0,Compromiso
2026,1028,3,S,580,2026-03-04,10454976059,MEDINA OROPEZA CHRISTIAN ALBERT,106,CONTRATO MENOR,CM,,SERVICIO DE ASISTENCIA TECNICA EN INGENIERÍA.,720,18,2.3. 2  9. 1  1,LOCACION DE SERVICIOS REALIZADOS POR PERSONAS NATURALES RELACIONADAS AL ROL DE LA ENTIDAD,21000.0,Compromiso
2026,1028,3,S,581,2026-03-04,10433181412,MIRANDA VELARDE SILA GABRIELA,106,CONTRATO MENOR,CM,,"SERVICIO DE GESTIÓN, ANÁLISIS Y ATENCIÓN ADMINISTRATIVA.",721,18,2.3. 2  9. 1  1,LOCACION DE SERVICIOS REALIZADOS POR PERSONAS NATURALES RELACIONADAS AL ROL DE LA ENTIDAD,12000.0,Compromiso
2026,1028,3,S,582,2026-03-04,10468940031,CRUZ VEGA SUSY BEATRIZ,106,CONTRATO MENOR,CM,,SERVICIO DE EVALUACION EN TEMAS AMBIENTALES.,722,18,2.3. 2  9. 1  1,LOCACION DE SERVICIOS REALIZADOS POR PERSONAS NATURALES RELACIONADAS AL ROL DE LA ENTIDAD,19500.0,Compromiso
2026,1028,3,S,583,2026-03-04,10705041739,JIMENEZ VASQUEZ ALEX RAUL,106,CONTRATO MENOR,CM,,SERVICIO ESPECIALIZADO EN SISTEMAS DE INFORMACION GEOGRAFICA II.,723,18,2.3. 2  9. 1  1,LOCACION DE SERVICIOS REALIZADOS POR PERSONAS NATURALES RELACIONADAS AL ROL DE LA ENTIDAD,16500.0,Compromiso
2026,1028,3,S,583,2026-03-04,10705041739,JIMENEZ VASQUEZ ALEX RAUL,106,CONTRATO MENOR,CM,,SERVICIO ESPECIALIZADO EN SISTEMAS DE INFORMACION GEOGRAFICA II.,723,18,2.3. 2  9. 1  1,LOCACION DE SERVICIOS REALIZADOS POR PERSONAS NATURALES RELACIONADAS AL ROL DE LA ENTIDAD,-5500.0,Rebaja
2026,1028,3,S,584,2026-03-04,10480367532,PESCETTO CHAVEZ CESAR JOSEPH,106,CONTRATO MENOR,CM,,SERVICIOS ESPECIALIZADOS EN MEDIO AMBIENTE.,724,18,2.3. 2  9. 1  1,LOCACION DE SERVICIOS REALIZADOS POR PERSONAS NATURALES RELACIONADAS AL ROL DE LA ENTIDAD,7000.0,Compromiso
2026,1028,3,S,585,2026-03-05,20553556903,JP GROUP SOLUTIONS S.A.C.,106,CONTRATO MENOR,CM,,SERVICIO DE SHOW ARTÍSTICO PARA EL DESARROLLO,730,18,2.3. 2  7.10  1,"SEMINARIOS ,TALLERES Y SIMILARES ORGANIZADOS POR LA  INSTITUCION",43000.0,Compromiso
2026,1028,3,S,586,2026-03-05,20601273391,CRIVER NEGOCIOS INTEGRALES SOCIEDAD ANONIMA CERRADA - CRIVER NEGOCIOS INTEGRALES S.A.C.,106,CONTRATO MENOR,CM,,ALQUILER DE JUEGOS INFANTILES,731,18,2.3. 2  5. 1 99,DE OTROS BIENES Y ACTIVOS,10000.0,Compromiso
2026,1028,3,S,587,2026-03-05,20606535679,REPRESENTACIONES AYLLU E.I.R.L.,106,CONTRATO MENOR,CM,,ALQUILER DE SANITARIO QUÍMICO PORTÁTIL,732,18,2.3. 2  5. 1 99,DE OTROS BIENES Y ACTIVOS,10000.0,Compromiso
2026,1028,3,S,588,2026-03-05,20612254771,NEGOCIOS & INVERSIONES TRADING M E.I.R.L,106,CONTRATO MENOR,CM,,SERVICIO DE PRODUCCIÓN FOTOGRÁFICA,733,18,2.3. 2  7.10  1,"SEMINARIOS ,TALLERES Y SIMILARES ORGANIZADOS POR LA  INSTITUCION",20000.0,Compromiso
2026,1028,3,S,589,2026-03-05,20522337804,A MARELO PRODUCCIONES S.R.L,106,CONTRATO MENOR,CM,,SERVICIO DE ALQUILER DE ÓMNIBUS PARA EL DESARROLLO,734,18,2.3. 2  5. 1  2,DE VEHICULOS,20000.0,Compromiso
2026,1028,3,S,590,2026-03-05,20566537673,INVERSIONES MATVEN S.A.C,106,CONTRATO MENOR,CM,,SERVICIO DE ORGANIZACION DE EVENTO VIVA LA MUJER CHALACA,736,18,2.3. 2  7. 9 99,OTROS RELACIONADOS A ORGANIZACION DE EVENTOS,35100.0,Compromiso
2026,1028,3,S,591,2026-03-05,10717969133,PAREDES LAGOS ANTHONY JAVIER,106,CONTRATO MENOR,CM,,SERVICIO DE ENSEÑANZA DE ACTIVIDADES DEPORTIVAS DE AJEDREZ: ?INCREMENTO DE ACTIVIDADES DEPORTIVAS Y RECREATIVAS EN LA POBLACIÓN CHALACA?,771,18,2.3. 2  9. 1  1,LOCACION DE SERVICIOS REALIZADOS POR PERSONAS NATURALES RELACIONADAS AL ROL DE LA ENTIDAD,2400.0,Compromiso
2026,1028,3,S,592,2026-03-05,10438886872,SILVA MONDRAGON SUSANA JANETH,106,CONTRATO MENOR,CM,,SERVICIO DE ENSEÑANZA DE ACTIVIDADES DEPORTIVAS DE BAILE Y AEROBICOS: ?INCREMENTO DE ACTIVIDADES DEPORTIVAS Y RECREATIVAS EN LA POBLACIÓN CHALACA?,1013,18,2.3. 2  9. 1  1,LOCACION DE SERVICIOS REALIZADOS POR PERSONAS NATURALES RELACIONADAS AL ROL DE LA ENTIDAD,3600.0,Compromiso
2026,1028,3,S,593,2026-03-05,10440273292,AGUIRRE BELTRAN PEDRO FERNANDO,106,CONTRATO MENOR,CM,,SERVICIO DE ENSEÑANZA DE ACTIVIDADES DEPORTIVAS DE ATLETISMO I: ?INCREMENTO DE ACTIVIDADES DEPORTIVAS Y RECREATIVAS EN LA POBLACIÓN CHALACA?,1014,18,2.3. 2  9. 1  1,LOCACION DE SERVICIOS REALIZADOS POR PERSONAS NATURALES RELACIONADAS AL ROL DE LA ENTIDAD,2700.0,Compromiso
2026,1028,3,S,594,2026-03-05,10702474731,MORALES BENDEZU KEVIN JOSE,106,CONTRATO MENOR,CM,,SERVICIO DE ENSEÑANZA DE ACTIVIDADES DEPORTIVAS DE ATLETISMO II: ?INCREMENTO DE ACTIVIDADES DEPORTIVAS Y RECREATIVAS EN LA POBLACIÓN CHALACA?,1015,18,2.3. 2  9. 1  1,LOCACION DE SERVICIOS REALIZADOS POR PERSONAS NATURALES RELACIONADAS AL ROL DE LA ENTIDAD,2700.0,Compromiso
2026,1028,3,S,595,2026-03-05,10713860218,ARCOS MIGUEL NIXON LUIS,106,CONTRATO MENOR,CM,,SERVICIO DE ENSEÑANZA DE ACTIVIDADES DEPORTIVAS DE BASQUETBOL I: ?INCREMENTO DE ACTIVIDADES DEPORTIVAS Y RECREATIVAS EN LA POBLACIÓN CHALACA?,1016,18,2.3. 2  9. 1  1,LOCACION DE SERVICIOS REALIZADOS POR PERSONAS NATURALES RELACIONADAS AL ROL DE LA ENTIDAD,2400.0,Compromiso
2026,1028,3,S,596,2026-03-05,10093132225,PIPA SANCHEZ ROBERTO CARLOS,106,CONTRATO MENOR,CM,,SERVICIO DE ENSEÑANZA DE ACTIVIDADES DEPORTIVAS DE BASQUETBOL II: ?INCREMENTO DE ACTIVIDADES DEPORTIVAS Y RECREATIVAS EN LA POBLACIÓN CHALACA?,1017,18,2.3. 2  9. 1  1,LOCACION DE SERVICIOS REALIZADOS POR PERSONAS NATURALES RELACIONADAS AL ROL DE LA ENTIDAD,2700.0,Compromiso
2026,1028,3,S,597,2026-03-05,10401847257,PERALTA EGUIZABAL SHEYLA KATIUSHKA,106,CONTRATO MENOR,CM,,SERVICIO DE ENSEÑANZA DE ACTIVIDADES DEPORTIVAS DE BASQUETBOL III: ?INCREMENTO DE ACTIVIDADES DEPORTIVAS Y RECREATIVAS EN LA POBLACIÓN CHALACA?,1018,18,2.3. 2  9. 1  1,LOCACION DE SERVICIOS REALIZADOS POR PERSONAS NATURALES RELACIONADAS AL ROL DE LA ENTIDAD,2700.0,Compromiso
2026,1028,3,S,598,2026-03-05,10254669488,HERRERA SAUCEDO JOSE ANTONIO,106,CONTRATO MENOR,CM,,SERVICIO DE ENSEÑANZA DE ACTIVIDADES DEPORTIVAS DE BEISBOL: ?INCREMENTO DE ACTIVIDADES DEPORTIVAS Y RECREATIVAS EN LA POBLACIÓN CHALACA?,1019,18,2.3. 2  9. 1  1,LOCACION DE SERVICIOS REALIZADOS POR PERSONAS NATURALES RELACIONADAS AL ROL DE LA ENTIDAD,1800.0,Compromiso
2026,1028,3,S,599,2026-03-05,10727336031,ROA SANDOVAL DAVID JONATHAN,106,CONTRATO MENOR,CM,,SERVICIO DE ENSEÑANZA DE ACTIVIDADES DEPORTIVAS DE BOXEO I: ?INCREMENTO DE ACTIVIDADES DEPORTIVAS Y RECREATIVAS EN LA POBLACIÓN CHALACA?,1020,18,2.3. 2  9. 1  1,LOCACION DE SERVICIOS REALIZADOS POR PERSONAS NATURALES RELACIONADAS AL ROL DE LA ENTIDAD,2700.0,Compromiso
2026,1028,3,S,600,2026-03-05,10716566248,TAMAY REVILLA RICARDO,106,CONTRATO MENOR,CM,,SERVICIO DE ENSEÑANZA DE ACTIVIDADES DEPORTIVAS DE BOXEO II: ?INCREMENTO DE ACTIVIDADES DEPORTIVAS Y RECREATIVAS EN LA POBLACIÓN CHALACA?,1021,18,2.3. 2  9. 1  1,LOCACION DE SERVICIOS REALIZADOS POR PERSONAS NATURALES RELACIONADAS AL ROL DE LA ENTIDAD,2700.0,Compromiso
2026,1028,3,S,601,2026-03-05,10717296635,CABRERA VILLACORTA SERGIO JESUS,106,CONTRATO MENOR,CM,,SERVICIO DE ENSEÑANZA DE ACTIVIDADES DEPORTIVAS DE CAPOEIRA: ?INCREMENTO DE ACTIVIDADES DEPORTIVAS Y RECREATIVAS EN LA POBLACIÓN CHALACA?,1022,18,2.3. 2  9. 1  1,LOCACION DE SERVICIOS REALIZADOS POR PERSONAS NATURALES RELACIONADAS AL ROL DE LA ENTIDAD,1800.0,Compromiso
2026,1028,3,S,602,2026-03-05,10705986873,FIGUEROA COLONIA MANUEL OSCAR,106,CONTRATO MENOR,CM,,SERVICIO DE ENSEÑANZA DE ACTIVIDADES DEPORTIVAS DE FITNESS TRAINING I: ?INCREMENTO DE ACTIVIDADES DEPORTIVAS Y RECREATIVAS EN LA POBLACIÓN CHALACA?,1023,18,2.3. 2  9. 1  1,LOCACION DE SERVICIOS REALIZADOS POR PERSONAS NATURALES RELACIONADAS AL ROL DE LA ENTIDAD,1800.0,Compromiso
2026,1028,3,S,603,2026-03-05,10717618012,SEGURA CAJACHAGUA FRANCISCO SALVADOR,106,CONTRATO MENOR,CM,,SERVICIO DE ENSEÑANZA DE ACTIVIDADES DEPORTIVAS DE FITNESS TRAINING II: ?INCREMENTO DE ACTIVIDADES DEPORTIVAS Y RECREATIVAS EN LA POBLACIÓN CHALACA?,1024,18,2.3. 2  9. 1  1,LOCACION DE SERVICIOS REALIZADOS POR PERSONAS NATURALES RELACIONADAS AL ROL DE LA ENTIDAD,2700.0,Compromiso
2026,1028,3,S,604,2026-03-05,10086879102,AGUI REYNOSO FEDERICO,106,CONTRATO MENOR,CM,,SERVICIO DE ENSEÑANZA DE ACTIVIDADES DEPORTIVAS DE FÚTBOL I: ?INCREMENTO DE ACTIVIDADES DEPORTIVAS Y RECREATIVAS EN LA POBLACIÓN CHALACA?,1025,18,2.3. 2  9. 1  1,LOCACION DE SERVICIOS REALIZADOS POR PERSONAS NATURALES RELACIONADAS AL ROL DE LA ENTIDAD,2700.0,Compromiso
2026,1028,3,S,605,2026-03-05,10704512347,CRUZ ARROYO PAOLO ALDAIR,106,CONTRATO MENOR,CM,,SERVICIO DE ENSEÑANZA DE ACTIVIDADES DEPORTIVAS DE FÚTBOL II: ?INCREMENTO DE ACTIVIDADES DEPORTIVAS Y RECREATIVAS EN LA POBLACIÓN CHALACA?,1026,18,2.3. 2  9. 1  1,LOCACION DE SERVICIOS REALIZADOS POR PERSONAS NATURALES RELACIONADAS AL ROL DE LA ENTIDAD,2700.0,Compromiso
2026,1028,3,S,606,2026-03-05,10103029843,AQUIJE ESTRADA DANNY EDU,106,CONTRATO MENOR,CM,,SERVICIO DE ENSEÑANZA DE ACTIVIDADES DEPORTIVAS DE FÚTBOL III: ?INCREMENTO DE ACTIVIDADES DEPORTIVAS Y RECREATIVAS EN LA POBLACIÓN CHALACA?,1027,18,2.3. 2  9. 1  1,LOCACION DE SERVICIOS REALIZADOS POR PERSONAS NATURALES RELACIONADAS AL ROL DE LA ENTIDAD,3000.0,Compromiso
2026,1028,3,S,607,2026-03-05,10740530106,GARRIDO LUYO HATZHAINM RULVENMERTH YASSETH,106,CONTRATO MENOR,CM,,SERVICIO DE ENSEÑANZA DE ACTIVIDADES DEPORTIVAS DE FÚTBOL IV: ?INCREMENTO DE ACTIVIDADES DEPORTIVAS Y RECREATIVAS EN LA POBLACIÓN CHALACA?,1028,18,2.3. 2  9. 1  1,LOCACION DE SERVICIOS REALIZADOS POR PERSONAS NATURALES RELACIONADAS AL ROL DE LA ENTIDAD,3000.0,Compromiso
2026,1028,3,S,608,2026-03-05,10734747101,NIETO HUAMAN ANA VALENTINA,106,CONTRATO MENOR,CM,,SERVICIO DE ENSEÑANZA DE ACTIVIDADES DEPORTIVAS DE GIMNASIA I: ?INCREMENTO DE ACTIVIDADES DEPORTIVAS Y RECREATIVAS EN LA POBLACIÓN CHALACA?,1029,18,2.3. 2  9. 1  1,LOCACION DE SERVICIOS REALIZADOS POR PERSONAS NATURALES RELACIONADAS AL ROL DE LA ENTIDAD,2250.0,Compromiso
2026,1028,3,S,609,2026-03-05,10098502284,HUAMAN JARA GLADYS ROXANA,106,CONTRATO MENOR,CM,,SERVICIO DE ENSEÑANZA DE ACTIVIDADES DEPORTIVAS DE GIMNASIA II: ?INCREMENTO DE ACTIVIDADES DEPORTIVAS Y RECREATIVAS EN LA POBLACIÓN CHALACA?,1030,18,2.3. 2  9. 1  1,LOCACION DE SERVICIOS REALIZADOS POR PERSONAS NATURALES RELACIONADAS AL ROL DE LA ENTIDAD,2250.0,Compromiso
2026,1028,3,S,610,2026-03-05,10742535831,TUME BUGARIN DELIA CARMEN,106,CONTRATO MENOR,CM,,SERVICIO DE ENSEÑANZA DE ACTIVIDADES DEPORTIVAS DE GIMNASIA III: ?INCREMENTO DE ACTIVIDADES DEPORTIVAS Y RECREATIVAS EN LA POBLACIÓN CHALACA?,1031,18,2.3. 2  9. 1  1,LOCACION DE SERVICIOS REALIZADOS POR PERSONAS NATURALES RELACIONADAS AL ROL DE LA ENTIDAD,3000.0,Compromiso
2026,1028,3,S,611,2026-03-05,10442479831,HUAMAN CHAGUA HILDA SILVIA,106,CONTRATO MENOR,CM,,SERVICIO DE ENSEÑANZA DE ACTIVIDADES DEPORTIVAS DE GIMNASIA IV: ?INCREMENTO DE ACTIVIDADES DEPORTIVAS Y RECREATIVAS EN LA POBLACIÓN CHALACA?,1032,18,2.3. 2  9. 1  1,LOCACION DE SERVICIOS REALIZADOS POR PERSONAS NATURALES RELACIONADAS AL ROL DE LA ENTIDAD,2250.0,Compromiso
2026,1028,3,S,612,2026-03-05,10433155004,NODA MORE GLENN ROBERT,106,CONTRATO MENOR,CM,,SERVICIO DE ENSEÑANZA DE ACTIVIDADES DEPORTIVAS DE GIMNASIA V: ?INCREMENTO DE ACTIVIDADES DEPORTIVAS Y RECREATIVAS EN LA POBLACIÓN CHALACA?,1033,18,2.3. 2  9. 1  1,LOCACION DE SERVICIOS REALIZADOS POR PERSONAS NATURALES RELACIONADAS AL ROL DE LA ENTIDAD,2250.0,Compromiso
2026,1028,3,S,613,2026-03-05,10801411547,ENCISO HUAMAN JORGE ANTONIO,106,CONTRATO MENOR,CM,,SERVICIO DE ENSEÑANZA DE ACTIVIDADES DEPORTIVAS DE JUDO: ?INCREMENTO DE ACTIVIDADES DEPORTIVAS Y RECREATIVAS EN LA POBLACIÓN CHALACA?,1034,18,2.3. 2  9. 1  1,LOCACION DE SERVICIOS REALIZADOS POR PERSONAS NATURALES RELACIONADAS AL ROL DE LA ENTIDAD,1800.0,Compromiso
2026,1028,3,S,614,2026-03-05,10442859847,ROJAS CABRERA EDWARST ENRIQUE,106,CONTRATO MENOR,CM,,SERVICIO DE ENSEÑANZA DE ACTIVIDADES DEPORTIVAS DE KARATE: ?INCREMENTO DE ACTIVIDADES DEPORTIVAS Y RECREATIVAS EN LA POBLACIÓN CHALACA?,1035,18,2.3. 2  9. 1  1,LOCACION DE SERVICIOS REALIZADOS POR PERSONAS NATURALES RELACIONADAS AL ROL DE LA ENTIDAD,2700.0,Compromiso
2026,1028,3,S,615,2026-03-05,10439899706,ROJAS QUISPE YANH FRANCO,106,CONTRATO MENOR,CM,,SERVICIO DE ENSEÑANZA DE ACTIVIDADES DEPORTIVAS DE LUCHA OLIMPICA: ?INCREMENTO DE ACTIVIDADES DEPORTIVAS Y RECREATIVAS EN LA POBLACIÓN CHALACA?,1036,18,2.3. 2  9. 1  1,LOCACION DE SERVICIOS REALIZADOS POR PERSONAS NATURALES RELACIONADAS AL ROL DE LA ENTIDAD,2700.0,Compromiso
2026,1028,3,S,616,2026-03-05,10293370449,CALCINA VERA MARLENI YNES,106,CONTRATO MENOR,CM,,SERVICIO DE ENSEÑANZA DE ACTIVIDADES DEPORTIVAS DE TAICHI: ?INCREMENTO DE ACTIVIDADES DEPORTIVAS Y RECREATIVAS EN LA POBLACIÓN CHALACA?,1037,18,2.3. 2  9. 1  1,LOCACION DE SERVICIOS REALIZADOS POR PERSONAS NATURALES RELACIONADAS AL ROL DE LA ENTIDAD,1500.0,Compromiso
2026,1028,3,S,617,2026-03-05,10081728246,MIRANDA NEYRA CESAR JESUS,106,CONTRATO MENOR,CM,,SERVICIO DE ENSEÑANZA DE ACTIVIDADES DEPORTIVAS DE TAEKWONDO: ?INCREMENTO DE ACTIVIDADES DEPORTIVAS Y RECREATIVAS EN LA POBLACIÓN CHALACA?,1038,18,2.3. 2  9. 1  1,LOCACION DE SERVICIOS REALIZADOS POR PERSONAS NATURALES RELACIONADAS AL ROL DE LA ENTIDAD,2700.0,Compromiso
2026,1028,3,S,618,2026-03-05,10759581259,SOLIS QUISPE JHONATAN JESUS,106,CONTRATO MENOR,CM,,SERVICIO DE ENSEÑANZA DE ACTIVIDADES DEPORTIVAS DE TENIS I: ?INCREMENTO DE ACTIVIDADES DEPORTIVAS Y RECREATIVAS EN LA POBLACIÓN CHALACA?,1039,18,2.3. 2  9. 1  1,LOCACION DE SERVICIOS REALIZADOS POR PERSONAS NATURALES RELACIONADAS AL ROL DE LA ENTIDAD,3000.0,Compromiso
2026,1028,3,S,619,2026-03-05,10705724372,SEGOBIA TEJEDA SHENLI,106,CONTRATO MENOR,CM,,SERVICIO DE ENSEÑANZA DE ACTIVIDADES DEPORTIVAS DE TENIS II: ?INCREMENTO DE ACTIVIDADES DEPORTIVAS Y RECREATIVAS EN LA POBLACIÓN CHALACA?,1040,18,2.3. 2  9. 1  1,LOCACION DE SERVICIOS REALIZADOS POR PERSONAS NATURALES RELACIONADAS AL ROL DE LA ENTIDAD,3000.0,Compromiso
2026,1028,3,S,620,2026-03-05,10092790601,ESCOBEDO ABARCA VIOLETA JESUS,106,CONTRATO MENOR,CM,,SERVICIO DE ENSEÑANZA DE ACTIVIDADES DEPORTIVAS DE TIRO CON ARCO: ?INCREMENTO DE ACTIVIDADES DEPORTIVAS Y RECREATIVAS EN LA POBLACIÓN CHALACA?,1042,18,2.3. 2  9. 1  1,LOCACION DE SERVICIOS REALIZADOS POR PERSONAS NATURALES RELACIONADAS AL ROL DE LA ENTIDAD,2400.0,Compromiso
2026,1028,3,S,621,2026-03-05,10710810261,CHUQUIPUL VALQUI MERCY MARGOT,106,CONTRATO MENOR,CM,,SERVICIO DE ENSEÑANZA DE ACTIVIDADES DEPORTIVAS DE VOLEIBOL I: ?INCREMENTO DE ACTIVIDADES DEPORTIVAS Y RECREATIVAS EN LA POBLACIÓN CHALACA?,1041,18,2.3. 2  9. 1  1,LOCACION DE SERVICIOS REALIZADOS POR PERSONAS NATURALES RELACIONADAS AL ROL DE LA ENTIDAD,2250.0,Compromiso
2026,1028,3,S,622,2026-03-05,10414108721,CABRERA RIVAS CELIA ANALI,106,CONTRATO MENOR,CM,,SERVICIO DE ENSEÑANZA DE ACTIVIDADES DEPORTIVAS DE VOLEIBOL II: ?INCREMENTO DE ACTIVIDADES DEPORTIVAS Y RECREATIVAS EN LA POBLACIÓN CHALACA?,1043,18,2.3. 2  9. 1  1,LOCACION DE SERVICIOS REALIZADOS POR PERSONAS NATURALES RELACIONADAS AL ROL DE LA ENTIDAD,2700.0,Compromiso
2026,1028,3,S,623,2026-03-05,10257136154,FRANCIA PESAQUE ANGELICA GIANNINA,106,CONTRATO MENOR,CM,,SERVICIO DE ENSEÑANZA DE ACTIVIDADES DEPORTIVAS DE VOLEIBOL III: ?INCREMENTO DE ACTIVIDADES DEPORTIVAS Y RECREATIVAS EN LA POBLACIÓN CHALACA?,1044,18,2.3. 2  9. 1  1,LOCACION DE SERVICIOS REALIZADOS POR PERSONAS NATURALES RELACIONADAS AL ROL DE LA ENTIDAD,2850.0,Compromiso
2026,1028,3,S,624,2026-03-05,10743850829,OBISPO NIETO DIEGO ARMANDO,106,CONTRATO MENOR,CM,,SERVICIO DE ENSEÑANZA DE ACTIVIDADES DEPORTIVAS DE VOLEIBOL IV: ?INCREMENTO DE ACTIVIDADES DEPORTIVAS Y RECREATIVAS EN LA POBLACIÓN CHALACA?,1045,18,2.3. 2  9. 1  1,LOCACION DE SERVICIOS REALIZADOS POR PERSONAS NATURALES RELACIONADAS AL ROL DE LA ENTIDAD,2850.0,Compromiso
2026,1028,3,S,625,2026-03-05,10066713160,ARAOZ LAINES ANTONIO WARREN,106,CONTRATO MENOR,CM,,SERVICIO DE ENSEÑANZA DE ACTIVIDADES DEPORTIVAS PARA HABILIDADES ESPECIALES: ?INCREMENTO DE ACTIVIDADES DEPORTIVAS Y RECREATIVAS EN LA POBLACIÓN CHALACA?,1046,18,2.3. 2  9. 1  1,LOCACION DE SERVICIOS REALIZADOS POR PERSONAS NATURALES RELACIONADAS AL ROL DE LA ENTIDAD,2100.0,Compromiso
2026,1028,3,S,626,2026-03-05,10778080015,ALVARO ROJAS JIM EDWARD,106,CONTRATO MENOR,CM,,SERVICIO DE ENSEÑANZA DE ACTIVIDADES DEPORTIVAS I: ?INCREMENTO DE ACTIVIDADES DEPORTIVAS Y RECREATIVAS EN LA POBLACIÓN CHALACA?,1047,18,2.3. 2  9. 1  1,LOCACION DE SERVICIOS REALIZADOS POR PERSONAS NATURALES RELACIONADAS AL ROL DE LA ENTIDAD,3000.0,Compromiso
2026,1028,3,S,627,2026-03-05,10748228948,MEREGILDO REYES LUIS MIGUEL,106,CONTRATO MENOR,CM,,SERVICIO DE ENSEÑANZA DE ACTIVIDADES DEPORTIVAS II PARA LA ACTIVIDAD: ?INCREMENTO DE ACTIVIDADES DEPORTIVAS Y RECREATIVAS EN LA POBLACIÓN CHALACA?,1048,18,2.3. 2  9. 1  1,LOCACION DE SERVICIOS REALIZADOS POR PERSONAS NATURALES RELACIONADAS AL ROL DE LA ENTIDAD,3000.0,Compromiso
2026,1028,3,S,628,2026-03-05,10437208153,SCHENONE BROMLEY JOSE LUIS,106,CONTRATO MENOR,CM,,SERVICIO DE ENSEÑANZA DE ACTIVIDADES DEPORTIVAS III PARA LA ACTIVIDAD: ?INCREMENTO DE ACTIVIDADES DEPORTIVAS Y RECREATIVAS EN LA POBLACIÓN CHALACA?,1049,18,2.3. 2  9. 1  1,LOCACION DE SERVICIOS REALIZADOS POR PERSONAS NATURALES RELACIONADAS AL ROL DE LA ENTIDAD,3000.0,Compromiso
2026,1028,3,S,629,2026-03-05,10095402718,GARCIA BENAVIDES OMAR ANTONIO,106,CONTRATO MENOR,CM,,SERVICIO DE ASISTENCIA TECNICA EN TEMAS DEPORTIVOS DE AJEDREZ PARA LA ACTIVIDAD: ?INCREMENTO DE ACTIVIDADES DEPORTIVAS Y RECREATIVAS EN LA POBLACIÓN CHALACA?,1050,18,2.3. 2  9. 1  1,LOCACION DE SERVICIOS REALIZADOS POR PERSONAS NATURALES RELACIONADAS AL ROL DE LA ENTIDAD,1920.0,Compromiso
2026,1028,3,S,630,2026-03-05,10104547554,CABALLERO LOZANO ELKA NURITH,106,CONTRATO MENOR,CM,,SERVICIO DE ASISTENCIA TECNICA EN TEMAS DEPORTIVOS DE BAILE Y AEROBICOS: ?INCREMENTO DE ACTIVIDADES DEPORTIVAS Y RECREATIVAS EN LA POBLACIÓN CHALACA?,1051,18,2.3. 2  9. 1  1,LOCACION DE SERVICIOS REALIZADOS POR PERSONAS NATURALES RELACIONADAS AL ROL DE LA ENTIDAD,2880.0,Compromiso
2026,1028,3,S,631,2026-03-05,10774940893,MEDINA SALGUERO JEREMY JEPTE,106,CONTRATO MENOR,CM,,SERVICIO DE ASISTENCIA TECNICA EN TEMAS DEPORTIVOS DE ATLETISMO I: ?INCREMENTO DE ACTIVIDADES DEPORTIVAS Y RECREATIVAS EN LA POBLACIÓN CHALACA?,1052,18,2.3. 2  9. 1  1,LOCACION DE SERVICIOS REALIZADOS POR PERSONAS NATURALES RELACIONADAS AL ROL DE LA ENTIDAD,2160.0,Compromiso
2026,1028,3,S,632,2026-03-05,10784441623,UVIDIA PRADA YAMILÉ BELÉN,106,CONTRATO MENOR,CM,,SERVICIO DE ASISTENCIA TECNICA EN TEMAS DEPORTIVOS DE ATLETISMO II: ?INCREMENTO DE ACTIVIDADES DEPORTIVAS Y RECREATIVAS EN LA POBLACIÓN CHALACA?,1053,18,2.3. 2  9. 1  1,LOCACION DE SERVICIOS REALIZADOS POR PERSONAS NATURALES RELACIONADAS AL ROL DE LA ENTIDAD,2160.0,Compromiso
2026,1028,3,S,633,2026-03-05,20610482539,INVERSIONES JORGE GARCIA S.A.C.,106,CONTRATO MENOR,CM,,"CONTRATACIÓN DEL SERVICIO DELEVANTAMIENTO TOPOGRÁFICO PARA LA FORMULACIÓN DE LA ACTIVIDAD DE LIMPIEZA Y DESCOLMATACIÓN EN AMBOS MARGENES DEL CAUCE DEL RIOCHILLÓN, CALLAO - 2026?",772,0,2.3. 2  7.13 98,OTROS SERVICIOS TECNICOS Y PROFESIONALES DESARROLLADOS POR PERSONAS JURIDICAS,37500.0,Compromiso
2026,1028,3,S,634,2026-03-05,10476222708,BRICEÑO MAZUELOS CANDI VALERIA,106,CONTRATO MENOR,CM,,SERVICIO DE ASISTENCIA TECNICA EN TEMAS DEPORTIVOS DE BASQUETBOL II: ?INCREMENTO DE ACTIVIDADES DEPORTIVAS Y RECREATIVAS EN LA POBLACIÓN CHALACA?,1054,18,2.3. 2  9. 1  1,LOCACION DE SERVICIOS REALIZADOS POR PERSONAS NATURALES RELACIONADAS AL ROL DE LA ENTIDAD,2160.0,Compromiso
2026,1028,3,S,635,2026-03-05,10066852381,CIRIACO CAMPOS LUCIANO ENEAS,106,CONTRATO MENOR,CM,,SERVICIO DE ASISTENCIA TECNICA EN TEMAS DEPORTIVOS DE BASQUETBOL III: ?INCREMENTO DE ACTIVIDADES DEPORTIVAS Y RECREATIVAS EN LA POBLACIÓN CHALACA?,1055,18,2.3. 2  9. 1  1,LOCACION DE SERVICIOS REALIZADOS POR PERSONAS NATURALES RELACIONADAS AL ROL DE LA ENTIDAD,2160.0,Compromiso
2026,1028,3,S,636,2026-03-05,10255350043,POLO SANCHEZ VICTOR MANUEL,106,CONTRATO MENOR,CM,,SERVICIO DE ASISTENCIA TECNICA EN TEMAS DEPORTIVOS DE BEISBOL: ?INCREMENTO DE ACTIVIDADES DEPORTIVAS Y RECREATIVAS EN LA POBLACIÓN CHALACA?,848,18,2.3. 2  9. 1  1,LOCACION DE SERVICIOS REALIZADOS POR PERSONAS NATURALES RELACIONADAS AL ROL DE LA ENTIDAD,1440.0,Compromiso
2026,1028,3,S,637,2026-03-05,10709759073,RAMOS YSASI BENJAMIN BRAYAN,106,CONTRATO MENOR,CM,,SERVICIO DE ASISTENCIA TECNICA EN TEMAS DEPORTIVOS DE BOXEO I: ?INCREMENTO DE ACTIVIDADES DEPORTIVAS Y RECREATIVAS EN LA POBLACIÓN CHALACA?,849,18,2.3. 2  9. 1  1,LOCACION DE SERVICIOS REALIZADOS POR PERSONAS NATURALES RELACIONADAS AL ROL DE LA ENTIDAD,2160.0,Compromiso
2026,1028,3,S,638,2026-03-05,10700389591,PEREZ GERONIMO JORGE CESAR,106,CONTRATO MENOR,CM,,SERVICIO DE ASISTENCIA TECNICA EN TEMAS DEPORTIVOS DE BOXEO II: ?INCREMENTO DE ACTIVIDADES DEPORTIVAS Y RECREATIVAS EN LA POBLACIÓN CHALACA?,850,18,2.3. 2  9. 1  1,LOCACION DE SERVICIOS REALIZADOS POR PERSONAS NATURALES RELACIONADAS AL ROL DE LA ENTIDAD,2160.0,Compromiso
2026,1028,3,S,639,2026-03-05,10769332605,SAYAGO ZUMAETA JANEDYD JAZMIN,106,CONTRATO MENOR,CM,,SERVICIO DE ALIMENTACIÓN DE PERSONAS,773,18,2.3. 2  7.11  5,SERVICIOS DE ALIMENTACION DE CONSUMO HUMANO,9800.0,Compromiso
2026,1028,3,S,640,2026-03-05,10441189643,NOVELLA GALVEZ JENNY ISABEL,106,CONTRATO MENOR,CM,,SERVICIO DE ASISTENCIA TECNICA EN TEMAS DEPORTIVOS DE CAPOEIRA: ?INCREMENTO DE ACTIVIDADES DEPORTIVAS Y RECREATIVAS EN LA POBLACIÓN CHALACA?,851,18,2.3. 2  9. 1  1,LOCACION DE SERVICIOS REALIZADOS POR PERSONAS NATURALES RELACIONADAS AL ROL DE LA ENTIDAD,1440.0,Compromiso
2026,1028,3,S,641,2026-03-05,10753687438,QUIROZ HUAMBACHANO JOSE SEBASTIAN,106,CONTRATO MENOR,CM,,SERVICIO DE ASISTENCIA TECNICA EN TEMAS DEPORTIVOS DE FITNESS TRAINING I: ?INCREMENTO DE ACTIVIDADES DEPORTIVAS Y RECREATIVAS EN LA POBLACIÓN CHALACA?,852,18,2.3. 2  9. 1  1,LOCACION DE SERVICIOS REALIZADOS POR PERSONAS NATURALES RELACIONADAS AL ROL DE LA ENTIDAD,1440.0,Compromiso
2026,1028,3,S,642,2026-03-05,10417684234,CLAVERIAS CHARAGUA LUZMILA,106,CONTRATO MENOR,CM,,SERVICIO DE ASISTENCIA TECNICA EN TEMAS DEPORTIVOS DE FITNESS TRAINING II: ?INCREMENTO DE ACTIVIDADES DEPORTIVAS Y RECREATIVAS EN LA POBLACIÓN CHALACA?,843,18,2.3. 2  9. 1  1,LOCACION DE SERVICIOS REALIZADOS POR PERSONAS NATURALES RELACIONADAS AL ROL DE LA ENTIDAD,2160.0,Compromiso
2026,1028,3,S,643,2026-03-05,10467224129,DELGADO FLORES JONATAN DAVID,106,CONTRATO MENOR,CM,,SERVICIO DE ASISTENCIA TECNICA EN TEMAS DEPORTIVOS DE FÚTBOL I: ?INCREMENTO DE ACTIVIDADES DEPORTIVAS Y RECREATIVAS EN LA POBLACIÓN CHALACA?,844,18,2.3. 2  9. 1  1,LOCACION DE SERVICIOS REALIZADOS POR PERSONAS NATURALES RELACIONADAS AL ROL DE LA ENTIDAD,2160.0,Compromiso
2026,1028,3,S,644,2026-03-05,10713323301,BALDA CHASHNAMOTE ALAIN DANIEL,106,CONTRATO MENOR,CM,,SERVICIO DE ASISTENCIA TECNICA EN TEMAS DEPORTIVOS DE FÚTBOL II: ?INCREMENTO DE ACTIVIDADES DEPORTIVAS Y RECREATIVAS EN LA POBLACIÓN CHALACA?,845,18,2.3. 2  9. 1  1,LOCACION DE SERVICIOS REALIZADOS POR PERSONAS NATURALES RELACIONADAS AL ROL DE LA ENTIDAD,2160.0,Compromiso
2026,1028,3,S,645,2026-03-05,10703731240,MOGOLLON CRUZ VICTOR DARIO,106,CONTRATO MENOR,CM,,SERVICIO DE ASISTENCIA TECNICA EN TEMAS DEPORTIVOS DE FÚTBOL III: ?INCREMENTO DE ACTIVIDADES DEPORTIVAS Y RECREATIVAS EN LA POBLACIÓN CHALACA?,846,18,2.3. 2  9. 1  1,LOCACION DE SERVICIOS REALIZADOS POR PERSONAS NATURALES RELACIONADAS AL ROL DE LA ENTIDAD,2400.0,Compromiso
2026,1028,3,S,646,2026-03-05,10722574406,AZABACHE ROJAS ALEXANDER NIXON,106,CONTRATO MENOR,CM,,SERVICIO DE ASISTENCIA TECNICA EN TEMAS DEPORTIVOS DE FÚTBOL IV: ?INCREMENTO DE ACTIVIDADES DEPORTIVAS Y RECREATIVAS EN LA POBLACIÓN CHALACA?,847,18,2.3. 2  9. 1  1,LOCACION DE SERVICIOS REALIZADOS POR PERSONAS NATURALES RELACIONADAS AL ROL DE LA ENTIDAD,2400.0,Compromiso
2026,1028,3,S,647,2026-03-05,10066350971,CARDENAS VILELA MARIA BETSABE,106,CONTRATO MENOR,CM,,SERVICIO DE ASISTENCIA TECNICA EN TEMAS DEPORTIVOS DE GIMNASIA I: ?INCREMENTO DE ACTIVIDADES DEPORTIVAS Y RECREATIVAS EN LA POBLACIÓN CHALACA?,838,18,2.3. 2  9. 1  1,LOCACION DE SERVICIOS REALIZADOS POR PERSONAS NATURALES RELACIONADAS AL ROL DE LA ENTIDAD,1800.0,Compromiso
2026,1028,3,S,648,2026-03-05,10781077963,OSHIRO MAKINO AYUMI DANITZA,106,CONTRATO MENOR,CM,,SERVICIO DE ASISTENCIA TECNICA EN TEMAS DEPORTIVOS DE GIMNASIA II: ?INCREMENTO DE ACTIVIDADES DEPORTIVAS Y RECREATIVAS EN LA POBLACIÓN CHALACA?,839,18,2.3. 2  9. 1  1,LOCACION DE SERVICIOS REALIZADOS POR PERSONAS NATURALES RELACIONADAS AL ROL DE LA ENTIDAD,1800.0,Compromiso
2026,1028,3,S,649,2026-03-05,10730494845,HUAMBACHANO FRANCO MARIA PATRICIA,106,CONTRATO MENOR,CM,,SERVICIO DE ASISTENCIA TECNICA EN TEMAS DEPORTIVOS DE GIMNASIA III: ?INCREMENTO DE ACTIVIDADES DEPORTIVAS Y RECREATIVAS EN LA POBLACIÓN CHALACA?,840,18,2.3. 2  9. 1  1,LOCACION DE SERVICIOS REALIZADOS POR PERSONAS NATURALES RELACIONADAS AL ROL DE LA ENTIDAD,2400.0,Compromiso
2026,1028,3,S,650,2026-03-05,10749414711,CATARI MOGOLLON SOLANGE GERALDINE,106,CONTRATO MENOR,CM,,SERVICIO DE ASISTENCIA TECNICA EN TEMAS DEPORTIVOS DE GIMNASIA IV: ?INCREMENTO DE ACTIVIDADES DEPORTIVAS Y RECREATIVAS EN LA POBLACIÓN CHALACA?,841,18,2.3. 2  9. 1  1,LOCACION DE SERVICIOS REALIZADOS POR PERSONAS NATURALES RELACIONADAS AL ROL DE LA ENTIDAD,1800.0,Compromiso
2026,1028,3,S,651,2026-03-05,10727133670,SALAS GAMBETTA ROMINA ANDREA,106,CONTRATO MENOR,CM,,SERVICIO DE ASISTENCIA TECNICA EN TEMAS DEPORTIVOS DE GIMNASIA V: ?INCREMENTO DE ACTIVIDADES DEPORTIVAS Y RECREATIVAS EN LA POBLACIÓN CHALACA?,842,18,2.3. 2  9. 1  1,LOCACION DE SERVICIOS REALIZADOS POR PERSONAS NATURALES RELACIONADAS AL ROL DE LA ENTIDAD,1800.0,Compromiso
2026,1028,3,S,652,2026-03-05,10725343545,DAMASO POMA FIORELLA FARAH,106,CONTRATO MENOR,CM,,SERVICIO DE ASISTENCIA TECNICA EN TEMAS DEPORTIVOS DE JUDO: ?INCREMENTO DE ACTIVIDADES DEPORTIVAS Y RECREATIVAS EN LA POBLACIÓN CHALACA?,833,18,2.3. 2  9. 1  1,LOCACION DE SERVICIOS REALIZADOS POR PERSONAS NATURALES RELACIONADAS AL ROL DE LA ENTIDAD,1440.0,Compromiso
2026,1028,3,S,653,2026-03-05,10776240988,HUAMAN BUITRON LUIS FRANCISCO,106,CONTRATO MENOR,CM,,SERVICIO DE ASISTENCIA TECNICA EN TEMAS DEPORTIVOS DE KARATE: ?INCREMENTO DE ACTIVIDADES DEPORTIVAS Y RECREATIVAS EN LA POBLACIÓN CHALACA?,834,18,2.3. 2  9. 1  1,LOCACION DE SERVICIOS REALIZADOS POR PERSONAS NATURALES RELACIONADAS AL ROL DE LA ENTIDAD,2160.0,Compromiso
2026,1028,3,S,654,2026-03-05,10734838581,OLIVARES BENDEZU JESSICA GLORIA,106,CONTRATO MENOR,CM,,SERVICIO DE ASISTENCIA TECNICA EN TEMAS DEPORTIVOS DE LUCHA OLIMPICA: ?INCREMENTO DE ACTIVIDADES DEPORTIVAS Y RECREATIVAS EN LA POBLACIÓN CHALACA?,835,18,2.3. 2  9. 1  1,LOCACION DE SERVICIOS REALIZADOS POR PERSONAS NATURALES RELACIONADAS AL ROL DE LA ENTIDAD,2160.0,Compromiso
2026,1028,3,S,655,2026-03-05,10486846459,CAÑARI ZAPATA ANDREA PAOLA,106,CONTRATO MENOR,CM,,SERVICIO DE ASISTENCIA TECNICA EN TEMAS DEPORTIVOS DE TAICHI: ?INCREMENTO DE ACTIVIDADES DEPORTIVAS Y RECREATIVAS EN LA POBLACIÓN CHALACA?,836,18,2.3. 2  9. 1  1,LOCACION DE SERVICIOS REALIZADOS POR PERSONAS NATURALES RELACIONADAS AL ROL DE LA ENTIDAD,1200.0,Compromiso
2026,1028,3,S,656,2026-03-05,10752462891,FRETEL TOMAS YESENIA MARGARITA,106,CONTRATO MENOR,CM,,SERVICIO DE ASISTENCIA TECNICA EN TEMAS DEPORTIVOS DE TAEKWONDO: ?INCREMENTO DE ACTIVIDADES DEPORTIVAS Y RECREATIVAS EN LA POBLACIÓN CHALACA?,837,18,2.3. 2  9. 1  1,LOCACION DE SERVICIOS REALIZADOS POR PERSONAS NATURALES RELACIONADAS AL ROL DE LA ENTIDAD,2160.0,Compromiso
2026,1028,3,S,657,2026-03-05,10069029049,COLQUE DUEÑAS MARCELINO ABRAHAM,106,CONTRATO MENOR,CM,,SERVICIO DE ASISTENCIA TECNICA EN TEMAS DEPORTIVOS DE TENIS I: ?INCREMENTO DE ACTIVIDADES DEPORTIVAS Y RECREATIVAS EN LA POBLACIÓN CHALACA?,828,18,2.3. 2  9. 1  1,LOCACION DE SERVICIOS REALIZADOS POR PERSONAS NATURALES RELACIONADAS AL ROL DE LA ENTIDAD,2400.0,Compromiso
2026,1028,3,S,658,2026-03-05,10717302872,OLIVOS FELICIANO ROBERT EDUARDO,106,CONTRATO MENOR,CM,,SERVICIO DE ASISTENCIA TECNICA EN TEMAS DEPORTIVOS DE TENIS II: ?INCREMENTO DE ACTIVIDADES DEPORTIVAS Y RECREATIVAS EN LA POBLACIÓN CHALACA?,829,18,2.3. 2  9. 1  1,LOCACION DE SERVICIOS REALIZADOS POR PERSONAS NATURALES RELACIONADAS AL ROL DE LA ENTIDAD,2400.0,Compromiso
2026,1028,3,S,659,2026-03-05,15610852952,LINARES SANTANA SORILKE ROSANGELA,106,CONTRATO MENOR,CM,,SERVICIO DE ASISTENCIA TECNICA EN TEMAS DEPORTIVOS DE TIRO CON ARCO: ?INCREMENTO DE ACTIVIDADES DEPORTIVAS Y RECREATIVAS EN LA POBLACIÓN CHALACA?,830,18,2.3. 2  9. 1  1,LOCACION DE SERVICIOS REALIZADOS POR PERSONAS NATURALES RELACIONADAS AL ROL DE LA ENTIDAD,1920.0,Compromiso
2026,1028,3,S,660,2026-03-05,10730899390,CHUQUIMAJO SILVA KARINA FABIANA,106,CONTRATO MENOR,CM,,SERVICIO DE ASISTENCIA TECNICA EN TEMAS DEPORTIVOS DE VOLEIBOL I: ?INCREMENTO DE ACTIVIDADES DEPORTIVAS Y RECREATIVAS EN LA POBLACIÓN CHALACA?,831,18,2.3. 2  9. 1  1,LOCACION DE SERVICIOS REALIZADOS POR PERSONAS NATURALES RELACIONADAS AL ROL DE LA ENTIDAD,1800.0,Compromiso
2026,1028,3,S,661,2026-03-05,10726574915,VALERIO BOBADILLA MILAGROS RUTH,106,CONTRATO MENOR,CM,,SERVICIO DE ASISTENCIA TECNICA EN TEMAS DEPORTIVOS DE VOLEIBOL II: ?INCREMENTO DE ACTIVIDADES DEPORTIVAS Y RECREATIVAS EN LA POBLACIÓN CHALACA?,832,18,2.3. 2  9. 1  1,LOCACION DE SERVICIOS REALIZADOS POR PERSONAS NATURALES RELACIONADAS AL ROL DE LA ENTIDAD,2160.0,Compromiso
2026,1028,3,S,662,2026-03-05,10703273756,PADILLA ABRIGO ELI SAMUEL,106,CONTRATO MENOR,CM,,SERVICIO DE ASISTENCIA TECNICA EN TEMAS DEPORTIVOS DE VOLEIBOL III: ?INCREMENTO DE ACTIVIDADES DEPORTIVAS Y RECREATIVAS EN LA POBLACIÓN CHALACA?,823,18,2.3. 2  9. 1  1,LOCACION DE SERVICIOS REALIZADOS POR PERSONAS NATURALES RELACIONADAS AL ROL DE LA ENTIDAD,2280.0,Compromiso
2026,1028,3,S,663,2026-03-05,10707578926,SILVA QUISPE ANGELLA VALERIA,106,CONTRATO MENOR,CM,,SERVICIO DE ASISTENCIA TECNICA EN TEMAS DEPORTIVOS DE VOLEIBOL IV: ?INCREMENTO DE ACTIVIDADES DEPORTIVAS Y RECREATIVAS EN LA POBLACIÓN CHALACA?,824,18,2.3. 2  9. 1  1,LOCACION DE SERVICIOS REALIZADOS POR PERSONAS NATURALES RELACIONADAS AL ROL DE LA ENTIDAD,2280.0,Compromiso
2026,1028,3,S,664,2026-03-05,10714159009,ASENCIO JACINTO JEYSON HERNAN,106,CONTRATO MENOR,CM,,SERVICIO DE ASISTENCIA TECNICA EN TEMAS DEPORTIVOS PARA HABILIDADES ESPECIALES: ?INCREMENTO DE ACTIVIDADES DEPORTIVAS Y RECREATIVAS EN LA POBLACIÓN CHALACA?,825,18,2.3. 2  9. 1  1,LOCACION DE SERVICIOS REALIZADOS POR PERSONAS NATURALES RELACIONADAS AL ROL DE LA ENTIDAD,1680.0,Compromiso
2026,1028,3,S,665,2026-03-05,10478880117,CARRILLO LUCAS ESTEFANY SALOME,106,CONTRATO MENOR,CM,,SERVICIO DE ASISTENCIA TECNICA EN TEMAS DEPORTIVOS I: ?INCREMENTO DE ACTIVIDADES DEPORTIVAS Y RECREATIVAS EN LA POBLACIÓN CHALACA?,826,18,2.3. 2  9. 1  1,LOCACION DE SERVICIOS REALIZADOS POR PERSONAS NATURALES RELACIONADAS AL ROL DE LA ENTIDAD,2400.0,Compromiso
2026,1028,3,S,666,2026-03-05,10461877872,CONCO HUYHUA CARLA VANESSA,106,CONTRATO MENOR,CM,,SERVICIO DE ASISTENCIA TECNICA EN TEMAS DEPORTIVOS II: ?INCREMENTO DE ACTIVIDADES DEPORTIVAS Y RECREATIVAS EN LA POBLACIÓN CHALACA?,827,18,2.3. 2  9. 1  1,LOCACION DE SERVICIOS REALIZADOS POR PERSONAS NATURALES RELACIONADAS AL ROL DE LA ENTIDAD,2400.0,Compromiso
2026,1028,3,S,667,2026-03-05,10074489597,GUTIERREZ CUETO JESUS WILLY,106,CONTRATO MENOR,CM,,SERVICIO DE ASISTENCIA TECNICA EN TEMAS DEPORTIVOS III: ?INCREMENTO DE ACTIVIDADES DEPORTIVAS Y RECREATIVAS EN LA POBLACIÓN CHALACA?,818,18,2.3. 2  9. 1  1,LOCACION DE SERVICIOS REALIZADOS POR PERSONAS NATURALES RELACIONADAS AL ROL DE LA ENTIDAD,2400.0,Compromiso
2026,1028,3,S,668,2026-03-05,10728028594,PEREZ PORRAS MARIA LUISA,106,CONTRATO MENOR,CM,,SERVICIO DE ASISTENCIA TECNICA EN TEMAS DEPORTIVOS DE BASQUETBOL I: ?INCREMENTO DE ACTIVIDADES DEPORTIVAS Y RECREATIVAS EN LA POBLACIÓN CHALACA?,819,18,2.3. 2  9. 1  1,LOCACION DE SERVICIOS REALIZADOS POR PERSONAS NATURALES RELACIONADAS AL ROL DE LA ENTIDAD,1920.0,Compromiso
2026,1028,3,S,669,2026-03-05,20507852549,PLUXEE PERU SAC,80,CONCURSO PÚBLICO ABREVIADO,CP,0001-2025-GORE-CALLAO,SERVICIO DE ENTREGA DE VALE DE CONSUMO,777,0,2.1. 2  1. 2  5,ENTREGA DE CUPÓN O VALE POR CONCEPTO DE ALIMENTACIÓN,139911.98,Compromiso
2026,1028,3,S,670,2026-03-05,10714906017,CARDENAS MONTOYA ADRIANA MICAELA,106,CONTRATO MENOR,CM,,SERVICIO DE SEGUIMIENTO DE DOCUMENTOS ADMINISTRATIVOS,782,18,2.3. 2  9. 1  1,LOCACION DE SERVICIOS REALIZADOS POR PERSONAS NATURALES RELACIONADAS AL ROL DE LA ENTIDAD,16000.0,Compromiso
2026,1028,3,S,671,2026-03-05,15470104896,ZAMALLOA DUEÑAS CESAR AUGUSTO,106,CONTRATO MENOR,CM,,SERVICIO ESPECIALIZADO EN INGENIERIA PORTUARIA PARA LA GERENCIA REGIONAL DE DESARROLLO ECONOMICO.,778,18,2.3. 2  9. 1  1,LOCACION DE SERVICIOS REALIZADOS POR PERSONAS NATURALES RELACIONADAS AL ROL DE LA ENTIDAD,40000.0,Compromiso
2026,1028,3,S,672,2026-03-05,10255513201,HERNANDEZ DE LA CRUZ ENRIQUE MARTIN,106,CONTRATO MENOR,CM,,SEGUIMIENTO Y MONITOREO DEL SERVICIO DE SEGURIDAD Y VIGILANCIA,820,18,2.3. 2  9. 1  1,LOCACION DE SERVICIOS REALIZADOS POR PERSONAS NATURALES RELACIONADAS AL ROL DE LA ENTIDAD,2000.0,Compromiso
2026,1028,3,S,673,2026-03-05,10181994202,MAQUI SANTOS JOSE LUIS,106,CONTRATO MENOR,CM,,SERVICIO DE CONDUCCIÓN DE VEHICULO,821,18,2.3. 2  9. 1  1,LOCACION DE SERVICIOS REALIZADOS POR PERSONAS NATURALES RELACIONADAS AL ROL DE LA ENTIDAD,2000.0,Compromiso
2026,1028,3,S,674,2026-03-05,10736218238,BANDA DIAZ MI YOHANA,106,CONTRATO MENOR,CM,,SERVICIO ESPECIALIZADO EN ADMINISTRACIÓN PARA LA GERENCIA REGIONAL DE DESARROLLO ECONOMICO.,779,18,2.3. 2  9. 1  1,LOCACION DE SERVICIOS REALIZADOS POR PERSONAS NATURALES RELACIONADAS AL ROL DE LA ENTIDAD,28000.0,Compromiso
2026,1028,3,S,675,2026-03-05,10254602812,MARIN CASTILLO DANIELA BERTA,106,CONTRATO MENOR,CM,,SEGUIMIENTO Y MONITOREO DEL SERVICIO DE SEGURIDAD Y VIGILANCIA,822,18,2.3. 2  9. 1  1,LOCACION DE SERVICIOS REALIZADOS POR PERSONAS NATURALES RELACIONADAS AL ROL DE LA ENTIDAD,2400.0,Compromiso
2026,1028,3,S,676,2026-03-05,10087510064,MIRANDA HUAMAN JOSE LUIS,106,CONTRATO MENOR,CM,,SERVICIO DE AUXILIO MECANICO AUTOMOTOR,813,18,2.3. 2  9. 1  1,LOCACION DE SERVICIOS REALIZADOS POR PERSONAS NATURALES RELACIONADAS AL ROL DE LA ENTIDAD,4600.0,Compromiso
2026,1028,3,S,677,2026-03-05,10258082694,RAMOS SARMIENTO JHON TEK,106,CONTRATO MENOR,CM,,SEGUIMIENTO Y MONITOREO DEL SERVICIO DE SEGURIDAD Y VIGILANCIA,814,18,2.3. 2  9. 1  1,LOCACION DE SERVICIOS REALIZADOS POR PERSONAS NATURALES RELACIONADAS AL ROL DE LA ENTIDAD,2000.0,Compromiso
2026,1028,3,S,678,2026-03-05,10408655728,RUNCIMAN PACORICONA FABIOLA CAROLINA,106,CONTRATO MENOR,CM,,SEGUIMIENTO Y MONITOREO DEL SERVICIO DE SEGURIDAD Y VIGILANCIA,815,18,2.3. 2  9. 1  1,LOCACION DE SERVICIOS REALIZADOS POR PERSONAS NATURALES RELACIONADAS AL ROL DE LA ENTIDAD,3000.0,Compromiso
2026,1028,3,S,679,2026-03-05,10257845619,SANCHEZ ERMITAÑO AMED BLADIMIR,106,CONTRATO MENOR,CM,,SEGUIMIENTO Y MONITOREO DEL SERVICIO DE SEGURIDAD Y VIGILANCIA,816,18,2.3. 2  9. 1  1,LOCACION DE SERVICIOS REALIZADOS POR PERSONAS NATURALES RELACIONADAS AL ROL DE LA ENTIDAD,2000.0,Compromiso
2026,1028,3,S,680,2026-03-05,10428015971,SOLIS SULLON MARIA ROSA,106,CONTRATO MENOR,CM,,SEGUIMIENTO Y MONITOREO DEL SERVICIO DE SEGURIDAD Y VIGILANCIA,817,18,2.3. 2  9. 1  1,LOCACION DE SERVICIOS REALIZADOS POR PERSONAS NATURALES RELACIONADAS AL ROL DE LA ENTIDAD,2400.0,Compromiso
2026,1028,3,S,681,2026-03-05,10768271327,TOCTO TORRES DARLENY,106,CONTRATO MENOR,CM,,SERVICIO DE ASISTENCIA LEGAL EN PROCEDIMIENTOS ADMINISTRATIVOS,808,18,2.3. 2  9. 1  1,LOCACION DE SERVICIOS REALIZADOS POR PERSONAS NATURALES RELACIONADAS AL ROL DE LA ENTIDAD,9000.0,Compromiso
2026,1028,3,S,682,2026-03-05,10304101577,TORRES ZEGARRA RICARDO JUAN,106,CONTRATO MENOR,CM,,SEGUIMIENTO Y MONITOREO DEL SERVICIO DE SEGURIDAD Y VIGILANCIA,809,18,2.3. 2  9. 1  1,LOCACION DE SERVICIOS REALIZADOS POR PERSONAS NATURALES RELACIONADAS AL ROL DE LA ENTIDAD,2000.0,Compromiso
2026,1028,3,S,683,2026-03-05,10258152790,ZUÑIGA GUTIERREZ RENEE LUIS,106,CONTRATO MENOR,CM,,SERVICIO DE CONDUCCIÓN DE VEHICULO,810,18,2.3. 2  9. 1  1,LOCACION DE SERVICIOS REALIZADOS POR PERSONAS NATURALES RELACIONADAS AL ROL DE LA ENTIDAD,2600.0,Compromiso
2026,1028,3,S,684,2026-03-05,10769243921,OJEDA ZEGARRA ASHLEY MIRESKA,106,CONTRATO MENOR,CM,,SERVICIO DE ASISTENCIA LEGAL PARA LA REVISION Y SEGUIMIENTO DE DOCUMENTOS DE GESTION LOGISTICA  PARA LA GERENCIA REGIONAL DE DESARROLLO ECONOMICO.,780,18,2.3. 2  9. 1  1,LOCACION DE SERVICIOS REALIZADOS POR PERSONAS NATURALES RELACIONADAS AL ROL DE LA ENTIDAD,28000.0,Compromiso
2026,1028,3,S,685,2026-03-05,10254758804,AGUILAR DOMINGUEZ MARCO ANTONIO,106,CONTRATO MENOR,CM,,SEGUIMIENTO Y MONITOREO DEL SERVICIO DE SEGURIDAD Y VIGILANCIA,811,18,2.3. 2  9. 1  1,LOCACION DE SERVICIOS REALIZADOS POR PERSONAS NATURALES RELACIONADAS AL ROL DE LA ENTIDAD,2400.0,Compromiso
2026,1028,3,S,686,2026-03-05,10254330251,ALIAGA DE LOS RIOS RITA MARITZA,106,CONTRATO MENOR,CM,,SEGUIMIENTO Y MONITOREO DEL SERVICIO DE SEGURIDAD Y VIGILANCIA,812,18,2.3. 2  9. 1  1,LOCACION DE SERVICIOS REALIZADOS POR PERSONAS NATURALES RELACIONADAS AL ROL DE LA ENTIDAD,2000.0,Compromiso
2026,1028,3,S,687,2026-03-05,10090491810,ARELLAN EVANGELISTA JORGE FELIX,106,CONTRATO MENOR,CM,,SERVICIO DE ORDENAMIENTO DE LOS BIENES DE ALMACEN,803,18,2.3. 2  9. 1  1,LOCACION DE SERVICIOS REALIZADOS POR PERSONAS NATURALES RELACIONADAS AL ROL DE LA ENTIDAD,6170.0,Compromiso
2026,1028,3,S,688,2026-03-05,10258270849,BOUVERIE CARTAGENA JORGE MIGUEL,106,CONTRATO MENOR,CM,,SERVICIO DE CONDUCCIÓN DE VEHICULO,804,18,2.3. 2  9. 1  1,LOCACION DE SERVICIOS REALIZADOS POR PERSONAS NATURALES RELACIONADAS AL ROL DE LA ENTIDAD,6200.0,Compromiso
2026,1028,3,S,689,2026-03-05,10254710887,BURGOS VIDAL FLORENCIO OLIVEROS,106,CONTRATO MENOR,CM,,SERVICIO DE AUXILIAR EN MANTENIMIENTO,805,18,2.3. 2  9. 1  1,LOCACION DE SERVICIOS REALIZADOS POR PERSONAS NATURALES RELACIONADAS AL ROL DE LA ENTIDAD,2000.0,Compromiso
2026,1028,3,S,690,2026-03-05,10255748764,CARBAJAL VASQUEZ YSABEL MILAGROS,106,CONTRATO MENOR,CM,,SEGUIMIENTO Y MONITOREO DEL SERVICIO DE SEGURIDAD Y VIGILANCIA,806,18,2.3. 2  9. 1  1,LOCACION DE SERVICIOS REALIZADOS POR PERSONAS NATURALES RELACIONADAS AL ROL DE LA ENTIDAD,2000.0,Compromiso
2026,1028,3,S,691,2026-03-05,10255760021,CARDENAS CUENCA LEONARDO REYNALDO,106,CONTRATO MENOR,CM,,SERVICIO DE CONDUCCIÓN DE VEHICULO,807,18,2.3. 2  9. 1  1,LOCACION DE SERVICIOS REALIZADOS POR PERSONAS NATURALES RELACIONADAS AL ROL DE LA ENTIDAD,6000.0,Compromiso
2026,1028,3,S,692,2026-03-05,10714303711,URBIZAGÁSTEGUI URIBE XIARA,106,CONTRATO MENOR,CM,,SERVICIO ESPECIALIZADO EN MATERIA LEGAL ADMINISTRATIVA PARA LOS PROCESOS DE CONTRATACIONES CON EL ESTADO PARA LA GERENCIA REGIONAL DE DESARROLLO ECONOMICO.,781,18,2.3. 2  9. 1  1,LOCACION DE SERVICIOS REALIZADOS POR PERSONAS NATURALES RELACIONADAS AL ROL DE LA ENTIDAD,21000.0,Compromiso
2026,1028,3,S,693,2026-03-05,10774234352,VEGA LOZANO DIANA ROSARIO DEL PILAR,106,CONTRATO MENOR,CM,,"""SERVICIO DE ASISTENCIA TECNICA ADMINISTRATIVA PARA EJECUTORIA COACTIVA REGIONAL DE.GOBIERNO REGION",784,18,2.3. 2  9. 1  1,LOCACION DE SERVICIOS REALIZADOS POR PERSONAS NATURALES RELACIONADAS AL ROL DE LA ENTIDAD,12000.0,Compromiso
2026,1028,3,S,694,2026-03-05,10401401453,CHAPA CUYA NANCY KARINA,106,CONTRATO MENOR,CM,,SERVICIO DE AUXILIAR ADMINISTRATIVO,798,18,2.3. 2  9. 1  1,LOCACION DE SERVICIOS REALIZADOS POR PERSONAS NATURALES RELACIONADAS AL ROL DE LA ENTIDAD,5000.0,Compromiso
2026,1028,3,S,695,2026-03-05,10756082880,CORSINO CANA MIGUEL ANGEL ALFREDO,106,CONTRATO MENOR,CM,,"""SERVICIO EN MATERIA LEGAL PARA LA MODERNIZACION DE LA GESTION PUBLICA PARA EJECUTORIA COACTIVA",785,18,2.3. 2  9. 1  1,LOCACION DE SERVICIOS REALIZADOS POR PERSONAS NATURALES RELACIONADAS AL ROL DE LA ENTIDAD,12000.0,Compromiso
2026,1028,3,S,696,2026-03-05,10768491327,ALCALDE MUÑOZ HENRRY LUIS,106,CONTRATO MENOR,CM,,"""SERVICIO ESPECIALIZADO EN GESTION PUBLICA PARA EJECUTORIA COACTIVA REGIONAL DE.GOBIERNO REGIONAL",786,18,2.3. 2  9. 1  1,LOCACION DE SERVICIOS REALIZADOS POR PERSONAS NATURALES RELACIONADAS AL ROL DE LA ENTIDAD,18000.0,Compromiso
2026,1028,3,S,697,2026-03-05,10255113777,COTOS ESPINOZA ISABEL VILMA,106,CONTRATO MENOR,CM,,SEGUIMIENTO Y MONITOREO DEL SERVICIO DE SEGURIDAD Y VIGILANCIA,799,18,2.3. 2  9. 1  1,LOCACION DE SERVICIOS REALIZADOS POR PERSONAS NATURALES RELACIONADAS AL ROL DE LA ENTIDAD,2000.0,Compromiso
2026,1028,3,S,698,2026-03-05,10741488367,HUAMAN LETONA LUIS JAVIER,106,CONTRATO MENOR,CM,,"""SERVICIO ESPECIALIZADO EN MATERIA LEGAL EN GESTION PUBLICA PARA EJECUTORIA COACTIVA REGIONAL",787,18,2.3. 2  9. 1  1,LOCACION DE SERVICIOS REALIZADOS POR PERSONAS NATURALES RELACIONADAS AL ROL DE LA ENTIDAD,18000.0,Compromiso
2026,1028,3,S,699,2026-03-05,10257190019,CUBAS GAMBOA MARIA CRISTINA,106,CONTRATO MENOR,CM,,SEGUIMIENTO Y MONITOREO DEL SERVICIO DE SEGURIDAD Y VIGILANCIA,800,18,2.3. 2  9. 1  1,LOCACION DE SERVICIOS REALIZADOS POR PERSONAS NATURALES RELACIONADAS AL ROL DE LA ENTIDAD,2000.0,Compromiso
2026,1028,3,S,700,2026-03-05,10070208348,FLORES AMEZ TOMAS BAUTISTA,106,CONTRATO MENOR,CM,,SEGUIMIENTO Y MONITOREO DEL SERVICIO DE SEGURIDAD Y VIGILANCIA,801,18,2.3. 2  9. 1  1,LOCACION DE SERVICIOS REALIZADOS POR PERSONAS NATURALES RELACIONADAS AL ROL DE LA ENTIDAD,2000.0,Compromiso
2026,1028,3,S,701,2026-03-05,10255010765,GABANCHO CORTEZ CESAR FRANCISCO,106,CONTRATO MENOR,CM,,SEGUIMIENTO Y MONITOREO DEL SERVICIO DE SEGURIDAD Y VIGILANCIA,802,18,2.3. 2  9. 1  1,LOCACION DE SERVICIOS REALIZADOS POR PERSONAS NATURALES RELACIONADAS AL ROL DE LA ENTIDAD,2400.0,Compromiso
2026,1028,3,S,702,2026-03-05,10258054861,GOMEZ CASTRO MARTHA LOURDES,106,CONTRATO MENOR,CM,,SEGUIMIENTO Y MONITOREO DEL SERVICIO DE SEGURIDAD Y VIGILANCIA,793,18,2.3. 2  9. 1  1,LOCACION DE SERVICIOS REALIZADOS POR PERSONAS NATURALES RELACIONADAS AL ROL DE LA ENTIDAD,2000.0,Compromiso
2026,1028,3,S,703,2026-03-05,10255788898,PEREZ GADEA MARCO ANTONIO,106,CONTRATO MENOR,CM,,SEGUIMIENTO Y MONITOREO DEL SERVICIO DE SEGURIDAD Y VIGILANCIA,794,18,2.3. 2  9. 1  1,LOCACION DE SERVICIOS REALIZADOS POR PERSONAS NATURALES RELACIONADAS AL ROL DE LA ENTIDAD,2400.0,Compromiso
2026,1028,3,S,704,2026-03-05,10254183852,PORTILLA SALAZAR VDA DE MEDINA CATALINA PETRONILA,106,CONTRATO MENOR,CM,,SEGUIMIENTO Y MONITOREO DEL SERVICIO DE SEGURIDAD Y VIGILANCIA,795,18,2.3. 2  9. 1  1,LOCACION DE SERVICIOS REALIZADOS POR PERSONAS NATURALES RELACIONADAS AL ROL DE LA ENTIDAD,2000.0,Compromiso
2026,1028,3,S,705,2026-03-05,10257042575,REST DICHE MARIA LUISA ROSSINA,106,CONTRATO MENOR,CM,,SERVICIO SECRETARIAL,796,18,2.3. 2  9. 1  1,LOCACION DE SERVICIOS REALIZADOS POR PERSONAS NATURALES RELACIONADAS AL ROL DE LA ENTIDAD,6178.0,Compromiso
2026,1028,3,S,706,2026-03-05,10074394154,SANCHEZ ARIAS MARIA LORENA,106,CONTRATO MENOR,CM,,SEGUIMIENTO Y MONITOREO DEL SERVICIO DE SEGURIDAD Y VIGILANCIA,797,18,2.3. 2  9. 1  1,LOCACION DE SERVICIOS REALIZADOS POR PERSONAS NATURALES RELACIONADAS AL ROL DE LA ENTIDAD,2400.0,Compromiso
2026,1028,3,S,707,2026-03-05,10258279846,SANCHEZ SILVA CRUZ ERIKA MARISOL,106,CONTRATO MENOR,CM,,SERVICIO DE SUPERVISION DE PROCESOS LOGISTICOS,788,18,2.3. 2  9. 1  1,LOCACION DE SERVICIOS REALIZADOS POR PERSONAS NATURALES RELACIONADAS AL ROL DE LA ENTIDAD,5000.0,Compromiso
2026,1028,3,S,708,2026-03-05,10257997044,VIDAL CONTRERAS GUADALUPE,106,CONTRATO MENOR,CM,,SEGUIMIENTO Y MONITOREO DEL SERVICIO DE SEGURIDAD Y VIGILANCIA,789,18,2.3. 2  9. 1  1,LOCACION DE SERVICIOS REALIZADOS POR PERSONAS NATURALES RELACIONADAS AL ROL DE LA ENTIDAD,2000.0,Compromiso
2026,1028,3,S,709,2026-03-05,10254256507,YAÑEZ RUEDA NELSON ANGEL,106,CONTRATO MENOR,CM,,SERVICIO DE VERIFICACIÓN Y CLASIFICACIÓN DE DOCUMENTOS.,790,18,2.3. 2  9. 1  1,LOCACION DE SERVICIOS REALIZADOS POR PERSONAS NATURALES RELACIONADAS AL ROL DE LA ENTIDAD,2000.0,Compromiso
2026,1028,3,S,710,2026-03-05,15336434464,VARILLAS ALZAMORA JUAN ARTIDORO,106,CONTRATO MENOR,CM,,SERVICIO DE ASISTENCIA LEGAL EN PROCESOS  ADMINISTRATIVOS,791,18,2.3. 2  9. 1  1,LOCACION DE SERVICIOS REALIZADOS POR PERSONAS NATURALES RELACIONADAS AL ROL DE LA ENTIDAD,14000.0,Compromiso
2026,1028,3,S,711,2026-03-05,10458455533,FLORES SANGAMA MARIA DEL ROSARIO,106,CONTRATO MENOR,CM,,SERVICIO DE ASISTENCIA TECNICA ADMINISTRATIVA,792,18,2.3. 2  9. 1  1,LOCACION DE SERVICIOS REALIZADOS POR PERSONAS NATURALES RELACIONADAS AL ROL DE LA ENTIDAD,6780.0,Compromiso
2026,1028,3,S,712,2026-03-06,10715819029,TALAVERA VIZCARRA DANIEL ALEJANDRO,106,CONTRATO MENOR,CM,,SERVICIO COORDINACIÓN DE DEPORTES PARA LA ACTIVIDAD: ?INCREMENTO DE ACTIVIDADES DEPORTIVAS Y RECREATIVAS EN LA POBLACIÓN CHALACA?,920,18,2.3. 2  9. 1  1,LOCACION DE SERVICIOS REALIZADOS POR PERSONAS NATURALES RELACIONADAS AL ROL DE LA ENTIDAD,42000.0,Compromiso
2026,1028,3,S,713,2026-03-06,10477168731,ESCOBAR BEDOYA WENDY ARACELLI,106,CONTRATO MENOR,CM,,SERVICIO DE ASISTENCIA TECNICA EN GESTION DE PROCESOS ADMINISTRATIVOS PARA LA ACTIVIDAD: ?INCREMENTO DE ACTIVIDADES DEPORTIVAS Y RECREATIVAS EN LA POBLACIÓN CHALACA?,921,18,2.3. 2  9. 1  1,LOCACION DE SERVICIOS REALIZADOS POR PERSONAS NATURALES RELACIONADAS AL ROL DE LA ENTIDAD,24000.0,Compromiso
2026,1028,3,S,714,2026-03-06,10098499674,HUAMANI CHATE ROLANDO MARCELINO,106,CONTRATO MENOR,CM,,SERVICIO DE ASISTENCIA TECNICA ADMINISTRATIVA PARA LA ACTIVIDAD: ?INCREMENTO DE ACTIVIDADES DEPORTIVAS Y RECREATIVAS EN LA POBLACIÓN CHALACA?,922,18,2.3. 2  9. 1  1,LOCACION DE SERVICIOS REALIZADOS POR PERSONAS NATURALES RELACIONADAS AL ROL DE LA ENTIDAD,21000.0,Compromiso
2026,1028,3,S,715,2026-03-06,10448695706,PEREZ MEDINA JOSE ADELKI,106,CONTRATO MENOR,CM,,"SERVICIO DE ORGANIZACIÓN, GESTIÓN Y DIRECCIÓN TÉCNICA DE DEPORTES PARA LA ACTIVIDAD: ?INCREMENTO DE ACTIVIDADES DEPORTIVAS Y RECREATIVAS EN LA POBLACIÓN CHALACA?",923,18,2.3. 2  9. 1  1,LOCACION DE SERVICIOS REALIZADOS POR PERSONAS NATURALES RELACIONADAS AL ROL DE LA ENTIDAD,36000.0,Compromiso
2026,1028,3,S,716,2026-03-06,10760929749,NOLASCO PALACIOS GILMER,106,CONTRATO MENOR,CM,,SERVICIO DE ASISTENCIA TÉCNICA EN DIRECCIÓN TÉCNICA DE DEPORTES PARA LA ACTIVIDAD: ?INCREMENTO DE ACTIVIDADES DEPORTIVAS Y RECREATIVAS EN LA POBLACIÓN CHALACA?,924,18,2.3. 2  9. 1  1,LOCACION DE SERVICIOS REALIZADOS POR PERSONAS NATURALES RELACIONADAS AL ROL DE LA ENTIDAD,18000.0,Compromiso
2026,1028,3,S,717,2026-03-06,10727443466,RIVERA LLORI GRECIA GERALDINE,106,CONTRATO MENOR,CM,,SERVICIO DE VERIFICACIÓN Y MONITOREO DEL ESTADIO TELMO CARBAJO PARA LA ACTIVIDAD: ?INCREMENTO DE ACTIVIDADES DEPORTIVAS Y RECREATIVAS EN LA POBLACIÓN CHALACA?,925,18,2.3. 2  9. 1  1,LOCACION DE SERVICIOS REALIZADOS POR PERSONAS NATURALES RELACIONADAS AL ROL DE LA ENTIDAD,30000.0,Compromiso
2026,1028,3,S,718,2026-03-06,10400697651,TORRES LLANOS RICARDO ANDERSON,106,CONTRATO MENOR,CM,,SERVICIO DE SUPERVISIÓN Y MONITOREO DE ACTIVIDADES DE CAMPO I PARA LA ACTIVIDAD: ?INCREMENTO DE ACTIVIDADES DEPORTIVAS Y RECREATIVAS EN LA POBLACIÓN CHALACA?,926,18,2.3. 2  9. 1  1,LOCACION DE SERVICIOS REALIZADOS POR PERSONAS NATURALES RELACIONADAS AL ROL DE LA ENTIDAD,4500.0,Compromiso
2026,1028,3,S,719,2026-03-06,10466568169,PADILLA RIVERA VIKY PEREGRINA,106,CONTRATO MENOR,CM,,SERVICIO DE SUPERVISIÓN Y MONITOREO DE ACTIVIDADES DE CAMPO II PARA LA ACTIVIDAD: ?INCREMENTO DE ACTIVIDADES DEPORTIVAS Y RECREATIVAS EN LA POBLACIÓN CHALACA?,927,18,2.3. 2  9. 1  1,LOCACION DE SERVICIOS REALIZADOS POR PERSONAS NATURALES RELACIONADAS AL ROL DE LA ENTIDAD,4500.0,Compromiso
2026,1028,3,S,720,2026-03-06,10720017381,GUTIERREZ SALAZAR LEO SIMON,106,CONTRATO MENOR,CM,,SERVICIO DE SUPERVISIÓN Y MONITOREO DE ACTIVIDADES DE CAMPO III PARA LA ACTIVIDAD: ?INCREMENTO DE ACTIVIDADES DEPORTIVAS Y RECREATIVAS EN LA POBLACIÓN CHALACA?,928,18,2.3. 2  9. 1  1,LOCACION DE SERVICIOS REALIZADOS POR PERSONAS NATURALES RELACIONADAS AL ROL DE LA ENTIDAD,4500.0,Compromiso
2026,1028,3,S,721,2026-03-06,10474857897,SANCHEZ TUESTA CARLOS ELIAS,106,CONTRATO MENOR,CM,,SERVICIO DE SUPERVISIÓN Y MONITOREO DE ACTIVIDADES DE CAMPO IV PARA LA ACTIVIDAD: ?INCREMENTO DE ACTIVIDADES DEPORTIVAS Y RECREATIVAS EN LA POBLACIÓN CHALACA?,929,18,2.3. 2  9. 1  1,LOCACION DE SERVICIOS REALIZADOS POR PERSONAS NATURALES RELACIONADAS AL ROL DE LA ENTIDAD,4500.0,Compromiso
2026,1028,3,S,722,2026-03-06,10730430723,BANCAYAN GONZALES ROCIO LISSETH,106,CONTRATO MENOR,CM,,SERVICIO DE SUPERVISIÓN Y MONITOREO DE ACTIVIDADES DE CAMPO V PARA LA ACTIVIDAD: ?INCREMENTO DE ACTIVIDADES DEPORTIVAS Y RECREATIVAS EN LA POBLACIÓN CHALACA?,930,18,2.3. 2  9. 1  1,LOCACION DE SERVICIOS REALIZADOS POR PERSONAS NATURALES RELACIONADAS AL ROL DE LA ENTIDAD,4500.0,Compromiso
2026,1028,3,S,723,2026-03-06,10703535025,TORCHIANI BORDA GIANNI DANIEL,106,CONTRATO MENOR,CM,,SERVICIO DE ASISTENCIA TÉCNICA ESPECIALIZADA EN EL DESARROLLO DE DISCIPLINAS DEPORTIVAS I PARA LA ACTIVIDAD: ?INCREMENTO DE ACTIVIDADES DEPORTIVAS Y RECREATIVAS EN LA POBLACIÓN CHALACA?,931,18,2.3. 2  9. 1  1,LOCACION DE SERVICIOS REALIZADOS POR PERSONAS NATURALES RELACIONADAS AL ROL DE LA ENTIDAD,21000.0,Compromiso
2026,1028,3,S,724,2026-03-06,10709867399,FARFAN PINEDO LUCIO DAVID,106,CONTRATO MENOR,CM,,SERVICIO DE ASISTENCIA TÉCNICA ESPECIALIZADA EN EL DESARROLLO DE DISCIPLINAS DEPORTIVAS II PARA LA ACTIVIDAD: ?INCREMENTO DE ACTIVIDADES DEPORTIVAS Y RECREATIVAS EN LA POBLACIÓN CHALACA?,932,18,2.3. 2  9. 1  1,LOCACION DE SERVICIOS REALIZADOS POR PERSONAS NATURALES RELACIONADAS AL ROL DE LA ENTIDAD,21000.0,Compromiso
2026,1028,3,S,725,2026-03-06,10258694967,RUIZ CARDENAS ALFONSO ANTONIO,106,CONTRATO MENOR,CM,,SERVICIO DE ASISTENCIA TÉCNICA ADMINISTRATIVA PARA EL DESARROLLO DE DISCIPLINAS DEPORTIVAS I PARA LA ACTIVIDAD: ?INCREMENTO DE ACTIVIDADES DEPORTIVAS Y RECREATIVAS EN LA POBLACIÓN CHALACA?,933,18,2.3. 2  9. 1  1,LOCACION DE SERVICIOS REALIZADOS POR PERSONAS NATURALES RELACIONADAS AL ROL DE LA ENTIDAD,15000.0,Compromiso
2026,1028,3,S,726,2026-03-06,10469775297,SERNAQUE PAJUELO DE ALBARRACIN YADIRA LUCERO,106,CONTRATO MENOR,CM,,SERVICIO DE ASISTENCIA TÉCNICA ADMINISTRATIVA PARA EL DESARROLLO DE DISCIPLINAS DEPORTIVAS II PARA LA ACTIVIDAD: ?INCREMENTO DE ACTIVIDADES DEPORTIVAS Y RECREATIVAS EN LA POBLACIÓN CHALACA?,934,18,2.3. 2  9. 1  1,LOCACION DE SERVICIOS REALIZADOS POR PERSONAS NATURALES RELACIONADAS AL ROL DE LA ENTIDAD,15000.0,Compromiso
2026,1028,3,S,727,2026-03-06,10763894997,CASTILLO PISCO SEBASTIAN DANIEL,106,CONTRATO MENOR,CM,,SERVICIO DE ASISTENCIA EN DESARROLLO DE DISCIPLINAS DEPORTIVAS I PARA LA ACTIVIDAD: ?INCREMENTO DE ACTIVIDADES DEPORTIVAS Y RECREATIVAS EN LA POBLACIÓN CHALACA?,935,18,2.3. 2  9. 1  1,LOCACION DE SERVICIOS REALIZADOS POR PERSONAS NATURALES RELACIONADAS AL ROL DE LA ENTIDAD,10000.0,Compromiso
2026,1028,3,S,728,2026-03-06,10724990253,MARTHA VALERIA ESTRADA ALVARADO,106,CONTRATO MENOR,CM,,SERVICIO DE ASISTENCIA EN DESARROLLO DE DISCIPLINAS DEPORTIVAS II PARA LA ACTIVIDAD: ?INCREMENTO DE ACTIVIDADES DEPORTIVAS Y RECREATIVAS EN LA POBLACIÓN CHALACA?,936,18,2.3. 2  9. 1  1,LOCACION DE SERVICIOS REALIZADOS POR PERSONAS NATURALES RELACIONADAS AL ROL DE LA ENTIDAD,10000.0,Compromiso
2026,1028,3,S,729,2026-03-06,10257526351,HERRERA SANCHEZ RICARDO MANUEL,106,CONTRATO MENOR,CM,,SERVICIO DE ORDENAMIENTO Y ALMACENAMIENTO DE EXISTENCIAS DE ALMACEN PARA LA ACTIVIDAD: ?INCREMENTO DE ACTIVIDADES DEPORTIVAS Y RECREATIVAS EN LA POBLACIÓN CHALACA?,937,18,2.3. 2  9. 1  1,LOCACION DE SERVICIOS REALIZADOS POR PERSONAS NATURALES RELACIONADAS AL ROL DE LA ENTIDAD,16800.0,Compromiso
2026,1028,3,S,730,2026-03-06,10475391531,MUJICA MOYA LUIS ALBERTO,106,CONTRATO MENOR,CM,,SERVICIO DE SEGUIMIENTO Y ASISTENCIA DE ACTIVIDADES ADMINISTRATIVAS DE INSCRIPCIONES Y ASISTENCIA A LOS TALLERES DEPORTIVOS I PARA LA ACTIVIDAD: ?INCREMENTO DE ACTIVIDADES DEPORTIVAS Y RECREATIVAS EN LA POBLACIÓN CHALACA?,938,18,2.3. 2  9. 1  1,LOCACION DE SERVICIOS REALIZADOS POR PERSONAS NATURALES RELACIONADAS AL ROL DE LA ENTIDAD,30000.0,Compromiso
2026,1028,3,S,731,2026-03-06,10481002341,CORONEL TELLO FLOR MELODY,106,CONTRATO MENOR,CM,,SERVICIO DE SEGUIMIENTO Y ASISTENCIA DE ACTIVIDADES ADMINISTRATIVAS DE INSCRIPCIONES Y ASISTENCIA A LOS TALLERES DEPORTIVOS II PARA LA ACTIVIDAD: ?INCREMENTO DE ACTIVIDADES DEPORTIVAS Y RECREATIVAS EN LA POBLACIÓN CHALACA?,939,18,2.3. 2  9. 1  1,LOCACION DE SERVICIOS REALIZADOS POR PERSONAS NATURALES RELACIONADAS AL ROL DE LA ENTIDAD,30000.0,Compromiso
2026,1028,3,S,732,2026-03-06,10718545558,GRIEVE GOMEZ JENNIFER JASMIN,106,CONTRATO MENOR,CM,,"SERVICIO DE ASISTENCIA ADMINISTRATIVA PARA GENERAR, ANALIZAR Y DAR SEGUIMIENTO A LA INFORMACION I PARA LA ACTIVIDAD: ?INCREMENTO DE ACTIVIDADES DEPORTIVAS Y RECREATIVAS EN LA POBLACIÓN CHALACA?",940,18,2.3. 2  9. 1  1,LOCACION DE SERVICIOS REALIZADOS POR PERSONAS NATURALES RELACIONADAS AL ROL DE LA ENTIDAD,15000.0,Compromiso
2026,1028,3,S,733,2026-03-06,10712210546,VILLANUEVA ROSAS GABRIELA NICOLE,106,CONTRATO MENOR,CM,,"SERVICIO DE ASISTENCIA ADMINISTRATIVA PARA GENERAR, ANALIZAR Y DAR SEGUIMIENTO A LA INFORMACION II PARA LA ACTIVIDAD: ?INCREMENTO DE ACTIVIDADES DEPORTIVAS Y RECREATIVAS EN LA POBLACIÓN CHALACA?",941,18,2.3. 2  9. 1  1,LOCACION DE SERVICIOS REALIZADOS POR PERSONAS NATURALES RELACIONADAS AL ROL DE LA ENTIDAD,15000.0,Compromiso
2026,1028,3,S,734,2026-03-06,10258568325,ESCOBAR BEDOYA CHRISTIAN MILOVAN,106,CONTRATO MENOR,CM,,"SERVICIO DE ASISTENCIA ADMINISTRATIVA PARA GENERAR, ANALIZAR Y DAR SEGUIMIENTO A LA INFORMACION III PARA LA ACTIVIDAD: ?INCREMENTO DE ACTIVIDADES DEPORTIVAS Y RECREATIVAS EN LA POBLACIÓN CHALACA?",942,18,2.3. 2  9. 1  1,LOCACION DE SERVICIOS REALIZADOS POR PERSONAS NATURALES RELACIONADAS AL ROL DE LA ENTIDAD,15000.0,Compromiso
2026,1028,3,S,735,2026-03-06,10098866146,PISCO VALVERDE ELIZABETH KATHERINE,106,CONTRATO MENOR,CM,,SERVICIO DE INSCRIPCIÓN EN TALLER DEPORTIVO I PARA LA ACTIVIDAD: ?INCREMENTO DE ACTIVIDADES DEPORTIVAS Y RECREATIVAS EN LA POBLACIÓN CHALACA?,943,18,2.3. 2  9. 1  1,LOCACION DE SERVICIOS REALIZADOS POR PERSONAS NATURALES RELACIONADAS AL ROL DE LA ENTIDAD,15000.0,Compromiso
2026,1028,3,S,736,2026-03-06,10773432185,FRIAS LOJAS ANTHONY DIETER ANDRE,106,CONTRATO MENOR,CM,,SERVICIO DE INSCRIPCIÓN EN TALLER DEPORTIVO II PARA LA ACTIVIDAD: ?INCREMENTO DE ACTIVIDADES DEPORTIVAS Y RECREATIVAS EN LA POBLACIÓN CHALACA?,944,18,2.3. 2  9. 1  1,LOCACION DE SERVICIOS REALIZADOS POR PERSONAS NATURALES RELACIONADAS AL ROL DE LA ENTIDAD,15000.0,Compromiso
2026,1028,3,S,737,2026-03-06,10738870234,ARELLANO OSORIO RICHADSON DANIEL,106,CONTRATO MENOR,CM,,SERVICIO DE INSCRIPCIÓN EN TALLER DEPORTIVO III PARA LA ACTIVIDAD: ?INCREMENTO DE ACTIVIDADES DEPORTIVAS Y RECREATIVAS EN LA POBLACIÓN CHALACA?,1011,18,2.3. 2  9. 1  1,LOCACION DE SERVICIOS REALIZADOS POR PERSONAS NATURALES RELACIONADAS AL ROL DE LA ENTIDAD,15000.0,Compromiso
2026,1028,3,S,738,2026-03-06,10748236029,CASTILLO MAYURI ALLISON MIRTHA,106,CONTRATO MENOR,CM,,SERVICIO DE COORDINACIÓN EN ACTIVIDADES DE PROMOCIÓN Y DIFUSIÓN PARA LA ACTIVIDAD: ?INCREMENTO DE ACTIVIDADES DEPORTIVAS Y RECREATIVAS EN LA POBLACIÓN CHALACA?,1012,18,2.3. 2  9. 1  1,LOCACION DE SERVICIOS REALIZADOS POR PERSONAS NATURALES RELACIONADAS AL ROL DE LA ENTIDAD,36000.0,Compromiso
2026,1028,3,S,739,2026-03-06,10735904090,ASPILLAGA VIRTO HENRRY RAMON,106,CONTRATO MENOR,CM,,SERVICIO DE SUPERVISIÓN Y MONITOREO DE ACTIVIDADES PUBLICITARIAS PARA LA ACTIVIDAD: ?INCREMENTO DE ACTIVIDADES DEPORTIVAS Y RECREATIVAS EN LA POBLACIÓN CHALACA?,945,18,2.3. 2  9. 1  1,LOCACION DE SERVICIOS REALIZADOS POR PERSONAS NATURALES RELACIONADAS AL ROL DE LA ENTIDAD,30000.0,Compromiso
2026,1028,3,S,740,2026-03-06,10722234150,CASTILLO GUERRERO MARIA ALEJANDRA,106,CONTRATO MENOR,CM,,SERVICIO DE ASISTENCIA TÉCNICA EN ACTIVADES DE PROMOCIÓN Y DIFUSION PARA LA ACTIVIDAD: ?INCREMENTO DE ACTIVIDADES DEPORTIVAS Y RECREATIVAS EN LA POBLACIÓN CHALACA?,946,18,2.3. 2  9. 1  1,LOCACION DE SERVICIOS REALIZADOS POR PERSONAS NATURALES RELACIONADAS AL ROL DE LA ENTIDAD,24000.0,Compromiso
2026,1028,3,S,741,2026-03-06,10705016645,RAMIREZ AYMITUMA DENITHZA DHANERIT,106,CONTRATO MENOR,CM,,SERVICIO DE ASISTENCIA EN LA PRE-PRODUCCIÓN DE EVENTOS DE DIFUSIÓN I PARA LA ACTIVIDAD: ?INCREMENTO DE ACTIVIDADES DEPORTIVAS Y RECREATIVAS EN LA POBLACIÓN CHALACA?,947,18,2.3. 2  9. 1  1,LOCACION DE SERVICIOS REALIZADOS POR PERSONAS NATURALES RELACIONADAS AL ROL DE LA ENTIDAD,15000.0,Compromiso
2026,1028,3,S,742,2026-03-06,10468920943,ZAPATA HOCES GIORDAN STEVE,106,CONTRATO MENOR,CM,,SERVICIO DE ASISTENCIA EN LA PRE-PRODUCCIÓN DE EVENTOS DE DIFUSIÓN II PARA LA ACTIVIDAD: ?INCREMENTO DE ACTIVIDADES DEPORTIVAS Y RECREATIVAS EN LA POBLACIÓN CHALACA?,948,18,2.3. 2  9. 1  1,LOCACION DE SERVICIOS REALIZADOS POR PERSONAS NATURALES RELACIONADAS AL ROL DE LA ENTIDAD,15000.0,Compromiso
2026,1028,3,S,743,2026-03-06,10461441276,BUENALAYA APOLINARIO DE GIL MARIA CICILIA,106,CONTRATO MENOR,CM,,"SERVICIO DE SEGUIMIENTO, CONTROL Y MONITOREO DE LOS ORIENTADORES Y OPERADORES I PARA LA ACTIVIDAD: ?INCREMENTO DE ACTIVIDADES DEPORTIVAS Y RECREATIVAS EN LA POBLACIÓN CHALACA?",949,18,2.3. 2  9. 1  1,LOCACION DE SERVICIOS REALIZADOS POR PERSONAS NATURALES RELACIONADAS AL ROL DE LA ENTIDAD,18000.0,Compromiso
2026,1028,3,S,744,2026-03-06,10480079057,NOLASCO PALACIOS NOEMI,106,CONTRATO MENOR,CM,,"SERVICIO DE SEGUIMIENTO, CONTROL Y MONITOREO DE LOS ORIENTADORES Y OPERADORES II PARA LA ACTIVIDAD: ?INCREMENTO DE ACTIVIDADES DEPORTIVAS Y RECREATIVAS EN LA POBLACIÓN CHALACA?",950,18,2.3. 2  9. 1  1,LOCACION DE SERVICIOS REALIZADOS POR PERSONAS NATURALES RELACIONADAS AL ROL DE LA ENTIDAD,18000.0,Compromiso
2026,1028,3,S,745,2026-03-06,10408772686,VASQUEZ HIDALGO PATRICIA MAGALY,106,CONTRATO MENOR,CM,,SERVICIO DE ORIENTADOR I PARA LA ACTIVIDAD: ?INCREMENTO DE ACTIVIDADES DEPORTIVAS Y RECREATIVAS EN LA POBLACIÓN CHALACA?,951,18,2.3. 2  9. 1  1,LOCACION DE SERVICIOS REALIZADOS POR PERSONAS NATURALES RELACIONADAS AL ROL DE LA ENTIDAD,10000.0,Compromiso
2026,1028,3,S,746,2026-03-06,10739862090,ALVAN DIAZ ROSA ESTEFANY,106,CONTRATO MENOR,CM,,SERVICIO DE ORIENTADOR II PARA LA ACTIVIDAD: ?INCREMENTO DE ACTIVIDADES DEPORTIVAS Y RECREATIVAS EN LA POBLACIÓN CHALACA?,952,18,2.3. 2  9. 1  1,LOCACION DE SERVICIOS REALIZADOS POR PERSONAS NATURALES RELACIONADAS AL ROL DE LA ENTIDAD,10000.0,Compromiso
2026,1028,3,S,747,2026-03-06,10748399955,CARRASCO CHIROQUE JOSE MANUEL,106,CONTRATO MENOR,CM,,SERVICIO DE ORIENTADOR III PARA LA ACTIVIDAD: ?INCREMENTO DE ACTIVIDADES DEPORTIVAS Y RECREATIVAS EN LA POBLACIÓN CHALACA?,953,18,2.3. 2  9. 1  1,LOCACION DE SERVICIOS REALIZADOS POR PERSONAS NATURALES RELACIONADAS AL ROL DE LA ENTIDAD,10000.0,Compromiso
2026,1028,3,S,748,2026-03-06,10468561064,DIAZ OLIVERA LIZETH IVETT,106,CONTRATO MENOR,CM,,SERVICIO DE ORIENTADOR IV PARA LA ACTIVIDAD: ?INCREMENTO DE ACTIVIDADES DEPORTIVAS Y RECREATIVAS EN LA POBLACIÓN CHALACA?,954,18,2.3. 2  9. 1  1,LOCACION DE SERVICIOS REALIZADOS POR PERSONAS NATURALES RELACIONADAS AL ROL DE LA ENTIDAD,10000.0,Compromiso
2026,1028,3,S,749,2026-03-06,10424803931,VILLENA DANNY EDGAR,106,CONTRATO MENOR,CM,,SERVICIO DE ORIENTADOR V PARA LA ACTIVIDAD: ?INCREMENTO DE ACTIVIDADES DEPORTIVAS Y RECREATIVAS EN LA POBLACIÓN CHALACA?,955,18,2.3. 2  9. 1  1,LOCACION DE SERVICIOS REALIZADOS POR PERSONAS NATURALES RELACIONADAS AL ROL DE LA ENTIDAD,10000.0,Compromiso
2026,1028,3,S,750,2026-03-06,10751387739,SOBRINO TORERO MARIA ROSA,106,CONTRATO MENOR,CM,,SERVICIO DE ORIENTADOR VI PARA LA ACTIVIDAD: ?INCREMENTO DE ACTIVIDADES DEPORTIVAS Y RECREATIVAS EN LA POBLACIÓN CHALACA?,956,18,2.3. 2  9. 1  1,LOCACION DE SERVICIOS REALIZADOS POR PERSONAS NATURALES RELACIONADAS AL ROL DE LA ENTIDAD,10000.0,Compromiso
2026,1028,3,S,751,2026-03-06,10432224614,CAMINO CANALES JESUS MARIA,106,CONTRATO MENOR,CM,,SERVICIO DE ORIENTADOR VII PARA LA ACTIVIDAD: ?INCREMENTO DE ACTIVIDADES DEPORTIVAS Y RECREATIVAS EN LA POBLACIÓN CHALACA?,957,18,2.3. 2  9. 1  1,LOCACION DE SERVICIOS REALIZADOS POR PERSONAS NATURALES RELACIONADAS AL ROL DE LA ENTIDAD,10000.0,Compromiso
2026,1028,3,S,752,2026-03-06,10225062132,NOLASCO FERMIN FLORA,106,CONTRATO MENOR,CM,,SERVICIO DE ORIENTADOR VIII PARA LA ACTIVIDAD: ?INCREMENTO DE ACTIVIDADES DEPORTIVAS Y RECREATIVAS EN LA POBLACIÓN CHALACA?,958,18,2.3. 2  9. 1  1,LOCACION DE SERVICIOS REALIZADOS POR PERSONAS NATURALES RELACIONADAS AL ROL DE LA ENTIDAD,10000.0,Compromiso
2026,1028,3,S,753,2026-03-06,10435117134,ALCANTARA CISNEROS LUIS ENRIQUE JAIRO,106,CONTRATO MENOR,CM,,SERVICIO DE ORIENTADOR IX PARA LA ACTIVIDAD: ?INCREMENTO DE ACTIVIDADES DEPORTIVAS Y RECREATIVAS EN LA POBLACIÓN CHALACA?,959,18,2.3. 2  9. 1  1,LOCACION DE SERVICIOS REALIZADOS POR PERSONAS NATURALES RELACIONADAS AL ROL DE LA ENTIDAD,10000.0,Compromiso
2026,1028,3,S,754,2026-03-06,10076338456,SALCEDO QUICAÑO PERCY JOHN,106,CONTRATO MENOR,CM,,SERVICIO DE ORIENTADOR X PARA LA ACTIVIDAD: ?INCREMENTO DE ACTIVIDADES DEPORTIVAS Y RECREATIVAS EN LA POBLACIÓN CHALACA?,960,18,2.3. 2  9. 1  1,LOCACION DE SERVICIOS REALIZADOS POR PERSONAS NATURALES RELACIONADAS AL ROL DE LA ENTIDAD,10000.0,Compromiso
2026,1028,3,S,755,2026-03-06,10255703922,TAMARIZ QUIJANDRIA DAVID HANZT,106,CONTRATO MENOR,CM,,SERVICIO DE ORIENTADOR XI PARA LA ACTIVIDAD: ?INCREMENTO DE ACTIVIDADES DEPORTIVAS Y RECREATIVAS EN LA POBLACIÓN CHALACA?,961,18,2.3. 2  9. 1  1,LOCACION DE SERVICIOS REALIZADOS POR PERSONAS NATURALES RELACIONADAS AL ROL DE LA ENTIDAD,10000.0,Compromiso
2026,1028,3,S,756,2026-03-06,10471020091,ZEVALLOS CANALES SILVANA INGRID,106,CONTRATO MENOR,CM,,SERVICIO DE ORIENTADOR XII PARA LA ACTIVIDAD: ?INCREMENTO DE ACTIVIDADES DEPORTIVAS Y RECREATIVAS EN LA POBLACIÓN CHALACA?,962,18,2.3. 2  9. 1  1,LOCACION DE SERVICIOS REALIZADOS POR PERSONAS NATURALES RELACIONADAS AL ROL DE LA ENTIDAD,10000.0,Compromiso
2026,1028,3,S,757,2026-03-06,10729238711,YAÑEZ CARLOS OMAR JESUS,106,CONTRATO MENOR,CM,,SERVICIO DE ORIENTADOR XIII PARA LA ACTIVIDAD: ?INCREMENTO DE ACTIVIDADES DEPORTIVAS Y RECREATIVAS EN LA POBLACIÓN CHALACA?,963,18,2.3. 2  9. 1  1,LOCACION DE SERVICIOS REALIZADOS POR PERSONAS NATURALES RELACIONADAS AL ROL DE LA ENTIDAD,10000.0,Compromiso
2026,1028,3,S,758,2026-03-06,10727263638,ROJAS CHICLLA AXEL,106,CONTRATO MENOR,CM,,SERVICIO DE ORIENTADOR XIV PARA LA ACTIVIDAD: ?INCREMENTO DE ACTIVIDADES DEPORTIVAS Y RECREATIVAS EN LA POBLACIÓN CHALACA?,964,18,2.3. 2  9. 1  1,LOCACION DE SERVICIOS REALIZADOS POR PERSONAS NATURALES RELACIONADAS AL ROL DE LA ENTIDAD,10000.0,Compromiso
2026,1028,3,S,759,2026-03-06,10751764371,CACERES ESCOBAR PAMELA LIZETH,106,CONTRATO MENOR,CM,,SERVICIO DE ORIENTADOR XV PARA LA ACTIVIDAD: ?INCREMENTO DE ACTIVIDADES DEPORTIVAS Y RECREATIVAS EN LA POBLACIÓN CHALACA?,965,18,2.3. 2  9. 1  1,LOCACION DE SERVICIOS REALIZADOS POR PERSONAS NATURALES RELACIONADAS AL ROL DE LA ENTIDAD,10000.0,Compromiso
2026,1028,3,S,760,2026-03-06,10420276864,ESPINOZA RIVAS SHEYLA CLARA,106,CONTRATO MENOR,CM,,SERVICIO DE ORIENTADOR XVI PARA LA ACTIVIDAD: ?INCREMENTO DE ACTIVIDADES DEPORTIVAS Y RECREATIVAS EN LA POBLACIÓN CHALACA?,966,18,2.3. 2  9. 1  1,LOCACION DE SERVICIOS REALIZADOS POR PERSONAS NATURALES RELACIONADAS AL ROL DE LA ENTIDAD,10000.0,Compromiso
2026,1028,3,S,761,2026-03-06,10721968974,MELECIO HERRERA CLAUDIA ANGELA,106,CONTRATO MENOR,CM,,SERVICIO DE ORIENTADOR XVII PARA LA ACTIVIDAD: ?INCREMENTO DE ACTIVIDADES DEPORTIVAS Y RECREATIVAS EN LA POBLACIÓN CHALACA?,967,18,2.3. 2  9. 1  1,LOCACION DE SERVICIOS REALIZADOS POR PERSONAS NATURALES RELACIONADAS AL ROL DE LA ENTIDAD,10000.0,Compromiso
2026,1028,3,S,762,2026-03-06,10765288814,SORIANO GONZALES MACIEL FIORELLA,106,CONTRATO MENOR,CM,,SERVICIO DE ORIENTADOR XVIII PARA LA ACTIVIDAD: ?INCREMENTO DE ACTIVIDADES DEPORTIVAS Y RECREATIVAS EN LA POBLACIÓN CHALACA?,968,18,2.3. 2  9. 1  1,LOCACION DE SERVICIOS REALIZADOS POR PERSONAS NATURALES RELACIONADAS AL ROL DE LA ENTIDAD,10000.0,Compromiso
2026,1028,3,S,763,2026-03-06,10619332810,PORTOCARRERO LEON ENZO ANDRE,106,CONTRATO MENOR,CM,,SERVICIO DE ORIENTADOR XIX PARA LA ACTIVIDAD: ?INCREMENTO DE ACTIVIDADES DEPORTIVAS Y RECREATIVAS EN LA POBLACIÓN CHALACA?,969,18,2.3. 2  9. 1  1,LOCACION DE SERVICIOS REALIZADOS POR PERSONAS NATURALES RELACIONADAS AL ROL DE LA ENTIDAD,10000.0,Compromiso
2026,1028,3,S,764,2026-03-06,10705670531,CAÑAS OLIVERA YAHANNAH AURORA,106,CONTRATO MENOR,CM,,SERVICIO DE ORIENTADOR XX PARA LA ACTIVIDAD: ?INCREMENTO DE ACTIVIDADES DEPORTIVAS Y RECREATIVAS EN LA POBLACIÓN CHALACA?,970,18,2.3. 2  9. 1  1,LOCACION DE SERVICIOS REALIZADOS POR PERSONAS NATURALES RELACIONADAS AL ROL DE LA ENTIDAD,10000.0,Compromiso
2026,1028,3,S,765,2026-03-06,10430520704,PARCO TINTAYA SILVIA SOPHIA,106,CONTRATO MENOR,CM,,SERVICIO ESPECIALIZADO EN GESTION DE SALUD PARA LA ACTIVIDAD: ?INCREMENTO DE ACTIVIDADES DEPORTIVAS Y RECREATIVAS EN LA POBLACIÓN CHALACA?,971,18,2.3. 2  9. 1  1,LOCACION DE SERVICIOS REALIZADOS POR PERSONAS NATURALES RELACIONADAS AL ROL DE LA ENTIDAD,36000.0,Compromiso
2026,1028,3,S,766,2026-03-06,10478626253,SALAS TORIBIO ANGELA MILUSKA,106,CONTRATO MENOR,CM,,SERVICIO DE SUPERVISIÓN Y MONITOREO DE LAS ATENCIONES EN LOS ESTABLECIMIENTO DE SALUD TOPICO I PARA LA ACTIVIDAD: ?INCREMENTO DE ACTIVIDADES DEPORTIVAS Y RECREATIVAS EN LA POBLACIÓN CHALACA?,972,18,2.3. 2  9. 1  1,LOCACION DE SERVICIOS REALIZADOS POR PERSONAS NATURALES RELACIONADAS AL ROL DE LA ENTIDAD,5000.0,Compromiso
2026,1028,3,S,767,2026-03-06,10413821211,ESCALANTE CANDIA AUGUSTO GAVINO,106,CONTRATO MENOR,CM,,SERVICIO DE SUPERVISIÓN Y MONITOREO DE LAS ATENCIONES EN LOS ESTABLECIMIENTO DE SALUD TOPICO II PARA LA ACTIVIDAD: ?INCREMENTO DE ACTIVIDADES DEPORTIVAS Y RECREATIVAS EN LA POBLACIÓN CHALACA?,973,18,2.3. 2  9. 1  1,LOCACION DE SERVICIOS REALIZADOS POR PERSONAS NATURALES RELACIONADAS AL ROL DE LA ENTIDAD,5000.0,Compromiso
2026,1028,3,S,768,2026-03-06,10479540450,RODRIGUEZ RODRIGUEZ CONSTANZA YADIRA,106,CONTRATO MENOR,CM,,SERVICIO ESPECIALIZADO EN ENFERMERÍA PARA PROCEDIMIENTOS EN TÓPICO I PARA LA ACTIVIDAD: ?INCREMENTO DE ACTIVIDADES DEPORTIVAS Y RECREATIVAS EN LA POBLACIÓN CHALACA?,974,18,2.3. 2  9. 1  1,LOCACION DE SERVICIOS REALIZADOS POR PERSONAS NATURALES RELACIONADAS AL ROL DE LA ENTIDAD,4250.0,Compromiso
2026,1028,3,S,769,2026-03-06,10478687589,RAFAEL CHAVEZ EDITH,106,CONTRATO MENOR,CM,,SERVICIO ESPECIALIZADO EN ENFERMERÍA PARA PROCEDIMIENTOS EN TÓPICO II PARA LA ACTIVIDAD: ?INCREMENTO DE ACTIVIDADES DEPORTIVAS Y RECREATIVAS EN LA POBLACIÓN CHALACA?,975,18,2.3. 2  9. 1  1,LOCACION DE SERVICIOS REALIZADOS POR PERSONAS NATURALES RELACIONADAS AL ROL DE LA ENTIDAD,4250.0,Compromiso
2026,1028,3,S,770,2026-03-06,10741326693,VASQUEZ SANCHEZ YESENIA AURORA,106,CONTRATO MENOR,CM,,SERVICIO ESPECIALIZADO EN ENFERMERÍA PARA PROCEDIMIENTOS EN TÓPICO III PARA LA ACTIVIDAD: ?INCREMENTO DE ACTIVIDADES DEPORTIVAS Y RECREATIVAS EN LA POBLACIÓN CHALACA?,976,18,2.3. 2  9. 1  1,LOCACION DE SERVICIOS REALIZADOS POR PERSONAS NATURALES RELACIONADAS AL ROL DE LA ENTIDAD,4250.0,Compromiso
2026,1028,3,S,771,2026-03-06,10768060199,NUÑEZ TARAZONA YANIRA ALEXANDRA,106,CONTRATO MENOR,CM,,SERVICIO ESPECIALIZADO EN ENFERMERÍA PARA PROCEDIMIENTOS EN TÓPICO IV PARA LA ACTIVIDAD: ?INCREMENTO DE ACTIVIDADES DEPORTIVAS Y RECREATIVAS EN LA POBLACIÓN CHALACA?,977,18,2.3. 2  9. 1  1,LOCACION DE SERVICIOS REALIZADOS POR PERSONAS NATURALES RELACIONADAS AL ROL DE LA ENTIDAD,4250.0,Compromiso
2026,1028,3,S,772,2026-03-06,10731736443,CHAVEZ BURNES JESUS JEFFERSON,106,CONTRATO MENOR,CM,,SERVICIO DE AUXILIAR EN ENFERMERÍA I EN TOPICO PARA LA ACTIVIDAD: ?INCREMENTO DE ACTIVIDADES DEPORTIVAS Y RECREATIVAS EN LA POBLACIÓN CHALACA?,978,18,2.3. 2  9. 1  1,LOCACION DE SERVICIOS REALIZADOS POR PERSONAS NATURALES RELACIONADAS AL ROL DE LA ENTIDAD,3500.0,Compromiso
2026,1028,3,S,773,2026-03-06,10439431101,YANCCE RAMIREZ MIRIAN FLOR,106,CONTRATO MENOR,CM,,SERVICIO DE AUXILIAR EN ENFERMERÍA II EN TOPICO PARA LA ACTIVIDAD: ?INCREMENTO DE ACTIVIDADES DEPORTIVAS Y RECREATIVAS EN LA POBLACIÓN CHALACA?,979,18,2.3. 2  9. 1  1,LOCACION DE SERVICIOS REALIZADOS POR PERSONAS NATURALES RELACIONADAS AL ROL DE LA ENTIDAD,3500.0,Compromiso
2026,1028,3,S,774,2026-03-06,10738864129,CELIS VARA HAYDE DORIS,106,CONTRATO MENOR,CM,,SERVICIO DE AUXILIAR EN ENFERMERÍA III EN TOPICO PARA LA ACTIVIDAD: ?INCREMENTO DE ACTIVIDADES DEPORTIVAS Y RECREATIVAS EN LA POBLACIÓN CHALACA?,980,18,2.3. 2  9. 1  1,LOCACION DE SERVICIOS REALIZADOS POR PERSONAS NATURALES RELACIONADAS AL ROL DE LA ENTIDAD,3500.0,Compromiso
2026,1028,3,S,775,2026-03-06,10705622081,RODRIGUEZ PEÑA MARIA FERNANDA,106,CONTRATO MENOR,CM,,SERVICIO DE AUXILIAR EN ENFERMERÍA IV EN TOPICO PARA LA ACTIVIDAD: ?INCREMENTO DE ACTIVIDADES DEPORTIVAS Y RECREATIVAS EN LA POBLACIÓN CHALACA?,981,18,2.3. 2  9. 1  1,LOCACION DE SERVICIOS REALIZADOS POR PERSONAS NATURALES RELACIONADAS AL ROL DE LA ENTIDAD,3500.0,Compromiso
2026,1028,3,S,776,2026-03-06,10438557861,MIÑAN ROJAS JONATHAN KENNY,106,CONTRATO MENOR,CM,,SERVICIO DE ATENCION MEDICA ESPECIALIZADA EN FISIOTERAPIA I PARA LA ACTIVIDAD: ?INCREMENTO DE ACTIVIDADES DEPORTIVAS Y RECREATIVAS EN LA POBLACIÓN CHALACA?,982,18,2.3. 2  9. 1  1,LOCACION DE SERVICIOS REALIZADOS POR PERSONAS NATURALES RELACIONADAS AL ROL DE LA ENTIDAD,3800.0,Compromiso
2026,1028,3,S,777,2026-03-06,10720167692,GUANILO MANTARI LUCIA MARIANA,106,CONTRATO MENOR,CM,,SERVICIO DE ATENCION MEDICA ESPECIALIZADA EN FISIOTERAPIA II PARA LA ACTIVIDAD: ?INCREMENTO DE ACTIVIDADES DEPORTIVAS Y RECREATIVAS EN LA POBLACIÓN CHALACA?,983,18,2.3. 2  9. 1  1,LOCACION DE SERVICIOS REALIZADOS POR PERSONAS NATURALES RELACIONADAS AL ROL DE LA ENTIDAD,3800.0,Compromiso
2026,1028,3,S,778,2026-03-06,10411818166,VILLEGAS BENDEZÚ ROBERT ANTHONY,106,CONTRATO MENOR,CM,,SERVICIO DE CONDUCCIÓN DE VEHÍCULO AMBULANCIA I PARA LA ACTIVIDAD: ?INCREMENTO DE ACTIVIDADES DEPORTIVAS Y RECREATIVAS EN LA POBLACIÓN CHALACA?,984,18,2.3. 2  9. 1  1,LOCACION DE SERVICIOS REALIZADOS POR PERSONAS NATURALES RELACIONADAS AL ROL DE LA ENTIDAD,2500.0,Compromiso
2026,1028,3,S,779,2026-03-06,10401472067,AMEZAGA FERNANDEZ DAVILA RENZO ANTONIO,106,CONTRATO MENOR,CM,,SERVICIO DE CONDUCCIÓN DE VEHÍCULO AMBULANCIA II PARA LA ACTIVIDAD: ?INCREMENTO DE ACTIVIDADES DEPORTIVAS Y RECREATIVAS EN LA POBLACIÓN CHALACA?,985,18,2.3. 2  9. 1  1,LOCACION DE SERVICIOS REALIZADOS POR PERSONAS NATURALES RELACIONADAS AL ROL DE LA ENTIDAD,2500.0,Compromiso
2026,1028,3,S,780,2026-03-06,10429731891,SOTELO REYES VICTOR ANDREE,106,CONTRATO MENOR,CM,,SERVICIO ESPECIALIZADO EN PSICOLOGIA I PARA LA ACTIVIDAD: ?INCREMENTO DE ACTIVIDADES DEPORTIVAS Y RECREATIVAS EN LA POBLACIÓN CHALACA?,986,18,2.3. 2  9. 1  1,LOCACION DE SERVICIOS REALIZADOS POR PERSONAS NATURALES RELACIONADAS AL ROL DE LA ENTIDAD,3800.0,Compromiso
2026,1028,3,S,781,2026-03-06,10754326340,LEON CANO ALLISON VALERYN,106,CONTRATO MENOR,CM,,SERVICIO ESPECIALIZADO EN PSICOLOGIA II PARA LA ACTIVIDAD: ?INCREMENTO DE ACTIVIDADES DEPORTIVAS Y RECREATIVAS EN LA POBLACIÓN CHALACA?,987,18,2.3. 2  9. 1  1,LOCACION DE SERVICIOS REALIZADOS POR PERSONAS NATURALES RELACIONADAS AL ROL DE LA ENTIDAD,3800.0,Compromiso
2026,1028,3,S,782,2026-03-06,10709081948,CALDAS JARA ESTEBAN JORDAN,106,CONTRATO MENOR,CM,,"SERVICIO DE COORDINACIÓN Y SUPERVISIÓN DE LAS CONTRATACIONES Y PAGOS DE BIENES Y SERVICIOS PARA LA OFICINA DE ADMINISTRACIÓN DE VILLAS REGIONALES DE LA GERENCIA REGIONAL DE EDUCACIÓN, CULTURA Y DEPORTE.",988,18,2.3. 2  9. 1  1,LOCACION DE SERVICIOS REALIZADOS POR PERSONAS NATURALES RELACIONADAS AL ROL DE LA ENTIDAD,36000.0,Compromiso
2026,1028,3,S,783,2026-03-06,10722915874,NIEVES SEGURA ALEXANDRA ISABEL,106,CONTRATO MENOR,CM,,"SERVICIO ESPECIALIZADO EN CONTRATACIONES PÚBLICAS PARA LA OFICINA DE ADMINISTRACIÓN DE VILLAS REGIONALES DE LA GERENCIA REGIONAL DE EDUCACIÓN, CULTURA Y DEPORTE.",989,18,2.3. 2  9. 1  1,LOCACION DE SERVICIOS REALIZADOS POR PERSONAS NATURALES RELACIONADAS AL ROL DE LA ENTIDAD,24000.0,Compromiso
2026,1028,3,S,784,2026-03-06,10403534728,HEREDIA FRUGONI LUIS ANGEL,106,CONTRATO MENOR,CM,,"SERVICIO DE ASISTENCIA TÉCNICA EN LOGÍSTICA I PARA LA OFICINA DE ADMINISTRACIÓN DE VILLAS REGIONALES DE LA GERENCIA REGIONAL DE EDUCACIÓN, CULTURA Y DEPORTE.",990,18,2.3. 2  9. 1  1,LOCACION DE SERVICIOS REALIZADOS POR PERSONAS NATURALES RELACIONADAS AL ROL DE LA ENTIDAD,18000.0,Compromiso
2026,1028,3,S,785,2026-03-06,10459708346,AGREDA ALARCON EVELYN JACQUELINE,106,CONTRATO MENOR,CM,,"SERVICIO DE ASISTENCIA TÉCNICA EN LOGÍSTICA II PARA LA OFICINA DE ADMINISTRACIÓN DE VILLAS REGIONALES DE LA GERENCIA REGIONAL DE EDUCACIÓN, CULTURA Y DEPORTE.",991,18,2.3. 2  9. 1  1,LOCACION DE SERVICIOS REALIZADOS POR PERSONAS NATURALES RELACIONADAS AL ROL DE LA ENTIDAD,18000.0,Compromiso
2026,1028,3,S,786,2026-03-06,10471350414,CASTILLO ALFARO OSCAR PEDRO MANUEL,106,CONTRATO MENOR,CM,,"SERVICIO ESPECIALIZADO EN PLANEAMIENTO Y PRESUPUESTO PARA LA FORMULACIÓN Y SEGUIMIENTO DE ACTIVIDADES PARA LA OFICINA DE ADMINISTRACIÓN DE VILLAS REGIONALES DE LA GERENCIA REGIONAL DE EDUCACIÓN, CULTURA Y DEPORTE.",992,18,2.3. 2  9. 1  1,LOCACION DE SERVICIOS REALIZADOS POR PERSONAS NATURALES RELACIONADAS AL ROL DE LA ENTIDAD,30000.0,Compromiso
2026,1028,3,S,787,2026-03-06,10751724727,GONZALEZ NOLASCO GERY EVELYN,106,CONTRATO MENOR,CM,,"SERVICIO ADMINISTRATIVO EN PLANEAMIENTO Y PRESUPUESTO PARA LA OFICINA DE ADMINISTRACIÓN DE VILLAS REGIONALES DE LA GERENCIA REGIONAL DE EDUCACIÓN, CULTURA Y DEPORTE",993,18,2.3. 2  9. 1  1,LOCACION DE SERVICIOS REALIZADOS POR PERSONAS NATURALES RELACIONADAS AL ROL DE LA ENTIDAD,20000.0,Compromiso
2026,1028,3,S,788,2026-03-06,10460762354,LOPEZ MARTINEZ ESTEFANY LEONOR,106,CONTRATO MENOR,CM,,"SERVICIO ESPECIALIZADO EN MATERIA LEGAL PARA LA OFICINA DE ADMINISTRACIÓN DE VILLAS REGIONALES DE LA GERENCIA REGIONAL DE EDUCACIÓN, CULTURA Y DEPORTE.",994,18,2.3. 2  9. 1  1,LOCACION DE SERVICIOS REALIZADOS POR PERSONAS NATURALES RELACIONADAS AL ROL DE LA ENTIDAD,26000.0,Compromiso
2026,1028,3,S,789,2026-03-06,10415413781,VELASQUEZ JERI INGRID PAOLA,106,CONTRATO MENOR,CM,,"SERVICIO DE REVISION Y ANALISIS DE CONTRATOS Y CONVENIOS PARA LA OFICINA DE ADMINISTRACION DE VILLAS REGIONALES DE LA GERENCIA REGIONAL DE EDUCACION, CULTURA Y DEPORTE",995,18,2.3. 2  9. 1  1,LOCACION DE SERVICIOS REALIZADOS POR PERSONAS NATURALES RELACIONADAS AL ROL DE LA ENTIDAD,24000.0,Compromiso
2026,1028,3,S,790,2026-03-06,10727501601,HUERTA VALVERDE MARISSE GUADALUPE,106,CONTRATO MENOR,CM,,"SERVICIO LEGAL PARA LA REVISION DE DOCUMENTOS DE GESTION ADMINISTRATIVA PARA LA OFICINA DE ADMINISTRACIÓN DE VILLAS REGIONALES DE LA GERENCIA REGIONAL DE EDUCACIÓN, CULTURA Y DEPORTE.",996,18,2.3. 2  9. 1  1,LOCACION DE SERVICIOS REALIZADOS POR PERSONAS NATURALES RELACIONADAS AL ROL DE LA ENTIDAD,22000.0,Compromiso
2026,1028,3,S,791,2026-03-06,10107988276,HERRERA GUEVARA JORGE LUIS,106,CONTRATO MENOR,CM,,"SERVICIO EN COMUNICACIÓN E IMAGEN INSTITUCIONAL PARA LA OFICINA DE ADMINISTRACIÓN DE VILLAS REGIONALES DE LA GERENCIA REGIONAL DE EDUCACIÓN, CULTURA Y DEPORTE.",997,18,2.3. 2  9. 1  1,LOCACION DE SERVICIOS REALIZADOS POR PERSONAS NATURALES RELACIONADAS AL ROL DE LA ENTIDAD,26000.0,Compromiso
2026,1028,3,S,792,2026-03-06,10431650351,ZUMAETA PANDURO DIANA LIZ,106,CONTRATO MENOR,CM,,SERVICIO DE SEGUIMIENTO DE DOCUMENTOS ADMINISTRATIVOS,855,18,2.3. 2  9. 1  1,LOCACION DE SERVICIOS REALIZADOS POR PERSONAS NATURALES RELACIONADAS AL ROL DE LA ENTIDAD,5000.0,Compromiso
2026,1028,3,S,793,2026-03-06,10412770493,MENDOZA ROMERO CATHERINE HELLEN,106,CONTRATO MENOR,CM,,"SERVICIO DE ASISTENCIA TECNICA ADMINISTRATIVA I PARA LA OFICINA DE ADMINISTRACION DE VILLAS REGIONALES DE LA GERENCIA REGIONAL DE EDUCACION, CULTURA Y DEPORTE",998,18,2.3. 2  9. 1  1,LOCACION DE SERVICIOS REALIZADOS POR PERSONAS NATURALES RELACIONADAS AL ROL DE LA ENTIDAD,16000.0,Compromiso
2026,1028,3,S,794,2026-03-06,10702184334,PAUCAR QUISPE NICOLE CATHERINE,106,CONTRATO MENOR,CM,,SERVICIO DE AUXILIAR ADMINISTRATIVO,856,18,2.3. 2  9. 1  1,LOCACION DE SERVICIOS REALIZADOS POR PERSONAS NATURALES RELACIONADAS AL ROL DE LA ENTIDAD,6780.0,Compromiso
2026,1028,3,S,795,2026-03-06,10474839643,MEDINA COSTILLO FIORELLA MELISSA,106,CONTRATO MENOR,CM,,"SERVICIO DE ASISTENCIA TECNICA ADMINISTRATIVA II PARA LA OFICINA DE ADMINISTRACION DE VILLAS REGIONALES DE LA GERENCIA REGIONAL DE EDUCACION, CULTURA Y DEPORTE",999,18,2.3. 2  9. 1  1,LOCACION DE SERVICIOS REALIZADOS POR PERSONAS NATURALES RELACIONADAS AL ROL DE LA ENTIDAD,16000.0,Compromiso
2026,1028,3,S,796,2026-03-06,10257598760,OSORNO OROTIA ANA LUISA,106,CONTRATO MENOR,CM,,SERVICIO DE ASISTENCIA TECNICA ADMINISTRATIVA,857,18,2.3. 2  9. 1  1,LOCACION DE SERVICIOS REALIZADOS POR PERSONAS NATURALES RELACIONADAS AL ROL DE LA ENTIDAD,6000.0,Compromiso
2026,1028,3,S,797,2026-03-06,10726529154,ROMERO LEON BRYAN JESUS,106,CONTRATO MENOR,CM,,"SERVICIO DE AUXILIAR ADMINISTRATIVO PARA LA OFICINA DE ADMINISTRACION DE VILLAS REGIONALES DE LA GERENCIA REGIONAL DE EDUCACION, CULTURA Y DEPORTE",1000,18,2.3. 2  9. 1  1,LOCACION DE SERVICIOS REALIZADOS POR PERSONAS NATURALES RELACIONADAS AL ROL DE LA ENTIDAD,12000.0,Compromiso
2026,1028,3,S,798,2026-03-06,10455300253,MALCA MONCADA JULIO RONALD,106,CONTRATO MENOR,CM,,"SERVICIO DE ASESORIA EN GESTION ADMINISTRATIVA PARA LA OFICINA DE ADMINISTRACION DE VILLAS REGIONALES DE LA GERENCIA REGIONAL DE EDUCACION, CULTURA Y DEPORTE.",1001,18,2.3. 2  9. 1  1,LOCACION DE SERVICIOS REALIZADOS POR PERSONAS NATURALES RELACIONADAS AL ROL DE LA ENTIDAD,32000.0,Compromiso
2026,1028,3,S,799,2026-03-06,10700338393,ALVARADO GARCIA LUIS TOMAS,106,CONTRATO MENOR,CM,,"SERVICIO DE SEGUIMIENTO Y MONITOREO EN DESARROLLO DE ACTIVIDADES EN EVENTOS INSTITUCIONALES PARA LA OFICINA DE ADMINISTRACIÓN DE VILLAS REGIONALES DE LA GERENCIA REGIONAL DE EDUCACION, CULTURA Y DEPORTE.",1002,18,2.3. 2  9. 1  1,LOCACION DE SERVICIOS REALIZADOS POR PERSONAS NATURALES RELACIONADAS AL ROL DE LA ENTIDAD,22000.0,Compromiso
2026,1028,3,S,800,2026-03-06,10254379251,ZAVALETA PINGO MARIO MARINO,106,CONTRATO MENOR,CM,,SERVICIO DE OPERADOR LOGISTICO,858,18,2.3. 2  9. 1  1,LOCACION DE SERVICIOS REALIZADOS POR PERSONAS NATURALES RELACIONADAS AL ROL DE LA ENTIDAD,5600.0,Compromiso
2026,1028,3,S,801,2026-03-06,10760752491,JIMENEZ AGUILAR JOHN ANTONY,106,CONTRATO MENOR,CM,,"SERVICIO DE COORDINACION EN TEMAS DE PATRIMONIO Y ALMACÉN PARA LA OFICINA DE ADMINISTRACIÓN DE VILLAS REGIONALES DE LA GERENCIA REGIONAL DE EDUCACIÓN, CULTURA Y DEPORTE.",1003,18,2.3. 2  9. 1  1,LOCACION DE SERVICIOS REALIZADOS POR PERSONAS NATURALES RELACIONADAS AL ROL DE LA ENTIDAD,26000.0,Compromiso
2026,1028,3,S,802,2026-03-06,10159648937,GONZALES PARIONA MYRIAM,106,CONTRATO MENOR,CM,,SERVICIO DE ELABORACION DE REPORTE DE MONITOREO DE ACTIVIDADES,859,18,2.3. 2  9. 1  1,LOCACION DE SERVICIOS REALIZADOS POR PERSONAS NATURALES RELACIONADAS AL ROL DE LA ENTIDAD,3000.0,Compromiso
2026,1028,3,S,803,2026-03-06,10765123092,CASTILLO BOBBIO LELIS ARELIS,106,CONTRATO MENOR,CM,,"SERVICIO ESPECIALIZADO EN SEGUIMIENTO Y MONITOREO EN CONTROL PATRIMONIAL PARA LA OFICINA DE ADMINISTRACIÓN DE VILLAS REGIONALES DE LA GERENCIA REGIONAL DE EDUCACIÓN, CULTURA Y DEPORTE",1004,18,2.3. 2  9. 1  1,LOCACION DE SERVICIOS REALIZADOS POR PERSONAS NATURALES RELACIONADAS AL ROL DE LA ENTIDAD,18000.0,Compromiso
2026,1028,3,S,804,2026-03-06,10771382016,LOPEZ SOTELO SARITA LUZMERY,106,CONTRATO MENOR,CM,,SERVICIO DE ELABORACION DE REPORTE DE MONITOREO DE ACTIVIDADES,860,18,2.3. 2  9. 1  1,LOCACION DE SERVICIOS REALIZADOS POR PERSONAS NATURALES RELACIONADAS AL ROL DE LA ENTIDAD,2800.0,Compromiso
2026,1028,3,S,805,2026-03-06,10433230669,GAVANCHO BARZOLA JOSE CARLOS,106,CONTRATO MENOR,CM,,"SERVICIO DE CONTROL Y SEGUIMIENTO DE INGRESO Y SALIDA DE BIENES DE ALMACEN PARA LA OFICINA DE ADMINISTRACION DE VILLAS REGIONALES DE LA GERENCIA REGIONAL DE EDUCACION, CULTURA Y DEPORTE.",1005,18,2.3. 2  9. 1  1,LOCACION DE SERVICIOS REALIZADOS POR PERSONAS NATURALES RELACIONADAS AL ROL DE LA ENTIDAD,18000.0,Compromiso
2026,1028,3,S,806,2026-03-06,10257323027,AYLLON TARDILLO MARIA LAURA,106,CONTRATO MENOR,CM,,SERVICIO DE SEGUIMIENTO Y MONITOREO DE SUPERVISIONES,861,18,2.3. 2  9. 1  1,LOCACION DE SERVICIOS REALIZADOS POR PERSONAS NATURALES RELACIONADAS AL ROL DE LA ENTIDAD,5000.0,Compromiso
2026,1028,3,S,807,2026-03-06,10255442860,MOLLESPAZA REYES ALMIRA FLOR,106,CONTRATO MENOR,CM,,SERVICIO DE ESCANEO Y DIGITALIZACION,862,18,2.3. 2  9. 1  1,LOCACION DE SERVICIOS REALIZADOS POR PERSONAS NATURALES RELACIONADAS AL ROL DE LA ENTIDAD,2400.0,Compromiso
2026,1028,3,S,808,2026-03-06,10607960572,PENDOLA PALACIOS STEFANO SEBASTIAN,106,CONTRATO MENOR,CM,,"SERVICIO DE REGISTRO Y ACTUALIZACION DE INFORMACION PATRIMONIAL I PARA LA OFICINA DE ADMINISTRACION DE VILLAS REGIONALES DE LA GERENCIA REGIONAL DE EDUCACION, CULTURA Y DEPORTE.",1006,18,2.3. 2  9. 1  1,LOCACION DE SERVICIOS REALIZADOS POR PERSONAS NATURALES RELACIONADAS AL ROL DE LA ENTIDAD,10000.0,Compromiso
2026,1028,3,S,809,2026-03-06,10478940772,CASTRO LUZARDO ALEXANDRA STEPHANIE,106,CONTRATO MENOR,CM,,SERVICIO DE ELABORACION DE REPORTE DE MONITOREO DE ACTIVIDADES,863,18,2.3. 2  9. 1  1,LOCACION DE SERVICIOS REALIZADOS POR PERSONAS NATURALES RELACIONADAS AL ROL DE LA ENTIDAD,2800.0,Compromiso
2026,1028,3,S,810,2026-03-06,10736661450,ROMERO QUINTANA GRAISY MIRELLA,106,CONTRATO MENOR,CM,,"SERVICIO DE REGISTRO Y ACTUALIZACION DE INFORMACION PATRIMONIAL II PARA LA OFICINA DE ADMINISTRACION DE VILLAS REGIONALES DE LA GERENCIA REGIONAL DE EDUCACION, CULTURA Y DEPORTE.",1007,18,2.3. 2  9. 1  1,LOCACION DE SERVICIOS REALIZADOS POR PERSONAS NATURALES RELACIONADAS AL ROL DE LA ENTIDAD,10000.0,Compromiso
2026,1028,3,S,811,2026-03-06,10737897171,COTOS CHERO KEBIN JAIR,106,CONTRATO MENOR,CM,,SERVICIO DE ELABORACION DE REPORTE DE MONITOREO DE ACTIVIDADES,864,18,2.3. 2  9. 1  1,LOCACION DE SERVICIOS REALIZADOS POR PERSONAS NATURALES RELACIONADAS AL ROL DE LA ENTIDAD,2400.0,Compromiso
2026,1028,3,S,812,2026-03-06,10409266431,COLLENS CABEL CECILIA RENE,106,CONTRATO MENOR,CM,,SERVICIO DE ELABORACION DE REPORTE DE MONITOREO DE ACTIVIDADES,865,18,2.3. 2  9. 1  1,LOCACION DE SERVICIOS REALIZADOS POR PERSONAS NATURALES RELACIONADAS AL ROL DE LA ENTIDAD,2400.0,Compromiso
2026,1028,3,S,813,2026-03-06,10602073047,CARRION CASTILLO EUDIZ YOEL,106,CONTRATO MENOR,CM,,"SERVICIO DE REGISTRO Y RECEPCION DE BIENES EN ALMACEN I PARA LA OFICINA DE ADMINISTRACIÓN DE VILLAS REGIONALES DE LA GERENCIA REGIONAL DE EDUCACIÓN, CULTURA Y DEPORTE.",1008,18,2.3. 2  9. 1  1,LOCACION DE SERVICIOS REALIZADOS POR PERSONAS NATURALES RELACIONADAS AL ROL DE LA ENTIDAD,10000.0,Compromiso
2026,1028,3,S,814,2026-03-06,10453036494,HURTADO GOMEZ ALICIA MANUELA,106,CONTRATO MENOR,CM,,"SERVICIO DE REGISTRO Y RECEPCION DE BIENES EN ALMACEN II PARA LA OFICINA DE ADMINISTRACIÓN DE VILLAS REGIONALES DE LA GERENCIA REGIONAL DE EDUCACIÓN, CULTURA Y DEPORTE.",1009,18,2.3. 2  9. 1  1,LOCACION DE SERVICIOS REALIZADOS POR PERSONAS NATURALES RELACIONADAS AL ROL DE LA ENTIDAD,10000.0,Compromiso
2026,1028,3,S,815,2026-03-06,10257815809,JACOBO GARCIA GARY HENRY,106,CONTRATO MENOR,CM,,SERVICIO DE CONDUCCION DE VEHICULO,866,18,2.3. 2  9. 1  1,LOCACION DE SERVICIOS REALIZADOS POR PERSONAS NATURALES RELACIONADAS AL ROL DE LA ENTIDAD,2400.0,Compromiso
2026,1028,3,S,816,2026-03-06,10707724264,PERICHE VEGA JUVER SANTOS,106,CONTRATO MENOR,CM,,"SERVICIO DE MONITOREO DE ACTIVIDADES DE MANTENIMIENTO DE INFRAESTRUCTURA PARA LA OFICINA DE ADMINISTRACIÓN DE VILLAS REGIONALES DE LA GERENCIA REGIONAL DE EDUCACIÓN, CULTURA Y DEPORTE DEL GOBIERNO REGIONAL DEL CALLAO.",1010,18,2.3. 2  9. 1  1,LOCACION DE SERVICIOS REALIZADOS POR PERSONAS NATURALES RELACIONADAS AL ROL DE LA ENTIDAD,28000.0,Compromiso
2026,1028,3,S,817,2026-03-06,10708492286,MAYURI MALCA PAUL ROBERT,106,CONTRATO MENOR,CM,,"SERVCIO DE COORDINACION TECNICA EN ACTIVIDADES DE EVENTOS DEPORTIVOS PARA LA OFICINA DE ADMINISTRACIÓN DE VILLAS REGIONALES DE LA GERENCIA REGIONAL DE EDUCACIÓN, CULTURA Y DEPORTE.",1157,18,2.3. 2  9. 1  1,LOCACION DE SERVICIOS REALIZADOS POR PERSONAS NATURALES RELACIONADAS AL ROL DE LA ENTIDAD,28000.0,Compromiso
2026,1028,3,S,818,2026-03-06,10254253915,SLADJEN OCHOA ELVA ROSA,106,CONTRATO MENOR,CM,,SERVICIO DE ASISTENCIA TECNICA ADMINISTRATIVA,867,18,2.3. 2  9. 1  1,LOCACION DE SERVICIOS REALIZADOS POR PERSONAS NATURALES RELACIONADAS AL ROL DE LA ENTIDAD,5650.0,Compromiso
2026,1028,3,S,819,2026-03-06,10461002507,ZUÑIGA ANGULO ESMERALDA LIZETH,106,CONTRATO MENOR,CM,,SERVICIO DE COORDINACIÓN ADMINISTRATIVA PARA LA GERENCIA GENERAL REGIONAL.,870,18,2.3. 2  9. 1  1,LOCACION DE SERVICIOS REALIZADOS POR PERSONAS NATURALES RELACIONADAS AL ROL DE LA ENTIDAD,19500.0,Compromiso
2026,1028,3,S,820,2026-03-06,10752241541,MOTTA VALDIVIEZO DIANA ARACELI,106,CONTRATO MENOR,CM,,SERVICIO DE ASISTENCIA EN LA ELABORACIÓN DE DOCUMENTOS ADMINISTRATIVOS PARA LA GERENCIA GENERAL,871,18,2.3. 2  9. 1  1,LOCACION DE SERVICIOS REALIZADOS POR PERSONAS NATURALES RELACIONADAS AL ROL DE LA ENTIDAD,15000.0,Compromiso
2026,1028,3,S,821,2026-03-06,10255673624,MELENDEZ RAMOS CECILIA ISABEL,106,CONTRATO MENOR,CM,,SERVICIO DE AUXILIAR  ADMINISTRATIVO PARA LA GERENCIA GENERAL REGIONAL.,872,18,2.3. 2  9. 1  1,LOCACION DE SERVICIOS REALIZADOS POR PERSONAS NATURALES RELACIONADAS AL ROL DE LA ENTIDAD,12000.0,Compromiso
2026,1028,3,S,822,2026-03-06,10405905804,CARMONA MORALES CARMEN YLIANA,106,CONTRATO MENOR,CM,,SERVICIO DE ASISTENCIA EN ADQUISICIONES Y CONTRATACIONES 2026 PARA LA OFICINA DE COMERCIO TURISMO Y ENERGIA Y MINAS.,899,18,2.3. 2  9. 1  1,LOCACION DE SERVICIOS REALIZADOS POR PERSONAS NATURALES RELACIONADAS AL ROL DE LA ENTIDAD,16800.0,Compromiso
2026,1028,3,S,823,2026-03-06,10098983070,VELA RAMIREZ JUAN CARLOS,106,CONTRATO MENOR,CM,,SERVICIO DE ASISTENCIA LEGAL EN DERECHO ADMINISTRATIVO PARA LA OFICINA DE COMERCIO TURISMO Y ENERGIA Y MINAS.,903,18,2.3. 2  9. 1  1,LOCACION DE SERVICIOS REALIZADOS POR PERSONAS NATURALES RELACIONADAS AL ROL DE LA ENTIDAD,28000.0,Compromiso
2026,1028,3,S,824,2026-03-06,10428807915,MARCELO QUISPE NINO ERICH,106,CONTRATO MENOR,CM,,SERVICIO DE ASISTENCIA TECNICA EN COMUNICACIÓN AUDIO VISUAL PARA LA OFICINA DE COMERCIO TURISMO Y ENERGIA Y MINAS.,904,18,2.3. 2  9. 1  1,LOCACION DE SERVICIOS REALIZADOS POR PERSONAS NATURALES RELACIONADAS AL ROL DE LA ENTIDAD,20000.0,Compromiso
2026,1028,3,S,825,2026-03-06,10451570361,GUERRERO HUERTA MIRENXTU JANIA,106,CONTRATO MENOR,CM,,SERVICIO DE GESTION DE PROCESOS LOGISTICOS PARA LA GERENCIA GENERAL REGIONAL.,873,18,2.3. 2  9. 1  1,LOCACION DE SERVICIOS REALIZADOS POR PERSONAS NATURALES RELACIONADAS AL ROL DE LA ENTIDAD,18000.0,Compromiso
2026,1028,3,S,826,2026-03-06,10752698380,BRESCIANI MORALES RUT ESTER,106,CONTRATO MENOR,CM,,SERVICIO DE COORDINACION ADMINISTRATIVA EN TURISMO PARA LA OFICINA DE COMERCIO TURISMO Y ENERGIA Y MINAS.,900,18,2.3. 2  9. 1  1,LOCACION DE SERVICIOS REALIZADOS POR PERSONAS NATURALES RELACIONADAS AL ROL DE LA ENTIDAD,16000.0,Compromiso
2026,1028,3,S,827,2026-03-06,10452110607,CHAVEZ NEYRA BRUNO RENZO,106,CONTRATO MENOR,CM,,SERVICO DE COORDINACION DE PROCESOS OPERATIVOS EN LA GESTION ADMINISTRATIVA PARA LA GERENCIA GENERAL,874,18,2.3. 2  9. 1  1,LOCACION DE SERVICIOS REALIZADOS POR PERSONAS NATURALES RELACIONADAS AL ROL DE LA ENTIDAD,19500.0,Compromiso
2026,1028,3,S,828,2026-03-06,10258394751,COLLAS BRICEÑO VANESSA LILIANA,106,CONTRATO MENOR,CM,,SERVICIO DE COORDINACION ADMINISTRATIVA I PARA ARTESANIA PARA LA OFICINA DE COMERCIO TURISMO Y ENERGIA Y MINAS.,901,18,2.3. 2  9. 1  1,LOCACION DE SERVICIOS REALIZADOS POR PERSONAS NATURALES RELACIONADAS AL ROL DE LA ENTIDAD,8000.0,Compromiso
2026,1028,3,S,829,2026-03-06,10749109951,PIZARRO VASQUEZ LEONARDO JESUS,106,CONTRATO MENOR,CM,,SERVICIO DE ELABORACION Y REVISION DE DOCUMENTOS ADMINISTRATIVOS PARA LA OFICINA DE COMERCIO TURISMO Y ENERGIA Y MINAS.,902,18,2.3. 2  9. 1  1,LOCACION DE SERVICIOS REALIZADOS POR PERSONAS NATURALES RELACIONADAS AL ROL DE LA ENTIDAD,9000.0,Compromiso
2026,1028,3,S,830,2026-03-06,10454652946,AYALA PORRAS EVELYN SAYURI,106,CONTRATO MENOR,CM,,SERVICIO ESPECIALIZADO EN ASUNTOS LEGALES ADMINISTRATIVOS PARA LA GERENCIA GENERAL REGIONAL.,875,18,2.3. 2  9. 1  1,LOCACION DE SERVICIOS REALIZADOS POR PERSONAS NATURALES RELACIONADAS AL ROL DE LA ENTIDAD,21000.0,Compromiso
2026,1028,3,S,831,2026-03-06,10710145488,POMARICA RODRIGUEZ CARLOS NOLBERTO ALONZO,106,CONTRATO MENOR,CM,,SERVICIO DE FORMULACION DE PROYECTO PARA LA ACTIVIDAD DE TURISMO PARA LA OFICINA DE COMERCIO TURISMO Y ENERGIA Y MINAS.,905,18,2.3. 2  9. 1  1,LOCACION DE SERVICIOS REALIZADOS POR PERSONAS NATURALES RELACIONADAS AL ROL DE LA ENTIDAD,10000.0,Compromiso
2026,1028,3,S,832,2026-03-06,10441119564,PAJARES YZAGUIRRE EDUARDO ANDRE,106,CONTRATO MENOR,CM,,SERVICIO ESPECIALIZADO EN CONTROL INTERNO PARA LA GERENCIA GENERAL REGIONAL.,876,18,2.3. 2  9. 1  1,LOCACION DE SERVICIOS REALIZADOS POR PERSONAS NATURALES RELACIONADAS AL ROL DE LA ENTIDAD,25500.0,Compromiso
2026,1028,3,S,833,2026-03-06,10068024884,MORI VALDIVIA ROSARIO,106,CONTRATO MENOR,CM,,SERVICIO DE REVISION ANALISIS Y ELABORACION DE DOCUMENTOS DE CONTENIDO LEGAL PARA PROCEDIMIENTOS ADMINISTRATIVOS PARA LA OFICINA DE COMERCIO TURISMO Y ENERGIA Y MINAS.,906,18,2.3. 2  9. 1  1,LOCACION DE SERVICIOS REALIZADOS POR PERSONAS NATURALES RELACIONADAS AL ROL DE LA ENTIDAD,8000.0,Compromiso
2026,1028,3,S,834,2026-03-06,10476090241,MARIANO CRUZ JIMMY CESAR,106,CONTRATO MENOR,CM,,SERVICIO ESPECIALIZADO EN PROYECTOS DE INVERSION PARA LA GERENCIA GENERAL REGIONAL.,877,18,2.3. 2  9. 1  1,LOCACION DE SERVICIOS REALIZADOS POR PERSONAS NATURALES RELACIONADAS AL ROL DE LA ENTIDAD,16000.0,Compromiso
2026,1028,3,S,835,2026-03-06,10723700669,MURILLO ZUÑIGA WHINNY SU ELLEN,106,CONTRATO MENOR,CM,,SERVICIO ESPECIALIZADO EN COMERCIO EXTERIOR PARA LA OFICINA DE COMERCIO TURISMO Y ENERGIA Y MINAS.,907,18,2.3. 2  9. 1  1,LOCACION DE SERVICIOS REALIZADOS POR PERSONAS NATURALES RELACIONADAS AL ROL DE LA ENTIDAD,20000.0,Compromiso
2026,1028,3,S,836,2026-03-06,10072336009,PALOMINO NARVAEZ LUIS ALBERTO,106,CONTRATO MENOR,CM,,SERVICIO DE COORDINACION EN TEMAS PARLAMENTARIOS PARA LA GERENCIA GENERAL REGIONAL.,878,18,2.3. 2  9. 1  1,LOCACION DE SERVICIOS REALIZADOS POR PERSONAS NATURALES RELACIONADAS AL ROL DE LA ENTIDAD,27000.0,Compromiso
2026,1028,3,S,837,2026-03-06,10723719602,RISCO VASQUEZ YOSELIN ROISY,106,CONTRATO MENOR,CM,,SERVICIO ESPECIALIZADO EN GESTIÓN PÚBLICA PARA LA OFICINA DE COMERCIO TURISMO Y ENERGIA Y MINAS.,908,18,2.3. 2  9. 1  1,LOCACION DE SERVICIOS REALIZADOS POR PERSONAS NATURALES RELACIONADAS AL ROL DE LA ENTIDAD,32000.0,Compromiso
2026,1028,3,S,838,2026-03-06,10702366386,HINOSTROZA TEJEDA DIXON STEWART,106,CONTRATO MENOR,CM,,SERVICIO ESPECIALIZADO EN TEMAS DE ENERGIA Y MINAS I PARA LA OFICINA DE COMERCIO TURISMO Y ENERGIA Y MINAS.,909,18,2.3. 2  9. 1  1,LOCACION DE SERVICIOS REALIZADOS POR PERSONAS NATURALES RELACIONADAS AL ROL DE LA ENTIDAD,14000.0,Compromiso
2026,1028,3,S,839,2026-03-06,10468553916,CHAMORRO CAMASCA SADAN,106,CONTRATO MENOR,CM,,SERVICIO ESPECIALIZADO EN TEMAS DE ENERGIA Y MINAS II PARA LA OFICINA DE COMERCIO TURISMO Y ENERGIA Y MINAS.,910,18,2.3. 2  9. 1  1,LOCACION DE SERVICIOS REALIZADOS POR PERSONAS NATURALES RELACIONADAS AL ROL DE LA ENTIDAD,14000.0,Compromiso
2026,1028,3,S,840,2026-03-06,10705587031,CACERES PEREZ MARA TAYANI,106,CONTRATO MENOR,CM,,SERVICIO DE  ANÁLISIS LEGAL Y ATENCIÓN DE  CONSULTAS PARA LA OFICINA DE AGRICULTURA Y PRODUCCION.,911,18,2.3. 2  9. 1  1,LOCACION DE SERVICIOS REALIZADOS POR PERSONAS NATURALES RELACIONADAS AL ROL DE LA ENTIDAD,11000.0,Compromiso
2026,1028,3,S,841,2026-03-06,10101643234,JULCA PEÑA VILMA,106,CONTRATO MENOR,CM,,SERVICIO DE ASISTENCIA LEGAL EN PROCESOS ADMINISTRATIVOS PARA LA OFICINA DE AGRICULTURA Y PRODUCCION.,912,18,2.3. 2  9. 1  1,LOCACION DE SERVICIOS REALIZADOS POR PERSONAS NATURALES RELACIONADAS AL ROL DE LA ENTIDAD,7000.0,Compromiso
2026,1028,3,S,842,2026-03-06,10470736581,VELASQUEZ CABALLERO SHIRLEY STEFANY,106,CONTRATO MENOR,CM,,SERVICIO DE VERIFICACION DE DOCUMENTOS PARA ARCHIVO I.,892,9,2.3. 2  9. 1  1,LOCACION DE SERVICIOS REALIZADOS POR PERSONAS NATURALES RELACIONADAS AL ROL DE LA ENTIDAD,42000.0,Compromiso
2026,1028,3,S,843,2026-03-06,10442347668,POMA LOPEZ DEIVIS HUGO,106,CONTRATO MENOR,CM,,SERVICIO DE CONDUCCIÓN DE VEHÍCULO I.,893,9,2.3. 2  9. 1  1,LOCACION DE SERVICIOS REALIZADOS POR PERSONAS NATURALES RELACIONADAS AL ROL DE LA ENTIDAD,36000.0,Compromiso
2026,1028,3,S,844,2026-03-06,10774696917,OBLITAS RAMOS ANNY MONICA,106,CONTRATO MENOR,CM,,SERVICIO DE FISCALIZACIÓN PESQUERA Y ACUÍCOLA PARA LA OFICINA DE AGRICULTURA Y PRODUCCION.,913,18,2.3. 2  9. 1  1,LOCACION DE SERVICIOS REALIZADOS POR PERSONAS NATURALES RELACIONADAS AL ROL DE LA ENTIDAD,11000.0,Compromiso
2026,1028,3,S,845,2026-03-06,10432359447,VASQUEZ EME JAIME EVER,106,CONTRATO MENOR,CM,,SERVICIO DE REVISIÓN LEGAL Y ELABORACIÓN DE DOCUMENTOS PARA LA OFICINA DE AGRICULTURA Y PRODUCCION.,914,18,2.3. 2  9. 1  1,LOCACION DE SERVICIOS REALIZADOS POR PERSONAS NATURALES RELACIONADAS AL ROL DE LA ENTIDAD,11000.0,Compromiso
2026,1028,3,S,846,2026-03-06,10727484243,CHIENDA NAVARRETE GABRIELA ALEXANDRA,106,CONTRATO MENOR,CM,,SERVICIO DE CONTROL DOCUMENTARIO Y ADMINISTRATIVO I.,894,9,2.3. 2  9. 1  1,LOCACION DE SERVICIOS REALIZADOS POR PERSONAS NATURALES RELACIONADAS AL ROL DE LA ENTIDAD,36000.0,Compromiso
2026,1028,3,S,847,2026-03-06,10407400521,CARRANZA VENEGAS KELY ALICIA,106,CONTRATO MENOR,CM,,SERVICIO DE ASISTENCIA TECNICA ADMINISTRATIVA II,895,9,2.3. 2  9. 1  1,LOCACION DE SERVICIOS REALIZADOS POR PERSONAS NATURALES RELACIONADAS AL ROL DE LA ENTIDAD,36000.0,Compromiso
2026,1028,3,S,848,2026-03-06,10448775581,MELGAREJO RODRIGUEZ ROBERTO KAROL,106,CONTRATO MENOR,CM,,SERVICIO ESPECIALIZADO EN MATERIA LEGAL PARA LA OFICINA DE LA JUVENTUD DE LA GERENCIA REGIONAL,883,18,2.3. 2  9. 1  1,LOCACION DE SERVICIOS REALIZADOS POR PERSONAS NATURALES RELACIONADAS AL ROL DE LA ENTIDAD,24000.0,Compromiso
2026,1028,3,S,849,2026-03-06,10475274186,CAMONES CAMONES JOUL BRINER,106,CONTRATO MENOR,CM,,SERVICIO ESPECIALIZADO EN PLANEAMIENTO PARA LA OFICINA DE LA JUVENTUD DE LA GERENCIA REGIONAL,884,18,2.3. 2  9. 1  1,LOCACION DE SERVICIOS REALIZADOS POR PERSONAS NATURALES RELACIONADAS AL ROL DE LA ENTIDAD,18000.0,Compromiso
2026,1028,3,S,850,2026-03-06,10440523752,CUEVA CHACON TERESA ELICA,106,CONTRATO MENOR,CM,,SERVICIO DE ASISTENCIA EN SECRETARIADO PARA LA OFICINA DE LA JUVENTUD DE LA GERENCIA REGIONAL,885,18,2.3. 2  9. 1  1,LOCACION DE SERVICIOS REALIZADOS POR PERSONAS NATURALES RELACIONADAS AL ROL DE LA ENTIDAD,10800.0,Compromiso
2026,1028,3,S,851,2026-03-06,15603928609,PEREZ BRAVO LEYCE JOSEFINA,106,CONTRATO MENOR,CM,,SERVICIO DE PROMOCION Y DESARROLLO SOCIAL PARA LA OFICINA DE LA JUVENTUD DE LA GERENCIA REGIONAL,886,18,2.3. 2  9. 1  1,LOCACION DE SERVICIOS REALIZADOS POR PERSONAS NATURALES RELACIONADAS AL ROL DE LA ENTIDAD,14000.0,Compromiso
2026,1028,3,S,852,2026-03-06,10700922320,NUÑEZ JULCA MALU GERALDINE,106,CONTRATO MENOR,CM,,SERVICIO DE GESTIÓN ADMINISTRATIVA PARA LA OFICINA DE LA JUVENTUD DE LA GERENCIA REGIONAL,887,18,2.3. 2  9. 1  1,LOCACION DE SERVICIOS REALIZADOS POR PERSONAS NATURALES RELACIONADAS AL ROL DE LA ENTIDAD,20000.0,Compromiso
2026,1028,3,S,853,2026-03-06,10464420008,URRUTIA PEÑA LUZ MARINA,106,CONTRATO MENOR,CM,,SERVICIO DE COORDINACION MONITOREO Y ASISTENCIA TECNICA ADMINISTRATIVA PARA LA OFICINA DE LA JUVENTU,888,18,2.3. 2  9. 1  1,LOCACION DE SERVICIOS REALIZADOS POR PERSONAS NATURALES RELACIONADAS AL ROL DE LA ENTIDAD,13200.0,Compromiso
2026,1028,3,S,854,2026-03-06,10701742970,LEON MOSCOSO BRISBANY ROSALINDA,106,CONTRATO MENOR,CM,,SERVICIO DE ASISTENCIA TECNICA  ADMINISTRATIVA PARA LA OFICINA DE LA JUVENTUD DE LA GERENCIA REGIONA,889,18,2.3. 2  9. 1  1,LOCACION DE SERVICIOS REALIZADOS POR PERSONAS NATURALES RELACIONADAS AL ROL DE LA ENTIDAD,20000.0,Compromiso
2026,1028,3,S,855,2026-03-09,10465867251,VELA ALVARADO JIMMY FERNANDO,106,CONTRATO MENOR,CM,,SERVICIO DE COORDINACION DE PROYECTOS DE INVERSION.,1058,18,2.3. 2  9. 1  1,LOCACION DE SERVICIOS REALIZADOS POR PERSONAS NATURALES RELACIONADAS AL ROL DE LA ENTIDAD,26000.0,Compromiso
2026,1028,3,S,856,2026-03-09,10477742705,HUANCA ZAPATA CARLOS HORACIO,106,CONTRATO MENOR,CM,,SERVICIO DE SEGUIMIENTO Y MONITOREO DE REQUERIMIENTOS DE BIENES Y SERVICIOS.,1059,18,2.3. 2  9. 1  1,LOCACION DE SERVICIOS REALIZADOS POR PERSONAS NATURALES RELACIONADAS AL ROL DE LA ENTIDAD,15000.0,Compromiso
2026,1028,3,S,857,2026-03-09,10714140871,BROWN BADOS JULIO TOMAS,106,CONTRATO MENOR,CM,,SERVICIO DE TOPOGRAFIA.,1060,18,2.3. 2  9. 1  1,LOCACION DE SERVICIOS REALIZADOS POR PERSONAS NATURALES RELACIONADAS AL ROL DE LA ENTIDAD,10500.0,Compromiso
2026,1028,3,S,858,2026-03-09,10429579649,CRUCES FRANCO RONALD,106,CONTRATO MENOR,CM,,SERVICIO DE ARQUITECTURA DE PROYECTOS.,1061,18,2.3. 2  9. 1  1,LOCACION DE SERVICIOS REALIZADOS POR PERSONAS NATURALES RELACIONADAS AL ROL DE LA ENTIDAD,32000.0,Compromiso
2026,1028,3,S,859,2026-03-09,10444165877,BUSTAMANTE CHUMPITAZ CARMEN MARIA,106,CONTRATO MENOR,CM,,SERVICIO DE SEGUIMIENTO Y REVISIÓN DE PROYECTOS.,1062,18,2.3. 2  9. 1  1,LOCACION DE SERVICIOS REALIZADOS POR PERSONAS NATURALES RELACIONADAS AL ROL DE LA ENTIDAD,32000.0,Compromiso
2026,1028,3,S,860,2026-03-09,10700917121,RUBIANES SIHUAY ROBERT ALVARO,106,CONTRATO MENOR,CM,,SERVICIO DE ELABORACION DE PROYECTOS .,1063,18,2.3. 2  9. 1  1,LOCACION DE SERVICIOS REALIZADOS POR PERSONAS NATURALES RELACIONADAS AL ROL DE LA ENTIDAD,32000.0,Compromiso
2026,1028,3,S,861,2026-03-09,10751264122,CHUQUICAHUA CUNIA DILMER ALEX,106,CONTRATO MENOR,CM,,SERVICIO DE ASISTENCIA TECNICA EN INGENIERIA .,1064,18,2.3. 2  9. 1  1,LOCACION DE SERVICIOS REALIZADOS POR PERSONAS NATURALES RELACIONADAS AL ROL DE LA ENTIDAD,16000.0,Compromiso
2026,1028,3,S,862,2026-03-09,10780112111,TRELLES AREVALO CAMILA LISBETH,106,CONTRATO MENOR,CM,,SERVICIO DE GESTION ADMINISTRATIVA  .,1065,18,2.3. 2  9. 1  1,LOCACION DE SERVICIOS REALIZADOS POR PERSONAS NATURALES RELACIONADAS AL ROL DE LA ENTIDAD,7500.0,Compromiso
2026,1028,3,S,863,2026-03-09,10758972602,GARCIA CASTRO VLADIMIR CHRISTOPHER,106,CONTRATO MENOR,CM,,SERVICIO DE ELABORACION DE PROYECTOS .,1066,18,2.3. 2  9. 1  1,LOCACION DE SERVICIOS REALIZADOS POR PERSONAS NATURALES RELACIONADAS AL ROL DE LA ENTIDAD,28000.0,Compromiso
2026,1028,3,S,864,2026-03-09,10745708299,SANCHEZ ALCALA IVAN DAVID,106,CONTRATO MENOR,CM,,SERVICIO DE ASISTENCIA TECNICA EN INGENIERIA AMBIENTAL .,1067,18,2.3. 2  9. 1  1,LOCACION DE SERVICIOS REALIZADOS POR PERSONAS NATURALES RELACIONADAS AL ROL DE LA ENTIDAD,13500.0,Compromiso
2026,1028,3,S,865,2026-03-09,10702736752,FERNANDEZ JULCA JHOANNA DENISSE,106,CONTRATO MENOR,CM,,SERVICIO DE ASISTENCIA EN TEMAS DE ARQUITECTURA.,1068,18,2.3. 2  9. 1  1,LOCACION DE SERVICIOS REALIZADOS POR PERSONAS NATURALES RELACIONADAS AL ROL DE LA ENTIDAD,18000.0,Compromiso
2026,1028,3,S,866,2026-03-09,10420406547,PEREZ BURGOS DEYVI SAMUEL,106,CONTRATO MENOR,CM,,SERVICIO DE SEGUIMIENTO Y MONITOREO DE LAS OBRAS .,1069,18,2.3. 2  9. 1  1,LOCACION DE SERVICIOS REALIZADOS POR PERSONAS NATURALES RELACIONADAS AL ROL DE LA ENTIDAD,36000.0,Compromiso
2026,1028,3,S,867,2026-03-09,20612258644,JOBS SERVICES E.I.R.L,106,CONTRATO MENOR,CM,,SERVICIO DE SHOW  DEPORTIVO,919,18,2.3. 2  7. 9  1,ORGANIZACION Y CONDUCCION DE EVENTOS DEPORTIVOS,24900.0,Compromiso
2026,1028,3,S,868,2026-03-09,20566537673,INVERSIONES MATVEN S.A.C,106,CONTRATO MENOR,CM,,SERVICIO DE MOVILIDAD,915,18,2.3. 2  7. 9  1,ORGANIZACION Y CONDUCCION DE EVENTOS DEPORTIVOS,900.0,Compromiso
2026,1028,3,S,869,2026-03-09,20602157327,GRUPO MATIC S.A.C.,106,CONTRATO MENOR,CM,,SERVICIO DE LEVANTAMIENTO TOPOGRAFICO PARA LA FORMULACIÓN,1057,0,2.3. 2  7.13 98,OTROS SERVICIOS TECNICOS Y PROFESIONALES DESARROLLADOS POR PERSONAS JURIDICAS,41500.0,Compromiso
2026,1028,3,S,870,2026-03-09,20609409887,CORPORACION CITV PERU S.A.C.,106,CONTRATO MENOR,CM,,CONTRATACION DEL SERVICIO DE REVISIONES TÉCNICAS PARA LAS UNIDADES VEHICULARES DEL GOBIERNO REGIONAL DEL CALLAO,1056,18,2.3. 2  7.11 99,SERVICIOS DIVERSOS,3050.0,Compromiso
2026,1028,3,S,871,2026-03-09,10086955135,TRASLAVIÑA FUERTES ROSANA VICTORIA,106,CONTRATO MENOR,CM,,SERVICIO ESPECIALIZADO EN EVALUACION DE PROYECTOS DE INVERSION PUBLICA.,1152,18,2.3. 2  9. 1  1,LOCACION DE SERVICIOS REALIZADOS POR PERSONAS NATURALES RELACIONADAS AL ROL DE LA ENTIDAD,7500.0,Compromiso
2026,1028,3,S,872,2026-03-09,10454976385,GRADOS ABAD MILAGROS MELISSA,106,CONTRATO MENOR,CM,,SERVICIO DE FORMULACIÓN Y EVALUACIÓN DE PROYECTOS DE INVERSIÓN PÚBLICA.,1153,18,2.3. 2  9. 1  1,LOCACION DE SERVICIOS REALIZADOS POR PERSONAS NATURALES RELACIONADAS AL ROL DE LA ENTIDAD,7000.0,Compromiso
2026,1028,3,S,873,2026-03-09,10469129867,PRINCIPE RAMOS MAX ANDRE,106,CONTRATO MENOR,CM,,SERVICIO DE FORMULACION Y ELABORACION DE ESTUDIOS DE PRE INVERSION.,1154,18,2.3. 2  9. 1  1,LOCACION DE SERVICIOS REALIZADOS POR PERSONAS NATURALES RELACIONADAS AL ROL DE LA ENTIDAD,7500.0,Compromiso
2026,1028,3,S,874,2026-03-09,10473332561,VASQUEZ MACHARE JESUS ALBERTO,106,CONTRATO MENOR,CM,,SERVICIO DE ARQUITECTURA DE PROYECTOS.,1155,18,2.3. 2  9. 1  1,LOCACION DE SERVICIOS REALIZADOS POR PERSONAS NATURALES RELACIONADAS AL ROL DE LA ENTIDAD,7000.0,Compromiso
2026,1028,3,S,875,2026-03-09,10746313000,MEDINA LOZANO EVELYN DAYANA,106,CONTRATO MENOR,CM,,SERVICIO DE SEGUIMIENTO DE DOCUMENTOS ADMINISTRATIVOS.,1156,18,2.3. 2  9. 1  1,LOCACION DE SERVICIOS REALIZADOS POR PERSONAS NATURALES RELACIONADAS AL ROL DE LA ENTIDAD,6000.0,Compromiso
2026,1028,3,S,876,2026-03-09,10718947842,ESPINOZA HUAMAN JULIO MIGUEL,106,CONTRATO MENOR,CM,,SERVICIO DE SUPERVISIÓN Y FISCALIZACIÓN AMBIENTAL.,1158,18,2.3. 2  9. 1  1,LOCACION DE SERVICIOS REALIZADOS POR PERSONAS NATURALES RELACIONADAS AL ROL DE LA ENTIDAD,19500.0,Compromiso
2026,1028,3,S,877,2026-03-09,15395318443,FERNANDEZ ORDOÑEZ JUAN ISMAEL,106,CONTRATO MENOR,CM,,SEGUIMIENTO Y MONITOREO DEL SERVICIO DE SEGURIDAD Y VIGILANCIA,1084,18,2.3. 2  9. 1  1,LOCACION DE SERVICIOS REALIZADOS POR PERSONAS NATURALES RELACIONADAS AL ROL DE LA ENTIDAD,8000.0,Compromiso
2026,1028,3,S,878,2026-03-09,10416310594,PAREDES DENEGRI EVELINA RAQUEL,106,CONTRATO MENOR,CM,,SERVICIO DE SUPERVISION DE SEGURIDAD Y VIGILANCIA,1085,18,2.3. 2  9. 1  1,LOCACION DE SERVICIOS REALIZADOS POR PERSONAS NATURALES RELACIONADAS AL ROL DE LA ENTIDAD,14000.0,Compromiso
2026,1028,3,S,880,2026-03-09,10257485787,ROJAS DIAZ EUNICE,106,CONTRATO MENOR,CM,,SERVICIO EN SEGUIMIENTO Y ASISTENCIA TÉCNICA PARA COORDINACIÓN I.,1070,9,2.3. 2  9. 1  1,LOCACION DE SERVICIOS REALIZADOS POR PERSONAS NATURALES RELACIONADAS AL ROL DE LA ENTIDAD,5000.0,Compromiso
2026,1028,3,S,881,2026-03-09,10481905678,IPANAQUE MENDIETA LUIS ENRIQUE,106,CONTRATO MENOR,CM,,SERVICIO DE SUPERVISION DE SEGURIDAD Y VIGILANCIA,1086,18,2.3. 2  9. 1  1,LOCACION DE SERVICIOS REALIZADOS POR PERSONAS NATURALES RELACIONADAS AL ROL DE LA ENTIDAD,14000.0,Compromiso
2026,1028,3,S,882,2026-03-09,10416529367,ASIN SALDARRIAGA EVELIN SULAY,106,CONTRATO MENOR,CM,,SERVICIO DE SUPERVISION DE SEGURIDAD Y VIGILANCIA,1087,18,2.3. 2  9. 1  1,LOCACION DE SERVICIOS REALIZADOS POR PERSONAS NATURALES RELACIONADAS AL ROL DE LA ENTIDAD,14000.0,Compromiso
2026,1028,3,S,883,2026-03-09,10422590892,JIMENEZ DIAZ VÌCTOR MANUEL,106,CONTRATO MENOR,CM,,SERVICIO DE SUPERVISION DE SEGURIDAD Y VIGILANCIA,1088,18,2.3. 2  9. 1  1,LOCACION DE SERVICIOS REALIZADOS POR PERSONAS NATURALES RELACIONADAS AL ROL DE LA ENTIDAD,14000.0,Compromiso
2026,1028,3,S,884,2026-03-09,10801842858,FLORES VALDIVIA PATRICIA CECILIA,106,CONTRATO MENOR,CM,,SERVICIO DE SUPERVISION DE SEGURIDAD Y VIGILANCIA,1089,18,2.3. 2  9. 1  1,LOCACION DE SERVICIOS REALIZADOS POR PERSONAS NATURALES RELACIONADAS AL ROL DE LA ENTIDAD,14000.0,Compromiso
2026,1028,3,S,885,2026-03-09,10705994043,REBAZA ANAYA BILLY JACK,106,CONTRATO MENOR,CM,,SERVICIO DE SUPERVISION DE SEGURIDAD Y VIGILANCIA,1090,18,2.3. 2  9. 1  1,LOCACION DE SERVICIOS REALIZADOS POR PERSONAS NATURALES RELACIONADAS AL ROL DE LA ENTIDAD,14000.0,Compromiso
2026,1028,3,S,886,2026-03-09,10724228327,HERNANDEZ URBINA GRETHA LESLIE,106,CONTRATO MENOR,CM,,SERVICIO DE SUPERVISION DE SEGURIDAD Y VIGILANCIA,1091,18,2.3. 2  9. 1  1,LOCACION DE SERVICIOS REALIZADOS POR PERSONAS NATURALES RELACIONADAS AL ROL DE LA ENTIDAD,14000.0,Compromiso
2026,1028,3,S,887,2026-03-09,10465623549,POLANCO GOMEZ ANGEL LOUGGI,106,CONTRATO MENOR,CM,,SERVICIO DE SUPERVISION DE SEGURIDAD Y VIGILANCIA,1092,18,2.3. 2  9. 1  1,LOCACION DE SERVICIOS REALIZADOS POR PERSONAS NATURALES RELACIONADAS AL ROL DE LA ENTIDAD,10000.0,Compromiso
2026,1028,3,S,888,2026-03-09,10067250376,LEON PADILLA JUAN JOSE,106,CONTRATO MENOR,CM,,SERVICIO DE SUPERVISION DE SEGURIDAD Y VIGILANCIA,1093,18,2.3. 2  9. 1  1,LOCACION DE SERVICIOS REALIZADOS POR PERSONAS NATURALES RELACIONADAS AL ROL DE LA ENTIDAD,10000.0,Compromiso
2026,1028,3,S,889,2026-03-09,10711648637,VELA ZAPATA ALINSON,106,CONTRATO MENOR,CM,,SERVICIO DE SUPERVISION DE SEGURIDAD Y VIGILANCIA,1094,18,2.3. 2  9. 1  1,LOCACION DE SERVICIOS REALIZADOS POR PERSONAS NATURALES RELACIONADAS AL ROL DE LA ENTIDAD,10000.0,Compromiso
2026,1028,3,S,890,2026-03-09,10485472962,POEMAPE CORREA NANCY DANIELA ANA MARIA,106,CONTRATO MENOR,CM,,SERVICIO DE SUPERVISION DE SEGURIDAD Y VIGILANCIA,1095,18,2.3. 2  9. 1  1,LOCACION DE SERVICIOS REALIZADOS POR PERSONAS NATURALES RELACIONADAS AL ROL DE LA ENTIDAD,10000.0,Compromiso
2026,1028,3,S,891,2026-03-09,10741752943,GOMEZ RIEGA ANDERSON JOSSIMAR,106,CONTRATO MENOR,CM,,SERVICIO DE SUPERVISION DE SEGURIDAD Y VIGILANCIA,1096,18,2.3. 2  9. 1  1,LOCACION DE SERVICIOS REALIZADOS POR PERSONAS NATURALES RELACIONADAS AL ROL DE LA ENTIDAD,10000.0,Compromiso
2026,1028,3,S,892,2026-03-09,10413930729,PUICAN PISCOYA MARTIN MAX,106,CONTRATO MENOR,CM,,SERVICIO DE SUPERVISION DE SEGURIDAD Y VIGILANCIA,1097,18,2.3. 2  9. 1  1,LOCACION DE SERVICIOS REALIZADOS POR PERSONAS NATURALES RELACIONADAS AL ROL DE LA ENTIDAD,10000.0,Compromiso
2026,1028,3,S,893,2026-03-09,10771730863,CAMPOS GAMBOA ALICIA DANIELA,106,CONTRATO MENOR,CM,,SERVICIO DE SUPERVISION DE SEGURIDAD Y VIGILANCIA,1098,18,2.3. 2  9. 1  1,LOCACION DE SERVICIOS REALIZADOS POR PERSONAS NATURALES RELACIONADAS AL ROL DE LA ENTIDAD,10000.0,Compromiso
2026,1028,3,S,894,2026-03-09,10762662847,VALDERRAMA SALAZAR WENDY KATHERINE,106,CONTRATO MENOR,CM,,SERVICIO DE ASISTENCIA EN SEGURIDAD,1099,18,2.3. 2  9. 1  1,LOCACION DE SERVICIOS REALIZADOS POR PERSONAS NATURALES RELACIONADAS AL ROL DE LA ENTIDAD,7500.0,Compromiso
2026,1028,3,S,895,2026-03-09,10711855039,FARFAN LANEVE DALIA CELESTE,106,CONTRATO MENOR,CM,,SERVICIO DE ASISTENCIA EN SEGURIDAD,1100,18,2.3. 2  9. 1  1,LOCACION DE SERVICIOS REALIZADOS POR PERSONAS NATURALES RELACIONADAS AL ROL DE LA ENTIDAD,7500.0,Compromiso
2026,1028,3,S,896,2026-03-09,10764476960,DELGADO CLAVIJO ESTEFANY ALEJANDRA,106,CONTRATO MENOR,CM,,SERVICIO DE ASISTENCIA EN SEGURIDAD,1101,18,2.3. 2  9. 1  1,LOCACION DE SERVICIOS REALIZADOS POR PERSONAS NATURALES RELACIONADAS AL ROL DE LA ENTIDAD,7500.0,Compromiso
2026,1028,3,S,897,2026-03-09,10748615577,LOPEZ CORREA DE MEDINA JANETH DEL ROSARIO,106,CONTRATO MENOR,CM,,SERVICIO DE ASISTENCIA EN SEGURIDAD,1102,18,2.3. 2  9. 1  1,LOCACION DE SERVICIOS REALIZADOS POR PERSONAS NATURALES RELACIONADAS AL ROL DE LA ENTIDAD,7500.0,Compromiso
2026,1028,3,S,898,2026-03-09,10800958518,DE LA CRUZ MOSQUERA JORGE ALEXANDER,106,CONTRATO MENOR,CM,,SERVICIO DE ASISTENCIA EN SEGURIDAD,1103,18,2.3. 2  9. 1  1,LOCACION DE SERVICIOS REALIZADOS POR PERSONAS NATURALES RELACIONADAS AL ROL DE LA ENTIDAD,7500.0,Compromiso
2026,1028,3,S,899,2026-03-09,10738763560,GONZALES ASIN YADHIRA ODHET,106,CONTRATO MENOR,CM,,SERVICIO DE ASISTENCIA EN SEGURIDAD,1104,18,2.3. 2  9. 1  1,LOCACION DE SERVICIOS REALIZADOS POR PERSONAS NATURALES RELACIONADAS AL ROL DE LA ENTIDAD,7500.0,Compromiso
2026,1028,3,S,900,2026-03-09,10793812421,CASTRO ROSSI ALESSIA,106,CONTRATO MENOR,CM,,SERVICIO DE ASISTENCIA EN SEGURIDAD,1105,18,2.3. 2  9. 1  1,LOCACION DE SERVICIOS REALIZADOS POR PERSONAS NATURALES RELACIONADAS AL ROL DE LA ENTIDAD,7500.0,Compromiso
2026,1028,3,S,901,2026-03-09,10749104461,MAYORGA MARTINEZ DENIZ OLENKA,106,CONTRATO MENOR,CM,,SERVICIO DE ASISTENCIA EN SEGURIDAD,1106,18,2.3. 2  9. 1  1,LOCACION DE SERVICIOS REALIZADOS POR PERSONAS NATURALES RELACIONADAS AL ROL DE LA ENTIDAD,7500.0,Compromiso
2026,1028,3,S,902,2026-03-09,10441898857,MONTOYA VARGAS DIEGO ANTONIO,106,CONTRATO MENOR,CM,,SERVICIO DE ASISTENCIA EN SEGURIDAD,1107,18,2.3. 2  9. 1  1,LOCACION DE SERVICIOS REALIZADOS POR PERSONAS NATURALES RELACIONADAS AL ROL DE LA ENTIDAD,7500.0,Compromiso
2026,1028,3,S,903,2026-03-09,10754560911,BOCANGEL IZQUIERDO MARIAN ADRIANA,106,CONTRATO MENOR,CM,,SERVICIO DE ASISTENCIA EN SEGURIDAD,1108,18,2.3. 2  9. 1  1,LOCACION DE SERVICIOS REALIZADOS POR PERSONAS NATURALES RELACIONADAS AL ROL DE LA ENTIDAD,7500.0,Compromiso
2026,1028,3,S,904,2026-03-09,10712832342,REAÑO GALAN NICOLE BRIGHITE,106,CONTRATO MENOR,CM,,SERVICIO DE ASISTENCIA EN SEGURIDAD,1109,18,2.3. 2  9. 1  1,LOCACION DE SERVICIOS REALIZADOS POR PERSONAS NATURALES RELACIONADAS AL ROL DE LA ENTIDAD,7500.0,Compromiso
2026,1028,3,S,905,2026-03-09,10484950801,CARREÑO MAGALLANES MARIA KATERINNE,106,CONTRATO MENOR,CM,,SERVICIO DE ASISTENCIA EN SEGURIDAD,1110,18,2.3. 2  9. 1  1,LOCACION DE SERVICIOS REALIZADOS POR PERSONAS NATURALES RELACIONADAS AL ROL DE LA ENTIDAD,7500.0,Compromiso
2026,1028,3,S,906,2026-03-09,10784655399,CUADROS NEYRA TIFFANY SHIRLEY,106,CONTRATO MENOR,CM,,SERVICIO DE ASISTENCIA EN SEGURIDAD,1111,18,2.3. 2  9. 1  1,LOCACION DE SERVICIOS REALIZADOS POR PERSONAS NATURALES RELACIONADAS AL ROL DE LA ENTIDAD,7500.0,Compromiso
2026,1028,3,S,907,2026-03-09,10415599396,TREBEJO VILELA MARGARITA LEONOR,106,CONTRATO MENOR,CM,,SERVICIO DE ASISTENCIA EN SEGURIDAD,1112,18,2.3. 2  9. 1  1,LOCACION DE SERVICIOS REALIZADOS POR PERSONAS NATURALES RELACIONADAS AL ROL DE LA ENTIDAD,3000.0,Compromiso
2026,1028,3,S,908,2026-03-09,10257482389,CASTAÑEDA GABRIEL ANA MIRIAM,106,CONTRATO MENOR,CM,,SERVICIO DE ASISTENCIA EN SEGURIDAD,1113,18,2.3. 2  9. 1  1,LOCACION DE SERVICIOS REALIZADOS POR PERSONAS NATURALES RELACIONADAS AL ROL DE LA ENTIDAD,6000.0,Compromiso
2026,1028,3,S,909,2026-03-09,10074857961,WONG MATTA ROSARIO MARISOL,106,CONTRATO MENOR,CM,,SERVICIO DE ASISTENCIA EN LA ELABORACIÓN DE DOCUMENTOS ADMINISTRATIVOS.,1071,18,2.3. 2  9. 1  1,LOCACION DE SERVICIOS REALIZADOS POR PERSONAS NATURALES RELACIONADAS AL ROL DE LA ENTIDAD,17500.0,Compromiso
2026,1028,3,S,910,2026-03-09,10160073522,OBREGON VEGA LEON EPIFANIO,106,CONTRATO MENOR,CM,,SERVICIO DE SUPERVISION DE SEGURIDAD Y VIGILANCIA .,1072,18,2.3. 2  9. 1  1,LOCACION DE SERVICIOS REALIZADOS POR PERSONAS NATURALES RELACIONADAS AL ROL DE LA ENTIDAD,14000.0,Compromiso
2026,1028,3,S,911,2026-03-09,10433345351,CORREA PANTIGOZO JOSE EDUARDO,106,CONTRATO MENOR,CM,,SERVICIO DE SUPERVISION DE SEGURIDAD Y VIGILANCIA .,1073,18,2.3. 2  9. 1  1,LOCACION DE SERVICIOS REALIZADOS POR PERSONAS NATURALES RELACIONADAS AL ROL DE LA ENTIDAD,14000.0,Compromiso
2026,1028,3,S,912,2026-03-09,10417669324,QUIROZ FLORES CESAR DENIS,106,CONTRATO MENOR,CM,,SERVICIO DE SUPERVISION DE SEGURIDAD Y VIGILANCIA .,1074,18,2.3. 2  9. 1  1,LOCACION DE SERVICIOS REALIZADOS POR PERSONAS NATURALES RELACIONADAS AL ROL DE LA ENTIDAD,14000.0,Compromiso
2026,1028,3,S,913,2026-03-09,10258188328,PACHECO AUCCAPIÑA PRUDENCIO,106,CONTRATO MENOR,CM,,SERVICIO DE SUPERVISION DE SEGURIDAD Y VIGILANCIA .,1075,18,2.3. 2  9. 1  1,LOCACION DE SERVICIOS REALIZADOS POR PERSONAS NATURALES RELACIONADAS AL ROL DE LA ENTIDAD,14000.0,Compromiso
2026,1028,3,S,914,2026-03-09,10174029160,PISCOYA AYALA JAMIL WILLIAM,106,CONTRATO MENOR,CM,,SERVICIO DE SUPERVISION DE SEGURIDAD Y VIGILANCIA .,1076,18,2.3. 2  9. 1  1,LOCACION DE SERVICIOS REALIZADOS POR PERSONAS NATURALES RELACIONADAS AL ROL DE LA ENTIDAD,10000.0,Compromiso
2026,1028,3,S,915,2026-03-09,10107228468,WALKER RIVERA EDUARDO,106,CONTRATO MENOR,CM,,SERVICIO DE SUPERVISION DE SEGURIDAD Y VIGILANCIA .,1077,18,2.3. 2  9. 1  1,LOCACION DE SERVICIOS REALIZADOS POR PERSONAS NATURALES RELACIONADAS AL ROL DE LA ENTIDAD,10000.0,Compromiso
2026,1028,3,S,916,2026-03-09,10257878525,VASQUEZ MAGALLANES HARLLET KARIN,106,CONTRATO MENOR,CM,,SERVICIO DE ASISTENCIA EN SEGURIDAD.,1078,18,2.3. 2  9. 1  1,LOCACION DE SERVICIOS REALIZADOS POR PERSONAS NATURALES RELACIONADAS AL ROL DE LA ENTIDAD,7500.0,Compromiso
2026,1028,3,S,917,2026-03-09,10255668230,TAMARIZ GALLARDO LUCILA MARIA,106,CONTRATO MENOR,CM,,SERVICIO DE ASISTENCIA EN SEGURIDAD.,1079,18,2.3. 2  9. 1  1,LOCACION DE SERVICIOS REALIZADOS POR PERSONAS NATURALES RELACIONADAS AL ROL DE LA ENTIDAD,7500.0,Compromiso
2026,1028,3,S,918,2026-03-09,10222883097,ESPAÑA CHAVEZ VICTOR RAUL,106,CONTRATO MENOR,CM,,SERVICIO DE ASISTENCIA EN SEGURIDAD.,1080,18,2.3. 2  9. 1  1,LOCACION DE SERVICIOS REALIZADOS POR PERSONAS NATURALES RELACIONADAS AL ROL DE LA ENTIDAD,7500.0,Compromiso
2026,1028,3,S,919,2026-03-09,10429605542,FIGUEROA VENANCIO INES,106,CONTRATO MENOR,CM,,SERVICIO DE ASISTENCIA EN SEGURIDAD.,1081,18,2.3. 2  9. 1  1,LOCACION DE SERVICIOS REALIZADOS POR PERSONAS NATURALES RELACIONADAS AL ROL DE LA ENTIDAD,7500.0,Compromiso
2026,1028,3,S,920,2026-03-09,10101456621,GONGORA RIOS ANGELICA DEL ROCIO,106,CONTRATO MENOR,CM,,SERVICIO DE ASISTENCIA EN SEGURIDAD.,1082,18,2.3. 2  9. 1  1,LOCACION DE SERVICIOS REALIZADOS POR PERSONAS NATURALES RELACIONADAS AL ROL DE LA ENTIDAD,7500.0,Compromiso
2026,1028,3,S,921,2026-03-09,10454414999,GAVILAN ANGULO ROSARIO VIOLETA,106,CONTRATO MENOR,CM,,SERVICIO DE ASISTENCIA EN SEGURIDAD.,1083,18,2.3. 2  9. 1  1,LOCACION DE SERVICIOS REALIZADOS POR PERSONAS NATURALES RELACIONADAS AL ROL DE LA ENTIDAD,7500.0,Compromiso
2026,1028,3,S,922,2026-03-09,10456352494,AGUAYO TAPIA ROXANA PAOLA,106,CONTRATO MENOR,CM,,SERVICIO DE AUXILIAR EN EVENTOS DEPORTIVOS I,1114,18,2.3. 2  9. 1  1,LOCACION DE SERVICIOS REALIZADOS POR PERSONAS NATURALES RELACIONADAS AL ROL DE LA ENTIDAD,1800.0,Compromiso
2026,1028,3,S,923,2026-03-09,10258604976,CACERES GARCIA PATRICIA RAFAELA,106,CONTRATO MENOR,CM,,SERVICIO DE AUXILIAR EN EVENTOS DEPORTIVOS II,1115,18,2.3. 2  9. 1  1,LOCACION DE SERVICIOS REALIZADOS POR PERSONAS NATURALES RELACIONADAS AL ROL DE LA ENTIDAD,1800.0,Compromiso
2026,1028,3,S,924,2026-03-09,10779101172,BELLIDO UCEDA LUIS NELSON,106,CONTRATO MENOR,CM,,SERVICIO DE AUXILIAR EN EVENTOS DEPORTIVOS III,1116,18,2.3. 2  9. 1  1,LOCACION DE SERVICIOS REALIZADOS POR PERSONAS NATURALES RELACIONADAS AL ROL DE LA ENTIDAD,1800.0,Compromiso
2026,1028,3,S,925,2026-03-09,10468685928,ROJAS LADINES ANDREA LORIEN,106,CONTRATO MENOR,CM,,SERVICIO DE AUXILIAR EN EVENTOS DEPORTIVOS IV,1117,18,2.3. 2  9. 1  1,LOCACION DE SERVICIOS REALIZADOS POR PERSONAS NATURALES RELACIONADAS AL ROL DE LA ENTIDAD,1800.0,Compromiso
2026,1028,3,S,926,2026-03-09,10257941961,ZAPATA ROSPIGLIOSI DE CARRILLO MARIELA JUANA ROSA,106,CONTRATO MENOR,CM,,SERVICIO DE AUXILIAR EN EVENTOS DEPORTIVOS V,1118,18,2.3. 2  9. 1  1,LOCACION DE SERVICIOS REALIZADOS POR PERSONAS NATURALES RELACIONADAS AL ROL DE LA ENTIDAD,1800.0,Compromiso
2026,1028,3,S,927,2026-03-09,10096732151,MANRIQUE CARBAJAL PATRICIA ELENA,106,CONTRATO MENOR,CM,,SERVICIO DE AUXILIAR EN EVENTOS DEPORTIVOS VI,1119,18,2.3. 2  9. 1  1,LOCACION DE SERVICIOS REALIZADOS POR PERSONAS NATURALES RELACIONADAS AL ROL DE LA ENTIDAD,1800.0,Compromiso
2026,1028,3,S,928,2026-03-09,10713116551,HUERTAS JIMENEZ JIMMY JOHAO,106,CONTRATO MENOR,CM,,SERVICIO DE AUXILIAR EN EVENTOS DEPORTIVOS VII,1120,18,2.3. 2  9. 1  1,LOCACION DE SERVICIOS REALIZADOS POR PERSONAS NATURALES RELACIONADAS AL ROL DE LA ENTIDAD,1800.0,Compromiso
2026,1028,3,S,929,2026-03-09,10258581461,GUERRERO VIVES CARMEN GUIDA SERENA,106,CONTRATO MENOR,CM,,SERVICIO DE AUXILIAR EN EVENTOS DEPORTIVOS VIII,1121,18,2.3. 2  9. 1  1,LOCACION DE SERVICIOS REALIZADOS POR PERSONAS NATURALES RELACIONADAS AL ROL DE LA ENTIDAD,1800.0,Compromiso
2026,1028,3,S,930,2026-03-09,10731109783,VALIENTE LUQUE ADRIAN JAVIER,106,CONTRATO MENOR,CM,,SERVICIO DE AUXILIAR EN EVENTOS DEPORTIVOS IX,1122,18,2.3. 2  9. 1  1,LOCACION DE SERVICIOS REALIZADOS POR PERSONAS NATURALES RELACIONADAS AL ROL DE LA ENTIDAD,1800.0,Compromiso
2026,1028,3,S,931,2026-03-09,10472360952,NAVARRO MONTENEGRO CAROLINE LIZBET,106,CONTRATO MENOR,CM,,SERVICIO DE AUXILIAR EN EVENTOS DEPORTIVOS X,1123,18,2.3. 2  9. 1  1,LOCACION DE SERVICIOS REALIZADOS POR PERSONAS NATURALES RELACIONADAS AL ROL DE LA ENTIDAD,1800.0,Compromiso
2026,1028,3,S,932,2026-03-09,10727190339,CHANG KAU GRIEBE LYAM JEFREY,106,CONTRATO MENOR,CM,,SERVICIO DE AUXILIAR EN EVENTOS DEPORTIVOS XI,1124,18,2.3. 2  9. 1  1,LOCACION DE SERVICIOS REALIZADOS POR PERSONAS NATURALES RELACIONADAS AL ROL DE LA ENTIDAD,1800.0,Compromiso
2026,1028,3,S,933,2026-03-09,10258587290,GOMEZ AYALA DE LATORRACA JHENNY SARA,106,CONTRATO MENOR,CM,,SERVICIO DE AUXILIAR EN EVENTOS DEPORTIVOS XII,1125,18,2.3. 2  9. 1  1,LOCACION DE SERVICIOS REALIZADOS POR PERSONAS NATURALES RELACIONADAS AL ROL DE LA ENTIDAD,1800.0,Compromiso
2026,1028,3,S,934,2026-03-09,10705882563,BRUNO VALERA VALERIA ALEXANDRA,106,CONTRATO MENOR,CM,,SERVICIO DE AUXILIAR EN EVENTOS DEPORTIVOS XIII,1126,18,2.3. 2  9. 1  1,LOCACION DE SERVICIOS REALIZADOS POR PERSONAS NATURALES RELACIONADAS AL ROL DE LA ENTIDAD,1800.0,Compromiso
2026,1028,3,S,935,2026-03-09,10755396571,AGUIRRE OLAZO RODRIGO JOSE,106,CONTRATO MENOR,CM,,SERVICIO DE AUXILIAR EN EVENTOS DEPORTIVOS XIV,1127,18,2.3. 2  9. 1  1,LOCACION DE SERVICIOS REALIZADOS POR PERSONAS NATURALES RELACIONADAS AL ROL DE LA ENTIDAD,1800.0,Compromiso
2026,1028,3,S,936,2026-03-09,10452977325,DE LA CRUZ RIERA KATTY RINA,106,CONTRATO MENOR,CM,,SERVICIO DE AUXILIAR EN EVENTOS DEPORTIVOS XV,1128,18,2.3. 2  9. 1  1,LOCACION DE SERVICIOS REALIZADOS POR PERSONAS NATURALES RELACIONADAS AL ROL DE LA ENTIDAD,1800.0,Compromiso
2026,1028,3,S,937,2026-03-09,10258409014,TELLO SIAS DORA JESSICA,106,CONTRATO MENOR,CM,,SERVICIO DE AUXILIAR EN EVENTOS DEPORTIVOS XVI,1129,18,2.3. 2  9. 1  1,LOCACION DE SERVICIOS REALIZADOS POR PERSONAS NATURALES RELACIONADAS AL ROL DE LA ENTIDAD,1800.0,Compromiso
2026,1028,3,S,938,2026-03-09,10729024614,URIBE SALVADOR LUIS MIGUEL,106,CONTRATO MENOR,CM,,SERVICIO DE AUXILIAR EN EVENTOS DEPORTIVOS XVII,1130,18,2.3. 2  9. 1  1,LOCACION DE SERVICIOS REALIZADOS POR PERSONAS NATURALES RELACIONADAS AL ROL DE LA ENTIDAD,1800.0,Compromiso
2026,1028,3,S,939,2026-03-09,10728108113,NAVARRO ALEGRE LEONARDO JOSHUA,106,CONTRATO MENOR,CM,,SERVICIO DE AUXILIAR EN EVENTOS DEPORTIVOS XVIII,1131,18,2.3. 2  9. 1  1,LOCACION DE SERVICIOS REALIZADOS POR PERSONAS NATURALES RELACIONADAS AL ROL DE LA ENTIDAD,1800.0,Compromiso
2026,1028,3,S,940,2026-03-09,10607719450,RAMIREZ AYMITUMA MADAY KORAYMA,106,CONTRATO MENOR,CM,,SERVICIO DE AUXILIAR EN EVENTOS DEPORTIVOS XIX,1132,18,2.3. 2  9. 1  1,LOCACION DE SERVICIOS REALIZADOS POR PERSONAS NATURALES RELACIONADAS AL ROL DE LA ENTIDAD,1800.0,Compromiso
2026,1028,3,S,941,2026-03-09,10421673689,ARIAS MENDOZA JACQUELIN MILAGROS,106,CONTRATO MENOR,CM,,SERVICIO DE AUXILIAR EN EVENTOS DEPORTIVOS XX,1133,18,2.3. 2  9. 1  1,LOCACION DE SERVICIOS REALIZADOS POR PERSONAS NATURALES RELACIONADAS AL ROL DE LA ENTIDAD,1800.0,Compromiso
2026,1028,3,S,942,2026-03-09,10438213886,ALEGRE FELIPE GISELLA MILAGROS,106,CONTRATO MENOR,CM,,SERVICIO DE AUXILIAR EN EVENTOS DEPORTIVOS XXI,1134,18,2.3. 2  9. 1  1,LOCACION DE SERVICIOS REALIZADOS POR PERSONAS NATURALES RELACIONADAS AL ROL DE LA ENTIDAD,1800.0,Compromiso
2026,1028,3,S,943,2026-03-09,10738125555,FELIPA MINAYA JOSE RICARDO,106,CONTRATO MENOR,CM,,SERVICIO DE AUXILIAR EN EVENTOS DEPORTIVOS XXII,1135,18,2.3. 2  9. 1  1,LOCACION DE SERVICIOS REALIZADOS POR PERSONAS NATURALES RELACIONADAS AL ROL DE LA ENTIDAD,1800.0,Compromiso
2026,1028,3,S,944,2026-03-09,10257527595,GONZALES RIVAS JOHNNY CHRISTIAN,106,CONTRATO MENOR,CM,,SERVICIO DE AUXILIAR EN EVENTOS DEPORTIVOS XXIII,1136,18,2.3. 2  9. 1  1,LOCACION DE SERVICIOS REALIZADOS POR PERSONAS NATURALES RELACIONADAS AL ROL DE LA ENTIDAD,1800.0,Compromiso
2026,1028,3,S,945,2026-03-09,10711504643,HINOSTROZA GONZALES ESTEBAN SEBASTIÁN,106,CONTRATO MENOR,CM,,SERVICIO DE AUXILIAR EN EVENTOS DEPORTIVOS XXIV,1137,18,2.3. 2  9. 1  1,LOCACION DE SERVICIOS REALIZADOS POR PERSONAS NATURALES RELACIONADAS AL ROL DE LA ENTIDAD,1800.0,Compromiso
2026,1028,3,S,946,2026-03-09,10404828962,GRANADOS LOZA CRISTINA,106,CONTRATO MENOR,CM,,SERVICIO DE AUXILIAR EN EVENTOS DEPORTIVOS XXV,1138,18,2.3. 2  9. 1  1,LOCACION DE SERVICIOS REALIZADOS POR PERSONAS NATURALES RELACIONADAS AL ROL DE LA ENTIDAD,1800.0,Compromiso
2026,1028,3,S,947,2026-03-09,10455567713,JACINTO VILLANUEVA VALERIA MARIA,106,CONTRATO MENOR,CM,,SERVICIO DE AUXILIAR EN EVENTOS DEPORTIVOS XXVI,1139,18,2.3. 2  9. 1  1,LOCACION DE SERVICIOS REALIZADOS POR PERSONAS NATURALES RELACIONADAS AL ROL DE LA ENTIDAD,1800.0,Compromiso
2026,1028,3,S,948,2026-03-09,10402243924,MALPICA CASTILLO LUIS ROBERTO,106,CONTRATO MENOR,CM,,SERVICIO DE AUXILIAR EN EVENTOS DEPORTIVOS XXVII,1140,18,2.3. 2  9. 1  1,LOCACION DE SERVICIOS REALIZADOS POR PERSONAS NATURALES RELACIONADAS AL ROL DE LA ENTIDAD,1800.0,Compromiso
2026,1028,3,S,949,2026-03-09,10484364279,PAICO RIVERA SHEILA MARIANELA,106,CONTRATO MENOR,CM,,SERVICIO DE AUXILIAR EN EVENTOS DEPORTIVOS XXVIII,1141,18,2.3. 2  9. 1  1,LOCACION DE SERVICIOS REALIZADOS POR PERSONAS NATURALES RELACIONADAS AL ROL DE LA ENTIDAD,1800.0,Compromiso
2026,1028,3,S,950,2026-03-09,10411276584,TELLO MARIÑO YCIDORA,106,CONTRATO MENOR,CM,,SERVICIO DE AUXILIAR EN EVENTOS DEPORTIVOS XXIX,1142,18,2.3. 2  9. 1  1,LOCACION DE SERVICIOS REALIZADOS POR PERSONAS NATURALES RELACIONADAS AL ROL DE LA ENTIDAD,1800.0,Compromiso
2026,1028,3,S,951,2026-03-09,10255666121,GUTIERREZ GUTIERREZ YOLANDA TERESA,106,CONTRATO MENOR,CM,,SERVICIO DE AUXILIAR EN EVENTOS DEPORTIVOS XXX,1143,18,2.3. 2  9. 1  1,LOCACION DE SERVICIOS REALIZADOS POR PERSONAS NATURALES RELACIONADAS AL ROL DE LA ENTIDAD,1800.0,Compromiso
2026,1028,3,S,952,2026-03-09,10770618881,VALVERDE GARCIA LESLIE JASMINE,106,CONTRATO MENOR,CM,,SERVICIO DE AUXILIAR EN EVENTOS DEPORTIVOS XXXI,1144,18,2.3. 2  9. 1  1,LOCACION DE SERVICIOS REALIZADOS POR PERSONAS NATURALES RELACIONADAS AL ROL DE LA ENTIDAD,1800.0,Compromiso
2026,1028,3,S,953,2026-03-09,10772719570,COBEÑAS ATOCHE YOJANA ZILPA,106,CONTRATO MENOR,CM,,SERVICIO DE AUXILIAR EN EVENTOS DEPORTIVOS XXXII,1145,18,2.3. 2  9. 1  1,LOCACION DE SERVICIOS REALIZADOS POR PERSONAS NATURALES RELACIONADAS AL ROL DE LA ENTIDAD,1800.0,Compromiso
2026,1028,3,S,954,2026-03-09,10765288733,SORIANO GONZALES BRIGGITTE ROSA,106,CONTRATO MENOR,CM,,SERVICIO DE AUXILIAR EN EVENTOS DEPORTIVOS XXXIII,1146,18,2.3. 2  9. 1  1,LOCACION DE SERVICIOS REALIZADOS POR PERSONAS NATURALES RELACIONADAS AL ROL DE LA ENTIDAD,1800.0,Compromiso
2026,1028,3,S,955,2026-03-09,10732657610,PUENTE HARADA DIANA  ALEJANDRA,106,CONTRATO MENOR,CM,,SERVICIO DE AUXILIAR EN EVENTOS DEPORTIVOS XXXIV,1147,18,2.3. 2  9. 1  1,LOCACION DE SERVICIOS REALIZADOS POR PERSONAS NATURALES RELACIONADAS AL ROL DE LA ENTIDAD,1800.0,Compromiso
2026,1028,3,S,956,2026-03-09,10462958965,ROJAS GARCIA LEYLA MILUSKA,106,CONTRATO MENOR,CM,,SERVICIO DE AUXILIAR EN EVENTOS DEPORTIVOS XXXV,1148,18,2.3. 2  9. 1  1,LOCACION DE SERVICIOS REALIZADOS POR PERSONAS NATURALES RELACIONADAS AL ROL DE LA ENTIDAD,1800.0,Compromiso
2026,1028,3,S,957,2026-03-09,10749732321,CAMACHO TENORIO GIANELLI CECIBEL,106,CONTRATO MENOR,CM,,SERVICIO DE AUXILIAR EN EVENTOS DEPORTIVOS XXXVI,1149,18,2.3. 2  9. 1  1,LOCACION DE SERVICIOS REALIZADOS POR PERSONAS NATURALES RELACIONADAS AL ROL DE LA ENTIDAD,1800.0,Compromiso
2026,1028,3,S,958,2026-03-09,10706777755,AZAYAC WONG JOCELYN,106,CONTRATO MENOR,CM,,SERVICIO DE AUXILIAR EN EVENTOS DEPORTIVOS XXXVII,1150,18,2.3. 2  9. 1  1,LOCACION DE SERVICIOS REALIZADOS POR PERSONAS NATURALES RELACIONADAS AL ROL DE LA ENTIDAD,1800.0,Compromiso
2026,1028,3,S,959,2026-03-09,10256691995,NAVARRO MAR MODESTO,106,CONTRATO MENOR,CM,,SERVICIO DE AUXILIAR EN EVENTOS DEPORTIVOS XXXVIII,1151,18,2.3. 2  9. 1  1,LOCACION DE SERVICIOS REALIZADOS POR PERSONAS NATURALES RELACIONADAS AL ROL DE LA ENTIDAD,1800.0,Compromiso
2026,1028,3,S,960,2026-03-09,10255205515,FERNANDO INOCENTE RIOS CHUMPITAZ,106,CONTRATO MENOR,CM,,SERVICIO DE PROMOTOR JUVENIL 6,1159,18,2.3. 2  9. 1  1,LOCACION DE SERVICIOS REALIZADOS POR PERSONAS NATURALES RELACIONADAS AL ROL DE LA ENTIDAD,4500.0,Compromiso
2026,1028,3,S,961,2026-03-09,10438411050,JULIO CESAR PIZARRO LINO,106,CONTRATO MENOR,CM,,SERVICIO DE PROMOTOR JUVENIL 8,1160,18,2.3. 2  9. 1  1,LOCACION DE SERVICIOS REALIZADOS POR PERSONAS NATURALES RELACIONADAS AL ROL DE LA ENTIDAD,-3000.0,Rebaja
2026,1028,3,S,961,2026-03-09,10438411050,JULIO CESAR PIZARRO LINO,106,CONTRATO MENOR,CM,,SERVICIO DE PROMOTOR JUVENIL 8,1160,18,2.3. 2  9. 1  1,LOCACION DE SERVICIOS REALIZADOS POR PERSONAS NATURALES RELACIONADAS AL ROL DE LA ENTIDAD,4500.0,Compromiso
2026,1028,3,S,962,2026-03-09,10400624572,VEGA SOTELO CARLOS ISMAEL,106,CONTRATO MENOR,CM,,"SERVICIO DE ORGANIZACIÓN DE ARCHIVO FISICO Y VIRTUAL, DIRECCION REGIONAL DEL TRABAJO Y PROMOCION DEL",1395,18,2.3. 2  9. 1  1,LOCACION DE SERVICIOS REALIZADOS POR PERSONAS NATURALES RELACIONADAS AL ROL DE LA ENTIDAD,4000.0,Compromiso
2026,1028,3,S,963,2026-03-09,10410779841,PRADO NOMBERTO DANIEL HUMBERTO,106,CONTRATO MENOR,CM,,"SERVICIO DE COORDINACION LOGISTICA, DIRECCION REGIONAL DEL TRABAJO Y PROMOCION DEL EMPLEO",1396,18,2.3. 2  9. 1  1,LOCACION DE SERVICIOS REALIZADOS POR PERSONAS NATURALES RELACIONADAS AL ROL DE LA ENTIDAD,6000.0,Compromiso
2026,1028,3,S,964,2026-03-09,10445415214,TICONA VILCA EDSON JOSE,106,CONTRATO MENOR,CM,,"SERVICIO ESPECIALIZADO EN TEMAS DE PRESUPUESTO, DIRECCION REGIONAL DEL TRABAJO Y PROMOCION DEL EMPLE",1397,18,2.3. 2  9. 1  1,LOCACION DE SERVICIOS REALIZADOS POR PERSONAS NATURALES RELACIONADAS AL ROL DE LA ENTIDAD,6000.0,Compromiso
2026,1028,3,S,965,2026-03-09,10761687803,MARTINEZ GAMBOA CELENE VALERY,106,CONTRATO MENOR,CM,,"SERVICIO DE GESTION Y SEGUIMIENTO DE ACTIVIDADES ADMINISTRATIVAS, DIRECCION REGIONAL DEL TRABAJO Y P",1398,18,2.3. 2  9. 1  1,LOCACION DE SERVICIOS REALIZADOS POR PERSONAS NATURALES RELACIONADAS AL ROL DE LA ENTIDAD,5000.0,Compromiso
2026,1028,3,S,966,2026-03-09,10152896391,DIAZ ASTOCONDOR GUSTAVO GILBERTO,106,CONTRATO MENOR,CM,,SERVICIO DE ASISTENCIA TECNICA ADMINISTRATIVA,1265,18,2.3. 2  7.14 98,OTROS SERVICIOS TECNICOS Y PROFESIONALES DESARROLLADOS POR PERSONAS NATURALES,-10000.0,Rebaja
2026,1028,3,S,966,2026-03-09,10152896391,DIAZ ASTOCONDOR GUSTAVO GILBERTO,106,CONTRATO MENOR,CM,,SERVICIO DE ASISTENCIA TECNICA ADMINISTRATIVA,1265,18,2.3. 2  7.14 98,OTROS SERVICIOS TECNICOS Y PROFESIONALES DESARROLLADOS POR PERSONAS NATURALES,15000.0,Compromiso
2026,1028,3,S,967,2026-03-09,10728699928,PLACIDO DAMIAN PEDRO MAX DIEGO,106,CONTRATO MENOR,CM,,SERVICIO DE GESTIÓN ADMINISTRATIVA,1266,18,2.3. 2  7.14 98,OTROS SERVICIOS TECNICOS Y PROFESIONALES DESARROLLADOS POR PERSONAS NATURALES,19500.0,Compromiso
2026,1028,3,S,968,2026-03-09,10028445798,LORENZO YENQUE MARTINEZ,106,CONTRATO MENOR,CM,,SERVICIO DE SEGUIMIENTO Y ASISTENCIA EN LA GESTIÓN DE ACTIVIDADES OPERATIVAS,1267,18,2.3. 2  7.14 98,OTROS SERVICIOS TECNICOS Y PROFESIONALES DESARROLLADOS POR PERSONAS NATURALES,15000.0,Compromiso
2026,1028,3,S,969,2026-03-09,10257991020,REYES MORANTE DEMETRIA MARIA,106,CONTRATO MENOR,CM,,SERVICIO DE PROMOTOR JUVENIL 1,1268,18,2.3. 2  9. 1  1,LOCACION DE SERVICIOS REALIZADOS POR PERSONAS NATURALES RELACIONADAS AL ROL DE LA ENTIDAD,4500.0,Compromiso
2026,1028,3,S,970,2026-03-09,10064957517,GARCIA MARILUZ CARLOS ERNESTO,106,CONTRATO MENOR,CM,,SERVICIO DE PROMOTOR JUVENIL 2,1269,18,2.3. 2  9. 1  1,LOCACION DE SERVICIOS REALIZADOS POR PERSONAS NATURALES RELACIONADAS AL ROL DE LA ENTIDAD,4500.0,Compromiso
2026,1028,3,S,971,2026-03-09,10255702331,DENNY LEONARDO ESPINOZA GARCIA,106,CONTRATO MENOR,CM,,SERVICIO DE PROMOTOR JUVENIL 3,1270,18,2.3. 2  9. 1  1,LOCACION DE SERVICIOS REALIZADOS POR PERSONAS NATURALES RELACIONADAS AL ROL DE LA ENTIDAD,4500.0,Compromiso
2026,1028,3,S,972,2026-03-09,10440785072,GERALDYNE CELESTE FERNANDEZ RAMIREZ,106,CONTRATO MENOR,CM,,SERVICIO DE PROMOTOR JUVENIL 4,1271,18,2.3. 2  9. 1  1,LOCACION DE SERVICIOS REALIZADOS POR PERSONAS NATURALES RELACIONADAS AL ROL DE LA ENTIDAD,4500.0,Compromiso
2026,1028,3,S,973,2026-03-09,10254350554,CARLOS MANUEL JARAMILLO MORALES,106,CONTRATO MENOR,CM,,SERVICIO DE PROMOTOR JUVENIL 5,1272,18,2.3. 2  9. 1  1,LOCACION DE SERVICIOS REALIZADOS POR PERSONAS NATURALES RELACIONADAS AL ROL DE LA ENTIDAD,4500.0,Compromiso
2026,1028,3,S,974,2026-03-09,10257162589,ANGEL ABEL FRANCIA COLLANTES,106,CONTRATO MENOR,CM,,SERVICIO DE PROMOTOR JUVENIL 7,1273,18,2.3. 2  9. 1  1,LOCACION DE SERVICIOS REALIZADOS POR PERSONAS NATURALES RELACIONADAS AL ROL DE LA ENTIDAD,4500.0,Compromiso
2026,1028,3,S,975,2026-03-10,10717017183,CACERES NEGRETE XIOMARA ANTUANET,106,CONTRATO MENOR,CM,,SERVICIO DE GESTION Y SEGUIMIENTO DE ACTIVIDADES ADMINISTRATIVAS PARA LA OFICINA DE IMAGEN INSTITUCIONAL Y PROTOCOLO DE LA GERENCIA GENERAL REGIONAL DEL GOBIERNO REGIONAL DEL CALLAO,1162,18,2.3. 2  9. 1  1,LOCACION DE SERVICIOS REALIZADOS POR PERSONAS NATURALES RELACIONADAS AL ROL DE LA ENTIDAD,18000.0,Compromiso
2026,1028,3,S,976,2026-03-10,10746498972,SARAVIA ROMERO PIERO ANGEL,106,CONTRATO MENOR,CM,,SERVICIO DE DISEÑO Y ELABORACION DE MATERIAL IMPRESO PARA LA OFICINA DE IMAGEN INSTITUCIONAL Y PROTOCOLO DE LA GERENCIA GENERAL REGIONAL DEL GOBIERNO REGIONAL DEL CALLAO,1163,18,2.3. 2  9. 1  1,LOCACION DE SERVICIOS REALIZADOS POR PERSONAS NATURALES RELACIONADAS AL ROL DE LA ENTIDAD,12000.0,Compromiso
2026,1028,3,S,977,2026-03-10,10400130090,RENGIFO SANCHEZ PAOLA MERCEDES,106,CONTRATO MENOR,CM,,SERVICIO ESPECIALIZADO DE IMAGEN Y PROTOCOLO INSTITUCIONAL PARA LA OFICINA DE IMAGEN INSTITUCIONAL Y PROTOCOLO DE LA GERENCIA GENERAL REGIONAL DEL GOBIERNO REGIONAL DEL CALLAO,1164,18,2.3. 2  9. 1  1,LOCACION DE SERVICIOS REALIZADOS POR PERSONAS NATURALES RELACIONADAS AL ROL DE LA ENTIDAD,18000.0,Compromiso
2026,1028,3,S,978,2026-03-10,10770429418,VASQUEZ GARCIA MIGUEL ANGEL,106,CONTRATO MENOR,CM,,SERVICIO DE EDICION DE VIDEOS Y SIMIL PARA LA OFICINA DE IMAGEN INSTITUCIONAL Y PROTOCOLO DE LA GERENCIA GENERAL REGIONAL DEL GOBIERNO REGIONAL DEL CALLAO,1165,18,2.3. 2  9. 1  1,LOCACION DE SERVICIOS REALIZADOS POR PERSONAS NATURALES RELACIONADAS AL ROL DE LA ENTIDAD,12000.0,Compromiso
2026,1028,3,S,979,2026-03-10,10099612067,TELLO ISUIZA ROSMERY,106,CONTRATO MENOR,CM,,SERVICIO DE PROTOCOLO I PARA LA OFICINA DE IMAGEN INSTITUCIONAL Y PROTOCOLO DE LA GERENCIA GENERAL REGIONAL DEL GOBIERNO REGIONAL DEL CALLAO,1166,18,2.3. 2  9. 1  1,LOCACION DE SERVICIOS REALIZADOS POR PERSONAS NATURALES RELACIONADAS AL ROL DE LA ENTIDAD,13500.0,Compromiso
2026,1028,3,S,980,2026-03-10,10777076031,ARAOZ COLONIA CESAR FERNANDO,106,CONTRATO MENOR,CM,,SERVICIO DE PRODUCCION DE AUDIO Y VIDEO,1167,18,2.3. 2  9. 1  1,LOCACION DE SERVICIOS REALIZADOS POR PERSONAS NATURALES RELACIONADAS AL ROL DE LA ENTIDAD,12000.0,Compromiso
2026,1028,3,S,981,2026-03-10,10801163322,LLANOS GOMEZ SADITH RUBI,106,CONTRATO MENOR,CM,,SERVICIO DE ASISTENCIA TECNICA ADMINISTRATIVA PARA OFICINA DE ADMINISTRACIÓN DE VILLAS REGIONALES DE LA GERENCIA REGIONAL DE EDUCACION CULTURA Y DEPORTE,1168,18,2.3. 2  9. 1  1,LOCACION DE SERVICIOS REALIZADOS POR PERSONAS NATURALES RELACIONADAS AL ROL DE LA ENTIDAD,9000.0,Compromiso
2026,1028,3,S,982,2026-03-10,10254332009,REQUENA BRAVO FELIX RICARDO,106,CONTRATO MENOR,CM,,SERVICIO DE ASISTENCIA TECNICA EN MANTENIMIENTO DE INFRAESTRUCTURA PARA OFICINA DE ADMINISTRACIÓN DE VILLAS REGIONALES DE LA GERENCIA REGIONAL DE EDUCACION CULTURA Y DEPORTE,1169,18,2.3. 2  9. 1  1,LOCACION DE SERVICIOS REALIZADOS POR PERSONAS NATURALES RELACIONADAS AL ROL DE LA ENTIDAD,10000.0,Compromiso
2026,1028,3,S,983,2026-03-10,10411808781,RAMOS ROSSI SUSANA ALICIA,106,CONTRATO MENOR,CM,,SERVICIO DE REFORZAMIENTO EN MANTENIMIENTO DE AREAS VERDES PARA OFICINA DE ADMINISTRACIÓN DE VILLAS REGIONALES DE LA GERENCIA REGIONAL DE EDUCACION CULTURA Y DEPORTE,1170,18,2.3. 2  9. 1  1,LOCACION DE SERVICIOS REALIZADOS POR PERSONAS NATURALES RELACIONADAS AL ROL DE LA ENTIDAD,9000.0,Compromiso
2026,1028,3,S,984,2026-03-10,10403861842,BAZALAR VELASQUEZ DE ROJAS ZORAIDA,106,CONTRATO MENOR,CM,,SERVICIO DE ASISTENCIA TECNICA EN MANTENIMIENTO DE INFRAESTRUCTURA PARA OFICINA DE ADMINISTRACIÓN DE VILLAS REGIONALES DE LA GERENCIA REGIONAL DE EDUCACION CULTURA Y DEPORTE,1171,18,2.3. 2  9. 1  1,LOCACION DE SERVICIOS REALIZADOS POR PERSONAS NATURALES RELACIONADAS AL ROL DE LA ENTIDAD,7430.0,Compromiso
2026,1028,3,S,985,2026-03-10,10256346821,BAZAN BAZAN ELIZABETH NATIVIDAD,106,CONTRATO MENOR,CM,,SERVICIO DE SUPERVISION Y MONITOREO DE ACTIVIDADES TECNICO ADMINISTRATIVO PARA OFICINA DE ADMINISTRACIÓN DE VILLAS REGIONALES DE LA GERENCIA REGIONAL DE EDUCACION CULTURA Y DEPORTE,1172,18,2.3. 2  9. 1  1,LOCACION DE SERVICIOS REALIZADOS POR PERSONAS NATURALES RELACIONADAS AL ROL DE LA ENTIDAD,10000.0,Compromiso
2026,1028,3,S,986,2026-03-10,10257373164,FLORES PERICHE MARIA EDITHA,106,CONTRATO MENOR,CM,,SERVICIO DE ASISTENCIA TECNICA EN MANTENIMIENTO DE INFRAESTRUCTURA PARA OFICINA DE ADMINISTRACIÓN DE VILLAS REGIONALES DE LA GERENCIA REGIONAL DE EDUCACION CULTURA Y DEPORTE,1173,18,2.3. 2  9. 1  1,LOCACION DE SERVICIOS REALIZADOS POR PERSONAS NATURALES RELACIONADAS AL ROL DE LA ENTIDAD,6000.0,Compromiso
2026,1028,3,S,987,2026-03-10,10060989805,CERVERA LENGUA CARLOS ALBERTO,106,CONTRATO MENOR,CM,,SERVICIO DE ASISTENCIA TECNICA ADMINISTRATIVA PARA LA OFICINA DE ADMINISTRACIÓNDE VILLAS REGIONALES DE LA GERENCIA REGIONAL DE EDUCACION CULTURA Y DEPORTE,1174,18,2.3. 2  9. 1  1,LOCACION DE SERVICIOS REALIZADOS POR PERSONAS NATURALES RELACIONADAS AL ROL DE LA ENTIDAD,12500.0,Compromiso
2026,1028,3,S,988,2026-03-10,10084414811,TREJO RAMIREZ MARTIN CEVERO,106,CONTRATO MENOR,CM,,SERVICIO DE REFORZAMIENTO EN MANTENIMIENTO DE AREAS VERDES PARA OFICINA DE ADMINISTRACIÓN DE VILLAS REGIONALES DE LA GERENCIA REGIONAL DE EDUCACION CULTURA Y DEPORTE.,1175,18,2.3. 2  9. 1  1,LOCACION DE SERVICIOS REALIZADOS POR PERSONAS NATURALES RELACIONADAS AL ROL DE LA ENTIDAD,9000.0,Compromiso
2026,1028,3,S,989,2026-03-10,10426007776,OLIVA CAMPOS VICTOR JESUS,106,CONTRATO MENOR,CM,,SERVICIO DE ASISTENCIA TECNICA EN MANTENIMIENTO DE INFRAESTRUCTURA PARA OFICINA DE ADMINISTRACIÓN DE VILLAS REGIONALES DE LA GERENCIA REGIONAL DE EDUCACION CULTURA Y DEPORTE,1176,18,2.3. 2  9. 1  1,LOCACION DE SERVICIOS REALIZADOS POR PERSONAS NATURALES RELACIONADAS AL ROL DE LA ENTIDAD,9000.0,Compromiso
2026,1028,3,S,990,2026-03-10,10428812340,ORTIZ MONTENEGRO JANETH PILAR,106,CONTRATO MENOR,CM,,SERVICIO ESPECIALIZADO EN GESTIÓN PÚBLICA PARA OREDIS - DOS ENTREGABLES 2026..,1197,18,2.3. 2  9. 1  1,LOCACION DE SERVICIOS REALIZADOS POR PERSONAS NATURALES RELACIONADAS AL ROL DE LA ENTIDAD,11000.0,Compromiso
2026,1028,3,S,991,2026-03-10,10456867826,LEON CALDERON BARBARA MUJER,106,CONTRATO MENOR,CM,,SERVICIO ESPECIALIZADO EN PLANEAMIENTO Y PRESUPUESTO  PARA OREDIS - DOS ENTREGABLES 2026..,1198,18,2.3. 2  9. 1  1,LOCACION DE SERVICIOS REALIZADOS POR PERSONAS NATURALES RELACIONADAS AL ROL DE LA ENTIDAD,12000.0,Compromiso
2026,1028,3,S,992,2026-03-10,10466670842,"PALOMINO ESPINOZA, KATIA RAQUEL",106,CONTRATO MENOR,CM,,SERVICIO ESPECIALIZADO DE CONTROL INTERNO - PARA OREDIS DOS ENTREGABLES 2026,1199,18,2.3. 2  9. 1  1,LOCACION DE SERVICIOS REALIZADOS POR PERSONAS NATURALES RELACIONADAS AL ROL DE LA ENTIDAD,11000.0,Compromiso
2026,1028,3,S,993,2026-03-10,10738045641,LAURENTE REATEGUI XIMENA DE FÁTIMA,106,CONTRATO MENOR,CM,,SERVICIO ESPECIALIZADO EN COMUNICACIÓN Y PROTOCOLO PARA OREDIS - DOS ENTREGABLES 2026.,1200,18,2.3. 2  9. 1  1,LOCACION DE SERVICIOS REALIZADOS POR PERSONAS NATURALES RELACIONADAS AL ROL DE LA ENTIDAD,7000.0,Compromiso
2026,1028,3,S,994,2026-03-10,10724634864,TELLO ROCA GIANELLA MILAGROS,106,CONTRATO MENOR,CM,,SERVICIO ESPECIALIZADO EN PROCESOS LOGISTICOS PARA OREDIS -  DOS ENTREGBLES,1201,18,2.3. 2  9. 1  1,LOCACION DE SERVICIOS REALIZADOS POR PERSONAS NATURALES RELACIONADAS AL ROL DE LA ENTIDAD,7000.0,Compromiso
2026,1028,3,S,995,2026-03-10,10702474375,AMAPANQUI DOMINGUEZ DIANA CAROLINA,106,CONTRATO MENOR,CM,,SERVICIO DE ASISTENCIA TECNICA ADMINISTRATIVA PARA OREDIS - DOS ENTREGABLES 2026,1202,18,2.3. 2  9. 1  1,LOCACION DE SERVICIOS REALIZADOS POR PERSONAS NATURALES RELACIONADAS AL ROL DE LA ENTIDAD,7000.0,Compromiso
2026,1028,3,S,996,2026-03-10,10728788556,YATACO CHANG MAYRA IRENE,106,CONTRATO MENOR,CM,,SERVICIO DE EJECUCIÓN Y COORDINACIÓN DE ACTIVIDADES DE CAMPO - PARA OREDIS - DOS ENTREGABLES 2026,1203,18,2.3. 2  9. 1  1,LOCACION DE SERVICIOS REALIZADOS POR PERSONAS NATURALES RELACIONADAS AL ROL DE LA ENTIDAD,7000.0,Compromiso
2026,1028,3,S,997,2026-03-10,10419851201,URBANO ROMERO JUNIOR ALBERTO,106,CONTRATO MENOR,CM,,"SERVICIO DE GESTIÓN LEGAL, ADMINISTRATIVA Y GESTIÓN PÚBLICA PARA OREDIS - UNICO ENTREGABLES 2026",1204,18,2.3. 2  9. 1  1,LOCACION DE SERVICIOS REALIZADOS POR PERSONAS NATURALES RELACIONADAS AL ROL DE LA ENTIDAD,5000.0,Compromiso
2026,1028,3,S,998,2026-03-10,10739308319,RETAMOZO PASICHE ANTUANET KATHERIN,106,CONTRATO MENOR,CM,,SERVICIO ESPECIALIZADO EN DISEÑO GRAFICO PARA OREDIS - UNICO ENTREGABLES 2026,1205,18,2.3. 2  9. 1  1,LOCACION DE SERVICIOS REALIZADOS POR PERSONAS NATURALES RELACIONADAS AL ROL DE LA ENTIDAD,5000.0,Compromiso
2026,1028,3,S,999,2026-03-10,10084363125,GUERRERO VALVERDE BERTHA CARLA,106,CONTRATO MENOR,CM,,SERVICIO DE SUPERVISIÓN Y MONITOREO ACTIVIDADES DE CAMPO PARA OREDIS - DOS ENTREGABLES 2026,1206,18,2.3. 2  9. 1  1,LOCACION DE SERVICIOS REALIZADOS POR PERSONAS NATURALES RELACIONADAS AL ROL DE LA ENTIDAD,6000.0,Compromiso
2026,1028,3,S,1000,2026-03-10,10804153964,BERROCAL ROGER ANDERSON,106,CONTRATO MENOR,CM,,SERVICIO DE PROMOCIÓN Y DESARROLLO SOCIAL 1 PARA OREDIS - UNICO ENTREGABLE,1207,18,2.3. 2  9. 1  1,LOCACION DE SERVICIOS REALIZADOS POR PERSONAS NATURALES RELACIONADAS AL ROL DE LA ENTIDAD,2500.0,Compromiso
2026,1028,3,S,1001,2026-03-10,10431219625,SALDAÑA LEYVA AUGUSTO ALEXANDER,106,CONTRATO MENOR,CM,,SERVICIO DE PROMOCIÓN Y DESARROLLO SOCIAL .2 PARA OREDIS - UNICO ENTREGABLE,1208,18,2.3. 2  9. 1  1,LOCACION DE SERVICIOS REALIZADOS POR PERSONAS NATURALES RELACIONADAS AL ROL DE LA ENTIDAD,2500.0,Compromiso
2026,1028,3,S,1002,2026-03-10,10430104301,ROJAS PAZ JULIA NORA,106,CONTRATO MENOR,CM,,SERVICIO DE PROMOCIÓN Y DESARROLLO SOCIAL 3 PARA OREDIS - UNICO ENTREGABLE,1209,18,2.3. 2  9. 1  1,LOCACION DE SERVICIOS REALIZADOS POR PERSONAS NATURALES RELACIONADAS AL ROL DE LA ENTIDAD,2500.0,Compromiso
2026,1028,3,S,1003,2026-03-10,10407991422,PUICAN LLAGAS WILMER NICOLAS,106,CONTRATO MENOR,CM,,SERVICIO DE PROMOCIÓN Y DESARROLLO SOCIAL 4 PARA OREDIS - UNICO ENTREGABLE,1210,18,2.3. 2  9. 1  1,LOCACION DE SERVICIOS REALIZADOS POR PERSONAS NATURALES RELACIONADAS AL ROL DE LA ENTIDAD,2500.0,Compromiso
2026,1028,3,S,1004,2026-03-10,10771524147,VEGA GOMEZ CIELO CRISTELL,106,CONTRATO MENOR,CM,,SERVICIO DE ASISTENCIA TECNICA EN COMUNICACIONES PARA OREDIS - UNICO ENTREGABLES 2026,1211,18,2.3. 2  9. 1  1,LOCACION DE SERVICIOS REALIZADOS POR PERSONAS NATURALES RELACIONADAS AL ROL DE LA ENTIDAD,3500.0,Compromiso
2026,1028,3,S,1005,2026-03-10,10107399459,LEON VELASQUEZ LYS MONICA,106,CONTRATO MENOR,CM,,SERVICIO ESPECIALIZADO EN ASUNTOS LEGALES ADMINISTRATIVOS PARA OREDIS - DOS ENTREGABLES 2026,1212,18,2.3. 2  9. 1  1,LOCACION DE SERVICIOS REALIZADOS POR PERSONAS NATURALES RELACIONADAS AL ROL DE LA ENTIDAD,10000.0,Compromiso
2026,1028,3,S,1006,2026-03-10,10469268778,ROMERO CASTRO JONATHAN,106,CONTRATO MENOR,CM,,SERVICIO DE ASISTENCIA TECNICA EN MANTENIMIENTO DE INFRAESTRUCTURA PARA OFICINA DE ADMINISTRACIÓN DE VILLAS REGIONALES DE LA GERENCIA REGIONAL DE EDUCACION CULTURA Y DEPORTE,1177,18,2.3. 2  9. 1  1,LOCACION DE SERVICIOS REALIZADOS POR PERSONAS NATURALES RELACIONADAS AL ROL DE LA ENTIDAD,7500.0,Compromiso
2026,1028,3,S,1007,2026-03-10,10255660310,YANQUI TICONA MARIO ANTONIO,106,CONTRATO MENOR,CM,,SERVICIO DE ASISTENCIA TECNICA EN MANTENIMIENTO DE INFRAESTRUCTURA PARA OFICINA DE ADMINISTRACIÓN DE VILLAS REGIONALES DE LA GERENCIA REGIONAL DE EDUCACION CULTURA Y DEPORTE,1178,18,2.3. 2  9. 1  1,LOCACION DE SERVICIOS REALIZADOS POR PERSONAS NATURALES RELACIONADAS AL ROL DE LA ENTIDAD,9500.0,Compromiso
2026,1028,3,S,1008,2026-03-10,10255636907,AGUILAR GARCIA ANDRES GELACIO,106,CONTRATO MENOR,CM,,SERVICIO DE ASISTENCIA TECNICA EN MANTENIMIENTO DE INFRAESTRUCTURA PARA OFICINA DE ADMINISTRACIÓN DE VILLAS REGIONALES DE LA GERENCIA REGIONAL DE EDUCACION CULTURA Y DEPORTE,1179,18,2.3. 2  9. 1  1,LOCACION DE SERVICIOS REALIZADOS POR PERSONAS NATURALES RELACIONADAS AL ROL DE LA ENTIDAD,11500.0,Compromiso
2026,1028,3,S,1009,2026-03-10,10743833860,NEYRA GUTIERREZ JEAN FRANCO,106,CONTRATO MENOR,CM,,SERVICIO DE ASISTENCIA TECNICA EN MANTENIMIENTO DE INFRAESTRUCTURA PARA INTERVENCIONES EN CAMPO PARA OFICINA DE ADMINISTRACIÓN DE VILLAS REGIONALES DE LA GERENCIA REGIONAL DE EDUCACION CULTURA Y DEPORTE,1180,18,2.3. 2  9. 1  1,LOCACION DE SERVICIOS REALIZADOS POR PERSONAS NATURALES RELACIONADAS AL ROL DE LA ENTIDAD,12500.0,Compromiso
2026,1028,3,S,1010,2026-03-10,10742136472,PALACIOS TELLO JHOSEPT JANS,106,CONTRATO MENOR,CM,,SERVICIO DE ASISTENCIA TÉCNICA EN MANTENIMIENTO DE INFRAESTRUCTURA PARA OFICINA DE ADMINISTRACIÓN DE VILLAS REGIONALES DE LA GERENCIA REGIONAL DE EDUCACION CULTURA Y DEPORTE.,1181,18,2.3. 2  9. 1  1,LOCACION DE SERVICIOS REALIZADOS POR PERSONAS NATURALES RELACIONADAS AL ROL DE LA ENTIDAD,11500.0,Compromiso
2026,1028,3,S,1011,2026-03-10,10258457485,PARDO NAVEDA CARLOS ALBERTO,106,CONTRATO MENOR,CM,,SERVICIO DE ASISTENCIA TECNICA EN MANTENIMIENTO DE INFRAESTRUCTURA PARA EL ORDENAMIENTO DE ALMACÉN PARA OFICINA DE ADMINISTRACIÓN DE VILLAS REGIONALES DE LA GERENCIA REGIONAL DE EDUCACION CULTURA Y DEPORTE,1182,18,2.3. 2  9. 1  1,LOCACION DE SERVICIOS REALIZADOS POR PERSONAS NATURALES RELACIONADAS AL ROL DE LA ENTIDAD,14000.0,Compromiso
2026,1028,3,S,1012,2026-03-10,10257947209,RUEDA LETURIA JOE ALEXANDER,106,CONTRATO MENOR,CM,,SERVICIO DE ASISTENCIA TECNICA EN MANTENIMIENTO DE INFRAESTRUCTURA PARA EL ORDENAMIENTO DE ALMACÉN PARA OFICINA DE ADMINISTRACIÓN DE VILLAS REGIONALES DE LA GERENCIA REGIONAL DE EDUCACION CULTURA Y DEPORTE,1183,18,2.3. 2  9. 1  1,LOCACION DE SERVICIOS REALIZADOS POR PERSONAS NATURALES RELACIONADAS AL ROL DE LA ENTIDAD,9500.0,Compromiso
2026,1028,3,S,1013,2026-03-10,10255688672,TEJEDA LAGUNA PRIMITIVO PERCY,106,CONTRATO MENOR,CM,,SERVICIO DE ASISTENCIA TECNICA EN MANTENIMIENTO DE INFRAESTRUCTURA Y ENCARGADO DE MANTENIMIENTO PARA EL COMPLEJO DEPORTIVO TELMO CARBAJO PARA OFICINA DE ADMINISTRACIÓN DE VILLAS REGIONALES DE LA GERENCIA REGIONAL DE EDUCACION CULTURA Y DEPO,1184,18,2.3. 2  9. 1  1,LOCACION DE SERVICIOS REALIZADOS POR PERSONAS NATURALES RELACIONADAS AL ROL DE LA ENTIDAD,14000.0,Compromiso
2026,1028,3,S,1014,2026-03-10,10416801270,MIÑAN LOPEZ CLAUDIO GIOVANNY,106,CONTRATO MENOR,CM,,SERVICIO DE ASISTENCIA TÉCNICA ADMINISTRATIVA PARA EL DESARROLLO DE DISCIPLINAS DEPORTIVAS III PARA LA ACTIVIDAD: ?INCREMENTO DE ACTIVIDADES DEPORTIVAS Y RECREATIVAS EN LA POBLACIÓN CHALACA?,1213,18,2.3. 2  9. 1  1,LOCACION DE SERVICIOS REALIZADOS POR PERSONAS NATURALES RELACIONADAS AL ROL DE LA ENTIDAD,3000.0,Compromiso
2026,1028,3,S,1015,2026-03-10,10440738309,NEYRA CISNEROS JOSE GUILLERMO,106,CONTRATO MENOR,CM,,SERVICIO DE AUXILIAR DE SEGURIDAD VIII - SEDE JUAN PABLO II DEL GOBIERNO REGIONAL DEL CALLAO,1253,18,2.3. 2  9. 1  1,LOCACION DE SERVICIOS REALIZADOS POR PERSONAS NATURALES RELACIONADAS AL ROL DE LA ENTIDAD,7500.0,Compromiso
2026,1028,3,S,1016,2026-03-10,10440418461,GUERRERO BENITES ESTELA,106,CONTRATO MENOR,CM,,SERVICIO DE AUXILIAR DE SEGURIDAD VII - SEDE JUAN PABLO II DEL GOBIERNO REGIONAL DEL CALLAO,1254,18,2.3. 2  9. 1  1,LOCACION DE SERVICIOS REALIZADOS POR PERSONAS NATURALES RELACIONADAS AL ROL DE LA ENTIDAD,7500.0,Compromiso
2026,1028,3,S,1017,2026-03-10,10723433407,JIMENEZ LOPEZ ANDERSSON ISAIS,106,CONTRATO MENOR,CM,,SERVICIO DE AUXILIAR DE SEGURIDAD VI - SEDE JUAN PABLO II DEL GOBIERNO REGIONAL DEL CALLAO,1255,18,2.3. 2  9. 1  1,LOCACION DE SERVICIOS REALIZADOS POR PERSONAS NATURALES RELACIONADAS AL ROL DE LA ENTIDAD,7500.0,Compromiso
2026,1028,3,S,1018,2026-03-10,10257590360,SMITH MAURTUA JAVIER ANTONIO,106,CONTRATO MENOR,CM,,SERVICIO DE AUXILIAR DE SEGURIDAD V - SEDE JUAN PABLO II DEL GOBIERNO REGIONAL DEL CALLAO,1256,18,2.3. 2  9. 1  1,LOCACION DE SERVICIOS REALIZADOS POR PERSONAS NATURALES RELACIONADAS AL ROL DE LA ENTIDAD,7500.0,Compromiso
2026,1028,3,S,1019,2026-03-10,10730292584,MARCELO CHOQUE ANGEL JESUS,106,CONTRATO MENOR,CM,,SERVICIO DE AUXILIAR DE SEGURIDAD IV - SEDE JUAN PABLO II DEL GOBIERNO REGIONAL DEL CALLAO,1257,18,2.3. 2  9. 1  1,LOCACION DE SERVICIOS REALIZADOS POR PERSONAS NATURALES RELACIONADAS AL ROL DE LA ENTIDAD,7500.0,Compromiso
2026,1028,3,S,1020,2026-03-10,10478418316,FERNANDEZ DE LA CRUZ LUIS DAVID,106,CONTRATO MENOR,CM,,SERVICIO DE AUXILIAR DE SEGURIDAD III - SEDE JUAN PABLO II DEL GOBIERNO REGIONAL DEL CALLAO,1258,18,2.3. 2  9. 1  1,LOCACION DE SERVICIOS REALIZADOS POR PERSONAS NATURALES RELACIONADAS AL ROL DE LA ENTIDAD,7500.0,Compromiso
2026,1028,3,S,1021,2026-03-10,10232569480,JURADO ESPINOZA ALICIA,106,CONTRATO MENOR,CM,,SERVICIO DE AUXILIAR DE SEGURIDAD II - SEDE JUAN PABLO II DEL GOBIERNO REGIONAL DEL CALLAO,1259,18,2.3. 2  9. 1  1,LOCACION DE SERVICIOS REALIZADOS POR PERSONAS NATURALES RELACIONADAS AL ROL DE LA ENTIDAD,7500.0,Compromiso
2026,1028,3,S,1022,2026-03-10,10405597026,VASQUEZ RAMIREZ DIANA KARIN,106,CONTRATO MENOR,CM,,SERVICIO DE SUPERVISOR DE SEGURIDAD IV - SEDE JUAN PABLO II DEL GOBIERNO REGIONAL DEL CALLAO,1260,18,2.3. 2  9. 1  1,LOCACION DE SERVICIOS REALIZADOS POR PERSONAS NATURALES RELACIONADAS AL ROL DE LA ENTIDAD,10000.0,Compromiso
2026,1028,3,S,1023,2026-03-10,10417015529,FLORES VALLADARES PEDRO ALBERTO,106,CONTRATO MENOR,CM,,SERVICIO DE SUPERVISOR DE SEGURIDAD III - SEDE JUAN PABLO II DEL GOBIERNO REGIONAL DEL CALLAO,1261,18,2.3. 2  9. 1  1,LOCACION DE SERVICIOS REALIZADOS POR PERSONAS NATURALES RELACIONADAS AL ROL DE LA ENTIDAD,10000.0,Compromiso
2026,1028,3,S,1024,2026-03-10,10448917857,AGUIRRE ANDRADE ANGIE ALLISON,106,CONTRATO MENOR,CM,,SERVICIO DE SUPERVISOR DE SEGURIDAD II - SEDE JUAN PABLO II DEL GOBIERNO REGIONAL DEL CALLAO,1262,18,2.3. 2  9. 1  1,LOCACION DE SERVICIOS REALIZADOS POR PERSONAS NATURALES RELACIONADAS AL ROL DE LA ENTIDAD,10000.0,Compromiso
2026,1028,3,S,1025,2026-03-10,10258599824,CORREA PAZ MARGARITA DEL ROSARIO,106,CONTRATO MENOR,CM,,SERVICIO DE SUPERVISOR GENERAL DE SEGURIDAD VI - SEDE JUAN PABLO II DEL GOBIERNO REGIONAL DEL CALLAO,1263,18,2.3. 2  9. 1  1,LOCACION DE SERVICIOS REALIZADOS POR PERSONAS NATURALES RELACIONADAS AL ROL DE LA ENTIDAD,14000.0,Compromiso
2026,1028,3,S,1026,2026-03-10,10411815841,SALAZAR JERI OMAR,106,CONTRATO MENOR,CM,,SERVICIO DE SUPERVISOR GENERAL DE SEGURIDAD V - SEDE JUAN PABLO II DEL GOBIERNO REGIONAL DEL CALLAO,1264,18,2.3. 2  9. 1  1,LOCACION DE SERVICIOS REALIZADOS POR PERSONAS NATURALES RELACIONADAS AL ROL DE LA ENTIDAD,14000.0,Compromiso
2026,1028,3,S,1027,2026-03-10,10258608769,ASIN SALDARRIAGA DIANA VANESSA,106,CONTRATO MENOR,CM,,SERVICIO DE SUPERVISOR GENERAL DE SEGURIDAD IV - SEDE JUAN PABLO II DEL GOBIERNO REGIONAL DEL CALLAO,1290,18,2.3. 2  9. 1  1,LOCACION DE SERVICIOS REALIZADOS POR PERSONAS NATURALES RELACIONADAS AL ROL DE LA ENTIDAD,14000.0,Compromiso
2026,1028,3,S,1028,2026-03-10,10758979542,POZO ANTON JUAN JOSE,106,CONTRATO MENOR,CM,,SERVICIO DE SUPERVISOR GENERAL DE SEGURIDAD III - SEDE JUAN PABLO II,1288,18,2.3. 2  9. 1  1,LOCACION DE SERVICIOS REALIZADOS POR PERSONAS NATURALES RELACIONADAS AL ROL DE LA ENTIDAD,14000.0,Compromiso
2026,1028,3,S,1029,2026-03-10,10254576889,SANCHEZ LOPEZ LUIS ARTURO,106,CONTRATO MENOR,CM,,SERVICIO DE SUPERVISOR GENERAL DE SEGURIDAD II - SEDE JUAN PABLO II DEL GOBIERNO REGIONAL DEL CALLAO,1252,18,2.3. 2  9. 1  1,LOCACION DE SERVICIOS REALIZADOS POR PERSONAS NATURALES RELACIONADAS AL ROL DE LA ENTIDAD,14000.0,Compromiso
2026,1028,3,S,1030,2026-03-10,10409846616,PATIÑO MALLMA DAYSI,106,CONTRATO MENOR,CM,,SERVICIO DE APOYO ADMINISTRATIVO - SEDE JUAN PABLO II DEL GOBIERNO REGIONAL DEL CALLAO,1289,18,2.3. 2  9. 1  1,LOCACION DE SERVICIOS REALIZADOS POR PERSONAS NATURALES RELACIONADAS AL ROL DE LA ENTIDAD,13000.0,Compromiso
2026,1028,3,S,1031,2026-03-10,10257203684,CALISTO GIAMPIETRI GIUGLIANNA FATIMA,106,CONTRATO MENOR,CM,,SERVICIO DE SEGUIMIENTO Y MONITOREO DE ACTIVIDADES DE GESTIÓN Y/O ADMINISTRATIVAS......,1185,18,2.3. 2  9. 1  1,LOCACION DE SERVICIOS REALIZADOS POR PERSONAS NATURALES RELACIONADAS AL ROL DE LA ENTIDAD,24000.0,Compromiso
2026,1028,3,S,1032,2026-03-10,10414776928,RUCOBA RIOS ELI,106,CONTRATO MENOR,CM,,SERVICIO DE CONTROL Y REVISIÓN DE EXPEDIENTES DE CONTRATACIONES DE BIENES Y SERVICIOS I,1187,18,2.3. 2  9. 1  1,LOCACION DE SERVICIOS REALIZADOS POR PERSONAS NATURALES RELACIONADAS AL ROL DE LA ENTIDAD,18000.0,Compromiso
2026,1028,3,S,1033,2026-03-10,10437312015,ALCANTARA CHANGANAQUI JUAN JOSE,106,CONTRATO MENOR,CM,,SERVICIO DE CONTROL Y REVISIÓN DE EXPEDIENTES DE CONTRATACIONES DE BIENES Y SERVICIOS II,1188,18,2.3. 2  9. 1  1,LOCACION DE SERVICIOS REALIZADOS POR PERSONAS NATURALES RELACIONADAS AL ROL DE LA ENTIDAD,18000.0,Compromiso
2026,1028,3,S,1034,2026-03-10,10720134697,ORE ATAUCUSI MAYKOL BRAYAM,106,CONTRATO MENOR,CM,,SERVICIO DE CONTROL Y REVISIÓN DE EXPEDIENTES DE CONTRATACIONES DE BIENES Y SERVICIOS III,1189,18,2.3. 2  9. 1  1,LOCACION DE SERVICIOS REALIZADOS POR PERSONAS NATURALES RELACIONADAS AL ROL DE LA ENTIDAD,18000.0,Compromiso
2026,1028,3,S,1035,2026-03-10,10605491451,PRADO NONATO ZOILA FELIPA,106,CONTRATO MENOR,CM,,SERVICIO DE CONTROL Y REVISIÓN DE EXPEDIENTES DE CONTRATACIONES DE BIENES Y SERVICIOS IV,1190,18,2.3. 2  9. 1  1,LOCACION DE SERVICIOS REALIZADOS POR PERSONAS NATURALES RELACIONADAS AL ROL DE LA ENTIDAD,15000.0,Compromiso
2026,1028,3,S,1037,2026-03-10,10771472619,YARANGA DE LA CRUZ MARCOS ROBERTO,106,CONTRATO MENOR,CM,,SERVICIO ESPECIALIZADO EN EJECUCIÓN CONTRACTUAL II,1192,18,2.3. 2  9. 1  1,LOCACION DE SERVICIOS REALIZADOS POR PERSONAS NATURALES RELACIONADAS AL ROL DE LA ENTIDAD,21000.0,Compromiso
2026,1028,3,S,1038,2026-03-10,10484915526,MACUKACHI HUARACA DIANA STEFANY,106,CONTRATO MENOR,CM,,SERVICIO ESPECIALIZADO EN EJECUCIÓN CONTRACTUAL III,1193,18,2.3. 2  9. 1  1,LOCACION DE SERVICIOS REALIZADOS POR PERSONAS NATURALES RELACIONADAS AL ROL DE LA ENTIDAD,21000.0,Compromiso
2026,1028,3,S,1039,2026-03-10,10482578697,VASQUEZ LOPEZ MELISSA YAJAIRA,106,CONTRATO MENOR,CM,,SERVICIO ESPECIALIZADO EN EJECUCIÓN CONTRACTUAL IV,1194,18,2.3. 2  9. 1  1,LOCACION DE SERVICIOS REALIZADOS POR PERSONAS NATURALES RELACIONADAS AL ROL DE LA ENTIDAD,21000.0,Compromiso
2026,1028,3,S,1040,2026-03-10,10441195601,VERA ROMERO DANIEL AUGUSTO,106,CONTRATO MENOR,CM,,SERVICIO  DE ANALISIS  DE EJECUCIÓN PRESUPUESTAL,1186,18,2.3. 2  9. 1  1,LOCACION DE SERVICIOS REALIZADOS POR PERSONAS NATURALES RELACIONADAS AL ROL DE LA ENTIDAD,17500.0,Compromiso
2026,1028,3,S,1041,2026-03-10,15502771784,GALINDO HUAPAYA MIGUEL ENRIQUE,106,CONTRATO MENOR,CM,,SERVICIO DE COORDINADOR ADMINISTRATIVO - OFICINA DE SEGURIDAD INTEGRAL DEL GOBIERNO REGIONAL DEL CALLAO,1214,18,2.3. 2  9. 1  1,LOCACION DE SERVICIOS REALIZADOS POR PERSONAS NATURALES RELACIONADAS AL ROL DE LA ENTIDAD,22500.0,Compromiso
2026,1028,3,S,1042,2026-03-10,10414889927,MONTESINOS MARTINEZ OMAR ANTONIO,106,CONTRATO MENOR,CM,,SERVICIO DE ASISTENCIA LEGAL EN PROCESOS ADMINISTRATIVOS PARA LA OFICINA DE SEGURIDAD INTEGRAL DEL GOBIERNO REGIONAL DEL CALLAO.,1215,18,2.3. 2  9. 1  1,LOCACION DE SERVICIOS REALIZADOS POR PERSONAS NATURALES RELACIONADAS AL ROL DE LA ENTIDAD,25000.0,Compromiso
2026,1028,3,S,1043,2026-03-10,10257941723,PALACIOS YAÑEZ BETSY PAOLA,106,CONTRATO MENOR,CM,,SERVICIO ESPECIALIZADO EN PROCESOS ADMINISTRATIVOS PARA LA OFICINA DE SEGURIDAD INTEGRAL DEL GOBIERNO REGIONAL DEL CALLAO.,1216,18,2.3. 2  9. 1  1,LOCACION DE SERVICIOS REALIZADOS POR PERSONAS NATURALES RELACIONADAS AL ROL DE LA ENTIDAD,20000.0,Compromiso
2026,1028,3,S,1044,2026-03-10,10408921185,AYALA PACHECO JENNY,106,CONTRATO MENOR,CM,,SERVICIO DE ASISTENTE ADMINISTRATIVO - OFICINA DE SEGURIDAD INTEGRAL DEL GOBIERNO REGIONAL DEL CALLAO.,1217,18,2.3. 2  9. 1  1,LOCACION DE SERVICIOS REALIZADOS POR PERSONAS NATURALES RELACIONADAS AL ROL DE LA ENTIDAD,8750.0,Compromiso
2026,1028,3,S,1045,2026-03-10,10092444801,RODRIGUEZ MINA CARLOS ANDRES,106,CONTRATO MENOR,CM,,SERVICIO DE SUPERVISOR DE SEGURIDAD I - SEDE CENTRAL DEL GOBIERNO REGIONAL DEL CALLAO.,1218,18,2.3. 2  9. 1  1,LOCACION DE SERVICIOS REALIZADOS POR PERSONAS NATURALES RELACIONADAS AL ROL DE LA ENTIDAD,11300.0,Compromiso
2026,1028,3,S,1046,2026-03-10,10258463116,BRIONES MEJIA HECTOR FRANCISCO,106,CONTRATO MENOR,CM,,SERVICIO DE SUPERVISOR DE SEGURIDAD II - SEDE CENTRAL DEL GOBIERNO REGIONAL DEL CALLAO.,1219,18,2.3. 2  9. 1  1,LOCACION DE SERVICIOS REALIZADOS POR PERSONAS NATURALES RELACIONADAS AL ROL DE LA ENTIDAD,8750.0,Compromiso
2026,1028,3,S,1047,2026-03-10,10414990580,CUSTODIO LEON SIRLE ELIZABETH,106,CONTRATO MENOR,CM,,SERVICIO DE SUPERVISOR DE SEGURIDAD III - SEDE CENTRAL DEL GOBIERNO REGIONAL DEL CALLAO.,1220,18,2.3. 2  9. 1  1,LOCACION DE SERVICIOS REALIZADOS POR PERSONAS NATURALES RELACIONADAS AL ROL DE LA ENTIDAD,10000.0,Compromiso
2026,1028,3,S,1048,2026-03-10,10429532855,PACHECO SANCHEZ ANALI DEL ROSARIO,106,CONTRATO MENOR,CM,,SERVICIO DE SUPERVISOR DE SEGURIDAD V - SEDE CENTRAL DEL GOBIERNO REGIONAL DEL CALLAO,1221,18,2.3. 2  9. 1  1,LOCACION DE SERVICIOS REALIZADOS POR PERSONAS NATURALES RELACIONADAS AL ROL DE LA ENTIDAD,10000.0,Compromiso
2026,1028,3,S,1049,2026-03-10,10069476177,AGUIRRE ORTIZ CESAR AUGUSTO,106,CONTRATO MENOR,CM,,SERVICIO DE AUXILIAR DE SEGURIDAD I - SEDE CENTRAL DEL GOBIERNO REGIONAL DEL CALLAO,1222,18,2.3. 2  9. 1  1,LOCACION DE SERVICIOS REALIZADOS POR PERSONAS NATURALES RELACIONADAS AL ROL DE LA ENTIDAD,7500.0,Compromiso
2026,1028,3,S,1050,2026-03-10,10717889431,VILLAR ROMERO ESMAR,106,CONTRATO MENOR,CM,,SERVICIO DE AUXILIAR DE SEGURIDAD II - SEDE CENTRAL DEL GOBIERNO REGIONAL DEL CALLAO,1223,18,2.3. 2  9. 1  1,LOCACION DE SERVICIOS REALIZADOS POR PERSONAS NATURALES RELACIONADAS AL ROL DE LA ENTIDAD,7500.0,Compromiso
2026,1028,3,S,1051,2026-03-10,10410173129,DIAZ SERNAQUE NILTON CESAR,106,CONTRATO MENOR,CM,,SERVICIO DE APOYO DE SEGURIDAD I - SEDE CENTRAL DEL GOBIERNO REGIONAL DEL CALLAO.,1225,18,2.3. 2  9. 1  1,LOCACION DE SERVICIOS REALIZADOS POR PERSONAS NATURALES RELACIONADAS AL ROL DE LA ENTIDAD,6000.0,Compromiso
2026,1028,3,S,1052,2026-03-10,10257540737,MONTALVO VEGA OSCAR,106,CONTRATO MENOR,CM,,SERVICIO DE APOYO DE SEGURIDAD II - SEDE CENTRAL DEL GOBIERNO REGIONAL DEL CALLAO.,1226,18,2.3. 2  9. 1  1,LOCACION DE SERVICIOS REALIZADOS POR PERSONAS NATURALES RELACIONADAS AL ROL DE LA ENTIDAD,6000.0,Compromiso
2026,1028,3,S,1053,2026-03-10,10406535601,RIVERA GONZALEZ YVA,106,CONTRATO MENOR,CM,,SERVICIO DE OPERADOR DEL CENTRO DE CONTROL DE MONITOREO DE CAMARAS DE VIDEO VIGILANCIA I - SEDE CENTRAL DEL GOBIERNO REGIONAL DEL CALLAO.,1227,18,2.3. 2  9. 1  1,LOCACION DE SERVICIOS REALIZADOS POR PERSONAS NATURALES RELACIONADAS AL ROL DE LA ENTIDAD,7500.0,Compromiso
2026,1028,3,S,1054,2026-03-10,10257604352,FUENTES VALVERDE ROGER GERMAN,106,CONTRATO MENOR,CM,,SERVICIO PARA LA SUPERVISION GENERAL DE SEGURIDAD Y VIGILANCIA - SEDE JUAN PABLO II DEL GORE CALLAO.,1228,18,2.3. 2  9. 1  1,LOCACION DE SERVICIOS REALIZADOS POR PERSONAS NATURALES RELACIONADAS AL ROL DE LA ENTIDAD,17500.0,Compromiso
2026,1028,3,S,1055,2026-03-10,10412199010,CASTRO JIMENEZ MARTHA ELENA,106,CONTRATO MENOR,CM,,SERVICIO DE APOYO DE SEGURIDAD I SEDE JUAN PABLO II DEL GORE CALLAO.,1229,18,2.3. 2  9. 1  1,LOCACION DE SERVICIOS REALIZADOS POR PERSONAS NATURALES RELACIONADAS AL ROL DE LA ENTIDAD,6000.0,Compromiso
2026,1028,3,S,1056,2026-03-10,10768132424,SALAZAR GRADOS MARIANNE MARILYN,106,CONTRATO MENOR,CM,,SERVICIO DE APOYO DE SEGURIDAD II SEDE JUAN PABLO II DEL GORE CALLAO.,1230,18,2.3. 2  9. 1  1,LOCACION DE SERVICIOS REALIZADOS POR PERSONAS NATURALES RELACIONADAS AL ROL DE LA ENTIDAD,6000.0,Compromiso
2026,1028,3,S,1057,2026-03-10,10402782922,DURAND LAZO JOUVETH ARCKOF,106,CONTRATO MENOR,CM,,SERVICIO DE COORDINACION DE ACTIVIDADES DE SERVICIO PARA OAVR - CINCO ENTREGABLES 2026.,1195,18,2.3. 2  9. 1  1,LOCACION DE SERVICIOS REALIZADOS POR PERSONAS NATURALES RELACIONADAS AL ROL DE LA ENTIDAD,35000.0,Compromiso
2026,1028,3,S,1058,2026-03-10,10258479721,RIOS QUESADA ROBERT CRISTOPHER,106,CONTRATO MENOR,CM,,"SERVICIO DE REVISION, ELABORACION Y MONITOREO DE CONTRATACIONES PARA OAVR - CINCO ENTREGABLES 2026",1196,18,2.3. 2  9. 1  1,LOCACION DE SERVICIOS REALIZADOS POR PERSONAS NATURALES RELACIONADAS AL ROL DE LA ENTIDAD,30000.0,Compromiso
2026,1028,3,S,1059,2026-03-10,10254299214,MANCILLA HERNANDEZ JACQUELINE LEONOR,106,CONTRATO MENOR,CM,,SERVICIO DE APOYO DE SEGURIDAD III SEDE JUAN PABLO II DEL GORE CALLAO.,1231,18,2.3. 2  9. 1  1,LOCACION DE SERVICIOS REALIZADOS POR PERSONAS NATURALES RELACIONADAS AL ROL DE LA ENTIDAD,6000.0,Compromiso
2026,1028,3,S,1060,2026-03-10,10256816330,CANALES BERNUY LUIS DANIEL,106,CONTRATO MENOR,CM,,SERVICIO DE SEGUIMIENTO Y MONITOREO DEL SERVICIO DE SEGURIDAD I - VILLA DEPORTIVA REGIONAL DEL GORE CALLAO.,1232,18,2.3. 2  9. 1  1,LOCACION DE SERVICIOS REALIZADOS POR PERSONAS NATURALES RELACIONADAS AL ROL DE LA ENTIDAD,19000.0,Compromiso
2026,1028,3,S,1061,2026-03-10,10433319449,TREJO GARCES WIDMAR TONY,106,CONTRATO MENOR,CM,,SERVICIO DE SEGUIMIENTO Y MONITOREO DEL SERVICIO DE SEGURIDAD II - VILLA DEPORTIVA REGIONAL DEL GORE DEL CALLAO.,1233,18,2.3. 2  9. 1  1,LOCACION DE SERVICIOS REALIZADOS POR PERSONAS NATURALES RELACIONADAS AL ROL DE LA ENTIDAD,19000.0,Compromiso
2026,1028,3,S,1062,2026-03-10,10073137603,PACHAS GANOZA WILLY WILFREDO,106,CONTRATO MENOR,CM,,SERVICIO DE SEGUIMIENTO Y MONITOREO DEL SERVICIO DE SEGURIDAD I - OFICINA MEJOR ATENCION AL CIUDADANO MAC-CALLAO DEL GORE DEL CALLAO.,1234,18,2.3. 2  9. 1  1,LOCACION DE SERVICIOS REALIZADOS POR PERSONAS NATURALES RELACIONADAS AL ROL DE LA ENTIDAD,19000.0,Compromiso
2026,1028,3,S,1063,2026-03-10,10255643148,LUNA MARTINS LUIS ENRIQUE,106,CONTRATO MENOR,CM,,SERVICIO DE SUPERVISOR DE SEGURIDAD I - VILLA DEPORTIVA REGIONAL DEL GORE DEL CALLAO.,1235,18,2.3. 2  9. 1  1,LOCACION DE SERVICIOS REALIZADOS POR PERSONAS NATURALES RELACIONADAS AL ROL DE LA ENTIDAD,10000.0,Compromiso
2026,1028,3,S,1064,2026-03-10,10416484479,HUANCA SUCASAIRE JAVIER,106,CONTRATO MENOR,CM,,SERVICIO DE SUPERVISOR DE SEGURIDAD II - VILLA DEPORTIVA REGIONAL DEL GORE DEL CALLAO.,1236,18,2.3. 2  9. 1  1,LOCACION DE SERVICIOS REALIZADOS POR PERSONAS NATURALES RELACIONADAS AL ROL DE LA ENTIDAD,10000.0,Compromiso
2026,1028,3,S,1065,2026-03-10,10257047798,SEMINARIO PARODI ANTONIO EMILIO,106,CONTRATO MENOR,CM,,SERVICIO DE SUPERVISOR DE SEGURIDAD III - VILLA DEPORTIVA REGIONAL DEL GORE DEL CALLAO.,1237,18,2.3. 2  9. 1  1,LOCACION DE SERVICIOS REALIZADOS POR PERSONAS NATURALES RELACIONADAS AL ROL DE LA ENTIDAD,10000.0,Compromiso
2026,1028,3,S,1066,2026-03-10,10255566909,MOSCOSO SANCHEZ LUIS ARTURO,106,CONTRATO MENOR,CM,,SERVICIO DE SUPERVISOR DE SEGURIDAD IV - VILLA DEPORTIVA REGIONAL DEL GORE CALLAO.,1238,18,2.3. 2  9. 1  1,LOCACION DE SERVICIOS REALIZADOS POR PERSONAS NATURALES RELACIONADAS AL ROL DE LA ENTIDAD,10000.0,Compromiso
2026,1028,3,S,1067,2026-03-10,10256876871,MARQUEZ LECAROS VICENTE,106,CONTRATO MENOR,CM,,SERVICIO DE SUPERVISOR DE SEGURIDAD V - VILLA DEPORTIVA REGIONAL DEL GORE DEL CALLAO.,1239,18,2.3. 2  9. 1  1,LOCACION DE SERVICIOS REALIZADOS POR PERSONAS NATURALES RELACIONADAS AL ROL DE LA ENTIDAD,10000.0,Compromiso
2026,1028,3,S,1068,2026-03-10,10255613583,LUNA QUIROZ MARCO ANTONIO,106,CONTRATO MENOR,CM,,SERVICIO DE SUPERVISOR DE SEGURIDAD VI - VILLA DEPORTIVA REGIONAL DEL GORE DEL CALLAO.,1240,18,2.3. 2  9. 1  1,LOCACION DE SERVICIOS REALIZADOS POR PERSONAS NATURALES RELACIONADAS AL ROL DE LA ENTIDAD,10000.0,Compromiso
2026,1028,3,S,1069,2026-03-10,10257524391,CORZO VERNAZA ROCIO ISABEL,106,CONTRATO MENOR,CM,,SERVICIO DE SUPERVISOR DE SEGURIDAD I - DIRECCION REGIONAL DE TRABAJO Y PROMOCION DEL EMPLEO DEL GORE DEL CALLAO.,1241,18,2.3. 2  9. 1  1,LOCACION DE SERVICIOS REALIZADOS POR PERSONAS NATURALES RELACIONADAS AL ROL DE LA ENTIDAD,10000.0,Compromiso
2026,1028,3,S,1070,2026-03-10,10062250157,BOCANEGRA BALLON VICTOR MANUEL,106,CONTRATO MENOR,CM,,SERVICIO DE SUPERVISOR DE SEGURIDAD - OFICINA MEJOR ATENCION AL CIUDADANO MAC-CALLAO DEL GORE DEL CALLAO.,1242,18,2.3. 2  9. 1  1,LOCACION DE SERVICIOS REALIZADOS POR PERSONAS NATURALES RELACIONADAS AL ROL DE LA ENTIDAD,8750.0,Compromiso
2026,1028,3,S,1071,2026-03-10,10079113251,SALAS HERVIAS DE BEJARANO CECILIA GUADALUPE,106,CONTRATO MENOR,CM,,SERVICIO DE AUXILIAR DE SEGURIDAD I - VILLA DEPORTIVA REGIONAL DEL GORE CALLAO.,1243,18,2.3. 2  9. 1  1,LOCACION DE SERVICIOS REALIZADOS POR PERSONAS NATURALES RELACIONADAS AL ROL DE LA ENTIDAD,7500.0,Compromiso
2026,1028,3,S,1072,2026-03-10,10215206560,PEÑA MUÑOZ ELIDA MARIA,106,CONTRATO MENOR,CM,,SERVICIO DE AUXILIAR DE SEGURIDAD II - VILLA DEPORTIVA REGIONAL DEL GORE CALLAO.,1244,18,2.3. 2  9. 1  1,LOCACION DE SERVICIOS REALIZADOS POR PERSONAS NATURALES RELACIONADAS AL ROL DE LA ENTIDAD,7500.0,Compromiso
2026,1028,3,S,1073,2026-03-10,10409378337,LOLANDES MORANTE ERICKA ELVIRA,106,CONTRATO MENOR,CM,,SERVICIO DE APOYO DE SEGURIDAD I - VILLA DEPORTIVA REGIONAL DEL GORE DEL CALLAO.,1245,18,2.3. 2  9. 1  1,LOCACION DE SERVICIOS REALIZADOS POR PERSONAS NATURALES RELACIONADAS AL ROL DE LA ENTIDAD,6000.0,Compromiso
2026,1028,3,S,1074,2026-03-10,10257128640,HUANCA CUTIPA VILMA TEODORA,106,CONTRATO MENOR,CM,,SERVICIO DE APOYO DE SEGURIDAD II - VILLA DEPORTIVA REGIONAL DEL GORE DEL CALLAO.,1246,18,2.3. 2  9. 1  1,LOCACION DE SERVICIOS REALIZADOS POR PERSONAS NATURALES RELACIONADAS AL ROL DE LA ENTIDAD,6000.0,Compromiso
2026,1028,3,S,1075,2026-03-10,10086387641,DAVALOS OLIVARES MARTIN TOMAS,106,CONTRATO MENOR,CM,,"SERVICIO DE AUXILIAR DE SEGURIDAD I - PARCELAS DE PACHACUTEC, VENTANILLA DEL GORE DEL CALLAO.",1247,18,2.3. 2  9. 1  1,LOCACION DE SERVICIOS REALIZADOS POR PERSONAS NATURALES RELACIONADAS AL ROL DE LA ENTIDAD,7500.0,Compromiso
2026,1028,3,S,1076,2026-03-10,10104409542,CALDERON ARGUEDAS GUILLERMO CESAR,106,CONTRATO MENOR,CM,,"SERVICIO DE AUXILIAR DE SEGURIDAD II - PARCELAS DE PACHACUTEC, VENTANILLA  DEL GORE DEL CALLAO.",1248,18,2.3. 2  9. 1  1,LOCACION DE SERVICIOS REALIZADOS POR PERSONAS NATURALES RELACIONADAS AL ROL DE LA ENTIDAD,7500.0,Compromiso
2026,1028,3,S,1077,2026-03-10,10719028921,FLORES AYALA JOHAN BRANDON,106,CONTRATO MENOR,CM,,SERVICIO DE ASISTENTE ADMINISTRATIVO - COMPLEJO DEPORTIVO TELMO CARBAJO DEL GORE DEL CALLAO.,1249,18,2.3. 2  9. 1  1,LOCACION DE SERVICIOS REALIZADOS POR PERSONAS NATURALES RELACIONADAS AL ROL DE LA ENTIDAD,17500.0,Compromiso
2026,1028,3,S,1078,2026-03-10,10255221995,FLORES SANCHEZ JOSE,106,CONTRATO MENOR,CM,,SERVICIO DE SUPERVISOR DE SEGURIDAD I - COMPLEJO DEPORTIVO TELMO CARBAJO DEL GORE DEL CALLAO.,1250,18,2.3. 2  9. 1  1,LOCACION DE SERVICIOS REALIZADOS POR PERSONAS NATURALES RELACIONADAS AL ROL DE LA ENTIDAD,10000.0,Compromiso
2026,1028,3,S,1079,2026-03-10,10411230509,CHAVEZ LA ROSA DE ZANELLI ELSA MARINA,106,CONTRATO MENOR,CM,,SERVICIO DE AUXILIAR DE SEGURIDAD I - COMPLEJO DEPORTIVO TELMO CARBAJO DEL GORE DEL CALLAO.,1251,18,2.3. 2  9. 1  1,LOCACION DE SERVICIOS REALIZADOS POR PERSONAS NATURALES RELACIONADAS AL ROL DE LA ENTIDAD,7500.0,Compromiso
2026,1028,3,S,1080,2026-03-10,10709628815,SALAZAR SALDARRIAGA DARITZA YAMILET,106,CONTRATO MENOR,CM,,"SERVICIO DE ORDENAMIENTO, FOLIACIÓN Y ARCHIVOS DE DOCUMENTOS",1284,18,2.3. 2  9. 1  1,LOCACION DE SERVICIOS REALIZADOS POR PERSONAS NATURALES RELACIONADAS AL ROL DE LA ENTIDAD,3000.0,Compromiso
2026,1028,3,S,1081,2026-03-10,10736421203,MIRANDA QUINECHE FRANCO RAUL,106,CONTRATO MENOR,CM,,SERVICIO DE CLASIFICACIÓN Y DIGITALIZACIÓN DE DOCUMENTOS,1285,18,2.3. 2  9. 1  1,LOCACION DE SERVICIOS REALIZADOS POR PERSONAS NATURALES RELACIONADAS AL ROL DE LA ENTIDAD,8000.0,Compromiso
2026,1028,3,S,1082,2026-03-10,10723557009,OBLITAS BANDEROS JESUS JOEL,106,CONTRATO MENOR,CM,,SERVICIO DE ORDENAMIENTO Y REGISTRO DE DOCUMENTOS,1291,18,2.3. 2  9. 1  1,LOCACION DE SERVICIOS REALIZADOS POR PERSONAS NATURALES RELACIONADAS AL ROL DE LA ENTIDAD,3000.0,Compromiso
2026,1028,3,S,1083,2026-03-10,10755960531,CANCHARI MENDOZA IVAN ALEXANDRO,106,CONTRATO MENOR,CM,,SERVICIO DE RECOLECCIÓN Y SISTEMATIZACIÓN DE INFORMACIÓN,1286,18,2.3. 2  9. 1  1,LOCACION DE SERVICIOS REALIZADOS POR PERSONAS NATURALES RELACIONADAS AL ROL DE LA ENTIDAD,10000.0,Compromiso
2026,1028,3,S,1084,2026-03-10,10734422598,NUÑEZ VILLANUEVA CRISTINA HILMA,106,CONTRATO MENOR,CM,,SERVICIO DE PROCESAMIENTO DE INFORMACION,1287,18,2.3. 2  9. 1  1,LOCACION DE SERVICIOS REALIZADOS POR PERSONAS NATURALES RELACIONADAS AL ROL DE LA ENTIDAD,-6000.0,Rebaja
2026,1028,3,S,1084,2026-03-10,10734422598,NUÑEZ VILLANUEVA CRISTINA HILMA,106,CONTRATO MENOR,CM,,SERVICIO DE PROCESAMIENTO DE INFORMACION,1287,18,2.3. 2  9. 1  1,LOCACION DE SERVICIOS REALIZADOS POR PERSONAS NATURALES RELACIONADAS AL ROL DE LA ENTIDAD,12000.0,Compromiso
2026,1028,3,S,1085,2026-03-10,10729059574,SILVA VARGAS MACHUCA PATRICIO JESUS,106,CONTRATO MENOR,CM,,SERVICIO ESPECIALIZADO EN GESTIÓN PÚBLICA,1292,18,2.3. 2  9. 1  1,LOCACION DE SERVICIOS REALIZADOS POR PERSONAS NATURALES RELACIONADAS AL ROL DE LA ENTIDAD,9000.0,Compromiso
2026,1028,3,S,1086,2026-03-10,20100072751,EMPRESA PERUANA DE SERVICIOS EDITORIALES S.A. - EDITORA PERU,106,CONTRATO MENOR,CM,,CONTRATACIÓN DEL SERVICIO PARA LA REALIZACIÓN DE LAS PUBLICACIONES DE LAS RESOLUCIONES EMITIDAS POR LA OFICINA DE GESTIÓN PATRIMONIAL EN EL DIARIO OFICIAL EL PERUANO,1224,18,2.3. 2  7.13 98,OTROS SERVICIOS TECNICOS Y PROFESIONALES DESARROLLADOS POR PERSONAS JURIDICAS,42000.0,Compromiso
2026,1028,3,S,1087,2026-03-10,15463813946,RENGIFO AREVALO TERCERO,106,CONTRATO MENOR,CM,,SERVICIO DE CONDUCCION DE VEHICULO,1279,18,2.3. 2  9. 1  1,LOCACION DE SERVICIOS REALIZADOS POR PERSONAS NATURALES RELACIONADAS AL ROL DE LA ENTIDAD,12000.0,Compromiso
2026,1028,3,S,1088,2026-03-10,10727007992,MASIAS CERVANTES EDWIN ANDRES,106,CONTRATO MENOR,CM,,"SERVICIO DE RECEPCIÓN, CLASIFICACIÓN Y REGISTRO DE DOCUMENTOS",1280,18,2.3. 2  9. 1  1,LOCACION DE SERVICIOS REALIZADOS POR PERSONAS NATURALES RELACIONADAS AL ROL DE LA ENTIDAD,10000.0,Compromiso
2026,1028,3,S,1089,2026-03-10,10107860237,ALIAGA BRAVO YESENIA MARGARITA,106,CONTRATO MENOR,CM,,SERVICIO DE ANALISIS Y OPTIMIZACION DE BASE DE DATOS,1281,18,2.3. 2  9. 1  1,LOCACION DE SERVICIOS REALIZADOS POR PERSONAS NATURALES RELACIONADAS AL ROL DE LA ENTIDAD,5000.0,Compromiso
2026,1028,3,S,1090,2026-03-10,10708762615,CONTRERAS FARFAN ANDREA,106,CONTRATO MENOR,CM,,SERVICIO DE SEGUIMIENTO Y MONITOREO DE PROYECTOS DE INVERSÓN PÚBLICA,1282,18,2.3. 2  9. 1  1,LOCACION DE SERVICIOS REALIZADOS POR PERSONAS NATURALES RELACIONADAS AL ROL DE LA ENTIDAD,16000.0,Compromiso
2026,1028,3,S,1091,2026-03-10,10254746717,RIOS CHUMPITAZ JAIME MIGUEL,106,CONTRATO MENOR,CM,,SERVICIO DE AUXILIAR ADMINISTRATIVO,1283,18,2.3. 2  9. 1  1,LOCACION DE SERVICIOS REALIZADOS POR PERSONAS NATURALES RELACIONADAS AL ROL DE LA ENTIDAD,10000.0,Compromiso
2026,1028,3,S,1092,2026-03-10,10406324465,BARRERA ANGULO ELVIRA MAGALY,106,CONTRATO MENOR,CM,,SERVICIO DE MOTIVACION Y SENSIBILIZACION,1274,18,2.3. 2  9. 1  1,LOCACION DE SERVICIOS REALIZADOS POR PERSONAS NATURALES RELACIONADAS AL ROL DE LA ENTIDAD,7000.0,Compromiso
2026,1028,3,S,1093,2026-03-10,10741782796,RAMIREZ MUÑOZ ARACELLY GERALDINE,106,CONTRATO MENOR,CM,,SERVICIO DE MOTIVACION Y SENSIBILIZACION,1275,18,2.3. 2  9. 1  1,LOCACION DE SERVICIOS REALIZADOS POR PERSONAS NATURALES RELACIONADAS AL ROL DE LA ENTIDAD,4000.0,Compromiso
2026,1028,3,S,1094,2026-03-10,10255634572,AZABACHE VILLANUEVA ROSA DEL PILAR,106,CONTRATO MENOR,CM,,SERVICIO DE ESCANEO Y DIGITALIZACIÓN,1276,18,2.3. 2  9. 1  1,LOCACION DE SERVICIOS REALIZADOS POR PERSONAS NATURALES RELACIONADAS AL ROL DE LA ENTIDAD,3600.0,Compromiso
2026,1028,3,S,1095,2026-03-10,10402616208,YAURI SORIANO MIRNA VANESSA,106,CONTRATO MENOR,CM,,SERVICIO DE COORDINACIÓN DE PROCESOS OPERATIVOS EN LA GESTIÓN ADMINISTRATIVA,1277,18,2.3. 2  9. 1  1,LOCACION DE SERVICIOS REALIZADOS POR PERSONAS NATURALES RELACIONADAS AL ROL DE LA ENTIDAD,11100.0,Compromiso
2026,1028,3,S,1096,2026-03-10,10430527466,LOPEZ SOTELO LIZETH VERONICA,106,CONTRATO MENOR,CM,,SERVICIO DE ASISTENCIA TÉCNICA ADMINISTRATIVA,1278,18,2.3. 2  9. 1  1,LOCACION DE SERVICIOS REALIZADOS POR PERSONAS NATURALES RELACIONADAS AL ROL DE LA ENTIDAD,10170.0,Compromiso
2026,1028,3,S,1097,2026-03-10,10749879853,ROMAN USQUIANO GUILLERMO CARLOS,106,CONTRATO MENOR,CM,,SERVICIO DE ASISTENCIA TECNICA EN  LOGISTICA PARA LA GERENCIA REGIONAL DE DESARROLLO ECONOMICO.,1303,18,2.3. 2  9. 1  1,LOCACION DE SERVICIOS REALIZADOS POR PERSONAS NATURALES RELACIONADAS AL ROL DE LA ENTIDAD,8000.0,Compromiso
2026,1028,3,S,1098,2026-03-10,10447574956,RAMIREZ CUTTI LIZBETH,106,CONTRATO MENOR,CM,,SERVICIO DE ESPECIALIZADO PARA LA COORDINACIÓN TÉCNICA DE SEGUIMIENTO DE ACTIVIDADES DEL FONDO CONCURSABLE PROCOMPITE PARA LA GERENCIA REGIONAL DE DESARROLLO ECONOMICO.,1304,18,2.3. 2  9. 1  1,LOCACION DE SERVICIOS REALIZADOS POR PERSONAS NATURALES RELACIONADAS AL ROL DE LA ENTIDAD,12000.0,Compromiso
2026,1028,3,S,1099,2026-03-10,10257134496,CHILCON HEREDIA JUAN CARLOS,106,CONTRATO MENOR,CM,,SERVICIO DE ASISTENCIA ADMINISTRATIVA TECNICO LEGAL PARA LA GERENCIA REGIONAL DE DESARROLLO ECONOMICO.,1305,18,2.3. 2  9. 1  1,LOCACION DE SERVICIOS REALIZADOS POR PERSONAS NATURALES RELACIONADAS AL ROL DE LA ENTIDAD,11200.0,Compromiso
2026,1028,3,S,1100,2026-03-10,10703207940,HERRERA PAUCCA LUIS ANGEL,106,CONTRATO MENOR,CM,,SERVICIO DE ASISTENCIA TECNICA ADMINISTRATIVA PARA EL PROGRAMA PROCOMPITE PARA LA GERENCIA REGIONAL DE DESARROLLO ECONOMICO.,1306,18,2.3. 2  9. 1  1,LOCACION DE SERVICIOS REALIZADOS POR PERSONAS NATURALES RELACIONADAS AL ROL DE LA ENTIDAD,9000.0,Compromiso
2026,1028,3,S,1101,2026-03-10,10755400756,RONDINEL SILVA ARMANDO FRANCO,106,CONTRATO MENOR,CM,,SERVICIO DE ASISTENCIA TÉCNICA ADMINISTRATIVA PARA LA GESTIÓN DOCUMENTARIA Y PROCESOS DE CONFORMIDAD DE BIENES PARA LA GERENCIA REGIONAL DE DESARROLLO ECONOMICO.,1307,18,2.3. 2  9. 1  1,LOCACION DE SERVICIOS REALIZADOS POR PERSONAS NATURALES RELACIONADAS AL ROL DE LA ENTIDAD,8000.0,Compromiso
2026,1028,3,S,1102,2026-03-10,10773358848,CHILON HUAMAN MARLO NEIBER,106,CONTRATO MENOR,CM,,SERVICIO DE ASISTENCIA TÉCNICA ADMINISTRATIVA PARA LA LIQUIDACIÓN DEL PROGRAMA PROCOMPITE REGION CALLAO 2023 PARA LA GERENCIA REGIONAL DE DESARROLLO ECONOMICO.,1308,18,2.3. 2  9. 1  1,LOCACION DE SERVICIOS REALIZADOS POR PERSONAS NATURALES RELACIONADAS AL ROL DE LA ENTIDAD,10000.0,Compromiso
2026,1028,3,S,1103,2026-03-10,10706709300,OLCESE HUERTA PIERINA DELFINA,106,CONTRATO MENOR,CM,,SERVICIO DE CONSOLIDACION DE INFORMACIÓN PARA INFORME DE TRANSFERENCIA DE GESTION I,1293,18,2.3. 2  9. 1  1,LOCACION DE SERVICIOS REALIZADOS POR PERSONAS NATURALES RELACIONADAS AL ROL DE LA ENTIDAD,8000.0,Compromiso
2026,1028,3,S,1104,2026-03-10,10257749873,FRANCISCO MURGA JUAN FERNANDO,106,CONTRATO MENOR,CM,,SERVICIO DE AUXILIAR ADMINISTRATIVO PARA LA PRIORIZACIÓN DE CADENAS PRODUCTIVAS PARA LA GERENCIA REGIONAL DE DESARROLLO ECONOMICO.,1309,18,2.3. 2  9. 1  1,LOCACION DE SERVICIOS REALIZADOS POR PERSONAS NATURALES RELACIONADAS AL ROL DE LA ENTIDAD,8000.0,Compromiso
2026,1028,3,S,1105,2026-03-10,10733034322,UZURIAGA VILLANUEVA LUZ SHIRLEY YARUMI,106,CONTRATO MENOR,CM,,SERVICIO DE ESPECIALIALIZADO EN PRIORIZACION DE CADENAS PRODUCTIVAS PARA LA GERENCIA REGIONAL DE DESARROLLO ECONOMICO.,1310,18,2.3. 2  9. 1  1,LOCACION DE SERVICIOS REALIZADOS POR PERSONAS NATURALES RELACIONADAS AL ROL DE LA ENTIDAD,11200.0,Compromiso
2026,1028,3,S,1106,2026-03-10,10451418543,ROMANI AYALA CARLOS GABRIEL ALEXIS,106,CONTRATO MENOR,CM,,SERVICIO ESPECIALIZADO EN LIQUIDACION DE PROYECTOS DE INVERSION I PARA LA GERENCIA REGIONAL DE DESARROLLO ECONOMICO.,1311,18,2.3. 2  9. 1  1,LOCACION DE SERVICIOS REALIZADOS POR PERSONAS NATURALES RELACIONADAS AL ROL DE LA ENTIDAD,16800.0,Compromiso
2026,1028,3,S,1107,2026-03-10,10724992078,PALMA OJITOS GIANELLA SHARLYN,106,CONTRATO MENOR,CM,,SERVICIO DE CONSOLIDACION DE INFORMACIÓN PARA INFORME DE TRANSFERENCIA DE GESTION II,1294,18,2.3. 2  9. 1  1,LOCACION DE SERVICIOS REALIZADOS POR PERSONAS NATURALES RELACIONADAS AL ROL DE LA ENTIDAD,8000.0,Compromiso
2026,1028,3,S,1108,2026-03-10,10708608772,SEGURA CALONGOS ESTEFANI LLULIZA,106,CONTRATO MENOR,CM,,SERVICIO ESPECIALIZADO EN LIQUIDACION DE PROYECTOS DE INVERSION II PARA LA GERENCIA REGIONAL DE DESARROLLO ECONOMICO.,1312,18,2.3. 2  9. 1  1,LOCACION DE SERVICIOS REALIZADOS POR PERSONAS NATURALES RELACIONADAS AL ROL DE LA ENTIDAD,16800.0,Compromiso
2026,1028,3,S,1109,2026-03-10,10414390108,SANCHEZ ROSAS KARINA DEL PILAR,106,CONTRATO MENOR,CM,,"SERVICIO DE RECEPCIÓN, ELABORACIÓN Y ARCHIVO DE DOCUMENTOS I",1295,18,2.3. 2  9. 1  1,LOCACION DE SERVICIOS REALIZADOS POR PERSONAS NATURALES RELACIONADAS AL ROL DE LA ENTIDAD,20000.0,Compromiso
2026,1028,3,S,1110,2026-03-10,10453126540,ALEJOS URBANO GERMAN ALEXANDER,106,CONTRATO MENOR,CM,,SERVICIO ESPECIALIZADO EN LIQUIDACION DE PROYECTOS DE INVERSION III PARA LA GERENCIA REGIONAL DE DESARROLLO ECONOMICO.,1313,18,2.3. 2  9. 1  1,LOCACION DE SERVICIOS REALIZADOS POR PERSONAS NATURALES RELACIONADAS AL ROL DE LA ENTIDAD,11200.0,Compromiso
2026,1028,3,S,1111,2026-03-10,10710736800,MORI CHAVEZ TATIANA LILI,106,CONTRATO MENOR,CM,,SERVICIO ESPECIALIZADO EN LIQUIDACION DE PROYECTOS DE INVERSION IV PARA LA GERENCIA REGIONAL DE DESARROLLO ECONOMICO.,1314,18,2.3. 2  9. 1  1,LOCACION DE SERVICIOS REALIZADOS POR PERSONAS NATURALES RELACIONADAS AL ROL DE LA ENTIDAD,16800.0,Compromiso
2026,1028,3,S,1112,2026-03-10,10773778197,GOMEZ PASACHE HENRY,106,CONTRATO MENOR,CM,,SERVICIO ESPECIALIZADO EN TEMAS DE AUDIO Y VIDEO PARA LA GERENCIA REGIONAL DE DESARROLLO ECONOMICO.,1315,18,2.3. 2  9. 1  1,LOCACION DE SERVICIOS REALIZADOS POR PERSONAS NATURALES RELACIONADAS AL ROL DE LA ENTIDAD,10000.0,Compromiso
2026,1028,3,S,1113,2026-03-10,10473845194,FLORES NUÑEZ JUAN DANIEL,106,CONTRATO MENOR,CM,,SERVICIO DE SEGUIMIENTO DE DOCUMENTOS ADMINISTRATIVOS I,1296,18,2.3. 2  9. 1  1,LOCACION DE SERVICIOS REALIZADOS POR PERSONAS NATURALES RELACIONADAS AL ROL DE LA ENTIDAD,20000.0,Compromiso
2026,1028,3,S,1114,2026-03-10,10743687120,VICTORIO CAMPOS NELSON JOAQUIN,106,CONTRATO MENOR,CM,,SERVICIO DE ELABORACION DE DOCUMENTOS ADMINISTRATIVOS I,1297,18,2.3. 2  9. 1  1,LOCACION DE SERVICIOS REALIZADOS POR PERSONAS NATURALES RELACIONADAS AL ROL DE LA ENTIDAD,20000.0,Compromiso
2026,1028,3,S,1115,2026-03-10,10462666697,MALQUICHAGUA MORALES LIZZET TERESA,106,CONTRATO MENOR,CM,,SERVICIO DE ASISTENCIA LEGAL EN PROCESOS ADMINISTRATIVOS I,1299,18,2.3. 2  9. 1  1,LOCACION DE SERVICIOS REALIZADOS POR PERSONAS NATURALES RELACIONADAS AL ROL DE LA ENTIDAD,25000.0,Compromiso
2026,1028,3,S,1116,2026-03-10,10074865459,ESPIRITU CANCHANYA CELSO ARNULFO,106,CONTRATO MENOR,CM,,SERVICIO ESPECIALIZADO EN MATERIA LEGAL I,1300,18,2.3. 2  9. 1  1,LOCACION DE SERVICIOS REALIZADOS POR PERSONAS NATURALES RELACIONADAS AL ROL DE LA ENTIDAD,42500.0,Compromiso
2026,1028,3,S,1117,2026-03-10,10253315500,CHAVEZ FERNANDEZ SENSEBE CLAUDIO ANDRES,106,CONTRATO MENOR,CM,,SERVICIO DE ANALISIS Y ELABORACION DE PROPUESTA TECNICA I,1301,18,2.3. 2  9. 1  1,LOCACION DE SERVICIOS REALIZADOS POR PERSONAS NATURALES RELACIONADAS AL ROL DE LA ENTIDAD,35000.0,Compromiso
2026,1028,3,S,1118,2026-03-10,10408423339,DIEZ CANSECO PALMA ERIKA,106,CONTRATO MENOR,CM,,SERVICIO DE ASISTENCIA EN SECRETARIADO I,1302,18,2.3. 2  9. 1  1,LOCACION DE SERVICIOS REALIZADOS POR PERSONAS NATURALES RELACIONADAS AL ROL DE LA ENTIDAD,20000.0,Compromiso
2026,1028,3,S,1119,2026-03-10,10476420020,FRYE ESPINOZA ESTEFANI,106,CONTRATO MENOR,CM,,SERVICIO ESPECIALIZADO EN MATERIA LEGAL.,1417,18,2.3. 2  9. 1  1,LOCACION DE SERVICIOS REALIZADOS POR PERSONAS NATURALES RELACIONADAS AL ROL DE LA ENTIDAD,10000.0,Compromiso
2026,1028,3,S,1120,2026-03-10,10157641005,GRANADOS MEJIA EDWIN FAUSTINO,106,CONTRATO MENOR,CM,,SERVICIO ESPECIALIZADO DE UN GESTOR DE PROYECTOS DE INVERSION PUBLICA .,1418,18,2.3. 2  9. 1  1,LOCACION DE SERVICIOS REALIZADOS POR PERSONAS NATURALES RELACIONADAS AL ROL DE LA ENTIDAD,10000.0,Compromiso
2026,1028,3,S,1121,2026-03-10,10727446686,CASTILLO OLAYA XIOMARA ELIZABETH,106,CONTRATO MENOR,CM,,SERVICIO DE GESTIÓN ADMINISTRATIVA.,1419,18,2.3. 2  9. 1  1,LOCACION DE SERVICIOS REALIZADOS POR PERSONAS NATURALES RELACIONADAS AL ROL DE LA ENTIDAD,17500.0,Compromiso
2026,1028,3,S,1122,2026-03-10,10714827150,CHOQUEHUANCA CRISTOBAL FELIX ALEXANDER,106,CONTRATO MENOR,CM,,SERVICIO DE FACILITADOR EN TEMAS DE SEGURIDAD Y SALUD EN EL TRABAJO PARA LA ORH,1316,18,2.3. 2  9. 1  1,LOCACION DE SERVICIOS REALIZADOS POR PERSONAS NATURALES RELACIONADAS AL ROL DE LA ENTIDAD,20000.0,Compromiso
2026,1028,3,S,1123,2026-03-10,10768633121,SALINAS NEGRETE NATALY JOSELYN,106,CONTRATO MENOR,CM,,SERVICIO DE ASISTENCIA TÉCNICA ADMINISTRATIVA PARA LA OFICINA DE RECURSOS HUMANOS DEL GOBIERNO,1317,18,2.3. 2  9. 1  1,LOCACION DE SERVICIOS REALIZADOS POR PERSONAS NATURALES RELACIONADAS AL ROL DE LA ENTIDAD,20000.0,Compromiso
2026,1028,3,S,1124,2026-03-10,10471534655,ROMERO MELGAREJO LUIS ENRIQUE,106,CONTRATO MENOR,CM,,SERVICIO ESPECIALIZADO EN RECURSOS HUMANOS PARA CULTURA Y CLIMA LABORAL EN LA OFICINA DE RECURSOS,1318,18,2.3. 2  9. 1  1,LOCACION DE SERVICIOS REALIZADOS POR PERSONAS NATURALES RELACIONADAS AL ROL DE LA ENTIDAD,13000.0,Compromiso
2026,1028,3,S,1125,2026-03-10,10750662540,SALDAÑA NUÑEZ TERESA MARIA DE LOS SANTOS,106,CONTRATO MENOR,CM,,SERVICIO ESPECIALIZADO EN ELABORACIÓN DE PLANILLA DE PAGOS DEL PERSONAL PARA LA OFICINA DE RECURSOS,1319,18,2.3. 2  9. 1  1,LOCACION DE SERVICIOS REALIZADOS POR PERSONAS NATURALES RELACIONADAS AL ROL DE LA ENTIDAD,24000.0,Compromiso
2026,1028,3,S,1126,2026-03-10,10427533382,MENDOZA CARRASCO EVELIN JULISA,106,CONTRATO MENOR,CM,,SERVICIO ESPECIALIZADO EN ASUNTOS LEGALES ADMINISTRATIVOS PARA LA SECRETARÍA TÉCNICA-PAD,1320,18,2.3. 2  9. 1  1,LOCACION DE SERVICIOS REALIZADOS POR PERSONAS NATURALES RELACIONADAS AL ROL DE LA ENTIDAD,28000.0,Compromiso
2026,1028,3,S,1127,2026-03-10,10768383222,VASQUEZ VENEGAS WALTER LUIS,106,CONTRATO MENOR,CM,,SERVICIO DE REVISIÓN LEGAL Y ELABORACIÓN DE DOCUMENTOS PARA LA SECRETARÍA TÉCNICA -PAD,1326,18,2.3. 2  9. 1  1,LOCACION DE SERVICIOS REALIZADOS POR PERSONAS NATURALES RELACIONADAS AL ROL DE LA ENTIDAD,20000.0,Compromiso
2026,1028,3,S,1128,2026-03-10,10406860456,QUILLAY LAURA NATAN ANTONIO,106,CONTRATO MENOR,CM,,SERVICIO DE ABSOLUCIÓN DE CONSULTA LEGAL EN DERECHO LABORAL PARA LA OFICINA DE RECURSOS HUMANOS.,1327,18,2.3. 2  9. 1  1,LOCACION DE SERVICIOS REALIZADOS POR PERSONAS NATURALES RELACIONADAS AL ROL DE LA ENTIDAD,28000.0,Compromiso
2026,1028,3,S,1129,2026-03-10,10408549791,CALDERON ZUÑIGA JESUS,106,CONTRATO MENOR,CM,,SERVICIO ESPECIALIZADO EN GESTIÓN PÚBLICA PARA - ODVPIOVS - CINCO ENTREGABLES,1356,18,2.3. 2  9. 1  1,LOCACION DE SERVICIOS REALIZADOS POR PERSONAS NATURALES RELACIONADAS AL ROL DE LA ENTIDAD,35000.0,Compromiso
2026,1028,3,S,1130,2026-03-10,10090836388,VALVAS COSSIO MARIVEL ADA,106,CONTRATO MENOR,CM,,SERVICIO DE ASISTENCIA EN SEGUIMIENTO DE ACTIVIDADES ADMINIS  PARA - ODVPIOVS - CUATRO ENTREGABLES,1357,18,2.3. 2  9. 1  1,LOCACION DE SERVICIOS REALIZADOS POR PERSONAS NATURALES RELACIONADAS AL ROL DE LA ENTIDAD,20000.0,Compromiso
2026,1028,3,S,1131,2026-03-10,10104948605,MANRIQUE MANCILLA JULISSA ANGELICA,106,CONTRATO MENOR,CM,,SERVICIO DE EJECUCION Y MONITOREO DE LA GESTION ADMINISTRATIVA  PARA - ODVPIOVS - CUATRO ENTREGABLES,1358,18,2.3. 2  9. 1  1,LOCACION DE SERVICIOS REALIZADOS POR PERSONAS NATURALES RELACIONADAS AL ROL DE LA ENTIDAD,20000.0,Compromiso
2026,1028,3,S,1132,2026-03-10,10701294993,CAYO HERNANDEZ ELIZABETH BRIZETH,106,CONTRATO MENOR,CM,,SERVICIO ESPECIALIZADO EN PROCESOS ADMINISTRATIVOS Y LOGISTICOS  PARA - ODVPIOVS - CINCO ENTREGABLES,1359,18,2.3. 2  9. 1  1,LOCACION DE SERVICIOS REALIZADOS POR PERSONAS NATURALES RELACIONADAS AL ROL DE LA ENTIDAD,20000.0,Compromiso
2026,1028,3,S,1133,2026-03-10,10418448208,TORRES CARDOZO PATRICIA VERONICA,106,CONTRATO MENOR,CM,,SERVICIO PARA LA COORDINACION Y GESTION DE ACTIVIDADES SECRETARI PARA - ODVPIOVS - CINCO ENTREGABLES,1360,18,2.3. 2  9. 1  1,LOCACION DE SERVICIOS REALIZADOS POR PERSONAS NATURALES RELACIONADAS AL ROL DE LA ENTIDAD,20000.0,Compromiso
2026,1028,3,S,1134,2026-03-10,10466595395,SILVA RAU EDUARDO ALBERTO,106,CONTRATO MENOR,CM,,SERVICIO DE REVISION Y SEGUIMIENTO Y REGISTRO DE LOS REQUERIMIEN PARA - ODVPIOVS -CUATRO ENTREGABLES,1361,18,2.3. 2  9. 1  1,LOCACION DE SERVICIOS REALIZADOS POR PERSONAS NATURALES RELACIONADAS AL ROL DE LA ENTIDAD,22000.0,Compromiso
2026,1028,3,S,1135,2026-03-10,10716697075,ZUÑIGA ALFARO PAOLO YUZEP,106,CONTRATO MENOR,CM,,SERVICIO DE ASISTENCIA TECNICA EN GESTION DE PROCESOS  PARA - ODVPIOVS - CUATRO ENTREGABLES,1362,18,2.3. 2  9. 1  1,LOCACION DE SERVICIOS REALIZADOS POR PERSONAS NATURALES RELACIONADAS AL ROL DE LA ENTIDAD,22000.0,Compromiso
2026,1028,3,S,1136,2026-03-10,10437093780,BELISARIO CASTAÑEDA JUAN VICENTE,106,CONTRATO MENOR,CM,,SERVICIO DE ASISTENCIA TECNICA LEGAL II  PARA - ODVPIOVS - CINCO ENTREGABLES,1363,18,2.3. 2  9. 1  1,LOCACION DE SERVICIOS REALIZADOS POR PERSONAS NATURALES RELACIONADAS AL ROL DE LA ENTIDAD,30000.0,Compromiso
2026,1028,3,S,1137,2026-03-10,10754316271,SAENZ RIVAS ALEXANDER RAFAEL,106,CONTRATO MENOR,CM,,SERVICIO DE VERIFICACION Y TRASLADO DE BIENES PARA - ODVPIOVS - DOS ENTREGABLES,1364,18,2.3. 2  9. 1  1,LOCACION DE SERVICIOS REALIZADOS POR PERSONAS NATURALES RELACIONADAS AL ROL DE LA ENTIDAD,5000.0,Compromiso
2026,1028,3,S,1138,2026-03-10,10257950595,LORENZO QUISPE LUZ,106,CONTRATO MENOR,CM,,SERVICIO DE SEGUIMIENTO Y ASISTENCIA EN ACTIVIDADES ADMINISTRATI PARA - ODVPIOVS -CUATRO ENTREGABLES,1365,18,2.3. 2  9. 1  1,LOCACION DE SERVICIOS REALIZADOS POR PERSONAS NATURALES RELACIONADAS AL ROL DE LA ENTIDAD,16000.0,Compromiso
2026,1028,3,S,1139,2026-03-10,10255528080,APONTE HILARIO ROMULO RAFAEL,106,CONTRATO MENOR,CM,,SERVICIO DE VERIFICACION PARA RCHIVOS I  PARA - ODVPIOVS - CINCO ENTREGABLES,1367,18,2.3. 2  9. 1  1,LOCACION DE SERVICIOS REALIZADOS POR PERSONAS NATURALES RELACIONADAS AL ROL DE LA ENTIDAD,10000.0,Compromiso
2026,1028,3,S,1140,2026-03-10,10776708939,JIMENEZ GARCIA JOAQUIN DE JESUS,106,CONTRATO MENOR,CM,,SERVICIO DE ORDENAMIENTO DE DOCUMENTOS DE ARCHIVO I,1334,18,2.3. 2  9. 1  1,LOCACION DE SERVICIOS REALIZADOS POR PERSONAS NATURALES RELACIONADAS AL ROL DE LA ENTIDAD,9000.0,Compromiso
2026,1028,3,S,1141,2026-03-10,10736237658,PICASSO TICA VINCCENZO ALFIERI,106,CONTRATO MENOR,CM,,SERVICIO DE ASISTENCIA TECNICA ADMINISTRATIVA I,1335,18,2.3. 2  9. 1  1,LOCACION DE SERVICIOS REALIZADOS POR PERSONAS NATURALES RELACIONADAS AL ROL DE LA ENTIDAD,15000.0,Compromiso
2026,1028,3,S,1142,2026-03-10,10107284121,ANDRICH VALLE ANNIE JANE,106,CONTRATO MENOR,CM,,SERVICIO DE ASISTENCIA TECNICA ADMINISTRATIVA II,1336,18,2.3. 2  9. 1  1,LOCACION DE SERVICIOS REALIZADOS POR PERSONAS NATURALES RELACIONADAS AL ROL DE LA ENTIDAD,16500.0,Compromiso
2026,1028,3,S,1143,2026-03-10,10433160431,ALLENDE LIZARRAGA PAUL CHRISTOPHER,106,CONTRATO MENOR,CM,,SERVICIO DE CONTROL DOCUMENTARIO Y ADMINISTRATIVO,1337,18,2.3. 2  9. 1  1,LOCACION DE SERVICIOS REALIZADOS POR PERSONAS NATURALES RELACIONADAS AL ROL DE LA ENTIDAD,10500.0,Compromiso
2026,1028,3,S,1144,2026-03-10,10099628079,PACHAS SAENZ LUIS ENRIQUE,106,CONTRATO MENOR,CM,,SERVICIO DE COORDINACIÓN PARA LA GESTIÓN DE ADQUISICIONES MENORES A 8 UIT,1338,18,2.3. 2  9. 1  1,LOCACION DE SERVICIOS REALIZADOS POR PERSONAS NATURALES RELACIONADAS AL ROL DE LA ENTIDAD,24000.0,Compromiso
2026,1028,3,S,1145,2026-03-10,10476126512,EVELYN CHAFLOQUE ALVARADO,106,CONTRATO MENOR,CM,,SERVICIO DE ANALISIS DE PROCESOS DE CONTRATACION MENORES O IGUALES A 8 UITS I,1339,18,2.3. 2  9. 1  1,LOCACION DE SERVICIOS REALIZADOS POR PERSONAS NATURALES RELACIONADAS AL ROL DE LA ENTIDAD,21000.0,Compromiso
2026,1028,3,S,1146,2026-03-10,10441211134,CHAHUAYLLA TRUJILLO HILDA MARIBEL,106,CONTRATO MENOR,CM,,SERVICIO DE ANALISIS DE PROCESOS DE CONTRATACION MENORES O IGUALES A 8 UITS II,1340,18,2.3. 2  9. 1  1,LOCACION DE SERVICIOS REALIZADOS POR PERSONAS NATURALES RELACIONADAS AL ROL DE LA ENTIDAD,21000.0,Compromiso
2026,1028,3,S,1147,2026-03-10,10759218405,ROBERT NICHOLAS BACALLA SCARAFONE,106,CONTRATO MENOR,CM,,SERVICIO DE ANALISIS DE PROCESOS DE CONTRATACION MENORES O IGUALES A 8 UITS III,1341,18,2.3. 2  9. 1  1,LOCACION DE SERVICIOS REALIZADOS POR PERSONAS NATURALES RELACIONADAS AL ROL DE LA ENTIDAD,21000.0,Compromiso
2026,1028,3,S,1148,2026-03-10,10458038487,RAMOS VALLADOLID KATHERINE YSBEL,106,CONTRATO MENOR,CM,,SERVICIO DE ANALISIS DE PROCESOS DE CONTRATACION MENORES O IGUALES A 8 UITS IV,1342,18,2.3. 2  9. 1  1,LOCACION DE SERVICIOS REALIZADOS POR PERSONAS NATURALES RELACIONADAS AL ROL DE LA ENTIDAD,21000.0,Compromiso
2026,1028,3,S,1149,2026-03-10,10722481475,NICHO ORDOÑEZ KEVIN FRANCHESCOLY,106,CONTRATO MENOR,CM,,SERVICIO DE ANALISIS DE PROCESOS DE CONTRATACION MENORES O IGUALES A 8 UITS V,1343,18,2.3. 2  9. 1  1,LOCACION DE SERVICIOS REALIZADOS POR PERSONAS NATURALES RELACIONADAS AL ROL DE LA ENTIDAD,21000.0,Compromiso
2026,1028,3,S,1150,2026-03-10,10717297917,RENATO JOSE COLOMA LOPEZ,106,CONTRATO MENOR,CM,,SERVICIO DE ANALISIS DE PROCESOS DE CONTRATACION MENORES O IGUALES A 8 UITS VI,1344,18,2.3. 2  9. 1  1,LOCACION DE SERVICIOS REALIZADOS POR PERSONAS NATURALES RELACIONADAS AL ROL DE LA ENTIDAD,21000.0,Compromiso
2026,1028,3,S,1150,2026-03-10,10717297917,RENATO JOSE COLOMA LOPEZ,106,CONTRATO MENOR,CM,,SERVICIO DE ANALISIS DE PROCESOS DE CONTRATACION MENORES O IGUALES A 8 UITS VI,1344,18,2.3. 2  9. 1  1,LOCACION DE SERVICIOS REALIZADOS POR PERSONAS NATURALES RELACIONADAS AL ROL DE LA ENTIDAD,-14000.0,Rebaja
2026,1028,3,S,1151,2026-03-10,10763628227,JUSCAMAITA FLORES JEREMY AARON,106,CONTRATO MENOR,CM,,SERVICIO ESPECIALIZADO DE ACUERDO MARCO,1345,18,2.3. 2  9. 1  1,LOCACION DE SERVICIOS REALIZADOS POR PERSONAS NATURALES RELACIONADAS AL ROL DE LA ENTIDAD,21000.0,Compromiso
2026,1028,3,S,1152,2026-03-10,10467678057,MONTOYA SALVATIERRA ANTONY GUILLERMO,106,CONTRATO MENOR,CM,,"SERVICIO DE PLANIFICACION, PROGRAMACION DE BIENES, SERVICIOS Y GESTION PRESUPUESTAL DE LAS CONTRATAC",1346,18,2.3. 2  9. 1  1,LOCACION DE SERVICIOS REALIZADOS POR PERSONAS NATURALES RELACIONADAS AL ROL DE LA ENTIDAD,22500.0,Compromiso
2026,1028,3,S,1153,2026-03-10,10088863998,MILLER EDISON MATUTE RAMOS,106,CONTRATO MENOR,CM,,SERVICIO DE ANALISIS DE PROCESOS DE CONTRATACION MENORES O IGUALES A 8 UITS VII,1347,18,2.3. 2  9. 1  1,LOCACION DE SERVICIOS REALIZADOS POR PERSONAS NATURALES RELACIONADAS AL ROL DE LA ENTIDAD,21000.0,Compromiso
2026,1028,3,S,1154,2026-03-10,10738070998,OYAGUE CASTILLO ANDREA LUCIA,106,CONTRATO MENOR,CM,,SERVICIO DE ANALISIS DE PROCESOS DE CONTRATACION MENORES O IGUALES A 8 UITS VIII,1348,18,2.3. 2  9. 1  1,LOCACION DE SERVICIOS REALIZADOS POR PERSONAS NATURALES RELACIONADAS AL ROL DE LA ENTIDAD,21000.0,Compromiso
2026,1028,3,S,1155,2026-03-10,10422175381,PEREZ ROCA AVALOS JUAN GABRIEL,106,CONTRATO MENOR,CM,,SERVICIO DE COORDINACIÓN EN LOGÍSTICA,1349,18,2.3. 2  9. 1  1,LOCACION DE SERVICIOS REALIZADOS POR PERSONAS NATURALES RELACIONADAS AL ROL DE LA ENTIDAD,22500.0,Compromiso
2026,1028,3,S,1156,2026-03-10,10465877508,GUILLEN TRUJILLO MARIA ELMADIA,106,CONTRATO MENOR,CM,,SERVICIO DE EJECUCIÓN DE PROCEDIMIENTOS DE SELECCIÓN DE LAS CONTRATACIONES DEL ESTADO I,1350,18,2.3. 2  9. 1  1,LOCACION DE SERVICIOS REALIZADOS POR PERSONAS NATURALES RELACIONADAS AL ROL DE LA ENTIDAD,24000.0,Compromiso
2026,1028,3,S,1157,2026-03-10,10084829507,JOSE LUIS ORMEÑO RAMIREZ,106,CONTRATO MENOR,CM,,SERVICIO DE EJECUCIÓN DE PROCEDIMIENTOS DE SELECCIÓN DE LAS CONTRATACIONES DEL ESTADO II,1351,18,2.3. 2  9. 1  1,LOCACION DE SERVICIOS REALIZADOS POR PERSONAS NATURALES RELACIONADAS AL ROL DE LA ENTIDAD,24000.0,Compromiso
2026,1028,3,S,1158,2026-03-10,10447028862,EDILBERTO MARIO OCHOA PARIA,106,CONTRATO MENOR,CM,,SERVICIO DE EJECUCIÓN DE PROCEDIMIENTOS DE SELECCIÓN DE LAS CONTRATACIONES DEL ESTADO III,1352,18,2.3. 2  9. 1  1,LOCACION DE SERVICIOS REALIZADOS POR PERSONAS NATURALES RELACIONADAS AL ROL DE LA ENTIDAD,24000.0,Compromiso
2026,1028,3,S,1159,2026-03-10,10430682976,JOSE MANUEL PALACIN ESPINOZA,106,CONTRATO MENOR,CM,,SERVICIO DE EJECUCIÓN DE PROCEDIMIENTOS DE SELECCIÓN DE LAS CONTRATACIONES DEL ESTADO IV,1353,18,2.3. 2  9. 1  1,LOCACION DE SERVICIOS REALIZADOS POR PERSONAS NATURALES RELACIONADAS AL ROL DE LA ENTIDAD,22500.0,Compromiso
2026,1028,3,S,1160,2026-03-10,10712589391,INGA REYES IAN PAUL CESAR,106,CONTRATO MENOR,CM,,SERVICIO DE EJECUCIÓN DE PROCEDIMIENTOS DE SELECCIÓN DE LAS CONTRATACIONES DEL ESTADO V,1354,18,2.3. 2  9. 1  1,LOCACION DE SERVICIOS REALIZADOS POR PERSONAS NATURALES RELACIONADAS AL ROL DE LA ENTIDAD,22500.0,Compromiso
2026,1028,3,S,1161,2026-03-10,10028468984,BARRANTES GALLO ELENA PAOLA,106,CONTRATO MENOR,CM,,SERVICIO ESPECIALIZADO EN GESTIÓN PÚBLICA PARA LA OFICINA DE RECURSOS HUMANOS.,1328,18,2.3. 2  9. 1  1,LOCACION DE SERVICIOS REALIZADOS POR PERSONAS NATURALES RELACIONADAS AL ROL DE LA ENTIDAD,40000.0,Compromiso
2026,1028,3,S,1162,2026-03-10,10771693577,QUIÑONEZ SANCHEZ PIERO MARCELO,106,CONTRATO MENOR,CM,,SERVICIO DE ASISTENCIA TECNICA ADMINISTRATIVA.,1420,18,2.3. 2  9. 1  1,LOCACION DE SERVICIOS REALIZADOS POR PERSONAS NATURALES RELACIONADAS AL ROL DE LA ENTIDAD,5000.0,Compromiso
2026,1028,3,S,1163,2026-03-10,10714098794,CALDERON BARDALES MARIA DEL PILAR,106,CONTRATO MENOR,CM,,SERVICIO LEGAL PARA LA REVISIÓN DE DOCUMENTOS DE GESTIÓN ADMINISTRATIVA PARA LA SECRETARÍA TÉCNICA,1329,18,2.3. 2  9. 1  1,LOCACION DE SERVICIOS REALIZADOS POR PERSONAS NATURALES RELACIONADAS AL ROL DE LA ENTIDAD,28000.0,Compromiso
2026,1028,3,S,1164,2026-03-10,10426425608,LLASHAG RIOS ALEXANDER ALFREDO,106,CONTRATO MENOR,CM,,SERVICIO DE ASISTENCIA LEGAL EN PROCESOS ADMINISTRATIVO PARA LA OFICINA DE RECURSOS HUMANOS.,1330,18,2.3. 2  9. 1  1,LOCACION DE SERVICIOS REALIZADOS POR PERSONAS NATURALES RELACIONADAS AL ROL DE LA ENTIDAD,30000.0,Compromiso
2026,1028,3,S,1165,2026-03-10,10744906704,FLORES YANCAPALLO ASHLI LUZ,106,CONTRATO MENOR,CM,,SERVICIO DE ASISTENCIA TECNICA LEGAL PARA LA OFICINA DE RECURSOS HUMANOS.,1333,18,2.3. 2  9. 1  1,LOCACION DE SERVICIOS REALIZADOS POR PERSONAS NATURALES RELACIONADAS AL ROL DE LA ENTIDAD,22000.0,Compromiso
2026,1028,3,S,1166,2026-03-10,10467165670,PONCE LLANGE STEPHANY ZOILA,106,CONTRATO MENOR,CM,,SERVICIO ESPECIALIZADO EN MATERIA LEGAL,1421,18,2.3. 2  9. 1  1,LOCACION DE SERVICIOS REALIZADOS POR PERSONAS NATURALES RELACIONADAS AL ROL DE LA ENTIDAD,12000.0,Compromiso
2026,1028,3,S,1167,2026-03-10,10464805724,LA TORRE GAMBOA FELIX ALBERTO,106,CONTRATO MENOR,CM,,SERVICIO DE CONDUCCION DE VEHICULO,1321,18,2.3. 2  9. 1  1,LOCACION DE SERVICIOS REALIZADOS POR PERSONAS NATURALES RELACIONADAS AL ROL DE LA ENTIDAD,14000.0,Compromiso
2026,1028,3,S,1168,2026-03-10,10255985162,CASTILLO SALAS CRISTIAN MARTIN,106,CONTRATO MENOR,CM,,SERVICIO DE CONDUCCION DE VEHICULO,1322,18,2.3. 2  9. 1  1,LOCACION DE SERVICIOS REALIZADOS POR PERSONAS NATURALES RELACIONADAS AL ROL DE LA ENTIDAD,5000.0,Compromiso
2026,1028,3,S,1169,2026-03-10,10751525546,ZAVALETA CORONADO MARIO ISRAEL,106,CONTRATO MENOR,CM,,SERVICIO DE CONDUCCION DE VEHICULO,1323,18,2.3. 2  9. 1  1,LOCACION DE SERVICIOS REALIZADOS POR PERSONAS NATURALES RELACIONADAS AL ROL DE LA ENTIDAD,14000.0,Compromiso
2026,1028,3,S,1170,2026-03-10,10728767389,CUTTI GODOS YARE YAMILET,106,CONTRATO MENOR,CM,,SERVICIO DE SEGUIMIENTO DE ACTIVIDADES Y EXPEDIENTES ADMINISTRATIVOS,1324,18,2.3. 2  9. 1  1,LOCACION DE SERVICIOS REALIZADOS POR PERSONAS NATURALES RELACIONADAS AL ROL DE LA ENTIDAD,6000.0,Compromiso
2026,1028,3,S,1171,2026-03-10,10085380813,SALINAS GAVE VICTOR ALEJANDRO,106,CONTRATO MENOR,CM,,SERVICIO DE CONDUCCION DE VEHICULO,1325,18,2.3. 2  9. 1  1,LOCACION DE SERVICIOS REALIZADOS POR PERSONAS NATURALES RELACIONADAS AL ROL DE LA ENTIDAD,10000.0,Compromiso
2026,1028,3,S,1172,2026-03-10,10768429401,HERVIAS CALDAS JORGE BRAYAN HANS,106,CONTRATO MENOR,CM,,SERVICIO DE GESTIÓN Y SEGUIMIENTO DE ACTIVIDADES,1331,18,2.3. 2  9. 1  1,LOCACION DE SERVICIOS REALIZADOS POR PERSONAS NATURALES RELACIONADAS AL ROL DE LA ENTIDAD,20000.0,Compromiso
2026,1028,3,S,1173,2026-03-10,15461280797,VILLAFUERTE SALAS CARLOS VICENTE,106,CONTRATO MENOR,CM,,SERVICIO DE GESTIÓN ADMINISTRATIVA,1332,18,2.3. 2  9. 1  1,LOCACION DE SERVICIOS REALIZADOS POR PERSONAS NATURALES RELACIONADAS AL ROL DE LA ENTIDAD,28000.0,Compromiso
2026,1028,3,S,1174,2026-03-10,10254299176,SURAY VALDEZ NICOLAS SEGUNDO,106,CONTRATO MENOR,CM,,SERVICIO DE SUPERVISOR DE SEGURIDAD V - SEDE CENTRAL DEL GOBIERNO REGIONAL DEL CALLAO,1373,18,2.3. 2  9. 1  1,LOCACION DE SERVICIOS REALIZADOS POR PERSONAS NATURALES RELACIONADAS AL ROL DE LA ENTIDAD,10000.0,Compromiso
2026,1028,3,S,1175,2026-03-10,10408690400,ALVAREZ CONDORI MARCO ANTONIO,106,CONTRATO MENOR,CM,,SERVICIO DE SUPERVISOR DE SEGURIDAD VI - SEDE CENTRAL DEL GOBIERNO REGIONAL DEL CALLAO,1374,18,2.3. 2  9. 1  1,LOCACION DE SERVICIOS REALIZADOS POR PERSONAS NATURALES RELACIONADAS AL ROL DE LA ENTIDAD,10000.0,Compromiso
2026,1028,3,S,1176,2026-03-10,10743638960,HIDALGO NOREÑA YON ROSMEL,106,CONTRATO MENOR,CM,,SERVICIO DE SUPERVISOR GENERAL DE SEGURIDAD I - SEDE JUAN PABLO II DEL GOBIERNO REGIONAL DEL CALLAO,1375,18,2.3. 2  9. 1  1,LOCACION DE SERVICIOS REALIZADOS POR PERSONAS NATURALES RELACIONADAS AL ROL DE LA ENTIDAD,14000.0,Compromiso
2026,1028,3,S,1177,2026-03-10,10075194728,NINA ALFEREZ GENARO CONSTANCIO,106,CONTRATO MENOR,CM,,SERVICIO DE SUPERVISOR DE SEGURIDAD I - SEDE JUAN PABLO II DEL GOBIERNO REGIONAL DEL CALLAO,1376,18,2.3. 2  9. 1  1,LOCACION DE SERVICIOS REALIZADOS POR PERSONAS NATURALES RELACIONADAS AL ROL DE LA ENTIDAD,10000.0,Compromiso
2026,1028,3,S,1178,2026-03-10,10412875392,OSORNO OROTIA LISANDRA PAOLA,106,CONTRATO MENOR,CM,,SERVICIO DE AUXILIAR DE SEGURIDAD I - SEDE JUAN PABLO II DEL GOBIERNO REGIONAL DEL CALLAO,1377,18,2.3. 2  9. 1  1,LOCACION DE SERVICIOS REALIZADOS POR PERSONAS NATURALES RELACIONADAS AL ROL DE LA ENTIDAD,7500.0,Compromiso
2026,1028,3,S,1179,2026-03-10,10258298000,MACHIAVELLO SILVA DE VASQUEZ ESTELA,106,CONTRATO MENOR,CM,,SERVICIO DE APOYO DE SEGURIDAD IV - SEDE JUAN PABLO II DEL GOBIERNO REGIONAL DEL CALLAO,1378,18,2.3. 2  9. 1  1,LOCACION DE SERVICIOS REALIZADOS POR PERSONAS NATURALES RELACIONADAS AL ROL DE LA ENTIDAD,6000.0,Compromiso
2026,1028,3,S,1180,2026-03-10,10257630078,VARGAS ARROYO LAURA BARBARITA,106,CONTRATO MENOR,CM,,SERVICIO DE APOYO DE SEGURIDAD V - SEDE JUAN PABLO II DEL GOBIERNO REGIONAL DEL CALLAO,1379,18,2.3. 2  9. 1  1,LOCACION DE SERVICIOS REALIZADOS POR PERSONAS NATURALES RELACIONADAS AL ROL DE LA ENTIDAD,6000.0,Compromiso
2026,1028,3,S,1181,2026-03-10,10467285021,SANCHEZ ROBLES VIVIANA CARMEN,106,CONTRATO MENOR,CM,,SERVICIO DE AUXILIAR DE SEGURIDAD II - COMPLEJO DEPORTIVO TELMO CARBAJO DEL GOBIERNO REGIONAL DEL CA,1380,18,2.3. 2  9. 1  1,LOCACION DE SERVICIOS REALIZADOS POR PERSONAS NATURALES RELACIONADAS AL ROL DE LA ENTIDAD,7500.0,Compromiso
2026,1028,3,S,1182,2026-03-10,10256745475,CARRERAS BARREDO FELIX ROBERTO EULOGIO,106,CONTRATO MENOR,CM,,SERVICIO DE COORDINACION Y MONITOREO DE SEGURIDAD Y VIGILANCIA,1394,18,2.3. 2  9. 1  1,LOCACION DE SERVICIOS REALIZADOS POR PERSONAS NATURALES RELACIONADAS AL ROL DE LA ENTIDAD,27000.0,Compromiso
2026,1028,3,S,1183,2026-03-10,10255409056,AGUILAR DOMINGUEZ MARGARITA MERCEDES,106,CONTRATO MENOR,CM,,SERVICIO DE SUPERVISOR DE SEGURIDAD II - DIRECCION REGIONAL DE TRABAJO Y PROMOCION DEL EMPLEO,1381,18,2.3. 2  9. 1  1,LOCACION DE SERVICIOS REALIZADOS POR PERSONAS NATURALES RELACIONADAS AL ROL DE LA ENTIDAD,10000.0,Compromiso
2026,1028,3,S,1184,2026-03-10,10416732693,YRAOLA PALOMINO JULIA VICTORIA,106,CONTRATO MENOR,CM,,SERVICIO DE APOYO ADMINISTRATIVO - VILLA DEPORTIVA REGIONAL DEL GOBIERNO REGIONAL DEL CALLAO,1382,18,2.3. 2  9. 1  1,LOCACION DE SERVICIOS REALIZADOS POR PERSONAS NATURALES RELACIONADAS AL ROL DE LA ENTIDAD,10000.0,Compromiso
2026,1028,3,S,1185,2026-03-10,10434213482,HUIVIN VALDIVIA LUCI ESTHER,106,CONTRATO MENOR,CM,,SERVICIO DE AUXILIAR DE SEGURIDAD III - VILLA DEPORTIVA REGIONAL DEL GOBIERNO REGIONAL DEL CALLAO,1383,18,2.3. 2  9. 1  1,LOCACION DE SERVICIOS REALIZADOS POR PERSONAS NATURALES RELACIONADAS AL ROL DE LA ENTIDAD,7500.0,Compromiso
2026,1028,3,S,1186,2026-03-10,10420081257,UCHOFEN TERRONES LESLY VERONICA,106,CONTRATO MENOR,CM,,SERVICIO DE AUXILIAR DE SEGURIDAD IV - VILLA DEPORTIVA REGIONAL DEL GOBIERNO REGIONAL DEL CALLAO,1384,18,2.3. 2  9. 1  1,LOCACION DE SERVICIOS REALIZADOS POR PERSONAS NATURALES RELACIONADAS AL ROL DE LA ENTIDAD,7500.0,Compromiso
2026,1028,3,S,1187,2026-03-10,10258557871,GAVILAN ANGULO ANA LUZ,106,CONTRATO MENOR,CM,,SERVICIO DE AUXILIAR DE SEGURIDAD I - REFUGIO TEMPORAL,1385,18,2.3. 2  9. 1  1,LOCACION DE SERVICIOS REALIZADOS POR PERSONAS NATURALES RELACIONADAS AL ROL DE LA ENTIDAD,7500.0,Compromiso
2026,1028,3,S,1188,2026-03-10,10090480729,TORIBIO REYES NICANOR,106,CONTRATO MENOR,CM,,SERVICIO DE APOYO DE SEGURIDAD III - VILLA DEPORTIVA REGIONAL DEL GOBIERNO REGIONAL DEL CALLAO,1386,18,2.3. 2  9. 1  1,LOCACION DE SERVICIOS REALIZADOS POR PERSONAS NATURALES RELACIONADAS AL ROL DE LA ENTIDAD,6000.0,Compromiso
2026,1028,3,S,1189,2026-03-10,10402630049,VALIENTE ANDIA CARLOS ALBERTO,106,CONTRATO MENOR,CM,,SERVICIO DE SEGUIMIENTO Y MONITOREO DEL SERVICIO DE SEGURIDAD III - COMPLEJO DEPORTIVO TELMO CARBAJO,1392,18,2.3. 2  9. 1  1,LOCACION DE SERVICIOS REALIZADOS POR PERSONAS NATURALES RELACIONADAS AL ROL DE LA ENTIDAD,19000.0,Compromiso
2026,1028,3,S,1190,2026-03-10,10254233477,GOYONECHE DE LARA CARMEN ROSA,106,CONTRATO MENOR,CM,,SERVICIO DE SUPERVISOR DE SEGURIDAD III - DIRECCION REGIONAL DE TRABAJO Y PROMOCION DEL EMPLEO,1393,18,2.3. 2  9. 1  1,LOCACION DE SERVICIOS REALIZADOS POR PERSONAS NATURALES RELACIONADAS AL ROL DE LA ENTIDAD,10000.0,Compromiso
2026,1028,3,S,1191,2026-03-11,10474619279,VICTORIO CAMPOS JOSELIN VICTORIA,106,CONTRATO MENOR,CM,,"SERVICIO DE COORDINACIÓN EN PROGRAMACIÓN LOGÍSTICA, GESTIÓN ADMINISTRATIVA Y PRESUPUESTAL I",1387,18,2.3. 2  9. 1  1,LOCACION DE SERVICIOS REALIZADOS POR PERSONAS NATURALES RELACIONADAS AL ROL DE LA ENTIDAD,30000.0,Compromiso
2026,1028,3,S,1192,2026-03-11,10472104077,MEZA BASAGOITIA AARON ANTONIO,106,CONTRATO MENOR,CM,,SERVICIO ESPECIALIZADO EN CONTRATACIONES PÚBLICAS I,1388,18,2.3. 2  9. 1  1,LOCACION DE SERVICIOS REALIZADOS POR PERSONAS NATURALES RELACIONADAS AL ROL DE LA ENTIDAD,25000.0,Compromiso
2026,1028,3,S,1193,2026-03-11,10421613007,ALVITRES ALVARADO ANGEL,106,CONTRATO MENOR,CM,,SERVICIO ESPECIALIZADO EN CONTRATACIONES PÚBLICAS II,1389,18,2.3. 2  9. 1  1,LOCACION DE SERVICIOS REALIZADOS POR PERSONAS NATURALES RELACIONADAS AL ROL DE LA ENTIDAD,25000.0,Compromiso
2026,1028,3,S,1194,2026-03-11,10426382232,CALERO QUISPE EDMUNDO ALEXANDER,106,CONTRATO MENOR,CM,,SERVICIO DE SEGUIMIENTO Y ASISTENCIA DE ACTIVIDADES ADMINISTRATIVAS I,1390,18,2.3. 2  9. 1  1,LOCACION DE SERVICIOS REALIZADOS POR PERSONAS NATURALES RELACIONADAS AL ROL DE LA ENTIDAD,20000.0,Compromiso
2026,1028,3,S,1195,2026-03-11,10484291387,ALARCON YDROGO ERLI JEAN PAUL,106,CONTRATO MENOR,CM,,SERVICIO DE ASISTENCIA EN ALMACÉN Y EN CONTROL PATRIMONIAL I,1391,18,2.3. 2  9. 1  1,LOCACION DE SERVICIOS REALIZADOS POR PERSONAS NATURALES RELACIONADAS AL ROL DE LA ENTIDAD,20000.0,Compromiso
2026,1028,3,S,1196,2026-03-11,10409974142,CASTILLO CASTRO GIANCARLO SAUL,106,CONTRATO MENOR,CM,,SERVICIO DE REGISTRO Y RECEPCION DE BIENES EN ALMACEN I,1404,18,2.3. 2  9. 1  1,LOCACION DE SERVICIOS REALIZADOS POR PERSONAS NATURALES RELACIONADAS AL ROL DE LA ENTIDAD,15000.0,Compromiso
2026,1028,3,S,1197,2026-03-11,10102069680,MARRUFO LEON SAMUEL EDUARDO,106,CONTRATO MENOR,CM,,SERVICIO DE REGISTRO Y RECEPCION DE BIENES EN ALMACEN II,1405,18,2.3. 2  9. 1  1,LOCACION DE SERVICIOS REALIZADOS POR PERSONAS NATURALES RELACIONADAS AL ROL DE LA ENTIDAD,9000.0,Compromiso
2026,1028,3,S,1198,2026-03-11,10476656759,BURGA VARGAS DEYANIRA JASMIN,106,CONTRATO MENOR,CM,,SERVICIO DE CONTROL Y SEGUIMIENTO DE INGRESO Y SALIDA DE BIENES DE ALMACEN,1406,18,2.3. 2  9. 1  1,LOCACION DE SERVICIOS REALIZADOS POR PERSONAS NATURALES RELACIONADAS AL ROL DE LA ENTIDAD,7000.0,Compromiso
2026,1028,3,S,1199,2026-03-11,10727914965,ACO CASTILLO NICOLE MILAGROS,106,CONTRATO MENOR,CM,,SERVICIO DE RECEPCION Y VERIFICACION DE BIENES EN ALMACEN,1407,18,2.3. 2  9. 1  1,LOCACION DE SERVICIOS REALIZADOS POR PERSONAS NATURALES RELACIONADAS AL ROL DE LA ENTIDAD,10500.0,Compromiso
2026,1028,3,S,1200,2026-03-11,10441013201,CRUZ BACILIO FLOR DEL PILAR,106,CONTRATO MENOR,CM,,SERVICIO DE SEGUIMIENTO DE DOCUMENTOS ADMINISTRATIVOS I,1408,18,2.3. 2  9. 1  1,LOCACION DE SERVICIOS REALIZADOS POR PERSONAS NATURALES RELACIONADAS AL ROL DE LA ENTIDAD,18000.0,Compromiso
2026,1028,3,S,1201,2026-03-11,10703301423,JAIME BUENDIA MICHELLE GEORGEANNA,106,CONTRATO MENOR,CM,,SERVICIO DE SEGUIMIENTO DE DOCUMENTOS ADMINISTRATIVOS II,1409,18,2.3. 2  9. 1  1,LOCACION DE SERVICIOS REALIZADOS POR PERSONAS NATURALES RELACIONADAS AL ROL DE LA ENTIDAD,15000.0,Compromiso
2026,1028,3,S,1202,2026-03-11,10405878327,ACUACHE DE LA CRUZ CHRISTIAN PAUL,106,CONTRATO MENOR,CM,,SERVICIO DE SEGUIMIENTO DE DOCUMENTOS ADMINISTRATIVOS III,1410,18,2.3. 2  9. 1  1,LOCACION DE SERVICIOS REALIZADOS POR PERSONAS NATURALES RELACIONADAS AL ROL DE LA ENTIDAD,18000.0,Compromiso
2026,1028,3,S,1203,2026-03-11,10415479498,PALACIOS MONTES DEYSY,106,CONTRATO MENOR,CM,,SERVICIO DE CLASIFICACIÓN Y ORDENAMIENTO DE ARCHIVOS,1411,18,2.3. 2  9. 1  1,LOCACION DE SERVICIOS REALIZADOS POR PERSONAS NATURALES RELACIONADAS AL ROL DE LA ENTIDAD,15000.0,Compromiso
2026,1028,3,S,1204,2026-03-11,10416766547,HEBER MISAEL CASTAÑEDA ALFARO,106,CONTRATO MENOR,CM,,SERVICIO DE COORDINACION ADMINISTRATIVA,1412,18,2.3. 2  9. 1  1,LOCACION DE SERVICIOS REALIZADOS POR PERSONAS NATURALES RELACIONADAS AL ROL DE LA ENTIDAD,21000.0,Compromiso
2026,1028,3,S,1205,2026-03-11,10763990368,CRUZ CAMPOS HUGO FERNANDO,106,CONTRATO MENOR,CM,,SERVICIO DE ASISTENCIA EN GESTION DOCUMENTAL,1413,18,2.3. 2  9. 1  1,LOCACION DE SERVICIOS REALIZADOS POR PERSONAS NATURALES RELACIONADAS AL ROL DE LA ENTIDAD,9000.0,Compromiso
2026,1028,3,S,1206,2026-03-11,10446906017,NUÑEZ HUISAYAURI ELIZABETH VICTORIA,106,CONTRATO MENOR,CM,,SERVICIO ESPECIALIZADO EN MATERIA LEGAL,1414,18,2.3. 2  9. 1  1,LOCACION DE SERVICIOS REALIZADOS POR PERSONAS NATURALES RELACIONADAS AL ROL DE LA ENTIDAD,27000.0,Compromiso
2026,1028,3,S,1207,2026-03-11,10447634622,RUIZ OSORIO CYNTHIA YRMA,106,CONTRATO MENOR,CM,,SERVICIO DE ANALISIS Y EVALUACION DE INFORMES EN MATERIA DE DERECHO LABORAL DE LA PROCURADURIA,1399,18,2.3. 2  9. 1  1,LOCACION DE SERVICIOS REALIZADOS POR PERSONAS NATURALES RELACIONADAS AL ROL DE LA ENTIDAD,18600.0,Compromiso
2026,1028,3,S,1208,2026-03-11,10409773104,TALLEDO GARCES REYNALDO,106,CONTRATO MENOR,CM,,SERVICIO DE AUXILIO MECÁNICO AUTOMOTOR PARA LA UNIDAD DE SERVICIOS GENERALES Y VEHICULOS LIVIANOS.,1400,18,2.3. 2  9. 1  1,LOCACION DE SERVICIOS REALIZADOS POR PERSONAS NATURALES RELACIONADAS AL ROL DE LA ENTIDAD,16000.0,Compromiso
2026,1028,3,S,1209,2026-03-11,10706996201,PORTOCARRERO CHICOMA PABLO MANUEL,106,CONTRATO MENOR,CM,,SERVICIO DE PINTADO DE MUROS PARA LA UNIDAD DE SERVICIOS GENERALES Y VEHICULOS LIVIANOS.,1401,18,2.3. 2  9. 1  1,LOCACION DE SERVICIOS REALIZADOS POR PERSONAS NATURALES RELACIONADAS AL ROL DE LA ENTIDAD,3000.0,Compromiso
2026,1028,3,S,1210,2026-03-11,10753577853,PEREZ OLORTIGUE FERNANDO MARTIN,106,CONTRATO MENOR,CM,,SERVICIO DE ASISTENCIA EN SERVICIOS GENERALES PARA LA UNIDAD DE SERVICIOS GENERALES Y VEHICULOS LIVI,1402,18,2.3. 2  9. 1  1,LOCACION DE SERVICIOS REALIZADOS POR PERSONAS NATURALES RELACIONADAS AL ROL DE LA ENTIDAD,3000.0,Compromiso
2026,1028,3,S,1211,2026-03-11,10458574591,VELASQUEZ SEMINARIO JHONATAN MITCHELL,106,CONTRATO MENOR,CM,,SERVICIO  DE OPERARIOS PARA LA UNIDAD DE SERVICIOS GENERALES Y VEHICULOS LIVIANOS.,1403,18,2.3. 2  9. 1  1,LOCACION DE SERVICIOS REALIZADOS POR PERSONAS NATURALES RELACIONADAS AL ROL DE LA ENTIDAD,3000.0,Compromiso
2026,1028,3,S,1212,2026-03-11,10457848361,CCENHUA BADAJOS YNES,106,CONTRATO MENOR,CM,,SERVICIO DE ORGANIZACIÓN DE EVENTO PARA EL EVENTO PROTOCOLAR,1415,18,2.3. 2  7. 9 99,OTROS RELACIONADOS A ORGANIZACION DE EVENTOS,10000.0,Compromiso
2026,1028,3,S,1213,2026-03-11,20549393021,ORQUIDEA PUBLICIDAD S.A.C.,106,CONTRATO MENOR,CM,,CONTRATACIÓN DEL SERVICIO PARA LA REALIZACIÓN DE LAS PUBLICACIONES DE LAS RESOLUCIONES EMITIDAS POR LA OFICINA DE GESTIÓN PATRIMONIAL,1416,18,2.3. 2  7.13 98,OTROS SERVICIOS TECNICOS Y PROFESIONALES DESARROLLADOS POR PERSONAS JURIDICAS,15000.0,Compromiso
2026,1028,3,S,1214,2026-03-11,10257478225,DIAZ LEONARTE JOAQUIN MILAGROS,106,CONTRATO MENOR,CM,,SERVICIO ESPECIALIZADO EN RESGUARDO PERSONAL PARA EL AREA DEL CONSEJO REGIONAL,1422,18,2.3. 2  9. 1  1,LOCACION DE SERVICIOS REALIZADOS POR PERSONAS NATURALES RELACIONADAS AL ROL DE LA ENTIDAD,-11400.0,Rebaja
2026,1028,3,S,1214,2026-03-11,10257478225,DIAZ LEONARTE JOAQUIN MILAGROS,106,CONTRATO MENOR,CM,,SERVICIO ESPECIALIZADO EN RESGUARDO PERSONAL PARA EL AREA DEL CONSEJO REGIONAL,1422,18,2.3. 2  9. 1  1,LOCACION DE SERVICIOS REALIZADOS POR PERSONAS NATURALES RELACIONADAS AL ROL DE LA ENTIDAD,19000.0,Compromiso
2026,1028,3,S,1215,2026-03-11,10801859505,ZAPATA ENRIQUEZ MIGUEL JAVIER,106,CONTRATO MENOR,CM,,SERVICIO DE SUPERVISOR GENERAL DE SEGURIDAD Y VIGILANCIA - SEDE CENTRAL,1423,18,2.3. 2  9. 1  1,LOCACION DE SERVICIOS REALIZADOS POR PERSONAS NATURALES RELACIONADAS AL ROL DE LA ENTIDAD,17500.0,Compromiso
2026,1028,3,S,1216,2026-03-11,10420181065,RAVELLO NUÑUVERO JOSE LUIS,106,CONTRATO MENOR,CM,,SERVICIO DE SUPERVISOR GENERAL DE SEGURIDAD - SEDE CENTRAL DEL GOBIERNO REGIONAL DEL CALLAO,1424,18,2.3. 2  9. 1  1,LOCACION DE SERVICIOS REALIZADOS POR PERSONAS NATURALES RELACIONADAS AL ROL DE LA ENTIDAD,14000.0,Compromiso
2026,1028,3,S,1217,2026-03-11,10254671601,BALTAZAR PALACIOS MARIVEL BEATRIZ,106,CONTRATO MENOR,CM,,SERVICIO DE APOYO DEL INVENTARIO Y ARCHIVO I - OFICINA DE SEGURIDAD INTEGRAL,1425,18,2.3. 2  9. 1  1,LOCACION DE SERVICIOS REALIZADOS POR PERSONAS NATURALES RELACIONADAS AL ROL DE LA ENTIDAD,13000.0,Compromiso
2026,1028,3,S,1218,2026-03-11,10440125510,NOLE AMADO ROBERTO CARLOS,106,CONTRATO MENOR,CM,,SERVICIO DE SUPERVISOR DE SEGURIDAD Y VIGILANCIA - SEDE CENTRAL DEL GOBIERNO REGIONAL DEL CALLAO,1426,18,2.3. 2  9. 1  1,LOCACION DE SERVICIOS REALIZADOS POR PERSONAS NATURALES RELACIONADAS AL ROL DE LA ENTIDAD,12500.0,Compromiso
2026,1028,3,S,1219,2026-03-11,10776988982,OLORTEGUI ROJAS WILDER ALEJANDRO,106,CONTRATO MENOR,CM,,SERVICIO DE SUPERVISOR DEL CENTRO DE CONTROL DE MONITOREO DE CAMARAS DE VIDEO VIGILANCIA I,1427,18,2.3. 2  9. 1  1,LOCACION DE SERVICIOS REALIZADOS POR PERSONAS NATURALES RELACIONADAS AL ROL DE LA ENTIDAD,10000.0,Compromiso
2026,1028,3,S,1220,2026-03-11,10105391957,BACA VALLADARES JESUS,106,CONTRATO MENOR,CM,,SERVICIO DE SUPERVISOR DEL CENTRO DE CONTROL DE MONITOREO DE CAMARAS DE VIDEO VIGILANCIA II,1428,18,2.3. 2  9. 1  1,LOCACION DE SERVICIOS REALIZADOS POR PERSONAS NATURALES RELACIONADAS AL ROL DE LA ENTIDAD,10000.0,Compromiso
2026,1028,3,S,1221,2026-03-11,10708932286,CUYUBAMBA OSORIO ALDAIR STEFFANO,106,CONTRATO MENOR,CM,,SERVICIO DE SUPERVISOR DE SEGURIDAD VII - SEDE CENTRAL DEL GOBIERNO REGIONAL DEL CALLAO,1429,18,2.3. 2  9. 1  1,LOCACION DE SERVICIOS REALIZADOS POR PERSONAS NATURALES RELACIONADAS AL ROL DE LA ENTIDAD,10000.0,Compromiso
2026,1028,3,S,1222,2026-03-11,10074948303,RUIZ MURRIETA EMILIO,106,CONTRATO MENOR,CM,,SERVICIO DE SUPERVISOR DE SEGURIDAD VIII - SEDE CENTRAL DEL GOBIERNO REGIONAL DEL CALLAO,1430,18,2.3. 2  9. 1  1,LOCACION DE SERVICIOS REALIZADOS POR PERSONAS NATURALES RELACIONADAS AL ROL DE LA ENTIDAD,10000.0,Compromiso
2026,1028,3,S,1223,2026-03-11,10224624064,GONZALEZ PAPA ABEL DAVID,106,CONTRATO MENOR,CM,,SERVICIO DE SUPERVISOR DE SEGURIDAD IX - SEDE CENTRAL DEL GOBIERNO REGIONAL DEL CALLAO,1431,18,2.3. 2  9. 1  1,LOCACION DE SERVICIOS REALIZADOS POR PERSONAS NATURALES RELACIONADAS AL ROL DE LA ENTIDAD,10000.0,Compromiso
2026,1028,3,S,1224,2026-03-11,10254355475,MORENO BEAS ADOLFO SEGUNDO,106,CONTRATO MENOR,CM,,SERVICIO DE SUPERVISOR DE SEGURIDAD X - SEDE CENTRAL DEL GOBIERNO REGIONAL DEL CALLAO,1432,18,2.3. 2  9. 1  1,LOCACION DE SERVICIOS REALIZADOS POR PERSONAS NATURALES RELACIONADAS AL ROL DE LA ENTIDAD,10000.0,Compromiso
2026,1028,3,S,1225,2026-03-11,10455840975,CONTRERAS LANDA JULIANA MARILUZ,106,CONTRATO MENOR,CM,,SERVICIO DE SUPERVISOR DE SEGURIDAD XI - SEDE CENTRAL DEL GOBIERNO REGIONAL DEL CALLAO,1433,18,2.3. 2  9. 1  1,LOCACION DE SERVICIOS REALIZADOS POR PERSONAS NATURALES RELACIONADAS AL ROL DE LA ENTIDAD,10000.0,Compromiso
2026,1028,3,S,1226,2026-03-11,10702021125,TABOADA REYES PIERRE ANTHONY,106,CONTRATO MENOR,CM,,SERVICIO DE SUPERVISOR DE SEGURIDAD XII - SEDE CENTRAL DEL GOBIERNO REGIONAL DEL CALLAO,1434,18,2.3. 2  9. 1  1,LOCACION DE SERVICIOS REALIZADOS POR PERSONAS NATURALES RELACIONADAS AL ROL DE LA ENTIDAD,2000.0,Compromiso
2026,1028,3,S,1227,2026-03-11,10258560979,HEREDIA FRUGONI URSULA MARIA,106,CONTRATO MENOR,CM,,SERVICIO DE AUXILIAR DE SEGURIDAD III - SEDE CENTRAL DEL GOBIERNO REGIONAL DEL CALLAO,1435,18,2.3. 2  9. 1  1,LOCACION DE SERVICIOS REALIZADOS POR PERSONAS NATURALES RELACIONADAS AL ROL DE LA ENTIDAD,7500.0,Compromiso
2026,1028,3,S,1228,2026-03-11,10254795122,BRICEÑO VALLE LILIANA ESMERALDA,106,CONTRATO MENOR,CM,,SERVICIO DE AUXILIAR DE SEGURIDAD IV - SEDE CENTRAL DEL GOBIERNO REGIONAL DEL CALLAO,1436,18,2.3. 2  9. 1  1,LOCACION DE SERVICIOS REALIZADOS POR PERSONAS NATURALES RELACIONADAS AL ROL DE LA ENTIDAD,7500.0,Compromiso
2026,1028,3,S,1229,2026-03-11,10090070431,URQUIA MACEDO SANTIAGO,106,CONTRATO MENOR,CM,,SERVICIO DE AUXILIAR DE SEGURIDAD V - SEDE CENTRAL DEL GOBIERNO REGIONAL DEL CALLAO,1437,18,2.3. 2  9. 1  1,LOCACION DE SERVICIOS REALIZADOS POR PERSONAS NATURALES RELACIONADAS AL ROL DE LA ENTIDAD,7500.0,Compromiso
2026,1028,3,S,1230,2026-03-11,10040719020,PONCE RICAPA DE LUQUILLAS ANGELICA,106,CONTRATO MENOR,CM,,SERVICIO DE AUXILIAR DE SEGURIDAD VI - SEDE CENTRAL DEL GOBIERNO REGIONAL DEL CALLAO,1438,18,2.3. 2  9. 1  1,LOCACION DE SERVICIOS REALIZADOS POR PERSONAS NATURALES RELACIONADAS AL ROL DE LA ENTIDAD,7500.0,Compromiso
2026,1028,3,S,1231,2026-03-11,10440653320,ROCA SARMIENTO JONATHAN,106,CONTRATO MENOR,CM,,SERVICIO DE AUXILIAR DE SEGURIDAD VII - SEDE CENTRAL DEL GOBIERNO REGIONAL DEL CALLAO,1439,18,2.3. 2  9. 1  1,LOCACION DE SERVICIOS REALIZADOS POR PERSONAS NATURALES RELACIONADAS AL ROL DE LA ENTIDAD,7500.0,Compromiso
2026,1028,3,S,1232,2026-03-11,10769602840,PANIZO SUAREZ PAOLO ALFREDO,106,CONTRATO MENOR,CM,,SERVICIO DE AUXILIAR DE SEGURIDAD VIII - SEDE CENTRAL DEL GOBIERNO REGIONAL DEL CALLAO,1440,18,2.3. 2  9. 1  1,LOCACION DE SERVICIOS REALIZADOS POR PERSONAS NATURALES RELACIONADAS AL ROL DE LA ENTIDAD,1500.0,Compromiso
2026,1028,3,S,1233,2026-03-11,10722597244,ULLOA BELLIDO JEAN PIERRE,106,CONTRATO MENOR,CM,,SERVICIO DE AUXILIAR DE SEGURIDAD IX - SEDE CENTRAL DEL GOBIERNO REGIONAL DEL CALLAO,1441,18,2.3. 2  9. 1  1,LOCACION DE SERVICIOS REALIZADOS POR PERSONAS NATURALES RELACIONADAS AL ROL DE LA ENTIDAD,7500.0,Compromiso
2026,1028,3,S,1234,2026-03-11,10750099748,DUEÑAS GRANDA SARAI KEREN,106,CONTRATO MENOR,CM,,SERVICIO DE AUXILIAR DE SEGURIDAD XII - SEDE CENTRAL DEL GOBIERNO REGIONAL DEL CALLAO,1442,18,2.3. 2  9. 1  1,LOCACION DE SERVICIOS REALIZADOS POR PERSONAS NATURALES RELACIONADAS AL ROL DE LA ENTIDAD,7500.0,Compromiso
2026,1028,3,S,1235,2026-03-11,10710383664,QUICAÑA TAIPE EDER MANUEL,106,CONTRATO MENOR,CM,,SERVICIO DE AUXILIAR DE SEGURIDAD XIII - SEDE CENTRAL DEL GOBIERNO REGIONAL DEL CALLAO,1443,18,2.3. 2  9. 1  1,LOCACION DE SERVICIOS REALIZADOS POR PERSONAS NATURALES RELACIONADAS AL ROL DE LA ENTIDAD,7500.0,Compromiso
2026,1028,3,S,1236,2026-03-11,10410779817,SUAREZ BARRIENTOS MARY LADY,106,CONTRATO MENOR,CM,,SERVICIO DE AUXILIAR DE SEGURIDAD XIV - SEDE CENTRAL DEL GOBIERNO REGIONAL DEL CALLAO,1444,18,2.3. 2  9. 1  1,LOCACION DE SERVICIOS REALIZADOS POR PERSONAS NATURALES RELACIONADAS AL ROL DE LA ENTIDAD,7500.0,Compromiso
2026,1028,3,S,1237,2026-03-11,10729943440,LLANOS MORALES KEILA ABIGAIL,106,CONTRATO MENOR,CM,,SERVICIO DE OPERADOR DEL CENTRO DE CONTROL DE MONITOREO DE CAMARAS DE VIDEO VIGILANCIA II,1445,18,2.3. 2  9. 1  1,LOCACION DE SERVICIOS REALIZADOS POR PERSONAS NATURALES RELACIONADAS AL ROL DE LA ENTIDAD,7500.0,Compromiso
2026,1028,3,S,1238,2026-03-11,10102182184,ALARCON MANGINI SANDRA PAOLA,106,CONTRATO MENOR,CM,,SERVICIO DE ASISTENCIA TECNICA ADMINISTRATIVA LEGAL EN PROCESOS CIVILES DE LA PROCURADURIA PUBLICA,1481,18,2.3. 2  9. 1  1,LOCACION DE SERVICIOS REALIZADOS POR PERSONAS NATURALES RELACIONADAS AL ROL DE LA ENTIDAD,18600.0,Compromiso
2026,1028,3,S,1239,2026-03-11,10714467226,AZAÑERO REYES JESSICA MAYRA,106,CONTRATO MENOR,CM,,SERVICIO DE ANALISIS PENAL Y PROCESAL PENAL DE LA PROCURADURIA PUBLICA REGIONAL .,1449,18,2.3. 2  9. 1  1,LOCACION DE SERVICIOS REALIZADOS POR PERSONAS NATURALES RELACIONADAS AL ROL DE LA ENTIDAD,18600.0,Compromiso
2026,1028,3,S,1240,2026-03-11,10466846801,MALQUI PANTOJA ABELARDO GETULIO,106,CONTRATO MENOR,CM,,SERVICIO DE ANALISIS Y EVALUACION DE CASOS EN TEMA PENAL Y PROCESAL PENAL DE LA PROCURADURIA PUBLICA,1450,18,2.3. 2  9. 1  1,LOCACION DE SERVICIOS REALIZADOS POR PERSONAS NATURALES RELACIONADAS AL ROL DE LA ENTIDAD,18600.0,Compromiso
2026,1028,3,S,1241,2026-03-11,10704366669,SERQUEN ROMERO JOHN PETER,106,CONTRATO MENOR,CM,,SERVICIO ESPECIALIZADO EN MATERIA LEGAL PARA EL AREA LABORAL DE LA PROCURADURIA PUBLICA REGIONAL .,1451,18,2.3. 2  9. 1  1,LOCACION DE SERVICIOS REALIZADOS POR PERSONAS NATURALES RELACIONADAS AL ROL DE LA ENTIDAD,18600.0,Compromiso
2026,1028,3,S,1242,2026-03-11,10729087683,VERASTEGUI HERNANDEZ BRISCELLA TANIA,106,CONTRATO MENOR,CM,,"SERVICIOS DE ASISTENCIA LEGAL EN PROCESOS CIVILES, LABORALES, CONTENCIOSOS ADMINISTRATIVOS Y ARBITRA",1452,18,2.3. 2  9. 1  1,LOCACION DE SERVICIOS REALIZADOS POR PERSONAS NATURALES RELACIONADAS AL ROL DE LA ENTIDAD,18600.0,Compromiso
2026,1028,3,S,1243,2026-03-11,10401455332,GUERRERO VELASQUEZ ROSA REGINA VICTORIA,106,CONTRATO MENOR,CM,,"SERVICIO DE ASISTENCIA LEGAL EN PROCESOS CIVILES, LABORALES, CONTENCIOSOS ADMINISTRATIVOS DE LA PPR",1453,18,2.3. 2  9. 1  1,LOCACION DE SERVICIOS REALIZADOS POR PERSONAS NATURALES RELACIONADAS AL ROL DE LA ENTIDAD,18600.0,Compromiso
2026,1028,3,S,1244,2026-03-11,10731425936,ARIAS CUBILLAS SIU DE MARIA,106,CONTRATO MENOR,CM,,SERVICIO DE ELABORACION Y SEGUIMIENTO DE DOCUMENTOS ADMINISTRATIVOS DE LA PROCURADURIA PUBLICA REGIO,1459,18,2.3. 2  9. 1  1,LOCACION DE SERVICIOS REALIZADOS POR PERSONAS NATURALES RELACIONADAS AL ROL DE LA ENTIDAD,12000.0,Compromiso
2026,1028,3,S,1245,2026-03-11,10771293129,MELGAREJO GUTIERREZ RUBEN,106,CONTRATO MENOR,CM,,"SERVICIO DE CLASIFICACION, REGISTRO Y DIGITALIZACION DE DOCUMENTOS  DE LA PROCURADURIA PUBLICA REGIO",1460,18,2.3. 2  9. 1  1,LOCACION DE SERVICIOS REALIZADOS POR PERSONAS NATURALES RELACIONADAS AL ROL DE LA ENTIDAD,5400.0,Compromiso
2026,1028,3,S,1246,2026-03-11,10733639461,MEDRANO SALCEDO EDUARDO FRANCO EMMANUEL,106,CONTRATO MENOR,CM,,SERVICIO DE REGISTRO Y SEGUIMIENTO DE DOCUMENTOS ADMINISTRATIVOS Y JUDICIALES DE LA PROCURADURIA,1461,18,2.3. 2  9. 1  1,LOCACION DE SERVICIOS REALIZADOS POR PERSONAS NATURALES RELACIONADAS AL ROL DE LA ENTIDAD,9000.0,Compromiso
2026,1028,3,S,1247,2026-03-11,10465898912,DEL CARPIO MONROY ENRIQUE EMILIO,106,CONTRATO MENOR,CM,,SERVICIO DE AUXILIAR ADMINISTRATIVO DE LA PROCURADURIA PUBLICA REGIONAL .,1462,18,2.3. 2  9. 1  1,LOCACION DE SERVICIOS REALIZADOS POR PERSONAS NATURALES RELACIONADAS AL ROL DE LA ENTIDAD,8000.0,Compromiso
2026,1028,3,S,1248,2026-03-11,10721801930,LICAS ACUÑA JAMES HARRISON,106,CONTRATO MENOR,CM,,"SERVICIO DE PROCESAMIENTO, ORDENAMIENTO Y CLASIFICACION DE DOCUMENTOS ADMINISTRATIVOS DE LA PROCURAD",1463,18,2.3. 2  9. 1  1,LOCACION DE SERVICIOS REALIZADOS POR PERSONAS NATURALES RELACIONADAS AL ROL DE LA ENTIDAD,11000.0,Compromiso
2026,1028,3,S,1249,2026-03-11,10482207613,POZO ODRIA MADELEY MERLY,106,CONTRATO MENOR,CM,,SERVICIO DE VERIFICACION Y CLASIFICACION DE DOCUMENTOS DE LA PROCURADURIA PUBLICA REGIONAL .,1464,18,2.3. 2  9. 1  1,LOCACION DE SERVICIOS REALIZADOS POR PERSONAS NATURALES RELACIONADAS AL ROL DE LA ENTIDAD,6300.0,Compromiso
2026,1028,3,S,1250,2026-03-11,10489480803,LEAL CACUA CLARA CELINA,106,CONTRATO MENOR,CM,,SERVICIO DE ASISTENCIA DE ELABORACION DE DOCUMENTOS DE LA PROCURADURIA PUBLICA REGIONAL.,1465,18,2.3. 2  9. 1  1,LOCACION DE SERVICIOS REALIZADOS POR PERSONAS NATURALES RELACIONADAS AL ROL DE LA ENTIDAD,11400.0,Compromiso
2026,1028,3,S,1251,2026-03-11,10459415136,BUENO BASOMBRIO LUIS MIGUEL,106,CONTRATO MENOR,CM,,SERVICIO ESPECIALIZADO EN MATERIA LEGAL EN GESTION PÚBLICA DE LA PROCURADURIA PUBLICA REGIONAL .,1466,18,2.3. 2  9. 1  1,LOCACION DE SERVICIOS REALIZADOS POR PERSONAS NATURALES RELACIONADAS AL ROL DE LA ENTIDAD,18600.0,Compromiso
2026,1028,3,S,1252,2026-03-11,10714578117,ILAVE COLLAZOS WILDER IVAN,106,CONTRATO MENOR,CM,,SERVICIO DE ANALISIS DE ESTRATEGIA LEGALES PARA PROCESOS PENALES DE LA PROCURADURIA PUBLICA REGIONAL,1467,18,2.3. 2  9. 1  1,LOCACION DE SERVICIOS REALIZADOS POR PERSONAS NATURALES RELACIONADAS AL ROL DE LA ENTIDAD,18600.0,Compromiso
2026,1028,3,S,1253,2026-03-11,10736071423,ARANA PANDURO HARRY JHON,106,CONTRATO MENOR,CM,,SERVICIO DE GESTOR DE DERECHO EN CONTENCIOSO DE LA PROCURADURIA PUBLICA REGIONAL .,1468,18,2.3. 2  9. 1  1,LOCACION DE SERVICIOS REALIZADOS POR PERSONAS NATURALES RELACIONADAS AL ROL DE LA ENTIDAD,18600.0,Compromiso
2026,1028,3,S,1254,2026-03-11,10448943394,CANCHANYA JONES BECKY KATRINA,106,CONTRATO MENOR,CM,,"SERVICIO DE SEGUIMIENTO, REGISTRO Y DESPACHO DIGITAL DE DOCUMENTOS DE LA PROCURADURIA PUBLICA REGION",1469,18,2.3. 2  9. 1  1,LOCACION DE SERVICIOS REALIZADOS POR PERSONAS NATURALES RELACIONADAS AL ROL DE LA ENTIDAD,8000.0,Compromiso
2026,1028,3,S,1255,2026-03-11,10726243552,CORDOVA MENDOZA MANUEL ALEJANDRO,106,CONTRATO MENOR,CM,,SERVICIO DE CLASIFICACION Y ORDENAMIENTO DE ARCHIVOS DE LA PROCURADURIA PUBLICA REGIONAL .,1470,18,2.3. 2  9. 1  1,LOCACION DE SERVICIOS REALIZADOS POR PERSONAS NATURALES RELACIONADAS AL ROL DE LA ENTIDAD,4000.0,Compromiso
2026,1028,3,S,1256,2026-03-11,10724587441,MACHACA CANCHANYA KARINA MERCEDES,106,CONTRATO MENOR,CM,,SERVICIO ESPECIALIZADO EN GESTION DE SERVICIOS INFORMATICOS DE LA PROCURADURIA PUBLICA REGIONAL.,1471,18,2.3. 2  9. 1  1,LOCACION DE SERVICIOS REALIZADOS POR PERSONAS NATURALES RELACIONADAS AL ROL DE LA ENTIDAD,11000.0,Compromiso
2026,1028,3,S,1257,2026-03-11,10440914972,MANRIQUE RABINES LUIS ALBERTO,106,CONTRATO MENOR,CM,,SERVICIO DE SEGUIMIENTO DE DOCUMENTOS ADMINISTRATIVOS DE LA PROCURADURIA PUBLICA REGIONAL .,1472,18,2.3. 2  9. 1  1,LOCACION DE SERVICIOS REALIZADOS POR PERSONAS NATURALES RELACIONADAS AL ROL DE LA ENTIDAD,9000.0,Compromiso
2026,1028,3,S,1258,2026-03-11,10741372806,MACHACA LIPE FANNY ELIZABETH,106,CONTRATO MENOR,CM,,SERVICIO DE DIGITALIZACION Y ORGANIZACIÓN DE DOCUMENTACION DE LA PROCURADURIA PUBLICA REGIONAL .,1473,18,2.3. 2  9. 1  1,LOCACION DE SERVICIOS REALIZADOS POR PERSONAS NATURALES RELACIONADAS AL ROL DE LA ENTIDAD,8300.0,Compromiso
2026,1028,3,S,1259,2026-03-11,10443583802,BREIDING GOMEZ ROBERT ALEXANDER,106,CONTRATO MENOR,CM,,SERVICIO DE CLASIFICACION ORDENAMIENTO E INVENTARIO DE SERIE DOCUMENTAL DE LA PROCURADURIA PUBLICA,1474,18,2.3. 2  9. 1  1,LOCACION DE SERVICIOS REALIZADOS POR PERSONAS NATURALES RELACIONADAS AL ROL DE LA ENTIDAD,9200.0,Compromiso
2026,1028,3,S,1260,2026-03-11,10747945107,PAREDES MUÑOZ ALEXANDRA BRILLITH,106,CONTRATO MENOR,CM,,SERVICIO DE ORDENAMIETO DE DOCUMENTOS DE ARCHIVO  DE LA PROCURADURIA PUBLICA REGIONAL.,1475,18,2.3. 2  9. 1  1,LOCACION DE SERVICIOS REALIZADOS POR PERSONAS NATURALES RELACIONADAS AL ROL DE LA ENTIDAD,9000.0,Compromiso
2026,1028,3,S,1261,2026-03-11,10449034134,YATACO CALLA EDHER JAVIER,106,CONTRATO MENOR,CM,,SERVICIO DE REVISION DE TRANSFERENCIA DE DOCUMENTOS AL ARCHIVO DE LA PROCURADURIA PUBLICA REGIONAL,1476,18,2.3. 2  9. 1  1,LOCACION DE SERVICIOS REALIZADOS POR PERSONAS NATURALES RELACIONADAS AL ROL DE LA ENTIDAD,9200.0,Compromiso
2026,1028,3,S,1262,2026-03-11,10466588275,MORALES MIRANDA ESTRELLA BELEN,106,CONTRATO MENOR,CM,,SERVICIO DE ASISTENCIA ADMINISTRATIVA LEGAL PARA EL PROCESAMIENTO DE DOCUMENTOS DE LA PROCURADURIA,1477,18,2.3. 2  9. 1  1,LOCACION DE SERVICIOS REALIZADOS POR PERSONAS NATURALES RELACIONADAS AL ROL DE LA ENTIDAD,10400.0,Compromiso
2026,1028,3,S,1263,2026-03-11,10406978210,JORGE ROJAS GUSTAVO ANTENOR PAULO,106,CONTRATO MENOR,CM,,SERVICIO DE ASISTENCIA LEGAL EN PROCESOS ARBITRALES DE LA PROCURADURIA PUBLICA REGIONAL .,1478,18,2.3. 2  9. 1  1,LOCACION DE SERVICIOS REALIZADOS POR PERSONAS NATURALES RELACIONADAS AL ROL DE LA ENTIDAD,18600.0,Compromiso
2026,1028,3,S,1264,2026-03-11,10445083688,RUBINA ARENAS CHRISTIAN VICTOR,106,CONTRATO MENOR,CM,,SERVICIO DE ASISTENCIA LEGAL EN DERECHO ADMINISTRATIVOS DE LA PROCURADURIA PUBLICA REGIONAL .,1479,18,2.3. 2  9. 1  1,LOCACION DE SERVICIOS REALIZADOS POR PERSONAS NATURALES RELACIONADAS AL ROL DE LA ENTIDAD,18600.0,Compromiso
2026,1028,3,S,1265,2026-03-11,10432928387,CRUZ CENTY JOSE MANUEL,106,CONTRATO MENOR,CM,,SERVICIO ESPECIALIZADOS EN ASUNTOS LEGALES ADMINISTRATIVOS DE LA PROCURADURIA PUBLICA REGIONAL .,1480,18,2.3. 2  9. 1  1,LOCACION DE SERVICIOS REALIZADOS POR PERSONAS NATURALES RELACIONADAS AL ROL DE LA ENTIDAD,18600.0,Compromiso
2026,1028,3,S,1266,2026-03-11,10437973143,CASASSA SALAZAR DE CARRILLO PAOLA ANDREA,106,CONTRATO MENOR,CM,,SERVICIO DE ORIENTACION AL USUARIO SOBRE PROCEDIMIENTOS ADMINISTRATIVOS MAC EXPRESS - PARA EL CENTRO DE MEJOR ATENCIÓN AL CIUDADANO - MAC CALLAO.,1454,18,2.3. 2  9. 1  1,LOCACION DE SERVICIOS REALIZADOS POR PERSONAS NATURALES RELACIONADAS AL ROL DE LA ENTIDAD,12500.0,Compromiso
2026,1028,3,S,1267,2026-03-11,10476658654,CORRALES MEDINA CARLOS ANDRES,106,CONTRATO MENOR,CM,,SERVICIO DE FORMULACION Y EVALUACION DE PROYECTO DE INVERSION PUBLICA,1446,18,2.3. 2  9. 1  1,LOCACION DE SERVICIOS REALIZADOS POR PERSONAS NATURALES RELACIONADAS AL ROL DE LA ENTIDAD,14000.0,Compromiso
2026,1028,3,S,1268,2026-03-11,10403091079,CANALES RAMOS JAMES,106,CONTRATO MENOR,CM,,SERVICIO ESPECIALIZADO EN INFORMÁTICA (TIC) PARA EL CENTRO DE MEJOR ATENCIÓN AL CIUDADANO - MAC CALLAO DE LA GERENCIA REGIONAL DE DESARROLLO ECONOMICO DEL GOBIERNO REGIONAL DEL CALLAO.,1455,18,2.3. 2  9. 1  1,LOCACION DE SERVICIOS REALIZADOS POR PERSONAS NATURALES RELACIONADAS AL ROL DE LA ENTIDAD,22500.0,Compromiso
2026,1028,3,S,1269,2026-03-11,10036734774,AVILA ORTIZ SEGUNDO RIGO,106,CONTRATO MENOR,CM,,SERVICIO DE ASISTENCIA EN ORIENTACIÓN Y ATENCIÓN AL USUARIO PARA EL CENTRO DE MEJOR ATENCIÓN AL CIUDADANO - MAC CALLAO VI DE LA GERENCIA REGIONAL DE DESARROLLO ECONOMICO DEL GOBIERNO REGIONAL DEL CALLAO.,1456,18,2.3. 2  9. 1  1,LOCACION DE SERVICIOS REALIZADOS POR PERSONAS NATURALES RELACIONADAS AL ROL DE LA ENTIDAD,8500.0,Compromiso
2026,1028,3,S,1270,2026-03-11,10413807676,FLORES TORRES MARIBEL LIZETH,106,CONTRATO MENOR,CM,,SERVICIO DE ASISTENCIA EN ORIENTACIÓN Y ATENCIÓN AL USUARIO PARA EL CENTRO DE MEJOR ATENCIÓN AL CIUDADANO - MAC CALLAO VII DE LA GERENCIA REGIONAL DE DESARROLLO ECONOMICO DEL GOBIERNO REGIONAL DEL CALLAO.,1457,18,2.3. 2  9. 1  1,LOCACION DE SERVICIOS REALIZADOS POR PERSONAS NATURALES RELACIONADAS AL ROL DE LA ENTIDAD,8500.0,Compromiso
2026,1028,3,S,1271,2026-03-11,10455659677,GUTIERREZ LEON KATTERYN JANETH,106,CONTRATO MENOR,CM,,SERVICIO DE ORGANIZACIÓN Y DESCRIPCIÓN DE LOS DOCUMENTOS DE ARCHIVO,1447,18,2.3. 2  9. 1  1,LOCACION DE SERVICIOS REALIZADOS POR PERSONAS NATURALES RELACIONADAS AL ROL DE LA ENTIDAD,10000.0,Compromiso
2026,1028,3,S,1272,2026-03-11,10066296968,MONROY DURAN ANA MARIVEL,106,CONTRATO MENOR,CM,,"SERVICIO DE SUPERVISIÓN, GESTIÓN Y EVALUACIÓN DE GESTION ADMINISTRATIVA PARA EL CENTRO DE MEJOR ATENCIÓN AL CIUDADANO - MAC CALLAO DE LA GERENCIA REGIONAL DE DESARROLLO ECONOMICO DEL GOBIERNO REGIONAL DEL CALLAO.",1458,18,2.3. 2  9. 1  1,LOCACION DE SERVICIOS REALIZADOS POR PERSONAS NATURALES RELACIONADAS AL ROL DE LA ENTIDAD,30000.0,Compromiso
2026,1028,3,S,1273,2026-03-11,10408263609,GODOS TAPULLIMA PRISCILLA TERESA,106,CONTRATO MENOR,CM,,SERVICIO DE ORDENAMIENTO DE DOCUMENTOS DE ARCHIVO,1448,18,2.3. 2  9. 1  1,LOCACION DE SERVICIOS REALIZADOS POR PERSONAS NATURALES RELACIONADAS AL ROL DE LA ENTIDAD,8000.0,Compromiso
2026,1028,3,S,1274,2026-03-12,10095945983,BICERRA RIOS TEDDY,106,CONTRATO MENOR,CM,,SERVICIO DE COORDINACION Y MONITOREO DE SEGURIDAD Y VIGILANCIA PARA LA SEDE CENTRAL,1484,18,2.3. 2  9. 1  1,LOCACION DE SERVICIOS REALIZADOS POR PERSONAS NATURALES RELACIONADAS AL ROL DE LA ENTIDAD,10000.0,Compromiso
2026,1028,3,S,1275,2026-03-12,10072868035,ESPINOZA SALAS CESAR GUSTAVO,106,CONTRATO MENOR,CM,,SERVICIO DE SEGUIMIENTO Y MONITOREO DEL SERVICIO DE SEGURIDAD I - SEDE CENTRAL,1485,18,2.3. 2  9. 1  1,LOCACION DE SERVICIOS REALIZADOS POR PERSONAS NATURALES RELACIONADAS AL ROL DE LA ENTIDAD,20000.0,Compromiso
2026,1028,3,S,1276,2026-03-12,10076136799,LEIVA  ALATA FEDERICO MARTIN,106,CONTRATO MENOR,CM,,SERVICIO DE SEGUIMIENTO Y MONITOREO DEL SERVICIO DE SEGURIDAD II - SEDE CENTRAL,1486,18,2.3. 2  9. 1  1,LOCACION DE SERVICIOS REALIZADOS POR PERSONAS NATURALES RELACIONADAS AL ROL DE LA ENTIDAD,20000.0,Compromiso
2026,1028,3,S,1277,2026-03-12,15348127567,CRUZ SIFUENTES LUIS,106,CONTRATO MENOR,CM,,SERVICIO DE SEGURIDAD A PERSONAL I PARA LA SEDE CENTRAL DEL GOBIERNO REGIONAL DEL CALLAO,1487,18,2.3. 2  9. 1  1,LOCACION DE SERVICIOS REALIZADOS POR PERSONAS NATURALES RELACIONADAS AL ROL DE LA ENTIDAD,3500.0,Compromiso
2026,1028,3,S,1278,2026-03-12,15505011241,VELASQUEZ PADILLA MIGUEL HERNAN,106,CONTRATO MENOR,CM,,SERVICIO DE SEGURIDAD A PERSONAL II PARA LA SEDE CENTRAL DEL GOBIERNO REGIONAL DEL CALLAO,1488,18,2.3. 2  9. 1  1,LOCACION DE SERVICIOS REALIZADOS POR PERSONAS NATURALES RELACIONADAS AL ROL DE LA ENTIDAD,17500.0,Compromiso
2026,1028,3,S,1279,2026-03-12,10417770521,GONZALES SERNA JOSE LUIS,106,CONTRATO MENOR,CM,,SERVICIO DE SEGURIDAD A PERSONAL III PARA LA SEDE CENTRAL DEL GOBIERNO REGIONAL DEL CALLAO,1489,18,2.3. 2  9. 1  1,LOCACION DE SERVICIOS REALIZADOS POR PERSONAS NATURALES RELACIONADAS AL ROL DE LA ENTIDAD,17500.0,Compromiso
2026,1028,3,S,1280,2026-03-12,10257107260,BARCO YACTAYO LUIS ALBERTO,106,CONTRATO MENOR,CM,,SERVICIO DE SEGURIDAD A PERSONAL IV PARA LA SEDE CENTRAL DEL GOBIERNO REGIONAL DEL CALLAO,1490,18,2.3. 2  9. 1  1,LOCACION DE SERVICIOS REALIZADOS POR PERSONAS NATURALES RELACIONADAS AL ROL DE LA ENTIDAD,17500.0,Compromiso
2026,1028,3,S,1281,2026-03-12,10086900454,SAENZ GONZALES LUIGI PEDRO,106,CONTRATO MENOR,CM,,SERVICIO DE ALQUILER DE VEHICULO 4X4,1498,18,2.3. 2  5. 1  2,DE VEHICULOS,8000.0,Compromiso
2026,1028,3,S,1282,2026-03-12,10102006122,CHUQUIVAL TORRES JOSE OLIVERIO,106,CONTRATO MENOR,CM,,SERVICIO DE SEGURIDAD A PERSONAL V PARA LA SEDE CENTRAL DEL GOBIERNO REGIONAL DEL CALLAO,1491,18,2.3. 2  9. 1  1,LOCACION DE SERVICIOS REALIZADOS POR PERSONAS NATURALES RELACIONADAS AL ROL DE LA ENTIDAD,17500.0,Compromiso
2026,1028,3,S,1283,2026-03-12,20392963228,FIBERTEL PERU S.A.,27,ADJUDICACION SIMPLIFICADA,AS,0024-2024-GORE-CALLAO,SERVICIO DE INTERNET,1496,18,2.3. 2  2. 2  3,SERVICIO DE INTERNET,201593.44,Compromiso
2026,1028,3,S,1284,2026-03-12,15434237383,CESPEDES GUERRERO WILMER,106,CONTRATO MENOR,CM,,SERVICIO DE SEGURIDAD A PERSONAL VI PARA LA SEDE CENTRAL DEL GOBIERNO REGIONAL DEL CALLAO,1492,18,2.3. 2  9. 1  1,LOCACION DE SERVICIOS REALIZADOS POR PERSONAS NATURALES RELACIONADAS AL ROL DE LA ENTIDAD,17500.0,Compromiso
2026,1028,3,S,1285,2026-03-12,10438264791,CONTRERAS ALIAGA LIDER JESUS,106,CONTRATO MENOR,CM,,SERVICIO EN ASISTENCIA TECNICA EN LOGISTICA PARA LA OFICINA DE SEGURIDAD INTEGRAL,1493,18,2.3. 2  9. 1  1,LOCACION DE SERVICIOS REALIZADOS POR PERSONAS NATURALES RELACIONADAS AL ROL DE LA ENTIDAD,19000.0,Compromiso
2026,1028,3,S,1286,2026-03-12,10100025197,ROCA DOMINGUEZ AUGUSTO,106,CONTRATO MENOR,CM,,SERVICIO DE ASISTENCIA TECNICA EN FORMULACION PRESUPUESTAL PARA LA OFICINA DE SEGURIDAD INTEGRAL,1494,18,2.3. 2  9. 1  1,LOCACION DE SERVICIOS REALIZADOS POR PERSONAS NATURALES RELACIONADAS AL ROL DE LA ENTIDAD,17500.0,Compromiso
2026,1028,3,S,1287,2026-03-12,10432539101,LOPEZ JARA ITALA BRUNA,106,CONTRATO MENOR,CM,,SERVICIO DE APOYO ADMINISTRATIVO - OFICINA DE SEGURIDAD INTEGRAL DEL GOBIERNO REGIONAL DEL CALLAO,1495,18,2.3. 2  9. 1  1,LOCACION DE SERVICIOS REALIZADOS POR PERSONAS NATURALES RELACIONADAS AL ROL DE LA ENTIDAD,13000.0,Compromiso
2026,1028,3,S,1288,2026-03-12,10767015688,TORRES AGUIRRE LUCERO MERCEDES,106,CONTRATO MENOR,CM,,SERVICIO DE ORIENTADOR VI,1500,9,2.3. 2  9. 1  1,LOCACION DE SERVICIOS REALIZADOS POR PERSONAS NATURALES RELACIONADAS AL ROL DE LA ENTIDAD,1470.0,Compromiso
2026,1028,3,S,1289,2026-03-12,10743713490,MARIO JERSON CASTILLO PEREZ,106,CONTRATO MENOR,CM,,SERVICIO DE TOMA DE EXÁMENES DE MANEJO DE VEHÍCULOS VI,1501,9,2.3. 2  9. 1  1,LOCACION DE SERVICIOS REALIZADOS POR PERSONAS NATURALES RELACIONADAS AL ROL DE LA ENTIDAD,1050.0,Compromiso
2026,1028,3,S,1290,2026-03-12,10774960941,ASENCIO ULLOA JEREMY FRANCESCO,106,CONTRATO MENOR,CM,,SERVICIO DE AUXILIAR ADMINISTRATIVO II,1502,9,2.3. 2  9. 1  1,LOCACION DE SERVICIOS REALIZADOS POR PERSONAS NATURALES RELACIONADAS AL ROL DE LA ENTIDAD,1050.0,Compromiso
2026,1028,3,S,1291,2026-03-12,10480989975,COSME ACOSTA BRIGGITT ZARELA,106,CONTRATO MENOR,CM,,SERVICIO DE ASISTENCIA EN ORIENTACION Y ATENCION A USUARIOS V,1503,9,2.3. 2  9. 1  1,LOCACION DE SERVICIOS REALIZADOS POR PERSONAS NATURALES RELACIONADAS AL ROL DE LA ENTIDAD,1260.0,Compromiso
2026,1028,3,S,1292,2026-03-12,10802740919,DIAZ TRINIDAD YOLVI ALEXANDER,106,CONTRATO MENOR,CM,,SERVICIO DE CONTROL DE INGRESO Y SALIDA DE PERSONAS I,1504,9,2.3. 2  9. 1  1,LOCACION DE SERVICIOS REALIZADOS POR PERSONAS NATURALES RELACIONADAS AL ROL DE LA ENTIDAD,1680.0,Compromiso
2026,1028,3,S,1293,2026-03-12,10481519638,BAZAN ARISTONDO STEPHANIE GISELL,106,CONTRATO MENOR,CM,,SERVICIO DE ASISTENCIA PARA DESPACHO DE DOCUMENTOS II,1505,9,2.3. 2  9. 1  1,LOCACION DE SERVICIOS REALIZADOS POR PERSONAS NATURALES RELACIONADAS AL ROL DE LA ENTIDAD,2500.0,Compromiso
2026,1028,3,S,1294,2026-03-12,10072042200,LIZARRAGA PAREJA ERIC ALBERTO,106,CONTRATO MENOR,CM,,SERVICIO DE SEGUIMIENTO Y MONITOREO DEL SERVICIO DE SEGURIDAD PARA EL AREA DEL CONSEJO REGIONAL,1497,18,2.3. 2  9. 1  1,LOCACION DE SERVICIOS REALIZADOS POR PERSONAS NATURALES RELACIONADAS AL ROL DE LA ENTIDAD,22500.0,Compromiso
2026,1028,3,S,1296,2026-03-12,10153580052,REYES GAMEZ MARIA,106,CONTRATO MENOR,CM,,SERVICIO ESPECIALIZADO EN ASUNTOS LEGALES ADMINISTRATIVOS PARA GRDS - CUATRO ENTREGABLES 2026,1525,18,2.3. 2  9. 1  1,LOCACION DE SERVICIOS REALIZADOS POR PERSONAS NATURALES RELACIONADAS AL ROL DE LA ENTIDAD,30000.0,Compromiso
2026,1028,3,S,1297,2026-03-12,10105595544,GONZALES ORTIZ HILDA ALDY,106,CONTRATO MENOR,CM,,SERVICIO DE COORDINACION ADMINISTRATIVA PARA LAS ACTIVIDA PARA GRDS - CINCO ENTREGABLES 2026,1526,18,2.3. 2  9. 1  1,LOCACION DE SERVICIOS REALIZADOS POR PERSONAS NATURALES RELACIONADAS AL ROL DE LA ENTIDAD,35000.0,Compromiso
2026,1028,3,S,1298,2026-03-12,10421370554,VERGARAY LEON CARLOS ALBERTO,106,CONTRATO MENOR,CM,,SERVICIO DE COORDINACION Y SUPERVISION DE LAS CONTRATACIONES PARA GRDS - CUATRO ENTREGABLES 2026,1527,18,2.3. 2  9. 1  1,LOCACION DE SERVICIOS REALIZADOS POR PERSONAS NATURALES RELACIONADAS AL ROL DE LA ENTIDAD,26000.0,Compromiso
2026,1028,3,S,1299,2026-03-12,10480938432,SOTO SALLUCA JOSE ALEXANDER,106,CONTRATO MENOR,CM,,SERVICIO DE CONTROL Y REVISION DE EXPEDIENTES DE CONTRATACIONES  PARA GRDS - CUATRO ENTREGABLES 2026,1528,18,2.3. 2  9. 1  1,LOCACION DE SERVICIOS REALIZADOS POR PERSONAS NATURALES RELACIONADAS AL ROL DE LA ENTIDAD,24000.0,Compromiso
2026,1028,3,S,1300,2026-03-12,10479374983,FUERTES AGUIRRE BRYAN DAVID,106,CONTRATO MENOR,CM,,SERVICIO DE GESTIÓN Y SEGUIMIENTO DE ACTIVIDADES ADMINISTRATIVAS PARA GRDS - CUATRO ENTREGABLES 2026,1529,18,2.3. 2  9. 1  1,LOCACION DE SERVICIOS REALIZADOS POR PERSONAS NATURALES RELACIONADAS AL ROL DE LA ENTIDAD,24000.0,Compromiso
2026,1028,3,S,1301,2026-03-12,10752585542,ROSADO ROMERO LUISA MARIA,106,CONTRATO MENOR,CM,,SERVICIO ESPECIALIZADO EN PROCESOS ADMINISTRATIVOS Y LOGISTICOS PARA GRDS - CUATRO ENTREGABLES 2026,1530,18,2.3. 2  9. 1  1,LOCACION DE SERVICIOS REALIZADOS POR PERSONAS NATURALES RELACIONADAS AL ROL DE LA ENTIDAD,20000.0,Compromiso
2026,1028,3,S,1302,2026-03-12,10463491696,MAQUI REYES CARMEN MELISSA,106,CONTRATO MENOR,CM,,SERVICIO DE SEGUIMIENTO Y MONITOREO DE REQUERIMIENTOS DE BIENES PARA GRDS TRES ENTREGABLES 2026,1531,18,2.3. 2  9. 1  1,LOCACION DE SERVICIOS REALIZADOS POR PERSONAS NATURALES RELACIONADAS AL ROL DE LA ENTIDAD,15000.0,Compromiso
2026,1028,3,S,1303,2026-03-12,10732169089,OLARTE CASSANI SUSAN D'JANNIRA LUZMILA,106,CONTRATO MENOR,CM,,SERVICIO DE ASISTENCIA TECNICA EN GESTIÓN DE PROCESOS PARA GRDS - CUATRO ENTREGABLES 2026,1532,18,2.3. 2  9. 1  1,LOCACION DE SERVICIOS REALIZADOS POR PERSONAS NATURALES RELACIONADAS AL ROL DE LA ENTIDAD,18000.0,Compromiso
2026,1028,3,S,1304,2026-03-12,10411754982,PEREZ TITO RENATO ALONSO,106,CONTRATO MENOR,CM,,SERVICIO ESPECIALIZADO EN ASUNTOS LEGALES ADMINISTRATIVOS PARA ODSPIOSV - CUATRO ENTREGABLES 2026,1533,18,2.3. 2  9. 1  1,LOCACION DE SERVICIOS REALIZADOS POR PERSONAS NATURALES RELACIONADAS AL ROL DE LA ENTIDAD,28000.0,Compromiso
2026,1028,3,S,1305,2026-03-12,10256371630,SILVA GAMBOA JUANA ROSA,106,CONTRATO MENOR,CM,,SERVICIO DE ASISTENCIA TECNICA LEGAL I PARA ODSPIOSV - CUATRO ENTREGABLES 2026,1534,18,2.3. 2  9. 1  1,LOCACION DE SERVICIOS REALIZADOS POR PERSONAS NATURALES RELACIONADAS AL ROL DE LA ENTIDAD,20000.0,Compromiso
2026,1028,3,S,1306,2026-03-12,10401946255,MAMANI MORENO ELIZABETH JENNY,106,CONTRATO MENOR,CM,,SERVICIO DE SEGUIMIENTO Y MONITOREO DE ACTIVIDADES DE CAMPO I  PARA ODSPIOSV - UNICO ENTREGABLE 2026,1535,18,2.3. 2  9. 1  1,LOCACION DE SERVICIOS REALIZADOS POR PERSONAS NATURALES RELACIONADAS AL ROL DE LA ENTIDAD,3000.0,Compromiso
2026,1028,3,S,1307,2026-03-12,10073033212,CALERO FARIAS CARLOS ALFONSO,106,CONTRATO MENOR,CM,,SERVICIO DE SEGUIMIENTO Y MONITOREO DE ACTIVIDADES DE II  PARA ODSPIOSV - UNICO ENTREGABLE 2026,1536,18,2.3. 2  9. 1  1,LOCACION DE SERVICIOS REALIZADOS POR PERSONAS NATURALES RELACIONADAS AL ROL DE LA ENTIDAD,3000.0,Compromiso
2026,1028,3,S,1308,2026-03-12,10485333946,CHOQUE SIFUENTES VICTOR NOE,106,CONTRATO MENOR,CM,,SERVICIO DE SEGUIMIENTO Y MONITOREO DE ACTIVIDADES DE III  PARA ODSPIOSV - UNICO ENTREGABLE 2026,1537,18,2.3. 2  9. 1  1,LOCACION DE SERVICIOS REALIZADOS POR PERSONAS NATURALES RELACIONADAS AL ROL DE LA ENTIDAD,2500.0,Compromiso
2026,1028,3,S,1309,2026-03-12,10401788536,BODERO COELHO CARLOS ENRIQUE,106,CONTRATO MENOR,CM,,SERVICIO DE COORDINACION Y GESTIÓN DE BIENESTAR SOCIAL PARA LA GRDS - DOS ENTREGABLES 2026,1538,18,2.3. 2  9. 1  1,LOCACION DE SERVICIOS REALIZADOS POR PERSONAS NATURALES RELACIONADAS AL ROL DE LA ENTIDAD,14000.0,Compromiso
2026,1028,3,S,1310,2026-03-12,10465443991,VEGA ROJAS SHIRLEY VANESSA,106,CONTRATO MENOR,CM,,SERVICIO ESPECIALIZADO EN DERECHO ADMINISTRATIVO PARA GRDS - CINCO ENTEGABLES 2026.,1539,18,2.3. 2  9. 1  1,LOCACION DE SERVICIOS REALIZADOS POR PERSONAS NATURALES RELACIONADAS AL ROL DE LA ENTIDAD,26000.0,Compromiso
2026,1028,3,S,1311,2026-03-12,10714566780,BALBOA HARO ALEXANDRA MARIA DEL PILAR,106,CONTRATO MENOR,CM,,SERVICIO DE ASISTENCIA LEGAL Y JURÍDICA EN PROCESOS ADMINISTRATIVOS PARA GAJ DOS ENTREGABLES 2026,1540,18,2.3. 2  9. 1  1,LOCACION DE SERVICIOS REALIZADOS POR PERSONAS NATURALES RELACIONADAS AL ROL DE LA ENTIDAD,17000.0,Compromiso
2026,1028,3,S,1312,2026-03-12,10443220556,MARTINEZ QUINTO MILAGROS,106,CONTRATO MENOR,CM,,SERVICIO DE AUXILIAR ADMINISTRATIVO .,1656,18,2.3. 2  9. 1  1,LOCACION DE SERVICIOS REALIZADOS POR PERSONAS NATURALES RELACIONADAS AL ROL DE LA ENTIDAD,7500.0,Compromiso
2026,1028,3,S,1313,2026-03-12,10099361536,REATEGUI HUIÑAPI FLOR DE MARIA,106,CONTRATO MENOR,CM,,SERVICIO DE CONTROL Y SEGUIMIENTO DE INGRESO Y SALIDA DE BIENES DE ALMACEN .,1657,18,2.3. 2  9. 1  1,LOCACION DE SERVICIOS REALIZADOS POR PERSONAS NATURALES RELACIONADAS AL ROL DE LA ENTIDAD,7500.0,Compromiso
2026,1028,3,S,1314,2026-03-12,10722152064,FARFAN ACOSTA AURA SARA,106,CONTRATO MENOR,CM,,SERVICIO ESPECIALIZADO EN INGENIERIA AMBIENTAL III.,1628,18,2.3. 2  9. 1  1,LOCACION DE SERVICIOS REALIZADOS POR PERSONAS NATURALES RELACIONADAS AL ROL DE LA ENTIDAD,21000.0,Compromiso
2026,1028,3,S,1315,2026-03-12,10702666649,RONDINEL SILVA YESSENIA MERCEDES,106,CONTRATO MENOR,CM,,SERVICIO DE ASISTENCIA EN LA ELABORACIÓN DE DOCUMENTOS ADMINISTRATIVOS,1513,18,2.3. 2  9. 1  1,LOCACION DE SERVICIOS REALIZADOS POR PERSONAS NATURALES RELACIONADAS AL ROL DE LA ENTIDAD,8000.0,Compromiso
2026,1028,3,S,1316,2026-03-12,10726219325,SOTO GARCIA NICOLLE STEFANNY,106,CONTRATO MENOR,CM,,SERVICIO DE ASISTENCIA EN SEGUIMIENTO DE ACTIVIDADES ADMINISTRATIVAS,1514,18,2.3. 2  9. 1  1,LOCACION DE SERVICIOS REALIZADOS POR PERSONAS NATURALES RELACIONADAS AL ROL DE LA ENTIDAD,7000.0,Compromiso
2026,1028,3,S,1317,2026-03-12,10465155031,RAMOS ESCOBAR GUSTAVO EDUARDO ALEJANDRO,106,CONTRATO MENOR,CM,,"SERVICIO DE COORDINACIÓN Y SEGUIMIENTO DE DATOS, INFORMACON Y DOCUMENTOS.",1515,18,2.3. 2  9. 1  1,LOCACION DE SERVICIOS REALIZADOS POR PERSONAS NATURALES RELACIONADAS AL ROL DE LA ENTIDAD,11600.0,Compromiso
2026,1028,3,S,1318,2026-03-13,10732362318,ABANTO PONTE CRISHTIAN DISTHEFANO DIEGO ANDRE,106,CONTRATO MENOR,CM,,SERVICIO DE PROMOCIÓN AMBIENTAL VI.,1579,18,2.3. 2  9. 1  1,LOCACION DE SERVICIOS REALIZADOS POR PERSONAS NATURALES RELACIONADAS AL ROL DE LA ENTIDAD,5000.0,Compromiso
2026,1028,3,S,1319,2026-03-13,10723552368,MONTOYA FARFAN ANNETTE LINA,106,CONTRATO MENOR,CM,,SERVICIO DE PROMOCIÓN AMBIENTAL V.,1580,18,2.3. 2  9. 1  1,LOCACION DE SERVICIOS REALIZADOS POR PERSONAS NATURALES RELACIONADAS AL ROL DE LA ENTIDAD,5000.0,Compromiso
2026,1028,3,S,1320,2026-03-13,10490277086,MAYORGA CARRASCO ARIANA BRISETH,106,CONTRATO MENOR,CM,,SERVICIO DE PROMOCIÓN AMBIENTAL IV.,1581,18,2.3. 2  9. 1  1,LOCACION DE SERVICIOS REALIZADOS POR PERSONAS NATURALES RELACIONADAS AL ROL DE LA ENTIDAD,5000.0,Compromiso
2026,1028,3,S,1321,2026-03-13,10257966955,RUIZ URBANO CESAR AUGUSTO,106,CONTRATO MENOR,CM,,SERVICIO DE PROMOCIÓN AMBIENTAL III.,1582,18,2.3. 2  9. 1  1,LOCACION DE SERVICIOS REALIZADOS POR PERSONAS NATURALES RELACIONADAS AL ROL DE LA ENTIDAD,5000.0,Compromiso
2026,1028,3,S,1322,2026-03-13,10108629954,RODRIGUEZ QUISPE HERMINIA,106,CONTRATO MENOR,CM,,SERVICIO DE PROMOCIÓN AMBIENTAL II.,1583,18,2.3. 2  9. 1  1,LOCACION DE SERVICIOS REALIZADOS POR PERSONAS NATURALES RELACIONADAS AL ROL DE LA ENTIDAD,5000.0,Compromiso
2026,1028,3,S,1323,2026-03-13,10258668044,TUMBAY MONTAÑA VIOLETA,106,CONTRATO MENOR,CM,,SERVICIO DE PROMOCIÓN AMBIENTAL I.,1584,18,2.3. 2  9. 1  1,LOCACION DE SERVICIOS REALIZADOS POR PERSONAS NATURALES RELACIONADAS AL ROL DE LA ENTIDAD,5000.0,Compromiso
2026,1028,3,S,1324,2026-03-13,10774319200,MUÑOZ VILLANUEVA ANTHONY CRISTHIAN,106,CONTRATO MENOR,CM,,SERVICIO DE OPERARIO  XXXVI.,1585,18,2.3. 2  9. 1  1,LOCACION DE SERVICIOS REALIZADOS POR PERSONAS NATURALES RELACIONADAS AL ROL DE LA ENTIDAD,3600.0,Compromiso
2026,1028,3,S,1325,2026-03-13,10255941696,QUEREVALU CHERRES MIRKO,106,CONTRATO MENOR,CM,,SERVICIO DE OPERARIO  XXXV.,1586,18,2.3. 2  9. 1  1,LOCACION DE SERVICIOS REALIZADOS POR PERSONAS NATURALES RELACIONADAS AL ROL DE LA ENTIDAD,3600.0,Compromiso
2026,1028,3,S,1326,2026-03-13,10481870394,QUISPE ARANIBAR JOSSELYN OMADA,106,CONTRATO MENOR,CM,,SERVICIO DE OPERARIO  XXXIV.,1589,18,2.3. 2  9. 1  1,LOCACION DE SERVICIOS REALIZADOS POR PERSONAS NATURALES RELACIONADAS AL ROL DE LA ENTIDAD,3600.0,Compromiso
2026,1028,3,S,1327,2026-03-13,10607210832,OCAÑA BACA JADE ESTRELLA,106,CONTRATO MENOR,CM,,SERVICIO DE OPERARIO  XXXIII.,1590,18,2.3. 2  9. 1  1,LOCACION DE SERVICIOS REALIZADOS POR PERSONAS NATURALES RELACIONADAS AL ROL DE LA ENTIDAD,3600.0,Compromiso
2026,1028,3,S,1328,2026-03-13,10712974384,DIAZ GRANDA LISBETH MASIEL,106,CONTRATO MENOR,CM,,SERVICIO DE OPERARIO  XXXII.,1591,18,2.3. 2  9. 1  1,LOCACION DE SERVICIOS REALIZADOS POR PERSONAS NATURALES RELACIONADAS AL ROL DE LA ENTIDAD,3600.0,Compromiso
2026,1028,3,S,1329,2026-03-13,10414002876,BELLIDO LUNA WENDY VIRGINIA,106,CONTRATO MENOR,CM,,SERVICIO DE OPERARIO  XXXI.,1592,18,2.3. 2  9. 1  1,LOCACION DE SERVICIOS REALIZADOS POR PERSONAS NATURALES RELACIONADAS AL ROL DE LA ENTIDAD,3600.0,Compromiso
2026,1028,3,S,1330,2026-03-13,10256448756,CASTRO CARBAJAL BLANCA,106,CONTRATO MENOR,CM,,SERVICIO DE OPERARIO  XXX.,1593,18,2.3. 2  9. 1  1,LOCACION DE SERVICIOS REALIZADOS POR PERSONAS NATURALES RELACIONADAS AL ROL DE LA ENTIDAD,3600.0,Compromiso
2026,1028,3,S,1331,2026-03-13,10485874912,NAVARRO VASQUEZ LUCY,106,CONTRATO MENOR,CM,,SERVICIO DE OPERARIO  XXIX.,1594,18,2.3. 2  9. 1  1,LOCACION DE SERVICIOS REALIZADOS POR PERSONAS NATURALES RELACIONADAS AL ROL DE LA ENTIDAD,3600.0,Compromiso
2026,1028,3,S,1332,2026-03-13,10406086025,LOAYZA RIVERO DE QUISPE MIRIYAN CELESTE,106,CONTRATO MENOR,CM,,SERVICIO DE OPERARIO XXVIII.,1595,18,2.3. 2  9. 1  1,LOCACION DE SERVICIOS REALIZADOS POR PERSONAS NATURALES RELACIONADAS AL ROL DE LA ENTIDAD,3600.0,Compromiso
2026,1028,3,S,1333,2026-03-13,10105572200,CASTILLEJOS ELGUERA ANGELICA BEATRIZ,106,CONTRATO MENOR,CM,,SERVICIO DE OPERARIO  XXVII.,1596,18,2.3. 2  9. 1  1,LOCACION DE SERVICIOS REALIZADOS POR PERSONAS NATURALES RELACIONADAS AL ROL DE LA ENTIDAD,3600.0,Compromiso
2026,1028,3,S,1334,2026-03-13,10255173061,LOPEZ MENDOZA JUAN JAVIER,106,CONTRATO MENOR,CM,,SERVICIO DE OPERARIO XXVI.,1597,18,2.3. 2  9. 1  1,LOCACION DE SERVICIOS REALIZADOS POR PERSONAS NATURALES RELACIONADAS AL ROL DE LA ENTIDAD,3600.0,Compromiso
2026,1028,3,S,1335,2026-03-13,10730563227,NEGRETE CAHUANA HAROL RAFAEL,106,CONTRATO MENOR,CM,,SERVICIO DE OPERARIO  XXV.,1598,18,2.3. 2  9. 1  1,LOCACION DE SERVICIOS REALIZADOS POR PERSONAS NATURALES RELACIONADAS AL ROL DE LA ENTIDAD,3600.0,Compromiso
2026,1028,3,S,1336,2026-03-13,10465322247,TORRES GARCIA ROSARIO JHOANA,106,CONTRATO MENOR,CM,,SERVICIO DE OPERARIO XXIV.,1599,18,2.3. 2  9. 1  1,LOCACION DE SERVICIOS REALIZADOS POR PERSONAS NATURALES RELACIONADAS AL ROL DE LA ENTIDAD,3600.0,Compromiso
2026,1028,3,S,1337,2026-03-13,10258242110,CHOZO SUCLUPE MANUEL,106,CONTRATO MENOR,CM,,SERVICIO DE OPERARIO XXIII.,1600,18,2.3. 2  9. 1  1,LOCACION DE SERVICIOS REALIZADOS POR PERSONAS NATURALES RELACIONADAS AL ROL DE LA ENTIDAD,3600.0,Compromiso
2026,1028,3,S,1338,2026-03-13,10449636801,ANDRADE ANDRADE ALEYDA DOMINGA,106,CONTRATO MENOR,CM,,SERVICIO DE OPERARIO XXII.,1601,18,2.3. 2  9. 1  1,LOCACION DE SERVICIOS REALIZADOS POR PERSONAS NATURALES RELACIONADAS AL ROL DE LA ENTIDAD,3600.0,Compromiso
2026,1028,3,S,1339,2026-03-13,10756022216,MACHACA CHUQUIMAMANI EDINSON MANUEL,106,CONTRATO MENOR,CM,,SERVICIO DE OPERARIO XXI.,1602,18,2.3. 2  9. 1  1,LOCACION DE SERVICIOS REALIZADOS POR PERSONAS NATURALES RELACIONADAS AL ROL DE LA ENTIDAD,3600.0,Compromiso
2026,1028,3,S,1340,2026-03-13,10748497001,MEDINA VELIZ YOOSEP YHOBANY JONN,106,CONTRATO MENOR,CM,,SERVICIO DE OPERARIO XX.,1603,18,2.3. 2  9. 1  1,LOCACION DE SERVICIOS REALIZADOS POR PERSONAS NATURALES RELACIONADAS AL ROL DE LA ENTIDAD,3600.0,Compromiso
2026,1028,3,S,1341,2026-03-13,10419272731,MOLINARES ESPIRITU MARILYN ESTEFANY,106,CONTRATO MENOR,CM,,SERVICIO DE OPERARIO XIX.,1604,18,2.3. 2  9. 1  1,LOCACION DE SERVICIOS REALIZADOS POR PERSONAS NATURALES RELACIONADAS AL ROL DE LA ENTIDAD,3600.0,Compromiso
2026,1028,3,S,1342,2026-03-13,10736322558,MOLINARES ESPIRITU SHERRIL THYSSEN,106,CONTRATO MENOR,CM,,SERVICIO DE OPERARIO XVIII.,1605,18,2.3. 2  9. 1  1,LOCACION DE SERVICIOS REALIZADOS POR PERSONAS NATURALES RELACIONADAS AL ROL DE LA ENTIDAD,3600.0,Compromiso
2026,1028,3,S,1343,2026-03-13,10404550379,MOLINARI ESPIRITU MEDALITH DANNIZZA,106,CONTRATO MENOR,CM,,SERVICIO DE OPERARIO XVII.,1606,18,2.3. 2  9. 1  1,LOCACION DE SERVICIOS REALIZADOS POR PERSONAS NATURALES RELACIONADAS AL ROL DE LA ENTIDAD,3600.0,Compromiso
2026,1028,3,S,1344,2026-03-13,10770582186,PIZARRO AYALA GIANELLA CRISTHEL,106,CONTRATO MENOR,CM,,SERVICIO DE OPERARIO XVI.,1607,18,2.3. 2  9. 1  1,LOCACION DE SERVICIOS REALIZADOS POR PERSONAS NATURALES RELACIONADAS AL ROL DE LA ENTIDAD,3600.0,Compromiso
2026,1028,3,S,1345,2026-03-13,10713193912,OBREGON MOLINARES GEANNI NICOLE CLARA,106,CONTRATO MENOR,CM,,SERVICIO DE OPERARIO XV.,1608,18,2.3. 2  9. 1  1,LOCACION DE SERVICIOS REALIZADOS POR PERSONAS NATURALES RELACIONADAS AL ROL DE LA ENTIDAD,3600.0,Compromiso
2026,1028,3,S,1346,2026-03-13,10463124138,MOLINARI ESPIRITU VANESA LESLI,106,CONTRATO MENOR,CM,,SERVICIO DE OPERARIO XIV.,1609,18,2.3. 2  9. 1  1,LOCACION DE SERVICIOS REALIZADOS POR PERSONAS NATURALES RELACIONADAS AL ROL DE LA ENTIDAD,3600.0,Compromiso
2026,1028,3,S,1347,2026-03-13,10256469885,ESPIRITU JUÑO BRUNA EMILIA,106,CONTRATO MENOR,CM,,SERVICIO DE OPERARIO XIII.,1610,18,2.3. 2  9. 1  1,LOCACION DE SERVICIOS REALIZADOS POR PERSONAS NATURALES RELACIONADAS AL ROL DE LA ENTIDAD,3600.0,Compromiso
2026,1028,3,S,1348,2026-03-13,10750043041,DIAZ CHERREZ MARIA DEL CARMEN MIREYA,106,CONTRATO MENOR,CM,,SERVICIO DE OPERARIO XII.,1611,18,2.3. 2  9. 1  1,LOCACION DE SERVICIOS REALIZADOS POR PERSONAS NATURALES RELACIONADAS AL ROL DE LA ENTIDAD,3600.0,Compromiso
2026,1028,3,S,1349,2026-03-13,10481464809,MARQUEZ CESPEDES ESCARLET MAYTE,106,CONTRATO MENOR,CM,,SERVICIO DE OPERARIOXI.,1612,18,2.3. 2  9. 1  1,LOCACION DE SERVICIOS REALIZADOS POR PERSONAS NATURALES RELACIONADAS AL ROL DE LA ENTIDAD,3600.0,Compromiso
2026,1028,3,S,1350,2026-03-13,10482226022,VARGAS VELASQUEZ YOSSELYN TUANI,106,CONTRATO MENOR,CM,,SERVICIO DE OPERARIO X.,1613,18,2.3. 2  9. 1  1,LOCACION DE SERVICIOS REALIZADOS POR PERSONAS NATURALES RELACIONADAS AL ROL DE LA ENTIDAD,3600.0,Compromiso
2026,1028,3,S,1351,2026-03-13,10750043351,ZEVALLOS QUISPE ANDERSON GUSTAVO,106,CONTRATO MENOR,CM,,SERVICIO DE OPERARIO IX.,1614,18,2.3. 2  9. 1  1,LOCACION DE SERVICIOS REALIZADOS POR PERSONAS NATURALES RELACIONADAS AL ROL DE LA ENTIDAD,3600.0,Compromiso
2026,1028,3,S,1352,2026-03-13,10725361811,RAMOS ROSALES NICOLL JIMENA,106,CONTRATO MENOR,CM,,SERVICIO DE OPERARIO VIII.,1615,18,2.3. 2  9. 1  1,LOCACION DE SERVICIOS REALIZADOS POR PERSONAS NATURALES RELACIONADAS AL ROL DE LA ENTIDAD,3600.0,Compromiso
2026,1028,3,S,1352,2026-03-13,10725361811,RAMOS ROSALES NICOLL JIMENA,106,CONTRATO MENOR,CM,,SERVICIO DE OPERARIO VIII.,1615,18,2.3. 2  9. 1  1,LOCACION DE SERVICIOS REALIZADOS POR PERSONAS NATURALES RELACIONADAS AL ROL DE LA ENTIDAD,-1800.0,Rebaja
2026,1028,3,S,1353,2026-03-13,10410658556,MOLINARES ESPIRITU JOHANNA MARISELLA,106,CONTRATO MENOR,CM,,SERVICIO DE OPERARIO VII.,1616,18,2.3. 2  9. 1  1,LOCACION DE SERVICIOS REALIZADOS POR PERSONAS NATURALES RELACIONADAS AL ROL DE LA ENTIDAD,3600.0,Compromiso
2026,1028,3,S,1354,2026-03-13,10447813128,ALVARADO ALGUEDAS LADY ROSA,106,CONTRATO MENOR,CM,,SERVICIO DE OPERARIO VI.,1617,18,2.3. 2  9. 1  1,LOCACION DE SERVICIOS REALIZADOS POR PERSONAS NATURALES RELACIONADAS AL ROL DE LA ENTIDAD,3600.0,Compromiso
2026,1028,3,S,1355,2026-03-13,10423663168,LOPEZ DE LA CRUZ KELLY VANNESSA,106,CONTRATO MENOR,CM,,SERVICIO DE OPERARIO V.,1618,18,2.3. 2  9. 1  1,LOCACION DE SERVICIOS REALIZADOS POR PERSONAS NATURALES RELACIONADAS AL ROL DE LA ENTIDAD,3600.0,Compromiso
2026,1028,3,S,1356,2026-03-13,10255616990,ALVARADO RODRIGUEZ SARA IRIS,106,CONTRATO MENOR,CM,,SERVICIO DE OPERARIO IV.,1619,18,2.3. 2  9. 1  1,LOCACION DE SERVICIOS REALIZADOS POR PERSONAS NATURALES RELACIONADAS AL ROL DE LA ENTIDAD,3600.0,Compromiso
2026,1028,3,S,1357,2026-03-13,10463468431,ALVARADO ALGUEDAS ZENAIDA AIDA,106,CONTRATO MENOR,CM,,SERVICIO DE OPERARIO III.,1620,18,2.3. 2  9. 1  1,LOCACION DE SERVICIOS REALIZADOS POR PERSONAS NATURALES RELACIONADAS AL ROL DE LA ENTIDAD,3600.0,Compromiso
2026,1028,3,S,1358,2026-03-13,10410658327,MOLINARI ESPIRITU ELIZABETH,106,CONTRATO MENOR,CM,,SERVICIO DE OPERARIO II.,1627,18,2.3. 2  9. 1  1,LOCACION DE SERVICIOS REALIZADOS POR PERSONAS NATURALES RELACIONADAS AL ROL DE LA ENTIDAD,3600.0,Compromiso
2026,1028,3,S,1359,2026-03-13,10747846958,CIEZA JAHNSEN JULIA DEL CIELO,106,CONTRATO MENOR,CM,,SERVICIO DE OPERARIO I.,1621,18,2.3. 2  9. 1  1,LOCACION DE SERVICIOS REALIZADOS POR PERSONAS NATURALES RELACIONADAS AL ROL DE LA ENTIDAD,3600.0,Compromiso
2026,1028,3,S,1360,2026-03-13,10742007591,AGUILAR ERHUAY ARACELY,106,CONTRATO MENOR,CM,,SERVICIO ADMINISTRATIVO EN LOGISTICA.,1622,18,2.3. 2  9. 1  1,LOCACION DE SERVICIOS REALIZADOS POR PERSONAS NATURALES RELACIONADAS AL ROL DE LA ENTIDAD,10000.0,Compromiso
2026,1028,3,S,1361,2026-03-13,10754503055,RAMIREZ BUIZA CLAUDIA SARA,106,CONTRATO MENOR,CM,,SERVICIO DE ORGANIZACIÓN Y SUPERVISIÓN DE GESTIÓN AMBIENTAL III.,1623,18,2.3. 2  9. 1  1,LOCACION DE SERVICIOS REALIZADOS POR PERSONAS NATURALES RELACIONADAS AL ROL DE LA ENTIDAD,12000.0,Compromiso
2026,1028,3,S,1362,2026-03-13,10478740307,HUAMANÍ GUILLERMO YOLY,106,CONTRATO MENOR,CM,,SERVICIO DE ORGANIZACIÓN Y SUPERVISIÓN DE GESTIÓN AMBIENTAL II.,1624,18,2.3. 2  9. 1  1,LOCACION DE SERVICIOS REALIZADOS POR PERSONAS NATURALES RELACIONADAS AL ROL DE LA ENTIDAD,12000.0,Compromiso
2026,1028,3,S,1363,2026-03-13,10447865683,ARTEAGA MENDOZA MARIA ADELI,106,CONTRATO MENOR,CM,,SERVICIO DE ORGANIZACIÓN Y SUPERVISIÓN DE GESTIÓN AMBIENTAL I.,1625,18,2.3. 2  9. 1  1,LOCACION DE SERVICIOS REALIZADOS POR PERSONAS NATURALES RELACIONADAS AL ROL DE LA ENTIDAD,12000.0,Compromiso
2026,1028,3,S,1364,2026-03-13,10412024520,LINGAN GONZALEZ NADIA MARIA JEANETTE,106,CONTRATO MENOR,CM,,SERVICIO DE COORDINACIÓN DE ENFOQUE AMBIENTAL.,1626,18,2.3. 2  9. 1  1,LOCACION DE SERVICIOS REALIZADOS POR PERSONAS NATURALES RELACIONADAS AL ROL DE LA ENTIDAD,14000.0,Compromiso
2026,1028,3,S,1365,2026-03-13,10436420434,MORANTE VARGAS HILDA ELIZABETH,106,CONTRATO MENOR,CM,,SERVICIO ESPECIALIZADO EN ASUNTOS LEGALES ADMINISTRATIVOS,1516,18,2.3. 2  9. 1  1,LOCACION DE SERVICIOS REALIZADOS POR PERSONAS NATURALES RELACIONADAS AL ROL DE LA ENTIDAD,36000.0,Compromiso
2026,1028,3,S,1366,2026-03-13,10736220356,BUSTAMANTE SARAVIA OMAR ANTHONY,106,CONTRATO MENOR,CM,,SERVICIO ESPECIALIZADO EN CONTRATACIONES PÚBLICAS,1517,18,2.3. 2  9. 1  1,LOCACION DE SERVICIOS REALIZADOS POR PERSONAS NATURALES RELACIONADAS AL ROL DE LA ENTIDAD,27000.0,Compromiso
2026,1028,3,S,1366,2026-03-13,10736220356,BUSTAMANTE SARAVIA OMAR ANTHONY,106,CONTRATO MENOR,CM,,SERVICIO ESPECIALIZADO EN CONTRATACIONES PÚBLICAS,1517,18,2.3. 2  9. 1  1,LOCACION DE SERVICIOS REALIZADOS POR PERSONAS NATURALES RELACIONADAS AL ROL DE LA ENTIDAD,-18000.0,Rebaja
2026,1028,3,S,1367,2026-03-13,10099123279,LEON SARAVIA FRITZ PIERANTONI,106,CONTRATO MENOR,CM,,SERVICIO ESPECIALIZADO EN OPERATIVIDAD Y MANEJO DE EQUIPOS,1518,18,2.3. 2  9. 1  1,LOCACION DE SERVICIOS REALIZADOS POR PERSONAS NATURALES RELACIONADAS AL ROL DE LA ENTIDAD,18000.0,Compromiso
2026,1028,3,S,1368,2026-03-13,10760312318,COPITAN DE LA CRUZ GLISERIO JAIME,106,CONTRATO MENOR,CM,,SERVICIO DE GESTION DE PROCESOS LOGISTICOS,1523,18,2.3. 2  9. 1  1,LOCACION DE SERVICIOS REALIZADOS POR PERSONAS NATURALES RELACIONADAS AL ROL DE LA ENTIDAD,18000.0,Compromiso
2026,1028,3,S,1369,2026-03-13,10085655839,SANTANA LOPEZ JOSE ANTONIO,106,CONTRATO MENOR,CM,,ASESORIA EN GESTION ADMINISTRATIVA,1629,18,2.3. 2  9. 1  1,LOCACION DE SERVICIOS REALIZADOS POR PERSONAS NATURALES RELACIONADAS AL ROL DE LA ENTIDAD,21000.0,Compromiso
2026,1028,3,S,1370,2026-03-13,10726645260,ESPINOZA RIVERA JORGE ALFREDO,106,CONTRATO MENOR,CM,,SERVICIO DE GESTIÓN ADMINISTRATIVA DE ALMACÉN,1524,18,2.3. 2  9. 1  1,LOCACION DE SERVICIOS REALIZADOS POR PERSONAS NATURALES RELACIONADAS AL ROL DE LA ENTIDAD,21000.0,Compromiso
2026,1028,3,S,1371,2026-03-13,10426253564,VASQUEZ MATOS WILMA YRIA,106,CONTRATO MENOR,CM,,SERVICIO DE COORDINACION DE ACTIVIDADES DE GESTION SOCIAL PARA OREDIS - UNICO ENTREGABLE 2026,1587,18,2.3. 2  9. 1  1,LOCACION DE SERVICIOS REALIZADOS POR PERSONAS NATURALES RELACIONADAS AL ROL DE LA ENTIDAD,3000.0,Compromiso
2026,1028,3,S,1372,2026-03-13,10456608464,RIOS CONCA DAVID SAMUEL,106,CONTRATO MENOR,CM,,SERVICIO ESPECIALIZADO EN TRADUCCION EN LENGUA DE SEÑAS PARA OREDIS - UNICO ENTREGABLE 2026.,1588,18,2.3. 2  9. 1  1,LOCACION DE SERVICIOS REALIZADOS POR PERSONAS NATURALES RELACIONADAS AL ROL DE LA ENTIDAD,3000.0,Compromiso
2026,1028,3,S,1373,2026-03-13,10460599321,GUTIERREZ ROMERO IVETTE MILAGROS,106,CONTRATO MENOR,CM,,SERVICIO SECRETARIAL.,1541,18,2.3. 2  9. 1  1,LOCACION DE SERVICIOS REALIZADOS POR PERSONAS NATURALES RELACIONADAS AL ROL DE LA ENTIDAD,14000.0,Compromiso
2026,1028,3,S,1374,2026-03-13,10440001420,SAN MARTIN HILARIO MARTHA MARIEL,106,CONTRATO MENOR,CM,,SERVICIO ESPECIALIZADO EN PROCESOS ADMINISTRATIVOS Y LOGISTICOS.,1542,18,2.3. 2  9. 1  1,LOCACION DE SERVICIOS REALIZADOS POR PERSONAS NATURALES RELACIONADAS AL ROL DE LA ENTIDAD,26000.0,Compromiso
2026,1028,3,S,1375,2026-03-13,10421605349,ASTUVILCA MATEO MARY LUZ,106,CONTRATO MENOR,CM,,SERVICIO ESPECIALIZADO EN MATERIA LEGAL EN GESTION PUBLICA.,1543,18,2.3. 2  9. 1  1,LOCACION DE SERVICIOS REALIZADOS POR PERSONAS NATURALES RELACIONADAS AL ROL DE LA ENTIDAD,22000.0,Compromiso
2026,1028,3,S,1376,2026-03-13,10200971448,CAMBORDA RUIZ HARVIS ANTONIO,106,CONTRATO MENOR,CM,,SERVICIO ESPECIALIZADO EN MATERIA LEGAL .,1544,18,2.3. 2  9. 1  1,LOCACION DE SERVICIOS REALIZADOS POR PERSONAS NATURALES RELACIONADAS AL ROL DE LA ENTIDAD,20000.0,Compromiso
2026,1028,3,S,1377,2026-03-13,10755167946,SAORI KIMBERLY FELIPE YUPAC,106,CONTRATO MENOR,CM,,SERVICIO DE ASISTENCIA TECNICA ADMINISTRATIVA.,1545,18,2.3. 2  9. 1  1,LOCACION DE SERVICIOS REALIZADOS POR PERSONAS NATURALES RELACIONADAS AL ROL DE LA ENTIDAD,16000.0,Compromiso
2026,1028,3,S,1378,2026-03-13,10722043583,LEGUA RODRIGUEZ ROSA DARISSA,106,CONTRATO MENOR,CM,,SERVICIO DE ORDENAMIENTO Y DIGITALIZACION DEL ARCHIVO DE EXPEDIENTE.,1546,18,2.3. 2  9. 1  1,LOCACION DE SERVICIOS REALIZADOS POR PERSONAS NATURALES RELACIONADAS AL ROL DE LA ENTIDAD,10000.0,Compromiso
2026,1028,3,S,1379,2026-03-13,10486065112,CASIANO MONTERO BRAYAN GUILLERMO,106,CONTRATO MENOR,CM,,SERVICIO DE DIGITALIZACION Y FOLIACION DE DOCUMENTOS DE ARCHIVO .,1547,18,2.3. 2  9. 1  1,LOCACION DE SERVICIOS REALIZADOS POR PERSONAS NATURALES RELACIONADAS AL ROL DE LA ENTIDAD,8000.0,Compromiso
2026,1028,3,S,1380,2026-03-13,10060252292,MILLA GARCIA JHONNY MAXIMO,106,CONTRATO MENOR,CM,,SERVICIO DE REVISION DE DOCUMENTOS DE GESTION .,1548,18,2.3. 2  9. 1  1,LOCACION DE SERVICIOS REALIZADOS POR PERSONAS NATURALES RELACIONADAS AL ROL DE LA ENTIDAD,12500.0,Compromiso
2026,1028,3,S,1381,2026-03-13,10707506291,PUERTA ALVARADO LESLY DANA,106,CONTRATO MENOR,CM,,SERVICIO DE CLASIFICACION Y ORDENAMIENTO DE ARCHIVOS I.,1549,18,2.3. 2  9. 1  1,LOCACION DE SERVICIOS REALIZADOS POR PERSONAS NATURALES RELACIONADAS AL ROL DE LA ENTIDAD,10800.0,Compromiso
2026,1028,3,S,1382,2026-03-13,10761481709,CORNEJO ALVARADO KIARA SADIRA,106,CONTRATO MENOR,CM,,SERVICIO DE CLASIFICACION Y ORDENAMIENTO DE ARCHIVOS II.,1550,18,2.3. 2  9. 1  1,LOCACION DE SERVICIOS REALIZADOS POR PERSONAS NATURALES RELACIONADAS AL ROL DE LA ENTIDAD,8000.0,Compromiso
2026,1028,3,S,1383,2026-03-13,10771640350,CHIRLEY NICOL OVALLE CAMACHO,106,CONTRATO MENOR,CM,,SERVICIO DE CLASIFICACION Y ORDENAMIENTO DE ARCHIVOS III.,1551,18,2.3. 2  9. 1  1,LOCACION DE SERVICIOS REALIZADOS POR PERSONAS NATURALES RELACIONADAS AL ROL DE LA ENTIDAD,8000.0,Compromiso
2026,1028,3,S,1384,2026-03-13,10446607311,LLANOS HERNANDEZ EDUARDO ISMAEL,106,CONTRATO MENOR,CM,,SERVICIO DE CLASIFICACION Y ORDENAMIENTO DE ARCHIVOS IV.,1552,18,2.3. 2  9. 1  1,LOCACION DE SERVICIOS REALIZADOS POR PERSONAS NATURALES RELACIONADAS AL ROL DE LA ENTIDAD,10000.0,Compromiso
2026,1028,3,S,1385,2026-03-13,10757580263,ESTEVES ROMERO JENIFER TEREZA,106,CONTRATO MENOR,CM,,SERVICIO DE ORGANIZACIÓN Y DESCRIPCION DE LOS DOCUMENTOS DE ARCHIVO I.,1553,18,2.3. 2  9. 1  1,LOCACION DE SERVICIOS REALIZADOS POR PERSONAS NATURALES RELACIONADAS AL ROL DE LA ENTIDAD,8000.0,Compromiso
2026,1028,3,S,1386,2026-03-13,10734893965,DEL AGUILA ARAUJO THALIA ANDREA,106,CONTRATO MENOR,CM,,SERVICIO DE ORGANIZACIÓN Y DESCRIPCION DE LOS DOCUMENTOS DE ARCHIVO II.,1554,18,2.3. 2  9. 1  1,LOCACION DE SERVICIOS REALIZADOS POR PERSONAS NATURALES RELACIONADAS AL ROL DE LA ENTIDAD,8000.0,Compromiso
2026,1028,3,S,1387,2026-03-13,10717784001,KARLA GRETA TORRES PEREZ,106,CONTRATO MENOR,CM,,SERVICIO DE ORGANIZACIÓN Y DESCRIPCION DE LOS DOCUMENTOS DE ARCHIVO III.,1555,18,2.3. 2  9. 1  1,LOCACION DE SERVICIOS REALIZADOS POR PERSONAS NATURALES RELACIONADAS AL ROL DE LA ENTIDAD,8000.0,Compromiso
2026,1028,3,S,1388,2026-03-13,10733036791,GERSON WALDIR MARCOS DEL CARPIO,106,CONTRATO MENOR,CM,,SERVICIO DE ORGANIZACIÓN Y DESCRIPCION DE LOS DOCUMENTOS DE ARCHIVO IV.,1676,18,2.3. 2  9. 1  1,LOCACION DE SERVICIOS REALIZADOS POR PERSONAS NATURALES RELACIONADAS AL ROL DE LA ENTIDAD,6000.0,Compromiso
2026,1028,3,S,1389,2026-03-13,10470051341,VELASQUEZ CAVERO MIGUEL OMAR,106,CONTRATO MENOR,CM,,SERVICIO DE DESCRIPCION DE DOCUMENTOS DE ARCHIVOS I.,1556,18,2.3. 2  9. 1  1,LOCACION DE SERVICIOS REALIZADOS POR PERSONAS NATURALES RELACIONADAS AL ROL DE LA ENTIDAD,12000.0,Compromiso
2026,1028,3,S,1389,2026-03-13,10470051341,VELASQUEZ CAVERO MIGUEL OMAR,106,CONTRATO MENOR,CM,,SERVICIO DE DESCRIPCION DE DOCUMENTOS DE ARCHIVOS I.,1556,18,2.3. 2  9. 1  1,LOCACION DE SERVICIOS REALIZADOS POR PERSONAS NATURALES RELACIONADAS AL ROL DE LA ENTIDAD,-12000.0,Anulado
2026,1028,3,S,1390,2026-03-13,10729214031,ESTEVES HUAMAN INDARA DESIREE,106,CONTRATO MENOR,CM,,SERVICIO DE DESCRIPCION DE DOCUMENTOS DE ARCHIVOS II.,1557,18,2.3. 2  9. 1  1,LOCACION DE SERVICIOS REALIZADOS POR PERSONAS NATURALES RELACIONADAS AL ROL DE LA ENTIDAD,8000.0,Compromiso
2026,1028,3,S,1391,2026-03-13,10101364408,SANCHEZ MONTOYA JESUS MOISES,106,CONTRATO MENOR,CM,,"SERVICIO DE ORDENAMIENTO, CLASIFICACION Y FOLIACION DE DOCUMENTACION I.",1558,18,2.3. 2  9. 1  1,LOCACION DE SERVICIOS REALIZADOS POR PERSONAS NATURALES RELACIONADAS AL ROL DE LA ENTIDAD,8000.0,Compromiso
2026,1028,3,S,1392,2026-03-13,10431757732,SERMEÑO GAVANCHO RUTH MARIBEL,106,CONTRATO MENOR,CM,,"SERVICIO DE ORDENAMIENTO, CLASIFICACION Y FOLIACION DE DOCUMENTACION II.",1559,18,2.3. 2  9. 1  1,LOCACION DE SERVICIOS REALIZADOS POR PERSONAS NATURALES RELACIONADAS AL ROL DE LA ENTIDAD,8000.0,Compromiso
2026,1028,3,S,1393,2026-03-13,10181460879,SUAREZ BLAS VERONICA AURISTELA,106,CONTRATO MENOR,CM,,"SERVICIO DE ORDENAMIENTO, CLASIFICACION Y FOLIACION DE DOCUMENTACION LLL.",1560,18,2.3. 2  9. 1  1,LOCACION DE SERVICIOS REALIZADOS POR PERSONAS NATURALES RELACIONADAS AL ROL DE LA ENTIDAD,8000.0,Compromiso
2026,1028,3,S,1394,2026-03-13,10257487542,RAMOS BONILLA JUAN VICTORIANO,106,CONTRATO MENOR,CM,,SERVICIO DE REVISION DE TRANSFERENCIA DE DOCUMENTOS AL ARCHIVO I.,1561,18,2.3. 2  9. 1  1,LOCACION DE SERVICIOS REALIZADOS POR PERSONAS NATURALES RELACIONADAS AL ROL DE LA ENTIDAD,10000.0,Compromiso
2026,1028,3,S,1395,2026-03-13,10255211744,PALOMINO MARQUEZ VICTOR,106,CONTRATO MENOR,CM,,SERVICIO DE REVISION DE TRANSFERENCIA DE DOCUMENTOS AL ARCHIVO II.,1562,18,2.3. 2  9. 1  1,LOCACION DE SERVICIOS REALIZADOS POR PERSONAS NATURALES RELACIONADAS AL ROL DE LA ENTIDAD,10000.0,Compromiso
2026,1028,3,S,1396,2026-03-13,10759632953,SILVA RICALDI STEFHANO MOISES NICOLAS,106,CONTRATO MENOR,CM,,SERVICIO DE DIGITALIZACION Y FOLIACION DE DOCUMENTOS DE ARCHIVO.,1563,18,2.3. 2  9. 1  1,LOCACION DE SERVICIOS REALIZADOS POR PERSONAS NATURALES RELACIONADAS AL ROL DE LA ENTIDAD,8000.0,Compromiso
2026,1028,3,S,1397,2026-03-13,10453223405,BLAS LOPEZ ANDRES MARTIN,106,CONTRATO MENOR,CM,,SERVICIO DE ORDENAMIENTO DE DOCUMENTOS DE ARCHIVO I.,1564,18,2.3. 2  9. 1  1,LOCACION DE SERVICIOS REALIZADOS POR PERSONAS NATURALES RELACIONADAS AL ROL DE LA ENTIDAD,10000.0,Compromiso
2026,1028,3,S,1398,2026-03-13,10702021125,TABOADA REYES PIERRE ANTHONY,106,CONTRATO MENOR,CM,,SERVICIO DE ORDENAMIENTO DE DOCUMENTOS DE ARCHIVO II.,1565,18,2.3. 2  9. 1  1,LOCACION DE SERVICIOS REALIZADOS POR PERSONAS NATURALES RELACIONADAS AL ROL DE LA ENTIDAD,8000.0,Compromiso
2026,1028,3,S,1399,2026-03-13,10429946625,GONZALES CORONADO PAULO LUIS,106,CONTRATO MENOR,CM,,SERVICIO DE ORDENAMIENTO DE DOCUMENTOS DE ARCHIVO III.,1566,18,2.3. 2  9. 1  1,LOCACION DE SERVICIOS REALIZADOS POR PERSONAS NATURALES RELACIONADAS AL ROL DE LA ENTIDAD,10000.0,Compromiso
2026,1028,3,S,1400,2026-03-13,10480850942,PEÑA GUIZADA JOSHELING STEPHANY,106,CONTRATO MENOR,CM,,SERVICIO DE CLASIFICACION Y DIGITALIZACION DE DOCUMENTOS .,1567,18,2.3. 2  9. 1  1,LOCACION DE SERVICIOS REALIZADOS POR PERSONAS NATURALES RELACIONADAS AL ROL DE LA ENTIDAD,14000.0,Compromiso
2026,1028,3,S,1401,2026-03-13,10753845173,HILARIO HURTADO LEONELA ALEJANDRA,106,CONTRATO MENOR,CM,,SERVICIO DE DIGITALIZACION Y ORGANIZACIÓN DE DOCUMENTACION.,1568,18,2.3. 2  9. 1  1,LOCACION DE SERVICIOS REALIZADOS POR PERSONAS NATURALES RELACIONADAS AL ROL DE LA ENTIDAD,8000.0,Compromiso
2026,1028,3,S,1402,2026-03-13,10740183686,AMADO MOGOLLON JEREMY ALEJANDRO,106,CONTRATO MENOR,CM,,"SERVICIO DE RECEPCION, REGISTRO Y DISTRIBUCION DE DOCUMENTACION ADMINISTRATIVA I.",1569,18,2.3. 2  9. 1  1,LOCACION DE SERVICIOS REALIZADOS POR PERSONAS NATURALES RELACIONADAS AL ROL DE LA ENTIDAD,10000.0,Compromiso
2026,1028,3,S,1403,2026-03-13,10703753839,CHUNGA BARRETO JOSUE ALEXANDER,106,CONTRATO MENOR,CM,,"SERVICIO DE RECEPCION, REGISTRO Y DISTRIBUCION DE DOCUMENTACION ADMINISTRATIVA II.",1570,18,2.3. 2  9. 1  1,LOCACION DE SERVICIOS REALIZADOS POR PERSONAS NATURALES RELACIONADAS AL ROL DE LA ENTIDAD,10000.0,Compromiso
2026,1028,3,S,1404,2026-03-13,10611782948,OSCAR ANGELLO JAVIER POEMAPE CANCHANYA,106,CONTRATO MENOR,CM,,"SERVICIO DE RECEPCION, REGISTRO Y DISTRIBUCION DE DOCUMENTACION ADMINISTRATIVA III.",1571,18,2.3. 2  9. 1  1,LOCACION DE SERVICIOS REALIZADOS POR PERSONAS NATURALES RELACIONADAS AL ROL DE LA ENTIDAD,8000.0,Compromiso
2026,1028,3,S,1405,2026-03-13,10483113108,FLORES VALCAZAR JULIAN MICHEL,106,CONTRATO MENOR,CM,,"SERVICIO DE RECEPCION, REGISTRO Y DISTRIBUCION DE DOCUMENTACION ADMINISTRATIVA IV.",1572,18,2.3. 2  9. 1  1,LOCACION DE SERVICIOS REALIZADOS POR PERSONAS NATURALES RELACIONADAS AL ROL DE LA ENTIDAD,8000.0,Compromiso
2026,1028,3,S,1406,2026-03-13,10714279772,BARROZO FIGUEROA ALVARO VALENTINO,106,CONTRATO MENOR,CM,,SERVICIO DE ORIENTACION Y RECEPCION DOCUMENTAL EN MESA DE PARTES I.,1573,18,2.3. 2  9. 1  1,LOCACION DE SERVICIOS REALIZADOS POR PERSONAS NATURALES RELACIONADAS AL ROL DE LA ENTIDAD,8000.0,Compromiso
2026,1028,3,S,1407,2026-03-13,10412735833,EVELYN ROXANA JIMENEZ VIZCARDO,106,CONTRATO MENOR,CM,,SERVICIO DE ORIENTACION Y RECEPCION DOCUMENTAL EN MESA DE PARTES II.,1574,18,2.3. 2  9. 1  1,LOCACION DE SERVICIOS REALIZADOS POR PERSONAS NATURALES RELACIONADAS AL ROL DE LA ENTIDAD,8000.0,Compromiso
2026,1028,3,S,1408,2026-03-13,10453159383,MESIA VARGAS JOSE EDGAR,106,CONTRATO MENOR,CM,,SERVICIO DE SEGUIMIENTO DE DOCUMENTOS ADMINISTRATIVOS.,1575,18,2.3. 2  9. 1  1,LOCACION DE SERVICIOS REALIZADOS POR PERSONAS NATURALES RELACIONADAS AL ROL DE LA ENTIDAD,12000.0,Compromiso
2026,1028,3,S,1409,2026-03-13,10430860505,OCHOA LOBATON CESAR,106,CONTRATO MENOR,CM,,SERVICIO DE NOTIFICADOR I.,1576,18,2.3. 2  9. 1  1,LOCACION DE SERVICIOS REALIZADOS POR PERSONAS NATURALES RELACIONADAS AL ROL DE LA ENTIDAD,14000.0,Compromiso
2026,1028,3,S,1410,2026-03-13,10441017567,JOERCINIO ROBERTO CHAVEZ RUPAY,106,CONTRATO MENOR,CM,,SERVICIO DE NOTIFICADOR II.,1577,18,2.3. 2  9. 1  1,LOCACION DE SERVICIOS REALIZADOS POR PERSONAS NATURALES RELACIONADAS AL ROL DE LA ENTIDAD,12800.0,Compromiso
2026,1028,3,S,1411,2026-03-13,10749121837,RODRIGUEZ MAGUIÑA PAOLO ALEXANDER,106,CONTRATO MENOR,CM,,SERVICIO DE ASISTENCIA TECNICA ADMINISTRATIVA.,1578,18,2.3. 2  9. 1  1,LOCACION DE SERVICIOS REALIZADOS POR PERSONAS NATURALES RELACIONADAS AL ROL DE LA ENTIDAD,22500.0,Compromiso
2026,1028,3,S,1412,2026-03-13,10255647381,ESPINOZA DIAZ PEDRO VICTOR,106,CONTRATO MENOR,CM,,SERVICIO ESPECIALIZADO EN CONTROL Y GESTIÓN DE PROCESOS OPERATIVOS ADMINISTRATIVOS.,1631,18,2.3. 2  9. 1  1,LOCACION DE SERVICIOS REALIZADOS POR PERSONAS NATURALES RELACIONADAS AL ROL DE LA ENTIDAD,36000.0,Compromiso
2026,1028,3,S,1413,2026-03-13,10082491959,PASTOR DE LA CRUZ KENY ANTONIO,106,CONTRATO MENOR,CM,,SERVICIO ESPECIALIZADO EN MATERIA LEGAL EN GESTIÓN PÚBLICA.,1632,18,2.3. 2  9. 1  1,LOCACION DE SERVICIOS REALIZADOS POR PERSONAS NATURALES RELACIONADAS AL ROL DE LA ENTIDAD,32000.0,Compromiso
2026,1028,3,S,1414,2026-03-13,10402331084,VERASTEGUI SOTO LITA AIME,106,CONTRATO MENOR,CM,,SERVICIO ESPECIALIZADO LEGAL EN PROCEDIMIENTOS ADMINISTRATIVOS.,1633,18,2.3. 2  9. 1  1,LOCACION DE SERVICIOS REALIZADOS POR PERSONAS NATURALES RELACIONADAS AL ROL DE LA ENTIDAD,24000.0,Compromiso
2026,1028,3,S,1415,2026-03-13,10714579890,CAMPOS PURIZAGA  ALEJANDRA,106,CONTRATO MENOR,CM,,SERVICIO DE ASISTENCIA EN ORIENTACIÓN Y ATENCIÓN A USUARIOS .,1634,18,2.3. 2  9. 1  1,LOCACION DE SERVICIOS REALIZADOS POR PERSONAS NATURALES RELACIONADAS AL ROL DE LA ENTIDAD,10000.0,Compromiso
2026,1028,3,S,1416,2026-03-13,10421380274,TORRES ARANDIA MAGALY TRINIDAD,106,CONTRATO MENOR,CM,,SERVICIO DE GESTIÓN ADMINISTRATIVA.,1635,18,2.3. 2  9. 1  1,LOCACION DE SERVICIOS REALIZADOS POR PERSONAS NATURALES RELACIONADAS AL ROL DE LA ENTIDAD,8400.0,Compromiso
2026,1028,3,S,1417,2026-03-13,10702292889,LLAGAS REYNA GABRIEL ALEJANDRO,106,CONTRATO MENOR,CM,,SERVICIO DE COORDINACION ADMINISTRATIVA.,1636,18,2.3. 2  9. 1  1,LOCACION DE SERVICIOS REALIZADOS POR PERSONAS NATURALES RELACIONADAS AL ROL DE LA ENTIDAD,4000.0,Compromiso
2026,1028,3,S,1418,2026-03-13,10433286478,PERALES MERINO EDGARDLI GUSRO,106,CONTRATO MENOR,CM,,SERVICIO DE ANALISIS Y ELABORACION DE INFORMES EN TEMAS LEGALES.,1637,18,2.3. 2  9. 1  1,LOCACION DE SERVICIOS REALIZADOS POR PERSONAS NATURALES RELACIONADAS AL ROL DE LA ENTIDAD,16500.0,Compromiso
2026,1028,3,S,1419,2026-03-13,10100861971,PERCCA MAMANI JUAN DANIEL,106,CONTRATO MENOR,CM,,SERVICIO ESPECIALIZADO EN EVALUACION DE EXPEDIENTES TECNICOS.,1638,18,2.3. 2  9. 1  1,LOCACION DE SERVICIOS REALIZADOS POR PERSONAS NATURALES RELACIONADAS AL ROL DE LA ENTIDAD,18000.0,Compromiso
2026,1028,3,S,1420,2026-03-13,10758904992,PORTAL VILLANUEVA BRAYAN JASON,106,CONTRATO MENOR,CM,,"SERVICIO DE COORDINACION, SEGUIMIENTO Y PROCESAMIENTO DE INFORMACION.",1639,18,2.3. 2  9. 1  1,LOCACION DE SERVICIOS REALIZADOS POR PERSONAS NATURALES RELACIONADAS AL ROL DE LA ENTIDAD,15000.0,Compromiso
2026,1028,3,S,1421,2026-03-13,10421303032,PONCE ASENCIOS JUAN MANUEL,106,CONTRATO MENOR,CM,,SERVICIO DE ASISTENCIA TÉCNICA EN SISTEMA DE INFORMACIÓN GEOGRÁFICA.,1640,18,2.3. 2  9. 1  1,LOCACION DE SERVICIOS REALIZADOS POR PERSONAS NATURALES RELACIONADAS AL ROL DE LA ENTIDAD,9600.0,Compromiso
2026,1028,3,S,1422,2026-03-13,10767004848,PIERO PHILLIPS VARGAS AREVALO,106,CONTRATO MENOR,CM,,SERVICIO DE ACTUALIZACION DE CARTOGRAFIA EN SISTEMACION DE INFORMACION .,1641,18,2.3. 2  9. 1  1,LOCACION DE SERVICIOS REALIZADOS POR PERSONAS NATURALES RELACIONADAS AL ROL DE LA ENTIDAD,16350.0,Compromiso
2026,1028,3,S,1423,2026-03-13,10474820691,APONTE OLORTEGUI CESAR AGUSTO CARLOS,106,CONTRATO MENOR,CM,,SERVICIO DE COORDINACION PARA LA REVISION DE EXPEDIENTES LEGALES .,1642,18,2.3. 2  9. 1  1,LOCACION DE SERVICIOS REALIZADOS POR PERSONAS NATURALES RELACIONADAS AL ROL DE LA ENTIDAD,18000.0,Compromiso
2026,1028,3,S,1424,2026-03-13,10461147998,ALCOSER LLACTA FARLY BORIS,106,CONTRATO MENOR,CM,,SERVICIO DE ASISTENCIA TECNICA EN REVISION Y ANALISIS DE DOCUMENTOS TECNICOS .,1643,18,2.3. 2  9. 1  1,LOCACION DE SERVICIOS REALIZADOS POR PERSONAS NATURALES RELACIONADAS AL ROL DE LA ENTIDAD,12000.0,Compromiso
2026,1028,3,S,1425,2026-03-13,10068010301,HUAMANI LEONA MIRTHA,106,CONTRATO MENOR,CM,,SERVICIO LEGAL PARA LA REVISIÓN DE DOCUMENTOS DE GESTIÓN ADMINISTRATIVA.,1644,18,2.3. 2  9. 1  1,LOCACION DE SERVICIOS REALIZADOS POR PERSONAS NATURALES RELACIONADAS AL ROL DE LA ENTIDAD,5500.0,Compromiso
2026,1028,3,S,1426,2026-03-13,10456364905,PINTO GUEVARA FERNANDO AMPIER,106,CONTRATO MENOR,CM,,SERVICIO DE ASISTENCIA LEGAL EN PROCESOS ADMINISTRATIVOS.,1645,18,2.3. 2  9. 1  1,LOCACION DE SERVICIOS REALIZADOS POR PERSONAS NATURALES RELACIONADAS AL ROL DE LA ENTIDAD,8000.0,Compromiso
2026,1028,3,S,1427,2026-03-13,10418930999,SANCHEZ BARBOZA HUGO FERNANDO,106,CONTRATO MENOR,CM,,SERVICIO DE ASISTENCIA EN LA ELABORACIÓN DE DOCUMENTOS ADMINISTRATIVOS.,1646,18,2.3. 2  9. 1  1,LOCACION DE SERVICIOS REALIZADOS POR PERSONAS NATURALES RELACIONADAS AL ROL DE LA ENTIDAD,8000.0,Compromiso
2026,1028,3,S,1428,2026-03-13,10166935437,FERNANDEZ RIOJA DANY DANIA,106,CONTRATO MENOR,CM,,SERVICIO DE CLASIFICACIÓN Y ORDENAMIENTO DE ARCHIVOS.,1647,18,2.3. 2  9. 1  1,LOCACION DE SERVICIOS REALIZADOS POR PERSONAS NATURALES RELACIONADAS AL ROL DE LA ENTIDAD,12000.0,Compromiso
2026,1028,3,S,1429,2026-03-13,10409840821,DORREGARAY MEZA DAVID PAUL,106,CONTRATO MENOR,CM,,SERVICIO DE RECOLECIÓN DE DATOS EN CAMPO.,1648,18,2.3. 2  9. 1  1,LOCACION DE SERVICIOS REALIZADOS POR PERSONAS NATURALES RELACIONADAS AL ROL DE LA ENTIDAD,10000.0,Compromiso
2026,1028,3,S,1430,2026-03-13,10748343933,LOZANO BAUTISTA BRENDA GERALDINE,106,CONTRATO MENOR,CM,,SERVICIO DE REVISION DE EXPEDIENTE TECNICO.,1649,18,2.3. 2  9. 1  1,LOCACION DE SERVICIOS REALIZADOS POR PERSONAS NATURALES RELACIONADAS AL ROL DE LA ENTIDAD,4000.0,Compromiso
2026,1028,3,S,1431,2026-03-13,10258397954,ALVARADO DAÑINO MARCO ANTONIO,106,CONTRATO MENOR,CM,,"SERVICIO DE PROCESAMIENTO, ORDENAMIENTO Y CLASIFICACIÓN DE DOCUMENTOS ADMINISTRATIVOS.",1650,18,2.3. 2  9. 1  1,LOCACION DE SERVICIOS REALIZADOS POR PERSONAS NATURALES RELACIONADAS AL ROL DE LA ENTIDAD,4000.0,Compromiso
2026,1028,3,S,1432,2026-03-13,10769813140,PAUCAR TERRONES FABRIZIO MARCELO,106,CONTRATO MENOR,CM,,SERVICIO DE REVISIÓN DE INFORMES Y EXPEDIENTES TÉCNICOS.,1651,18,2.3. 2  9. 1  1,LOCACION DE SERVICIOS REALIZADOS POR PERSONAS NATURALES RELACIONADAS AL ROL DE LA ENTIDAD,2500.0,Compromiso
2026,1028,3,S,1433,2026-03-13,10747085060,NUÑEZ PACHECO AARON PATRICIO,106,CONTRATO MENOR,CM,,SERVICIO DE ASISTENCIA TECNICA EN GESTION DE PROCESOS ADMINISTRATIVOS.,1652,18,2.3. 2  9. 1  1,LOCACION DE SERVICIOS REALIZADOS POR PERSONAS NATURALES RELACIONADAS AL ROL DE LA ENTIDAD,4500.0,Compromiso
2026,1028,3,S,1434,2026-03-13,10442918495,ALVARADO GONZALES JEAN CARLO,106,CONTRATO MENOR,CM,,SERVICIO DE ASISTENCIA TÉCNICA LEGAL.,1653,18,2.3. 2  9. 1  1,LOCACION DE SERVICIOS REALIZADOS POR PERSONAS NATURALES RELACIONADAS AL ROL DE LA ENTIDAD,4500.0,Compromiso
2026,1028,3,S,1435,2026-03-13,10720167102,GUERRERO OSORNO MANUEL ANTONIO,106,CONTRATO MENOR,CM,,SERVICIO DE CONSOLIDACION Y ANALISIS DE DATOS ESTADISTICOS,1630,18,2.3. 2  9. 1  1,LOCACION DE SERVICIOS REALIZADOS POR PERSONAS NATURALES RELACIONADAS AL ROL DE LA ENTIDAD,14000.0,Compromiso
2026,1028,3,S,1436,2026-03-16,10479540689,CASIANO MONTERO GRETTA PAMELA,106,CONTRATO MENOR,CM,,SERVICIO ESPECIALIZADO EN MATERIA LEGAL PARA LA GERENCIA DE ASESORÍA JURÍDICA DEL GOBIERNO REGIONAL DEL CALLAO,1654,18,2.3. 2  9. 1  1,LOCACION DE SERVICIOS REALIZADOS POR PERSONAS NATURALES RELACIONADAS AL ROL DE LA ENTIDAD,16000.0,Compromiso
2026,1028,3,S,1437,2026-03-16,20418896915,MAPFRE PERU COMPAÑIA DE SEGUROS Y REASEGUROS,27,ADJUDICACION SIMPLIFICADA,AS,0044-2024-GORE-CALLAO,"SERVICIO DE POLIZAS DE SEGUROS DE VIDA LEY, SEGURO COMPLEMENTARIO DE TRABAJO DE RIESGO - PENSION, SEGURO COMPLEMENTARIO DE TRABAJO DE RIESGO - SALUD PARA LOS TRABAJADORES DEL GOBIERNO REGIONAL DEL CALLAO Y SEGURO DE FORMACION LABORAL",1733,18,2.3. 2  6. 3  4,OTROS SEGUROS PERSONALES,8751.06,Compromiso
2026,1028,3,S,1437,2026-03-16,20418896915,MAPFRE PERU COMPAÑIA DE SEGUROS Y REASEGUROS,27,ADJUDICACION SIMPLIFICADA,AS,0044-2024-GORE-CALLAO,"SERVICIO DE POLIZAS DE SEGUROS DE VIDA LEY, SEGURO COMPLEMENTARIO DE TRABAJO DE RIESGO - PENSION, SEGURO COMPLEMENTARIO DE TRABAJO DE RIESGO - SALUD PARA LOS TRABAJADORES DEL GOBIERNO REGIONAL DEL CALLAO Y SEGURO DE FORMACION LABORAL",1733,18,2.1. 3  1. 1 12,CONTRIBUCIONES POR EL SEGURO COMPLEMENTARIO DE TRABAJO DE RIESGO,10545.14,Compromiso
2026,1028,3,S,1437,2026-03-16,20418896915,MAPFRE PERU COMPAÑIA DE SEGUROS Y REASEGUROS,27,ADJUDICACION SIMPLIFICADA,AS,0044-2024-GORE-CALLAO,"SERVICIO DE POLIZAS DE SEGUROS DE VIDA LEY, SEGURO COMPLEMENTARIO DE TRABAJO DE RIESGO - PENSION, SEGURO COMPLEMENTARIO DE TRABAJO DE RIESGO - SALUD PARA LOS TRABAJADORES DEL GOBIERNO REGIONAL DEL CALLAO Y SEGURO DE FORMACION LABORAL",1733,18,2.1. 3  1. 1  6,OTRAS CONTRIBUCIONES DEL EMPLEADOR,21239.99,Compromiso
2026,1028,3,S,1438,2026-03-16,10092725940,RISSO BENDEZU SANTIAGO AUGUSTO,106,CONTRATO MENOR,CM,,SERVICIO ESPECIALIZADO DE COMUNICACIÓN SOCIAL PARA LA GERENCIA REGIONAL DE DESARROLLO ECONÓMICO DEL GOBIERNO REGIONAL DEL CALLAO.,1682,18,2.3. 2  9. 1  1,LOCACION DE SERVICIOS REALIZADOS POR PERSONAS NATURALES RELACIONADAS AL ROL DE LA ENTIDAD,25100.0,Compromiso
2026,1028,3,S,1439,2026-03-16,10099518117,CHIRINOS MERINO EDUARDO CESAR,106,CONTRATO MENOR,CM,,SERVICIO DE COORDINACION TECNICA EN ACTIVIDADES DE EVENTOS DEPORTIVOS PARA LA OFICINA DE DEPORTE,1658,18,2.3. 2  9. 1  1,LOCACION DE SERVICIOS REALIZADOS POR PERSONAS NATURALES RELACIONADAS AL ROL DE LA ENTIDAD,30000.0,Compromiso
2026,1028,3,S,1440,2026-03-16,10709183791,UZURIAGA GAMARRA LORENA LOURDES,106,CONTRATO MENOR,CM,,"SERVICIO DE ORGANIZACION, GESTION Y DIRECCION TECNICA DE DEPORTES PARA LA OFICINA DE DEPORTE",1659,18,2.3. 2  9. 1  1,LOCACION DE SERVICIOS REALIZADOS POR PERSONAS NATURALES RELACIONADAS AL ROL DE LA ENTIDAD,24000.0,Compromiso
2026,1028,3,S,1441,2026-03-16,10477275589,ORELLANA ORELLANA RICARDO,106,CONTRATO MENOR,CM,,SERVICIO DE ASISTENCIA TECNICA ADMINISTRATIVA I PARA LA OFICINA DE DEPORTE Y RECREACION DE LA GERENC,1660,18,2.3. 2  9. 1  1,LOCACION DE SERVICIOS REALIZADOS POR PERSONAS NATURALES RELACIONADAS AL ROL DE LA ENTIDAD,16000.0,Compromiso
2026,1028,3,S,1442,2026-03-16,10082207061,ABADIE CASTILLO LUIS ALBERTO,106,CONTRATO MENOR,CM,,SERVICIO DE SEGUIMIENTO Y MONITOREO DE ACTIVIDADES DE CAMPO I PARA LA OFICINA DE DEPORTE,1661,18,2.3. 2  9. 1  1,LOCACION DE SERVICIOS REALIZADOS POR PERSONAS NATURALES RELACIONADAS AL ROL DE LA ENTIDAD,16000.0,Compromiso
2026,1028,3,S,1443,2026-03-16,10414439824,CASTRO GONZALES SILVIA MAGALLY,106,CONTRATO MENOR,CM,,SERVICIO DE SEGUIMIENTO Y MONITOREO DE ACTIVIDADES DE CAMPO II PARA LA OFICINA DE DEPORTE,1662,18,2.3. 2  9. 1  1,LOCACION DE SERVICIOS REALIZADOS POR PERSONAS NATURALES RELACIONADAS AL ROL DE LA ENTIDAD,16000.0,Compromiso
2026,1028,3,S,1444,2026-03-16,10727890748,SUAREZ SOLIS JOSE ALFONSO,106,CONTRATO MENOR,CM,,SERVICIO DE ASISTENCIA EN PROGRAMACION Y PRESUPUESTO PARA LA FORMULACION Y SEGUIMIENTO DE ACTIVIDADE,1663,18,2.3. 2  9. 1  1,LOCACION DE SERVICIOS REALIZADOS POR PERSONAS NATURALES RELACIONADAS AL ROL DE LA ENTIDAD,20000.0,Compromiso
2026,1028,3,S,1445,2026-03-16,10413680340,MARQUEZ PALOMINO EVELYN LORENA,106,CONTRATO MENOR,CM,,SERVICIO ESPECIALIZADO EN CONTRATACIONES PUBLICAS PARA LA OFICINA DE DEPORTE Y RECREACION DE LA GERE,1664,18,2.3. 2  9. 1  1,LOCACION DE SERVICIOS REALIZADOS POR PERSONAS NATURALES RELACIONADAS AL ROL DE LA ENTIDAD,18000.0,Compromiso
2026,1028,3,S,1446,2026-03-16,10736770933,VILLANUEVA MELENDEZ JORGE ALEXANDRO,106,CONTRATO MENOR,CM,,SERVICIO ADMINISTRATIVO EN PLANIFICACION PARA LA OFICINA DE DEPORTE Y RECREACION DE LA GERENCIA,1665,18,2.3. 2  9. 1  1,LOCACION DE SERVICIOS REALIZADOS POR PERSONAS NATURALES RELACIONADAS AL ROL DE LA ENTIDAD,16000.0,Compromiso
2026,1028,3,S,1447,2026-03-16,10452009728,MENDOZA RAMOS KATHERINE DENISSE,106,CONTRATO MENOR,CM,,SERVICIO EN ASISTENCIA TECNICA EN LOGISTICA PARA LA OFICINA DE DEPORTE Y RECREACION DE LA GERENCIA,1666,18,2.3. 2  9. 1  1,LOCACION DE SERVICIOS REALIZADOS POR PERSONAS NATURALES RELACIONADAS AL ROL DE LA ENTIDAD,16000.0,Compromiso
2026,1028,3,S,1448,2026-03-16,10763242345,CHUQUINO CAPA LIZ CONSUELO,106,CONTRATO MENOR,CM,,SERVICIO DE ASISTENCIA TECNICA EN GESTION Y PLANIFICACION PARA LA OFICINA DE DEPORTE Y RECREACION,1667,18,2.3. 2  9. 1  1,LOCACION DE SERVICIOS REALIZADOS POR PERSONAS NATURALES RELACIONADAS AL ROL DE LA ENTIDAD,21000.0,Compromiso
2026,1028,3,S,1449,2026-03-16,10106673581,GUEVARA VALDEZ KARIM PATRICIA,106,CONTRATO MENOR,CM,,SERVICIO ESPECIALIZADO EN MATERIA LEGAL I PARA LA OFICINA DE DEPORTE Y RECREACION DE LA GERENCIA,1668,18,2.3. 2  9. 1  1,LOCACION DE SERVICIOS REALIZADOS POR PERSONAS NATURALES RELACIONADAS AL ROL DE LA ENTIDAD,28000.0,Compromiso
2026,1028,3,S,1450,2026-03-16,10102218707,VILLEGAS BUSTAMANTE MARIBEL GIOVANNA,106,CONTRATO MENOR,CM,,SERVICIO DE ASISTENCIA TECNICA ADMINISTRATIVA II PARA LA OFICINA DE DEPORTE Y RECREACION DE LA GEREN,1669,18,2.3. 2  9. 1  1,LOCACION DE SERVICIOS REALIZADOS POR PERSONAS NATURALES RELACIONADAS AL ROL DE LA ENTIDAD,16000.0,Compromiso
2026,1028,3,S,1451,2026-03-16,10730233413,MARTINEZ OYOLA FLOR DE ALHELI ROSALIA,106,CONTRATO MENOR,CM,,SERVICIO EN COMUNICACION E IMAGEN INSTITUCIONAL PARA LA OFICINA DE DEPORTE Y RECREACION DE LA GERENC,1670,18,2.3. 2  9. 1  1,LOCACION DE SERVICIOS REALIZADOS POR PERSONAS NATURALES RELACIONADAS AL ROL DE LA ENTIDAD,15000.0,Compromiso
2026,1028,3,S,1452,2026-03-16,10484795610,AYRES FERNANDEZ MILYSSA ENGEL,106,CONTRATO MENOR,CM,,SERVICIO DE AUXILIAR ADMINISTRATIVO PARA LA OFICINA DE DEPORTE Y RECREACION DE LA GERENCIA REGIONAL,1671,18,2.3. 2  9. 1  1,LOCACION DE SERVICIOS REALIZADOS POR PERSONAS NATURALES RELACIONADAS AL ROL DE LA ENTIDAD,12000.0,Compromiso
2026,1028,3,S,1453,2026-03-16,10771655551,MENDIVIL PERALTA CELIA JASMIN,106,CONTRATO MENOR,CM,,SERVICIO DE ASISTENCIA EN GESTION DOCUMENTAL PARA LA OFICINA DE DEPORTE Y RECREACION DE LA GERENCIA,1672,18,2.3. 2  9. 1  1,LOCACION DE SERVICIOS REALIZADOS POR PERSONAS NATURALES RELACIONADAS AL ROL DE LA ENTIDAD,10000.0,Compromiso
2026,1028,3,S,1454,2026-03-16,10401507405,MONTERO CLUZEL EMILIO GUSTAVO,106,CONTRATO MENOR,CM,,SERVICIO DE CONTROL Y SEGUIMIENTO DE INGRESO Y SALIDA DE BIENES DE ALMACEN PARA LA OFICINA DE DEPORT,1673,18,2.3. 2  9. 1  1,LOCACION DE SERVICIOS REALIZADOS POR PERSONAS NATURALES RELACIONADAS AL ROL DE LA ENTIDAD,16000.0,Compromiso
2026,1028,3,S,1455,2026-03-16,10447982779,PAUCCAR MARIÑO GISELA JUSTINA,106,CONTRATO MENOR,CM,,SERVICIO DE REGISTRO Y RECEPCION DE BIENES EN ALMACEN I PARA LA OFICINA DE DEPORTE Y RECREACION,1674,18,2.3. 2  9. 1  1,LOCACION DE SERVICIOS REALIZADOS POR PERSONAS NATURALES RELACIONADAS AL ROL DE LA ENTIDAD,10000.0,Compromiso
2026,1028,3,S,1456,2026-03-16,10476603361,NIETO VARGAS NERY JANINA DEL PILAR,106,CONTRATO MENOR,CM,,SERVICIO DE PROMOTOR DEPORTIVO I PARA LA ACTIVIDAD: ?INCREMENTO DE ACTIVIDADES DEPORTIVAS Y RECREATI,1683,18,2.3. 2  9. 1  1,LOCACION DE SERVICIOS REALIZADOS POR PERSONAS NATURALES RELACIONADAS AL ROL DE LA ENTIDAD,1500.0,Compromiso
2026,1028,3,S,1457,2026-03-16,10490529611,IZQUIERDO BORDA YAMILE,106,CONTRATO MENOR,CM,,SERVICIO DE PROMOTOR DEPORTIVO II PARA LA ACTIVIDAD: ?INCREMENTO DE ACTIVIDADES DEPORTIVAS Y RECREAT,1684,18,2.3. 2  9. 1  1,LOCACION DE SERVICIOS REALIZADOS POR PERSONAS NATURALES RELACIONADAS AL ROL DE LA ENTIDAD,1500.0,Compromiso
2026,1028,3,S,1458,2026-03-16,10607706820,CARRASCO CHIROQUE MARIA CRISTINA,106,CONTRATO MENOR,CM,,SERVICIO DE PROMOTOR DEPORTIVO III PARA LA ACTIVIDAD: ?INCREMENTO DE ACTIVIDADES DEPORTIVAS Y RECREA,1685,18,2.3. 2  9. 1  1,LOCACION DE SERVICIOS REALIZADOS POR PERSONAS NATURALES RELACIONADAS AL ROL DE LA ENTIDAD,1500.0,Compromiso
2026,1028,3,S,1459,2026-03-16,10257162830,LIENDO BAILLY JESSICA ROMINA,106,CONTRATO MENOR,CM,,SERVICIO DE PROMOTOR DEPORTIVO IV PARA LA ACTIVIDAD: ?INCREMENTO DE ACTIVIDADES DEPORTIVAS Y RECREAT,1686,18,2.3. 2  9. 1  1,LOCACION DE SERVICIOS REALIZADOS POR PERSONAS NATURALES RELACIONADAS AL ROL DE LA ENTIDAD,1500.0,Compromiso
2026,1028,3,S,1460,2026-03-16,10435883074,TALLEDO ALBURQUEQUE CYNTHIA ROSALINA,106,CONTRATO MENOR,CM,,SERVICIO DE PROMOTOR DEPORTIVO V PARA LA ACTIVIDAD: ?INCREMENTO DE ACTIVIDADES DEPORTIVAS Y RECREATI,1687,18,2.3. 2  9. 1  1,LOCACION DE SERVICIOS REALIZADOS POR PERSONAS NATURALES RELACIONADAS AL ROL DE LA ENTIDAD,1500.0,Compromiso
2026,1028,3,S,1461,2026-03-16,10402062610,RODRIGUEZ DIAZ MONICA BEATRIZ,106,CONTRATO MENOR,CM,,SERVICIO DE PROMOTOR DEPORTIVO VI PARA LA ACTIVIDAD: ?INCREMENTO DE ACTIVIDADES DEPORTIVAS Y RECREAT,1688,18,2.3. 2  9. 1  1,LOCACION DE SERVICIOS REALIZADOS POR PERSONAS NATURALES RELACIONADAS AL ROL DE LA ENTIDAD,1500.0,Compromiso
2026,1028,3,S,1462,2026-03-16,10484213637,ASSANZA CARDENAS DEYANIRA LISET,106,CONTRATO MENOR,CM,,SERVICIO DE PROMOTOR DEPORTIVO VII PARA LA ACTIVIDAD: ?INCREMENTO DE ACTIVIDADES DEPORTIVAS Y RECREA,1689,18,2.3. 2  9. 1  1,LOCACION DE SERVICIOS REALIZADOS POR PERSONAS NATURALES RELACIONADAS AL ROL DE LA ENTIDAD,1500.0,Compromiso
2026,1028,3,S,1463,2026-03-16,10759712825,CHING LOPEZ NIYU KANISKA,106,CONTRATO MENOR,CM,,SERVICIO DE PROMOTOR DEPORTIVO VIII PARA LA ACTIVIDAD: ?INCREMENTO DE ACTIVIDADES DEPORTIVAS Y RECRE,1690,18,2.3. 2  9. 1  1,LOCACION DE SERVICIOS REALIZADOS POR PERSONAS NATURALES RELACIONADAS AL ROL DE LA ENTIDAD,1500.0,Compromiso
2026,1028,3,S,1464,2026-03-16,10258605883,MAYORGA ALCANTARA JOSE MARCELINO,106,CONTRATO MENOR,CM,,SERVICIO DE PROMOTOR DEPORTIVO IX PARA LA ACTIVIDAD: ?INCREMENTO DE ACTIVIDADES DEPORTIVAS Y RECREAT,1691,18,2.3. 2  9. 1  1,LOCACION DE SERVICIOS REALIZADOS POR PERSONAS NATURALES RELACIONADAS AL ROL DE LA ENTIDAD,1500.0,Compromiso
2026,1028,3,S,1465,2026-03-16,10805222731,CISNEROS SANCHEZ MELISSA JAHAIRA,106,CONTRATO MENOR,CM,,SERVICIO DE PROMOTOR DEPORTIVO X PARA LA ACTIVIDAD: ?INCREMENTO DE ACTIVIDADES DEPORTIVAS Y RECREATI,1692,18,2.3. 2  9. 1  1,LOCACION DE SERVICIOS REALIZADOS POR PERSONAS NATURALES RELACIONADAS AL ROL DE LA ENTIDAD,1500.0,Compromiso
2026,1028,3,S,1466,2026-03-16,10480298697,ALAYZA RAFAILE ARACELLI DENISSE,106,CONTRATO MENOR,CM,,SERVICIO DE PROMOTOR DEPORTIVO XI PARA LA ACTIVIDAD: ?INCREMENTO DE ACTIVIDADES DEPORTIVAS Y RECREAT,1693,18,2.3. 2  9. 1  1,LOCACION DE SERVICIOS REALIZADOS POR PERSONAS NATURALES RELACIONADAS AL ROL DE LA ENTIDAD,1500.0,Compromiso
2026,1028,3,S,1467,2026-03-16,10753506298,VASQUEZ MAURICIO DEISY XIMENA,106,CONTRATO MENOR,CM,,SERVICIO DE PROMOTOR DEPORTIVO XII PARA LA ACTIVIDAD: ?INCREMENTO DE ACTIVIDADES DEPORTIVAS Y RECREA,1694,18,2.3. 2  9. 1  1,LOCACION DE SERVICIOS REALIZADOS POR PERSONAS NATURALES RELACIONADAS AL ROL DE LA ENTIDAD,1500.0,Compromiso
2026,1028,3,S,1468,2026-03-16,10724679531,CASTILLO PEÑA KIMBERLY YANIREE,106,CONTRATO MENOR,CM,,SERVICIO DE PROMOTOR DEPORTIVO XIII PARA LA ACTIVIDAD: ?INCREMENTO DE ACTIVIDADES DEPORTIVAS Y RECRE,1695,18,2.3. 2  9. 1  1,LOCACION DE SERVICIOS REALIZADOS POR PERSONAS NATURALES RELACIONADAS AL ROL DE LA ENTIDAD,1500.0,Compromiso
2026,1028,3,S,1469,2026-03-16,10733289860,DIAZ MELECIO MILAGROS STEFANIA,106,CONTRATO MENOR,CM,,SERVICIO DE PROMOTOR DEPORTIVO XIV PARA LA ACTIVIDAD: ?INCREMENTO DE ACTIVIDADES DEPORTIVAS Y RECREA,1696,18,2.3. 2  9. 1  1,LOCACION DE SERVICIOS REALIZADOS POR PERSONAS NATURALES RELACIONADAS AL ROL DE LA ENTIDAD,1500.0,Compromiso
2026,1028,3,S,1470,2026-03-16,10429734130,PUENTE AQUINO MARIBEL NELLY,106,CONTRATO MENOR,CM,,SERVICIO DE PROMOTOR DEPORTIVO XV PARA LA ACTIVIDAD: ?INCREMENTO DE ACTIVIDADES DEPORTIVAS Y RECREAT,1697,18,2.3. 2  9. 1  1,LOCACION DE SERVICIOS REALIZADOS POR PERSONAS NATURALES RELACIONADAS AL ROL DE LA ENTIDAD,1500.0,Compromiso
2026,1028,3,S,1471,2026-03-16,10724241072,POLO VILLACORTA JEREMI ISMAEL,106,CONTRATO MENOR,CM,,SERVICIO DE PROMOTOR DEPORTIVO XVI PARA LA ACTIVIDAD: ?INCREMENTO DE ACTIVIDADES DEPORTIVAS Y RECREA,1698,18,2.3. 2  9. 1  1,LOCACION DE SERVICIOS REALIZADOS POR PERSONAS NATURALES RELACIONADAS AL ROL DE LA ENTIDAD,1500.0,Compromiso
2026,1028,3,S,1472,2026-03-16,10422047731,HIZO CHUQUIMANGO ISABEL JENNY,106,CONTRATO MENOR,CM,,SERVICIO DE PROMOTOR DEPORTIVO XVII PARA LA ACTIVIDAD: ?INCREMENTO DE ACTIVIDADES DEPORTIVAS Y RECRE,1699,18,2.3. 2  9. 1  1,LOCACION DE SERVICIOS REALIZADOS POR PERSONAS NATURALES RELACIONADAS AL ROL DE LA ENTIDAD,1500.0,Compromiso
2026,1028,3,S,1473,2026-03-16,10742504242,ZAVALETA ROSSI LIPSTICK YARITZA,106,CONTRATO MENOR,CM,,SERVICIO DE PROMOTOR DEPORTIVO XVIII PARA LA ACTIVIDAD: ?INCREMENTO DE ACTIVIDADES DEPORTIVAS Y RECR,1700,18,2.3. 2  9. 1  1,LOCACION DE SERVICIOS REALIZADOS POR PERSONAS NATURALES RELACIONADAS AL ROL DE LA ENTIDAD,1500.0,Compromiso
2026,1028,3,S,1474,2026-03-16,10756343195,ALCALDE FLORES YASIRA LETZABEL,106,CONTRATO MENOR,CM,,SERVICIO DE PROMOTOR DEPORTIVO XIX PARA LA ACTIVIDAD: ?INCREMENTO DE ACTIVIDADES DEPORTIVAS Y RECREA,1701,18,2.3. 2  9. 1  1,LOCACION DE SERVICIOS REALIZADOS POR PERSONAS NATURALES RELACIONADAS AL ROL DE LA ENTIDAD,1500.0,Compromiso
2026,1028,3,S,1475,2026-03-16,10471809450,DUK VILDOSOLA JHOSELINE,106,CONTRATO MENOR,CM,,SERVICIO DE PROMOTOR DEPORTIVO XX PARA LA ACTIVIDAD: ?INCREMENTO DE ACTIVIDADES DEPORTIVAS Y RECREAT,1702,18,2.3. 2  9. 1  1,LOCACION DE SERVICIOS REALIZADOS POR PERSONAS NATURALES RELACIONADAS AL ROL DE LA ENTIDAD,1500.0,Compromiso
2026,1028,3,S,1476,2026-03-16,10608809771,BOCANGEL IZQUIERDO LEONEL EDUARDO,106,CONTRATO MENOR,CM,,SERVICIO DE PROMOTOR DEPORTIVO XXI PARA LA ACTIVIDAD: ?INCREMENTO DE ACTIVIDADES DEPORTIVAS Y RECREA,1703,18,2.3. 2  9. 1  1,LOCACION DE SERVICIOS REALIZADOS POR PERSONAS NATURALES RELACIONADAS AL ROL DE LA ENTIDAD,1500.0,Compromiso
2026,1028,3,S,1477,2026-03-16,10751387631,SOBRINO HURTADO THAILI ANAIKA,106,CONTRATO MENOR,CM,,SERVICIO DE PROMOTOR DEPORTIVO XXII PARA LA ACTIVIDAD: ?INCREMENTO DE ACTIVIDADES DEPORTIVAS Y RECRE,1704,18,2.3. 2  9. 1  1,LOCACION DE SERVICIOS REALIZADOS POR PERSONAS NATURALES RELACIONADAS AL ROL DE LA ENTIDAD,1500.0,Compromiso
2026,1028,3,S,1478,2026-03-16,10708843950,VELASCO LUQUE KENIAESTEFANIA,106,CONTRATO MENOR,CM,,SERVICIO DE PROMOTOR DEPORTIVO XXIII PARA LA ACTIVIDAD: ?INCREMENTO DE ACTIVIDADES DEPORTIVAS Y RECR,1705,18,2.3. 2  9. 1  1,LOCACION DE SERVICIOS REALIZADOS POR PERSONAS NATURALES RELACIONADAS AL ROL DE LA ENTIDAD,1500.0,Compromiso
2026,1028,3,S,1479,2026-03-16,10404244138,OLIVERA MALPICA MILAGRO REYNA,106,CONTRATO MENOR,CM,,SERVICIO DE PROMOTOR DEPORTIVO XXIV PARA LA ACTIVIDAD: ?INCREMENTO DE ACTIVIDADES DEPORTIVAS Y RECRE,1706,18,2.3. 2  9. 1  1,LOCACION DE SERVICIOS REALIZADOS POR PERSONAS NATURALES RELACIONADAS AL ROL DE LA ENTIDAD,1500.0,Compromiso
2026,1028,3,S,1480,2026-03-16,10412024201,CHAVEZ SIFUENTES MARTIN REYNALDO,106,CONTRATO MENOR,CM,,SERVICIO DE PROMOTOR DEPORTIVO XXV PARA LA ACTIVIDAD: ?INCREMENTO DE ACTIVIDADES DEPORTIVAS Y RECREA,1707,18,2.3. 2  9. 1  1,LOCACION DE SERVICIOS REALIZADOS POR PERSONAS NATURALES RELACIONADAS AL ROL DE LA ENTIDAD,1500.0,Compromiso
2026,1028,3,S,1481,2026-03-16,10459890519,DIAZ OLIVERA LIZBETH MELANIE,106,CONTRATO MENOR,CM,,SERVICIO DE PROMOTOR DEPORTIVO XXVI PARA LA ACTIVIDAD: ?INCREMENTO DE ACTIVIDADES DEPORTIVAS Y RECRE,1708,18,2.3. 2  9. 1  1,LOCACION DE SERVICIOS REALIZADOS POR PERSONAS NATURALES RELACIONADAS AL ROL DE LA ENTIDAD,1500.0,Compromiso
2026,1028,3,S,1482,2026-03-16,10420132200,RODRIGUEZ CHILENO HECTOR EVER,106,CONTRATO MENOR,CM,,SERVICIO DE PROMOTOR DEPORTIVO XXVII PARA LA ACTIVIDAD: ?INCREMENTO DE ACTIVIDADES DEPORTIVAS Y RECR,1709,18,2.3. 2  9. 1  1,LOCACION DE SERVICIOS REALIZADOS POR PERSONAS NATURALES RELACIONADAS AL ROL DE LA ENTIDAD,1500.0,Compromiso
2026,1028,3,S,1483,2026-03-16,10750148188,MOLINA CASTAÑEDA FAUSTO RAFAEL,106,CONTRATO MENOR,CM,,SERVICIO DE PROMOTOR DEPORTIVO XXVIII PARA LA ACTIVIDAD: ?INCREMENTO DE ACTIVIDADES DEPORTIVAS Y REC,1710,18,2.3. 2  9. 1  1,LOCACION DE SERVICIOS REALIZADOS POR PERSONAS NATURALES RELACIONADAS AL ROL DE LA ENTIDAD,1500.0,Compromiso
2026,1028,3,S,1484,2026-03-16,10805096409,CHIROQUE CARRASCO ROXANA ISABEL,106,CONTRATO MENOR,CM,,SERVICIO DE PROMOTOR DEPORTIVO XXIX PARA LA ACTIVIDAD: ?INCREMENTO DE ACTIVIDADES DEPORTIVAS Y RECRE,1711,18,2.3. 2  9. 1  1,LOCACION DE SERVICIOS REALIZADOS POR PERSONAS NATURALES RELACIONADAS AL ROL DE LA ENTIDAD,1500.0,Compromiso
2026,1028,3,S,1485,2026-03-16,10255705348,BORDA ALBINO CARMEN ANTONIA,106,CONTRATO MENOR,CM,,SERVICIO DE PROMOTOR DEPORTIVO XXX PARA LA ACTIVIDAD: ?INCREMENTO DE ACTIVIDADES DEPORTIVAS Y RECREA,1712,18,2.3. 2  9. 1  1,LOCACION DE SERVICIOS REALIZADOS POR PERSONAS NATURALES RELACIONADAS AL ROL DE LA ENTIDAD,1500.0,Compromiso
2026,1028,3,S,1486,2026-03-16,10742801760,OLAYA CARRASCO BRITNEY BRIGGY,106,CONTRATO MENOR,CM,,SERVICIO DE PROMOTOR DEPORTIVO XXXI PARA LA ACTIVIDAD: ?INCREMENTO DE ACTIVIDADES DEPORTIVAS Y RECRE,1713,18,2.3. 2  9. 1  1,LOCACION DE SERVICIOS REALIZADOS POR PERSONAS NATURALES RELACIONADAS AL ROL DE LA ENTIDAD,1500.0,Compromiso
2026,1028,3,S,1487,2026-03-16,10740894078,GOYCOCHEA LIENDO NAYELI SAMARA,106,CONTRATO MENOR,CM,,SERVICIO DE PROMOTOR DEPORTIVO XXXII PARA LA ACTIVIDAD: ?INCREMENTO DE ACTIVIDADES DEPORTIVAS Y RECR,1714,18,2.3. 2  9. 1  1,LOCACION DE SERVICIOS REALIZADOS POR PERSONAS NATURALES RELACIONADAS AL ROL DE LA ENTIDAD,1500.0,Compromiso
2026,1028,3,S,1488,2026-03-16,10255642061,TELLO MENDOZA VIVIANA YOLANDA,106,CONTRATO MENOR,CM,,SERVICIO DE PROMOTOR DEPORTIVO XXXIII PARA LA ACTIVIDAD: ?INCREMENTO DE ACTIVIDADES DEPORTIVAS Y REC,1715,18,2.3. 2  9. 1  1,LOCACION DE SERVICIOS REALIZADOS POR PERSONAS NATURALES RELACIONADAS AL ROL DE LA ENTIDAD,1500.0,Compromiso
2026,1028,3,S,1489,2026-03-16,10740855501,LLAMOZA GODOY JAIR ALEXIS,106,CONTRATO MENOR,CM,,SERVICIO DE PROMOTOR DEPORTIVO XXXIV PARA LA ACTIVIDAD: ?INCREMENTO DE ACTIVIDADES DEPORTIVAS Y RECR,1716,18,2.3. 2  9. 1  1,LOCACION DE SERVICIOS REALIZADOS POR PERSONAS NATURALES RELACIONADAS AL ROL DE LA ENTIDAD,1500.0,Compromiso
2026,1028,3,S,1490,2026-03-16,10477687976,VERNAZZA ROJAS JOSE OSWALDO,106,CONTRATO MENOR,CM,,SERVICIO DE PROMOTOR DEPORTIVO XXXV PARA LA ACTIVIDAD: ?INCREMENTO DE ACTIVIDADES DEPORTIVAS Y RECRE,1717,18,2.3. 2  9. 1  1,LOCACION DE SERVICIOS REALIZADOS POR PERSONAS NATURALES RELACIONADAS AL ROL DE LA ENTIDAD,1500.0,Compromiso
2026,1028,3,S,1491,2026-03-16,10405582398,HUAMAN ALVAREZ JOAN MARIE,106,CONTRATO MENOR,CM,,SERVICIO DE PROMOTOR DEPORTIVO XXXVI PARA LA ACTIVIDAD: ?INCREMENTO DE ACTIVIDADES DEPORTIVAS Y RECR,1718,18,2.3. 2  9. 1  1,LOCACION DE SERVICIOS REALIZADOS POR PERSONAS NATURALES RELACIONADAS AL ROL DE LA ENTIDAD,1500.0,Compromiso
2026,1028,3,S,1492,2026-03-16,10099079415,HUAMÁN ALVAREZ ELIZABETH ISABEL,106,CONTRATO MENOR,CM,,SERVICIO DE PROMOTOR DEPORTIVO XXXVII PARA LA ACTIVIDAD: ?INCREMENTO DE ACTIVIDADES DEPORTIVAS Y REC,1719,18,2.3. 2  9. 1  1,LOCACION DE SERVICIOS REALIZADOS POR PERSONAS NATURALES RELACIONADAS AL ROL DE LA ENTIDAD,1500.0,Compromiso
2026,1028,3,S,1493,2026-03-16,10755196865,NAVARRO HUAMAN PIERO ALESSANDRO,106,CONTRATO MENOR,CM,,SERVICIO DE PROMOTOR DEPORTIVO XXXVIII PARA LA ACTIVIDAD: ?INCREMENTO DE ACTIVIDADES DEPORTIVAS Y RE,1720,18,2.3. 2  9. 1  1,LOCACION DE SERVICIOS REALIZADOS POR PERSONAS NATURALES RELACIONADAS AL ROL DE LA ENTIDAD,1500.0,Compromiso
2026,1028,3,S,1494,2026-03-16,10465638414,NAVARRO HUAMAN KARLO ANGHELO,106,CONTRATO MENOR,CM,,SERVICIO DE PROMOTOR DEPORTIVO XXXIX PARA LA ACTIVIDAD: ?INCREMENTO DE ACTIVIDADES DEPORTIVAS Y RECR,1721,18,2.3. 2  9. 1  1,LOCACION DE SERVICIOS REALIZADOS POR PERSONAS NATURALES RELACIONADAS AL ROL DE LA ENTIDAD,1500.0,Compromiso
2026,1028,3,S,1495,2026-03-16,10474046180,HUAMANI RAMOS RAQUEL OLGA,106,CONTRATO MENOR,CM,,SERVICIO DE PROMOTOR DEPORTIVO XL PARA LA ACTIVIDAD: ?INCREMENTO DE ACTIVIDADES DEPORTIVAS Y RECREAT,1722,18,2.3. 2  9. 1  1,LOCACION DE SERVICIOS REALIZADOS POR PERSONAS NATURALES RELACIONADAS AL ROL DE LA ENTIDAD,1500.0,Compromiso
2026,1028,3,S,1496,2026-03-16,10404438544,AZABACHE MENESES FERNANDO FELIPE,106,CONTRATO MENOR,CM,,SERVICIO DE PROMOTOR DEPORTIVO XLI PARA LA ACTIVIDAD: ?INCREMENTO DE ACTIVIDADES DEPORTIVAS Y RECREA,1723,18,2.3. 2  9. 1  1,LOCACION DE SERVICIOS REALIZADOS POR PERSONAS NATURALES RELACIONADAS AL ROL DE LA ENTIDAD,1500.0,Compromiso
2026,1028,3,S,1497,2026-03-16,10400367944,ROJAS RONCAL ZUSET MELINA,106,CONTRATO MENOR,CM,,SERVICIO DE PROMOTOR DEPORTIVO XLII PARA LA ACTIVIDAD: ?INCREMENTO DE ACTIVIDADES DEPORTIVAS Y RECRE,1724,18,2.3. 2  9. 1  1,LOCACION DE SERVICIOS REALIZADOS POR PERSONAS NATURALES RELACIONADAS AL ROL DE LA ENTIDAD,1500.0,Compromiso
2026,1028,3,S,1498,2026-03-16,10478543544,PASTOR YACTAYO BEATRIZ ESTHEFANY,106,CONTRATO MENOR,CM,,SERVICIO DE PROMOTOR DEPORTIVO XLIII PARA LA ACTIVIDAD: ?INCREMENTO DE ACTIVIDADES DEPORTIVAS Y RECR,1725,18,2.3. 2  9. 1  1,LOCACION DE SERVICIOS REALIZADOS POR PERSONAS NATURALES RELACIONADAS AL ROL DE LA ENTIDAD,1500.0,Compromiso
2026,1028,3,S,1499,2026-03-16,10731486471,TINOCO FERRARI MONICA KIMBERLLY,106,CONTRATO MENOR,CM,,SERVICIO DE PROMOTOR DEPORTIVO XLIV PARA LA ACTIVIDAD: ?INCREMENTO DE ACTIVIDADES DEPORTIVAS Y RECRE,1726,18,2.3. 2  9. 1  1,LOCACION DE SERVICIOS REALIZADOS POR PERSONAS NATURALES RELACIONADAS AL ROL DE LA ENTIDAD,1500.0,Compromiso
2026,1028,3,S,1500,2026-03-16,10744899554,SALAZAR GARCIA JOSE JAVIER,106,CONTRATO MENOR,CM,,SERVICIO DE PROMOTOR DEPORTIVO XLV PARA LA ACTIVIDAD: ?INCREMENTO DE ACTIVIDADES DEPORTIVAS Y RECREA,1727,18,2.3. 2  9. 1  1,LOCACION DE SERVICIOS REALIZADOS POR PERSONAS NATURALES RELACIONADAS AL ROL DE LA ENTIDAD,1500.0,Compromiso
2026,1028,3,S,1501,2026-03-16,10761906947,SEGURA CAYCHO ANGELO ESAU,106,CONTRATO MENOR,CM,,SERVICIO DE PROMOTOR DEPORTIVO XLVI PARA LA ACTIVIDAD: ?INCREMENTO DE ACTIVIDADES DEPORTIVAS Y RECRE,1728,18,2.3. 2  9. 1  1,LOCACION DE SERVICIOS REALIZADOS POR PERSONAS NATURALES RELACIONADAS AL ROL DE LA ENTIDAD,1500.0,Compromiso
2026,1028,3,S,1502,2026-03-16,10752680022,MARTINEZ URIBE VALERY ELENA,106,CONTRATO MENOR,CM,,SERVICIO DE PROMOTOR DEPORTIVO XLVII PARA LA ACTIVIDAD: ?INCREMENTO DE ACTIVIDADES DEPORTIVAS Y RECR,1729,18,2.3. 2  9. 1  1,LOCACION DE SERVICIOS REALIZADOS POR PERSONAS NATURALES RELACIONADAS AL ROL DE LA ENTIDAD,1500.0,Compromiso
2026,1028,3,S,1503,2026-03-16,10709456747,POLO VILLACORTA YADHIRA ALESSANDRA,106,CONTRATO MENOR,CM,,SERVICIO DE PROMOTOR DEPORTIVO XLVIII PARA LA ACTIVIDAD: ?INCREMENTO DE ACTIVIDADES DEPORTIVAS Y REC,1730,18,2.3. 2  9. 1  1,LOCACION DE SERVICIOS REALIZADOS POR PERSONAS NATURALES RELACIONADAS AL ROL DE LA ENTIDAD,1500.0,Compromiso
2026,1028,3,S,1504,2026-03-16,10739662091,AZABACHE ROJAS KIARA ZUSET VALENTINA,106,CONTRATO MENOR,CM,,SERVICIO DE PROMOTOR DEPORTIVO XLIX PARA LA ACTIVIDAD: ?INCREMENTO DE ACTIVIDADES DEPORTIVAS Y RECRE,1731,18,2.3. 2  9. 1  1,LOCACION DE SERVICIOS REALIZADOS POR PERSONAS NATURALES RELACIONADAS AL ROL DE LA ENTIDAD,1500.0,Compromiso
2026,1028,3,S,1505,2026-03-16,10769689139,MELGAR CHAVEZ ZAIDA TRYSEE,106,CONTRATO MENOR,CM,,SERVICIO DE PROMOTOR DEPORTIVO L PARA LA ACTIVIDAD: ?INCREMENTO DE ACTIVIDADES DEPORTIVAS Y RECREATI,1732,18,2.3. 2  9. 1  1,LOCACION DE SERVICIOS REALIZADOS POR PERSONAS NATURALES RELACIONADAS AL ROL DE LA ENTIDAD,1500.0,Compromiso
2026,1028,3,S,1506,2026-03-16,10730127770,LOZANO TELLO MARIELA NICOL,106,CONTRATO MENOR,CM,,SERVICIO DE ASISTENCIA TECNICA ADMINISTRATIVA.,1680,18,2.3. 2  9. 1  1,LOCACION DE SERVICIOS REALIZADOS POR PERSONAS NATURALES RELACIONADAS AL ROL DE LA ENTIDAD,4000.0,Compromiso
2026,1028,3,S,1507,2026-03-16,10747621522,MUÑOZ CARRILLO JOHN STEVEN RICARDO,106,CONTRATO MENOR,CM,,SERVICIO DE ANÁLISIS PARA EL PROCESAMIENTO DE BASE DE DATOS.,1681,18,2.3. 2  9. 1  1,LOCACION DE SERVICIOS REALIZADOS POR PERSONAS NATURALES RELACIONADAS AL ROL DE LA ENTIDAD,3500.0,Compromiso
2026,1028,3,S,1508,2026-03-16,10436461301,ALEJO MARTINEZ JAVIER DANIEL,106,CONTRATO MENOR,CM,,SERVICIO ESPECIALIZADO EN ASUNTOS LEGALES ADMINISTRATIVOS PARA GAJ - DOS ENTREGABLES 2026,1675,18,2.3. 2  9. 1  1,LOCACION DE SERVICIOS REALIZADOS POR PERSONAS NATURALES RELACIONADAS AL ROL DE LA ENTIDAD,20000.0,Compromiso
2026,1028,3,S,1509,2026-03-16,10108705880,TAIPICURI PACHECO JUAN IGNACIO,106,CONTRATO MENOR,CM,,SERVICIO DE ASISTENCIA TECNICA EN INGENIERIA .,1770,18,2.3. 2  9. 1  1,LOCACION DE SERVICIOS REALIZADOS POR PERSONAS NATURALES RELACIONADAS AL ROL DE LA ENTIDAD,9000.0,Compromiso
2026,1028,3,S,1510,2026-03-16,10403535244,CABRERA GERONIMO BETSY YASNINA,106,CONTRATO MENOR,CM,,SERVICIO DE ASISTENCIA DE OBRAS .,1771,18,2.3. 2  9. 1  1,LOCACION DE SERVICIOS REALIZADOS POR PERSONAS NATURALES RELACIONADAS AL ROL DE LA ENTIDAD,8000.0,Compromiso
2026,1028,3,S,1511,2026-03-16,10469237325,ESPINOZA SANCHEZ ISABEL CRISTINA,106,CONTRATO MENOR,CM,,SERVICIO DE ORDENAMIENTO DE DOCUMENTOS DE ARCHIVO .,1772,18,2.3. 2  9. 1  1,LOCACION DE SERVICIOS REALIZADOS POR PERSONAS NATURALES RELACIONADAS AL ROL DE LA ENTIDAD,6000.0,Compromiso
2026,1028,3,S,1512,2026-03-16,10430100942,PASTOR GAMARRA SUSANA EDITH,106,CONTRATO MENOR,CM,,SERVICIO DE AUXILIAR ADMINISTRATIVO.,1773,18,2.3. 2  9. 1  1,LOCACION DE SERVICIOS REALIZADOS POR PERSONAS NATURALES RELACIONADAS AL ROL DE LA ENTIDAD,7500.0,Compromiso
2026,1028,3,S,1513,2026-03-16,10412249823,MAMANI BRAVO MAGALY MARIA,106,CONTRATO MENOR,CM,,SERVICIO DE ORDENAMIENTO DE DOCUMENTOS DE ARCHIVO .,1774,18,2.3. 2  9. 1  1,LOCACION DE SERVICIOS REALIZADOS POR PERSONAS NATURALES RELACIONADAS AL ROL DE LA ENTIDAD,9000.0,Compromiso
2026,1028,3,S,1514,2026-03-16,10445763131,LOPEZ APESTEGUI JOBBY GERARDINNY,106,CONTRATO MENOR,CM,,SERVICIO DE SEGUIMIENTO Y MONITOREO DE PROYECTOS DE INVERSION PUBLICA .,1775,18,2.3. 2  9. 1  1,LOCACION DE SERVICIOS REALIZADOS POR PERSONAS NATURALES RELACIONADAS AL ROL DE LA ENTIDAD,21000.0,Compromiso
2026,1028,3,S,1515,2026-03-16,10703034077,BERNEDO MARREROS SHARON MARILIA,106,CONTRATO MENOR,CM,,SERVICIO DE ASISTENCIA EN TEMAS DE ARQUITECTURA.,1776,18,2.3. 2  9. 1  1,LOCACION DE SERVICIOS REALIZADOS POR PERSONAS NATURALES RELACIONADAS AL ROL DE LA ENTIDAD,12000.0,Compromiso
2026,1028,3,S,1516,2026-03-16,10432270217,SOLIS PARI SAMUEL ANGEL,106,CONTRATO MENOR,CM,,SERVICIO ESPECIALIZADO EN DIBUJO TECNICO.,1777,18,2.3. 2  9. 1  1,LOCACION DE SERVICIOS REALIZADOS POR PERSONAS NATURALES RELACIONADAS AL ROL DE LA ENTIDAD,7000.0,Compromiso
2026,1028,3,S,1517,2026-03-16,10425034346,CALDERON ZUÑIGA ANAHI MILAGROS,106,CONTRATO MENOR,CM,,SERVICIO DE ELABORACION DE COSTOS Y PRESUPUESTOS .,1778,18,2.3. 2  9. 1  1,LOCACION DE SERVICIOS REALIZADOS POR PERSONAS NATURALES RELACIONADAS AL ROL DE LA ENTIDAD,14000.0,Compromiso
2026,1028,3,S,1518,2026-03-16,10721267917,CAMA BAHAMONDE JOSE ALEJANDRO,106,CONTRATO MENOR,CM,,SERVICIO DE COORDINACION DE PROYECTOS DE INVERSION.,1779,18,2.3. 2  9. 1  1,LOCACION DE SERVICIOS REALIZADOS POR PERSONAS NATURALES RELACIONADAS AL ROL DE LA ENTIDAD,12000.0,Compromiso
2026,1028,3,S,1519,2026-03-16,10757075941,LOPEZ CABREJOS YESABEL VICTORIA,106,CONTRATO MENOR,CM,,SERVICIO DE SEGUIMIENTO Y REVISIÓN DE PROYECTOS.,1780,18,2.3. 2  9. 1  1,LOCACION DE SERVICIOS REALIZADOS POR PERSONAS NATURALES RELACIONADAS AL ROL DE LA ENTIDAD,14000.0,Compromiso
2026,1028,3,S,1520,2026-03-16,10722607339,MIRANDA RAMOS CHRISTIAN RAFAEL,106,CONTRATO MENOR,CM,,SERVICIO DE ASISTENCIA TECNICA EN INGENIERIA .,1781,18,2.3. 2  9. 1  1,LOCACION DE SERVICIOS REALIZADOS POR PERSONAS NATURALES RELACIONADAS AL ROL DE LA ENTIDAD,8000.0,Compromiso
2026,1028,3,S,1521,2026-03-16,10738989151,PALOMINO ESPINOZA SEBASTIAN EDGAR,106,CONTRATO MENOR,CM,,SERVICIO ESPECIALIZADO DE  INGENIERIA EN ESTRUCTURAS .,1782,18,2.3. 2  9. 1  1,LOCACION DE SERVICIOS REALIZADOS POR PERSONAS NATURALES RELACIONADAS AL ROL DE LA ENTIDAD,10000.0,Compromiso
2026,1028,3,S,1522,2026-03-16,10436921476,FERNANDEZ EGUSQUIZA EVELYN,106,CONTRATO MENOR,CM,,SERVICIO ESPECIALIZADO DE  INGENIERIA EN ESTRUCTURAS .,1783,18,2.3. 2  9. 1  1,LOCACION DE SERVICIOS REALIZADOS POR PERSONAS NATURALES RELACIONADAS AL ROL DE LA ENTIDAD,13000.0,Compromiso
2026,1028,3,S,1523,2026-03-16,10724332779,QUINTO FARFAN BRENDA KASSANDRA,106,CONTRATO MENOR,CM,,SERVICIO DE SEGUIMIENTO Y MONITOREO DE LAS OBRAS .,1784,18,2.3. 2  9. 1  1,LOCACION DE SERVICIOS REALIZADOS POR PERSONAS NATURALES RELACIONADAS AL ROL DE LA ENTIDAD,21000.0,Compromiso
2026,1028,3,S,1524,2026-03-16,15603129773,TORRES MAYER LEYDA TAMARA,106,CONTRATO MENOR,CM,,SERVICIO DE COORDINACION MONITOREO Y ASISTENCIA TÉCNICA  PARA GRDS - CUATRO ENTREGABLE,1737,18,2.3. 2  9. 1  1,LOCACION DE SERVICIOS REALIZADOS POR PERSONAS NATURALES RELACIONADAS AL ROL DE LA ENTIDAD,24000.0,Compromiso
2026,1028,3,S,1525,2026-03-16,10454735523,MARENGO LAVANDA FREDY ALFREDO,106,CONTRATO MENOR,CM,,SERVICIO DE COORDINACION DE COMUNICACIONES PARA GRDS - CUATRO ENTREGABLE,1738,18,2.3. 2  9. 1  1,LOCACION DE SERVICIOS REALIZADOS POR PERSONAS NATURALES RELACIONADAS AL ROL DE LA ENTIDAD,24000.0,Compromiso
2026,1028,3,S,1526,2026-03-16,10704060594,JORGE FERNANDO SALAZAR REYES,106,CONTRATO MENOR,CM,,SERVICIO DE ASISTENCIA TÉCNICA LEGAL  PARA GRDS - CUATRO ENTREGABLE,1739,18,2.3. 2  9. 1  1,LOCACION DE SERVICIOS REALIZADOS POR PERSONAS NATURALES RELACIONADAS AL ROL DE LA ENTIDAD,20000.0,Compromiso
2026,1028,3,S,1527,2026-03-16,10436085635,TELLO DEL AGUILA MIRIAN NOEMI,106,CONTRATO MENOR,CM,,SERVICIO DE COORDINACION Y GESTION DE ACTIVIDADES SECRE PARA GRDS - CUATRO ENTREGABLE,1740,18,2.3. 2  9. 1  1,LOCACION DE SERVICIOS REALIZADOS POR PERSONAS NATURALES RELACIONADAS AL ROL DE LA ENTIDAD,16000.0,Compromiso
2026,1028,3,S,1528,2026-03-16,10737413247,MENDOZA JARA JHONATAN RODRIGO,106,CONTRATO MENOR,CM,,SERVICIO DE ASISTENCIA TECNICA EN ACCIONES Y/O ACTIVIDADES  PARA GRDS - CUATRO ENTREGABLE,1741,18,2.3. 2  9. 1  1,LOCACION DE SERVICIOS REALIZADOS POR PERSONAS NATURALES RELACIONADAS AL ROL DE LA ENTIDAD,18000.0,Compromiso
2026,1028,3,S,1529,2026-03-16,10472964548,GUILLEN FERNANDEZ PRADA ROISMAN JEAN PIERRE,106,CONTRATO MENOR,CM,,SERVICIO DE SUPERVISION Y MONITOREO DE ACTIVIDADES DE CAMPO PARA GRDS - CUATRO ENTREGABLE,1742,18,2.3. 2  9. 1  1,LOCACION DE SERVICIOS REALIZADOS POR PERSONAS NATURALES RELACIONADAS AL ROL DE LA ENTIDAD,16000.0,Compromiso
2026,1028,3,S,1530,2026-03-16,10079165226,GIANOTTI CARDICH JOSE EDUARDO,106,CONTRATO MENOR,CM,,"SERVICIO DE ANALISIS, DISEÑO Y PLAN DE MEDIOS DE COMUNICACION PARA GRDS - TRES ENTREGABLE",1743,18,2.3. 2  9. 1  1,LOCACION DE SERVICIOS REALIZADOS POR PERSONAS NATURALES RELACIONADAS AL ROL DE LA ENTIDAD,10500.0,Compromiso
2026,1028,3,S,1531,2026-03-16,10718721534,GUEVARA MAMANI YAJAYRA ELIZABETH SARAITH,106,CONTRATO MENOR,CM,,SERVICIO DE DISEÑO Y DESARROLLO DE MATERIALES DE COMUNICACION PARA GRDS - CINCO ENTREGABLE,1744,18,2.3. 2  9. 1  1,LOCACION DE SERVICIOS REALIZADOS POR PERSONAS NATURALES RELACIONADAS AL ROL DE LA ENTIDAD,15000.0,Compromiso
2026,1028,3,S,1532,2026-03-16,10090263892,VELASQUEZ  PAUCAR SILVIA ESPERANZA,106,CONTRATO MENOR,CM,,SERVICIO DE EJECUCION Y COORDINACION DE ACTIVIDADES DE CAMPO  PARA GRDS - CUATRO ENTREGABLE,1767,18,2.3. 2  9. 1  1,LOCACION DE SERVICIOS REALIZADOS POR PERSONAS NATURALES RELACIONADAS AL ROL DE LA ENTIDAD,12000.0,Compromiso
2026,1028,3,S,1533,2026-03-16,10258247804,CANALES CORDOVA JENNY MARION,106,CONTRATO MENOR,CM,,SERVICIO DE PROMOCION Y DESARROLLO SOCIAL I PARA GRDS - UNICO ENTREGABLE,1768,18,2.3. 2  9. 1  1,LOCACION DE SERVICIOS REALIZADOS POR PERSONAS NATURALES RELACIONADAS AL ROL DE LA ENTIDAD,2000.0,Compromiso
2026,1028,3,S,1534,2026-03-16,10418260080,OCHOA DAVILA LUZ IMAR,106,CONTRATO MENOR,CM,,SERVICIO DE PROMOCION Y DESARROLLO SOCIAL II PARA GRDS - CUATRO ENTREGABLE,1769,18,2.3. 2  9. 1  1,LOCACION DE SERVICIOS REALIZADOS POR PERSONAS NATURALES RELACIONADAS AL ROL DE LA ENTIDAD,10000.0,Compromiso
2026,1028,3,S,1535,2026-03-16,10092265671,ZAVALA FLORES ANANI BADU,106,CONTRATO MENOR,CM,,SERVICIO DE REVISION DIGITACION Y SISTEMATIZACION PARA GRDS - DOS ENTREGABLE,1745,18,2.3. 2  9. 1  1,LOCACION DE SERVICIOS REALIZADOS POR PERSONAS NATURALES RELACIONADAS AL ROL DE LA ENTIDAD,5782.0,Compromiso
2026,1028,3,S,1536,2026-03-16,10765207415,HEREDIA MONTALVO ENRIQUE KEVIN,106,CONTRATO MENOR,CM,,SERVICIO DE FISCALIZACION ADMINISTRATIVA I - PARA OAP / TRES ENTREGABLES 2026,1746,18,2.3. 2  9. 1  1,LOCACION DE SERVICIOS REALIZADOS POR PERSONAS NATURALES RELACIONADAS AL ROL DE LA ENTIDAD,10500.0,Compromiso
2026,1028,3,S,1537,2026-03-16,10719481022,DIAZ MOGOLLON RODRIGO ALEXANDER,106,CONTRATO MENOR,CM,,SERVICIO DE FISCALIZACION ADMINISTRATIVA II - PARA OAP / DOS ENTREGABLES 2026,1766,18,2.3. 2  9. 1  1,LOCACION DE SERVICIOS REALIZADOS POR PERSONAS NATURALES RELACIONADAS AL ROL DE LA ENTIDAD,5500.0,Compromiso
2026,1028,3,S,1538,2026-03-16,10458157834,VEGA ACUÑA ELVIRA OFELIA,106,CONTRATO MENOR,CM,,SERVICIO DE ASISTENCIA EN SECRETARIADO .,1747,18,2.3. 2  9. 1  1,LOCACION DE SERVICIOS REALIZADOS POR PERSONAS NATURALES RELACIONADAS AL ROL DE LA ENTIDAD,16000.0,Compromiso
2026,1028,3,S,1539,2026-03-16,10474203811,SALAZAR RODRIGUEZ RICARDO ANDRES,106,CONTRATO MENOR,CM,,"SERVICIO DE SEGUIMIENTO, SUPERVISION Y ASISTENCIA TECNICA COMUNICACIONAL SOBRE ACCIONES DE COMUNICA",1748,18,2.3. 2  9. 1  1,LOCACION DE SERVICIOS REALIZADOS POR PERSONAS NATURALES RELACIONADAS AL ROL DE LA ENTIDAD,16000.0,Compromiso
2026,1028,3,S,1540,2026-03-16,10452367004,BALDEON FLORES EVELYN SARITA,106,CONTRATO MENOR,CM,,SERVICIO DE AUXILIAR ADMINISTRATIVO,1749,18,2.3. 2  9. 1  1,LOCACION DE SERVICIOS REALIZADOS POR PERSONAS NATURALES RELACIONADAS AL ROL DE LA ENTIDAD,14000.0,Compromiso
2026,1028,3,S,1541,2026-03-16,10736157409,RISCO CORDOVA CAROLA FERNANDINA,106,CONTRATO MENOR,CM,,SERVICIO ESPECIALIZADO EN CONTROL Y GESTION DE PROCESOS OPERATIVOS ADMINISTRATIVOS,1750,18,2.3. 2  9. 1  1,LOCACION DE SERVICIOS REALIZADOS POR PERSONAS NATURALES RELACIONADAS AL ROL DE LA ENTIDAD,20000.0,Compromiso
2026,1028,3,S,1542,2026-03-16,10614627749,SERCOVICH VEGA NAHIARA NAYLA,106,CONTRATO MENOR,CM,,SERVICIO DE COORDINACION Y GESTION DE BIENESTAR SOCIAL,1751,18,2.3. 2  9. 1  1,LOCACION DE SERVICIOS REALIZADOS POR PERSONAS NATURALES RELACIONADAS AL ROL DE LA ENTIDAD,12000.0,Compromiso
2026,1028,3,S,1543,2026-03-16,10740934410,TATAJE ASPAJO HAMILTON GUISEPPE,106,CONTRATO MENOR,CM,,SERVICIO DE COORDINACION EN ACTIVIDADES DE PROMOCION Y DIFUSION,1752,18,2.3. 2  9. 1  1,LOCACION DE SERVICIOS REALIZADOS POR PERSONAS NATURALES RELACIONADAS AL ROL DE LA ENTIDAD,12000.0,Compromiso
2026,1028,3,S,1544,2026-03-16,10747473671,VASQUEZ POVEA HENRY ANDRES,106,CONTRATO MENOR,CM,,SERVICIO DE GESTION DE CONTENIDOS PARA REDES SOCIALES,1753,18,2.3. 2  9. 1  1,LOCACION DE SERVICIOS REALIZADOS POR PERSONAS NATURALES RELACIONADAS AL ROL DE LA ENTIDAD,12000.0,Compromiso
2026,1028,3,S,1545,2026-03-16,10755896301,VERGARA PEREZ JHONY CRISTIAN,106,CONTRATO MENOR,CM,,SERVICIO DE REDES SOCIALES E ILUSTRACIONES GRAFICAS,1754,18,2.3. 2  9. 1  1,LOCACION DE SERVICIOS REALIZADOS POR PERSONAS NATURALES RELACIONADAS AL ROL DE LA ENTIDAD,12000.0,Compromiso
2026,1028,3,S,1546,2026-03-16,10257030992,ROMAN CARDENAS GUILLERMO,106,CONTRATO MENOR,CM,,"SERVICIO DE REVISION, SEGUIMIENTO Y REGISTRO DE LOS REQUERIMIENTOS LOGISTICOS",1755,18,2.3. 2  9. 1  1,LOCACION DE SERVICIOS REALIZADOS POR PERSONAS NATURALES RELACIONADAS AL ROL DE LA ENTIDAD,18000.0,Compromiso
2026,1028,3,S,1547,2026-03-16,10736237704,PICASSO TICA SKARLET ALEXANDRA,106,CONTRATO MENOR,CM,,SERVICIO ESPECIALIZADO EN MATERIA LEGAL,1756,18,2.3. 2  9. 1  1,LOCACION DE SERVICIOS REALIZADOS POR PERSONAS NATURALES RELACIONADAS AL ROL DE LA ENTIDAD,24000.0,Compromiso
2026,1028,3,S,1548,2026-03-16,10257001810,RUIZ REQUEJO MARIA ESPERANZA,106,CONTRATO MENOR,CM,,SERVICIO DE SEGUIMIENTO Y MONITOREO DE ACTIVIDADES DE CAMPO I,1757,18,2.3. 2  9. 1  1,LOCACION DE SERVICIOS REALIZADOS POR PERSONAS NATURALES RELACIONADAS AL ROL DE LA ENTIDAD,12000.0,Compromiso
2026,1028,3,S,1549,2026-03-16,10765780034,VERGARA PEREZ PATRICIA KARINA,106,CONTRATO MENOR,CM,,SERVICIO DE RECOLECCION DE DATOS I,1758,18,2.3. 2  9. 1  1,LOCACION DE SERVICIOS REALIZADOS POR PERSONAS NATURALES RELACIONADAS AL ROL DE LA ENTIDAD,8800.0,Compromiso
2026,1028,3,S,1550,2026-03-16,10725117367,POZO RAMIREZ JIMENA VERA LUCIA,106,CONTRATO MENOR,CM,,SERVICIO DE RECOLECCION DE DATOS II,1759,18,2.3. 2  9. 1  1,LOCACION DE SERVICIOS REALIZADOS POR PERSONAS NATURALES RELACIONADAS AL ROL DE LA ENTIDAD,8200.0,Compromiso
2026,1028,3,S,1551,2026-03-16,10433056294,AGUILAR MONTERO INGRID LISSET,106,CONTRATO MENOR,CM,,SERVICIO DE PROMOCION Y DESARROLLO SOCIAL I,1760,18,2.3. 2  9. 1  1,LOCACION DE SERVICIOS REALIZADOS POR PERSONAS NATURALES RELACIONADAS AL ROL DE LA ENTIDAD,8000.0,Compromiso
2026,1028,3,S,1552,2026-03-16,10080396479,OCAÑA NIEVES DEMETRIO EDUARDO,106,CONTRATO MENOR,CM,,SERVICIO DE EJECUCION Y COORDINACION DE ACTIVIDADES DE CAMPO,1761,18,2.3. 2  9. 1  1,LOCACION DE SERVICIOS REALIZADOS POR PERSONAS NATURALES RELACIONADAS AL ROL DE LA ENTIDAD,10000.0,Compromiso
2026,1028,3,S,1553,2026-03-16,10770928261,IGLESIAS AUCAPIÑA VICTOR MIJAIL,106,CONTRATO MENOR,CM,,SERVICIO DE SEGUIMIENTO Y MONITOREO DE ACTIVIDADES DE CAMPO II,1762,18,2.3. 2  9. 1  1,LOCACION DE SERVICIOS REALIZADOS POR PERSONAS NATURALES RELACIONADAS AL ROL DE LA ENTIDAD,12000.0,Compromiso
2026,1028,3,S,1554,2026-03-16,10803765591,SALAZAR ELIAS MARIA DEL ROSARIO,106,CONTRATO MENOR,CM,,SERVICIO DE SEGUIMIENTO Y MONITOREO DE ACTIVIDADES DE CAMPO II,1763,18,2.3. 2  9. 1  1,LOCACION DE SERVICIOS REALIZADOS POR PERSONAS NATURALES RELACIONADAS AL ROL DE LA ENTIDAD,8000.0,Compromiso
2026,1028,3,S,1555,2026-03-16,10255447306,FUNDES CARDENAS MARISOL GLADYS,106,CONTRATO MENOR,CM,,SERVICIO DE PROMOCION Y DESARROLLO SOCIAL III,1764,18,2.3. 2  9. 1  1,LOCACION DE SERVICIOS REALIZADOS POR PERSONAS NATURALES RELACIONADAS AL ROL DE LA ENTIDAD,8000.0,Compromiso
2026,1028,3,S,1556,2026-03-16,10076314590,ORTIZ CARRIÓN MENANDRO,106,CONTRATO MENOR,CM,,"SERVICIO DE ORDENAMIENTO,RECLASIFICACION Y ALMACENAMIENTO DE BIENES",1765,18,2.3. 2  9. 1  1,LOCACION DE SERVICIOS REALIZADOS POR PERSONAS NATURALES RELACIONADAS AL ROL DE LA ENTIDAD,9000.0,Compromiso
2026,1028,3,S,1557,2026-03-17,10440794471,ZAVALETA CORONADO ARLETTE SONIA,106,CONTRATO MENOR,CM,,SERVICIO  ASISTENCIA TÉCNICA EN GESTIÓN DE  PROCESOS ADMINISTRATIVOS PARA LA GERENCIA REGIONAL DE DESARROLLO ECONOMICO.,1787,18,2.3. 2  9. 1  1,LOCACION DE SERVICIOS REALIZADOS POR PERSONAS NATURALES RELACIONADAS AL ROL DE LA ENTIDAD,10000.0,Compromiso
2026,1028,3,S,1558,2026-03-17,10732029465,CHAVEZ CUESTAS DIEGO ALBERTO,106,CONTRATO MENOR,CM,,SERVICIO ESPECIALIZADO EN CONTROL Y GESTIÓN DE PROCESOS OPERATIVOS ADMINISTRATIVOS PARA LA GERENCIA REGIONAL DE DESARROLLO ECONOMICO.,1788,18,2.3. 2  9. 1  1,LOCACION DE SERVICIOS REALIZADOS POR PERSONAS NATURALES RELACIONADAS AL ROL DE LA ENTIDAD,7000.0,Compromiso
2026,1028,3,S,1559,2026-03-17,10743851400,PIZARRO ALVARADO JOHNSONS JOSE,106,CONTRATO MENOR,CM,,SERVICIO DE ASISTENTE LEGAL EN PROCESOS ADMINISTRATIVOS DE LA GERENCIA REGIONAL DE DESARROLLO ECONOMICO.,1789,18,2.3. 2  9. 1  1,LOCACION DE SERVICIOS REALIZADOS POR PERSONAS NATURALES RELACIONADAS AL ROL DE LA ENTIDAD,3500.0,Compromiso
2026,1028,3,S,1560,2026-03-17,10741386769,CONDORI YZACOPE MARIA LUCERO,106,CONTRATO MENOR,CM,,SERVICIO ESPECIALIZADO EN EJECUCION CONTRACTUAL I,1786,18,2.3. 2  9. 1  1,LOCACION DE SERVICIOS REALIZADOS POR PERSONAS NATURALES RELACIONADAS AL ROL DE LA ENTIDAD,21000.0,Compromiso
2026,1028,3,S,1561,2026-03-17,10762895248,SERNAQUE FLOREZ KELLY DAYSI,106,CONTRATO MENOR,CM,,SERVICIO DE AUXILIAR ADMINISTRATIVO PARA LA GESTIÓN DOCUMENTARIA DE LA GERENCIA REGIONAL DE DESARROLLO ECONOMICO.,1790,18,2.3. 2  9. 1  1,LOCACION DE SERVICIOS REALIZADOS POR PERSONAS NATURALES RELACIONADAS AL ROL DE LA ENTIDAD,3500.0,Compromiso
2026,1028,3,S,1562,2026-03-17,10256756817,ALMEYDA SAENZ HUMBERTO,106,CONTRATO MENOR,CM,,SERVICIO DE PREVENCION DE RIESGOS LABORALES PARA LA GERENCIA DE DESARROLLO ECONÓMICO.,1791,18,2.3. 2  9. 1  1,LOCACION DE SERVICIOS REALIZADOS POR PERSONAS NATURALES RELACIONADAS AL ROL DE LA ENTIDAD,16000.0,Compromiso
2026,1028,3,S,1563,2026-03-17,10734519435,ZEVALLOS BOZA NORMA MERCEDES,106,CONTRATO MENOR,CM,,SERVICIO DE ORIENTACION Y ATECNION AL USUARIO PARA EL CENTRO DE MEJOR ATENCION AL CIUDADANO - MAC I,1792,18,2.3. 2  9. 1  1,LOCACION DE SERVICIOS REALIZADOS POR PERSONAS NATURALES RELACIONADAS AL ROL DE LA ENTIDAD,10000.0,Compromiso
2026,1028,3,S,1564,2026-03-17,10258049948,MAYTA PACORA VIRGINIA DEL ROSARIO,106,CONTRATO MENOR,CM,,SERVICIO DE ORIENTACION Y ATECNION AL USUARIO PARA EL CENTRO DE MEJOR ATENCION AL CIUDADANO - MAC II,1793,18,2.3. 2  9. 1  1,LOCACION DE SERVICIOS REALIZADOS POR PERSONAS NATURALES RELACIONADAS AL ROL DE LA ENTIDAD,10000.0,Compromiso
2026,1028,3,S,1565,2026-03-17,10404763950,PEREZ HUAYUNGA DEYANIRA CORIN,106,CONTRATO MENOR,CM,,SERVICIO DE ORIENTACION Y ATECNION AL USUARIO PARA EL CENTRO DE MEJOR ATENCION AL CIUDADANO -MAC III,1794,18,2.3. 2  9. 1  1,LOCACION DE SERVICIOS REALIZADOS POR PERSONAS NATURALES RELACIONADAS AL ROL DE LA ENTIDAD,-5000.0,Rebaja
2026,1028,3,S,1565,2026-03-17,10404763950,PEREZ HUAYUNGA DEYANIRA CORIN,106,CONTRATO MENOR,CM,,SERVICIO DE ORIENTACION Y ATECNION AL USUARIO PARA EL CENTRO DE MEJOR ATENCION AL CIUDADANO -MAC III,1794,18,2.3. 2  9. 1  1,LOCACION DE SERVICIOS REALIZADOS POR PERSONAS NATURALES RELACIONADAS AL ROL DE LA ENTIDAD,10000.0,Compromiso
2026,1028,3,S,1566,2026-03-17,10719951738,ESPINOZA MAMANI REYSHAEL NAGHELY,106,CONTRATO MENOR,CM,,SERVICIO DE ORIENTACION Y ATECNION AL USUARIO PARA EL CENTRO DE MEJOR ATENCION AL CIUDADANO - MAC IV,1795,18,2.3. 2  9. 1  1,LOCACION DE SERVICIOS REALIZADOS POR PERSONAS NATURALES RELACIONADAS AL ROL DE LA ENTIDAD,10000.0,Compromiso
2026,1028,3,S,1567,2026-03-17,10789919696,VALERA CARMONA MARIA ALEXANDRA,106,CONTRATO MENOR,CM,,SERVICIO DE ORIENTACION Y ATECNION AL USUARIO PARA EL CENTRO DE MEJOR ATENCION AL CIUDADANO - MAC V,1796,18,2.3. 2  9. 1  1,LOCACION DE SERVICIOS REALIZADOS POR PERSONAS NATURALES RELACIONADAS AL ROL DE LA ENTIDAD,10000.0,Compromiso
2026,1028,3,S,1568,2026-03-17,10468547746,PONCE NIEVES NATALY WENDY,106,CONTRATO MENOR,CM,,SERVICIO DE ORIENTACION Y ATECNION AL USUARIO PARA EL CENTRO DE MEJOR ATENCION AL CIUDADANO - MAC IX,1797,18,2.3. 2  9. 1  1,LOCACION DE SERVICIOS REALIZADOS POR PERSONAS NATURALES RELACIONADAS AL ROL DE LA ENTIDAD,10000.0,Compromiso
2026,1028,3,S,1569,2026-03-17,10444857663,CRUZ RUIZ JOSE LUIS,106,CONTRATO MENOR,CM,,SERVICIO DE ORIENTACION Y ATECNION AL USUARIO PARA EL CENTRO DE MEJOR ATENCION AL CIUDADANO MAC VIII,1798,18,2.3. 2  9. 1  1,LOCACION DE SERVICIOS REALIZADOS POR PERSONAS NATURALES RELACIONADAS AL ROL DE LA ENTIDAD,12000.0,Compromiso
2026,1028,3,S,1570,2026-03-17,10255668311,MUÑOZ PAYMA NERY MARTHA,106,CONTRATO MENOR,CM,,SERVICIO DE ORIENTACION Y ATECNION AL USUARIO PARA EL CENTRO DE MEJOR ATENCION AL CIUDADANO - MAC X,1799,18,2.3. 2  9. 1  1,LOCACION DE SERVICIOS REALIZADOS POR PERSONAS NATURALES RELACIONADAS AL ROL DE LA ENTIDAD,10000.0,Compromiso
2026,1028,3,S,1571,2026-03-17,10098996775,FRANCO GRIJALVA ERNESTO BAILON,106,CONTRATO MENOR,CM,,SERVICIO ESPECIALIZADO EN GESTION DE PROYECTOS,1801,18,2.3. 2  9. 1  1,LOCACION DE SERVICIOS REALIZADOS POR PERSONAS NATURALES RELACIONADAS AL ROL DE LA ENTIDAD,25100.0,Compromiso
2026,1028,3,S,1572,2026-03-17,10445824131,CERON TEJADA RAUL,106,CONTRATO MENOR,CM,,SERVICIO ESPECIALIZADO EN GESTION DE PROCESOS ADMINISTRATIVOS,1802,18,2.3. 2  9. 1  1,LOCACION DE SERVICIOS REALIZADOS POR PERSONAS NATURALES RELACIONADAS AL ROL DE LA ENTIDAD,17500.0,Compromiso
2026,1028,3,S,1573,2026-03-17,10713806361,ASTOPILCO LAOS JIMENA ALESSANDRA,106,CONTRATO MENOR,CM,,"SERVICIO DE CLASIFICACIÓN, REGISTRO Y DIGITALIZACIÓN DE DOCUMENTOS",1803,18,2.3. 2  9. 1  1,LOCACION DE SERVICIOS REALIZADOS POR PERSONAS NATURALES RELACIONADAS AL ROL DE LA ENTIDAD,6000.0,Compromiso
2026,1028,3,S,1574,2026-03-17,10740774013,PACORA MORANTE KIARA CELINA,106,CONTRATO MENOR,CM,,SERVICIO DE ASISTENCIA TECNICA EN GESTION Y PLANIFICACION PARA LA OFICINA DE AGRICULTURA Y PRODUCCION DE LA GERENCIA REGIONAL DE DESARROLLO ECONOMICO.,1800,18,2.3. 2  9. 1  1,LOCACION DE SERVICIOS REALIZADOS POR PERSONAS NATURALES RELACIONADAS AL ROL DE LA ENTIDAD,6000.0,Compromiso
2026,1028,3,S,1575,2026-03-17,10481850555,ROSALES NAVARRO HUGO GEORGAN,106,CONTRATO MENOR,CM,,SERVICIO DE ASISTENCIA TECNICA ADMINISTRATIVA.,1804,18,2.3. 2  9. 1  1,LOCACION DE SERVICIOS REALIZADOS POR PERSONAS NATURALES RELACIONADAS AL ROL DE LA ENTIDAD,36000.0,Compromiso
2026,1028,3,S,1576,2026-03-17,10258375306,CIQUERO PAZ MELBA CECILIA,106,CONTRATO MENOR,CM,,SERVICIO DE SERVICIO DE AUXILIAR ADMINISTRATIVO.,1805,18,2.3. 2  9. 1  1,LOCACION DE SERVICIOS REALIZADOS POR PERSONAS NATURALES RELACIONADAS AL ROL DE LA ENTIDAD,24000.0,Compromiso
2026,1028,3,S,1577,2026-03-17,10400349938,PEREZ DEL CASTILLO JULIO RAYMUNDO,106,CONTRATO MENOR,CM,,SERVICIO DE CONTROL Y SEGUIMIENTO DE INGRESO Y SALIDA DE BIENES DE ALMACEN.,1806,18,2.3. 2  9. 1  1,LOCACION DE SERVICIOS REALIZADOS POR PERSONAS NATURALES RELACIONADAS AL ROL DE LA ENTIDAD,30000.0,Compromiso
2026,1028,3,S,1578,2026-03-18,10414554577,CAMPOS UCEDA ANAMEY LISSE,106,CONTRATO MENOR,CM,,SERVICIO DE PROCESAMIENTO DE INFORMACION DE INVENTARIOS.,1807,0,2.3. 2  9. 1  1,LOCACION DE SERVICIOS REALIZADOS POR PERSONAS NATURALES RELACIONADAS AL ROL DE LA ENTIDAD,3000.0,Compromiso
2026,1028,3,S,1579,2026-03-18,10438349729,PEREZ SALAS MARCIAL EDUARDO JAVIER,106,CONTRATO MENOR,CM,,SERVICIO DE SEGUIMIENTO Y MONITOREO DEL SERVICIO DE SEGURIDAD II - OFICINA MEJOR ATENCION AL CIUDADA,1825,18,2.3. 2  9. 1  1,LOCACION DE SERVICIOS REALIZADOS POR PERSONAS NATURALES RELACIONADAS AL ROL DE LA ENTIDAD,8000.0,Compromiso
2026,1028,3,S,1580,2026-03-18,10442640632,SALCEDO JARA RONALD EDUARDO,106,CONTRATO MENOR,CM,,SERVICIO DE SUPERVISOR GENERAL DE SEGURIDAD I - VILLA DEPORTIVA REGIONAL DEL GOBIERNO REGIONAL DEL C,1826,18,2.3. 2  9. 1  1,LOCACION DE SERVICIOS REALIZADOS POR PERSONAS NATURALES RELACIONADAS AL ROL DE LA ENTIDAD,14000.0,Compromiso
2026,1028,3,S,1581,2026-03-18,10437418581,MARQUINA SUYON JOSE LUIS,106,CONTRATO MENOR,CM,,SERVICIO DE SUPERVISOR GENERAL DE SEGURIDAD II - VILLA DEPORTIVA REGIONAL DEL GOBIERNO REGIONAL DEL,1827,18,2.3. 2  9. 1  1,LOCACION DE SERVICIOS REALIZADOS POR PERSONAS NATURALES RELACIONADAS AL ROL DE LA ENTIDAD,14000.0,Compromiso
2026,1028,3,S,1582,2026-03-18,10421929136,AGRAMONTE GOMEZ JORGE LUIS,106,CONTRATO MENOR,CM,,SERVICIO DE SUPERVISOR GENERAL DE SEGURIDAD III - VILLA DEPORTIVA REGIONAL DEL GOBIERNO REGIONAL DEL,1828,18,2.3. 2  9. 1  1,LOCACION DE SERVICIOS REALIZADOS POR PERSONAS NATURALES RELACIONADAS AL ROL DE LA ENTIDAD,14000.0,Compromiso
2026,1028,3,S,1583,2026-03-18,10206403352,CASTRO VIVANCO LUIS GUSTAVO,106,CONTRATO MENOR,CM,,SERVICIO DE SUPERVISOR GENERAL DE SEGURIDAD IV - VILLA DEPORTIVA REGIONAL DEL GOBIERNO REGIONAL DEL,1829,18,2.3. 2  9. 1  1,LOCACION DE SERVICIOS REALIZADOS POR PERSONAS NATURALES RELACIONADAS AL ROL DE LA ENTIDAD,14000.0,Compromiso
2026,1028,3,S,1584,2026-03-18,10424538413,ELIAS LANCHIPA KAREN STHEPHANI,106,CONTRATO MENOR,CM,,SERVICIO DE SUPERVISOR GENERAL DE SEGURIDAD V - VILLA DEPORTIVA REGIONAL DEL GOBIERNO REGIONAL DEL C,1830,18,2.3. 2  9. 1  1,LOCACION DE SERVICIOS REALIZADOS POR PERSONAS NATURALES RELACIONADAS AL ROL DE LA ENTIDAD,14000.0,Compromiso
2026,1028,3,S,1585,2026-03-18,10181823521,GUTIERREZ RODRIGUEZ CARLOS ALBERTO,106,CONTRATO MENOR,CM,,SERVICIO DE SUPERVISOR GENERAL DE SEGURIDAD VI - VILLA DEPORTIVA REGIONAL DEL GOBIERNO REGIONAL DEL,1831,18,2.3. 2  9. 1  1,LOCACION DE SERVICIOS REALIZADOS POR PERSONAS NATURALES RELACIONADAS AL ROL DE LA ENTIDAD,14000.0,Compromiso
2026,1028,3,S,1586,2026-03-18,10410910051,CUTTI HUERTAS MARTIN ANTONIO,106,CONTRATO MENOR,CM,,SERVICIO DE SUPERVISOR GENERAL DE SEGURIDAD - OFICINA MEJOR ATENCION AL CIUDADANO MAC-CALLAO DEL GOB,1832,18,2.3. 2  9. 1  1,LOCACION DE SERVICIOS REALIZADOS POR PERSONAS NATURALES RELACIONADAS AL ROL DE LA ENTIDAD,5600.0,Compromiso
2026,1028,3,S,1587,2026-03-18,10255246823,PRADO MOSCOSO CESAR AUGUSTO,106,CONTRATO MENOR,CM,,SERVICIO DE SUPERVISOR GENERAL DE SEGURIDAD I - DIRECCION DE PROMOCION DEL EMPLEO Y CAPACITACION LAB,1833,18,2.3. 2  9. 1  1,LOCACION DE SERVICIOS REALIZADOS POR PERSONAS NATURALES RELACIONADAS AL ROL DE LA ENTIDAD,14000.0,Compromiso
2026,1028,3,S,1588,2026-03-18,10257576880,APARCANA GONZALES TINO VICTOR,106,CONTRATO MENOR,CM,,SERVICIO DE SUPERVISOR GENERAL DE SEGURIDAD II - DIRECCION DE PROMOCION DEL EMPLEO Y CAPACITACION LA,1834,18,2.3. 2  9. 1  1,LOCACION DE SERVICIOS REALIZADOS POR PERSONAS NATURALES RELACIONADAS AL ROL DE LA ENTIDAD,14000.0,Compromiso
2026,1028,3,S,1589,2026-03-18,10081687710,VASQUEZ FERNANDEZ ROSA,106,CONTRATO MENOR,CM,,SERVICIO DE SUPERVISOR GENERAL DE SEGURIDAD - REFUGIO TEMPORAL DEL PROGRAMA AURORA DEL MIMP Y EL GOB,1835,18,2.3. 2  9. 1  1,LOCACION DE SERVICIOS REALIZADOS POR PERSONAS NATURALES RELACIONADAS AL ROL DE LA ENTIDAD,14000.0,Compromiso
2026,1028,3,S,1590,2026-03-18,10257831537,PASACHE CALLE YRIS GIULIANA,106,CONTRATO MENOR,CM,,SERVICIO DE SUPERVISOR DE SEGURIDAD VII - VILLA DEPORTIVA REGIONAL DEL GOBIERNO REGIONAL DEL CALLAO,1836,18,2.3. 2  9. 1  1,LOCACION DE SERVICIOS REALIZADOS POR PERSONAS NATURALES RELACIONADAS AL ROL DE LA ENTIDAD,10000.0,Compromiso
2026,1028,3,S,1591,2026-03-18,10408880471,CORNELIO GAZANI RENE ALEJANDRO,106,CONTRATO MENOR,CM,,SERVICIO DE SUPERVISOR DE SEGURIDAD VIII - VILLA DEPORTIVA REGIONAL DEL GOBIERNO REGIONAL DEL CALLAO,1837,18,2.3. 2  9. 1  1,LOCACION DE SERVICIOS REALIZADOS POR PERSONAS NATURALES RELACIONADAS AL ROL DE LA ENTIDAD,10000.0,Compromiso
2026,1028,3,S,1592,2026-03-18,10254709021,SANDOVAL MORI MARINA PAULA,106,CONTRATO MENOR,CM,,SERVICIO DE SUPERVISOR DE SEGURIDAD IX - VILLA DEPORTIVA REGIONAL DEL GOBIERNO REGIONAL DEL CALLAO,1838,18,2.3. 2  9. 1  1,LOCACION DE SERVICIOS REALIZADOS POR PERSONAS NATURALES RELACIONADAS AL ROL DE LA ENTIDAD,10000.0,Compromiso
2026,1028,3,S,1593,2026-03-18,10256975071,ACUÑA VALLEJOS ALFREDO GUILLERMO,106,CONTRATO MENOR,CM,,SERVICIO DE SUPERVISOR DE SEGURIDAD X - VILLA DEPORTIVA REGIONAL DEL GOBIERNO REGIONAL DEL CALLAO,1839,18,2.3. 2  9. 1  1,LOCACION DE SERVICIOS REALIZADOS POR PERSONAS NATURALES RELACIONADAS AL ROL DE LA ENTIDAD,10000.0,Compromiso
2026,1028,3,S,1594,2026-03-18,10255340480,DREBEQUE VALIENTE RICARDO WALTER,106,CONTRATO MENOR,CM,,SERVICIO DE SUPERVISOR DE SEGURIDAD XI - VILLA DEPORTIVA REGIONAL DEL GOBIERNO REGIONAL DEL CALLAO,1840,18,2.3. 2  9. 1  1,LOCACION DE SERVICIOS REALIZADOS POR PERSONAS NATURALES RELACIONADAS AL ROL DE LA ENTIDAD,10000.0,Compromiso
2026,1028,3,S,1595,2026-03-18,10481377736,TASAICO URQUIZA GIANCARLOS,106,CONTRATO MENOR,CM,,SERVICIO DE SUPERVISOR DE SEGURIDAD XII - VILLA DEPORTIVA REGIONAL DEL GOBIERNO REGIONAL DEL CALLAO,1841,18,2.3. 2  9. 1  1,LOCACION DE SERVICIOS REALIZADOS POR PERSONAS NATURALES RELACIONADAS AL ROL DE LA ENTIDAD,10000.0,Compromiso
2026,1028,3,S,1596,2026-03-18,10061265801,MOLINA CAMACHO EDISON JULIO,106,CONTRATO MENOR,CM,,SERVICIO DE SUPERVISOR DE SEGURIDAD I - DIRECCION DE PROMOCION DEL EMPLEO Y CAPACITACION LABORAL DEL,1842,18,2.3. 2  9. 1  1,LOCACION DE SERVICIOS REALIZADOS POR PERSONAS NATURALES RELACIONADAS AL ROL DE LA ENTIDAD,10000.0,Compromiso
2026,1028,3,S,1597,2026-03-18,10426648933,SOTO CASTRO CARMEN IRIS,106,CONTRATO MENOR,CM,,SERVICIO DE SUPERVISOR DE SEGURIDAD II - DIRECCION DE PROMOCION DEL EMPLEO Y CAPACITACION LABORAL DE,1843,18,2.3. 2  9. 1  1,LOCACION DE SERVICIOS REALIZADOS POR PERSONAS NATURALES RELACIONADAS AL ROL DE LA ENTIDAD,10000.0,Compromiso
2026,1028,3,S,1598,2026-03-18,10257170662,SILVA ORMEÑO PAULINA REGINA,106,CONTRATO MENOR,CM,,SERVICIO DE AUXILIAR DE SEGURIDAD Y VIGILANCIA - VILLA DEPORTIVA REGIONAL DEL GOBIERNO REGIONAL DEL,1844,18,2.3. 2  9. 1  1,LOCACION DE SERVICIOS REALIZADOS POR PERSONAS NATURALES RELACIONADAS AL ROL DE LA ENTIDAD,9000.0,Compromiso
2026,1028,3,S,1599,2026-03-18,10449573060,YARANGA REYES EDGAR,106,CONTRATO MENOR,CM,,SERVICIO DE AUXILIAR DE SEGURIDAD V - VILLA DEPORTIVA REGIONAL DEL GOBIERNO REGIONAL DEL CALLAO,1845,18,2.3. 2  9. 1  1,LOCACION DE SERVICIOS REALIZADOS POR PERSONAS NATURALES RELACIONADAS AL ROL DE LA ENTIDAD,7500.0,Compromiso
2026,1028,3,S,1600,2026-03-18,10471119305,HUASACCA GERONIMO JULIANA,106,CONTRATO MENOR,CM,,SERVICIO DE AUXILIAR DE SEGURIDAD VI - VILLA DEPORTIVA REGIONAL DEL GOBIERNO REGIONAL DEL CALLAO,1846,18,2.3. 2  9. 1  1,LOCACION DE SERVICIOS REALIZADOS POR PERSONAS NATURALES RELACIONADAS AL ROL DE LA ENTIDAD,7500.0,Compromiso
2026,1028,3,S,1601,2026-03-18,10475021482,LUNA GUILLEN JOCELYN GERALDINE,106,CONTRATO MENOR,CM,,SERVICIO DE AUXILIAR DE SEGURIDAD VII - VILLA DEPORTIVA REGIONAL DEL GOBIERNO REGIONAL DEL CALLAO,1847,18,2.3. 2  9. 1  1,LOCACION DE SERVICIOS REALIZADOS POR PERSONAS NATURALES RELACIONADAS AL ROL DE LA ENTIDAD,7500.0,Compromiso
2026,1028,3,S,1602,2026-03-18,10734348916,RIVERA SALAS JUANA VICTORIA LUISA,106,CONTRATO MENOR,CM,,SERVICIO DE AUXILIAR DE SEGURIDAD VIII - VILLA DEPORTIVA REGIONAL DEL GOBIERNO REGIONAL DEL CALLAO,1848,18,2.3. 2  9. 1  1,LOCACION DE SERVICIOS REALIZADOS POR PERSONAS NATURALES RELACIONADAS AL ROL DE LA ENTIDAD,7500.0,Compromiso
2026,1028,3,S,1603,2026-03-18,10257928271,SANDOVAL PACHECO LEXMI NINOSKA,106,CONTRATO MENOR,CM,,SERVICIO DE AUXILIAR DE SEGURIDAD IX - VILLA DEPORTIVA REGIONAL DEL GOBIERNO REGIONAL DEL CALLAO,1849,18,2.3. 2  9. 1  1,LOCACION DE SERVICIOS REALIZADOS POR PERSONAS NATURALES RELACIONADAS AL ROL DE LA ENTIDAD,7500.0,Compromiso
2026,1028,3,S,1604,2026-03-18,10485085438,TREBEJO VILELA ALEXANDRA DELIA,106,CONTRATO MENOR,CM,,SERVICIO DE AUXILIAR DE SEGURIDAD X - VILLA DEPORTIVA REGIONAL DEL GOBIERNO REGIONAL DEL CALLAO,1850,18,2.3. 2  9. 1  1,LOCACION DE SERVICIOS REALIZADOS POR PERSONAS NATURALES RELACIONADAS AL ROL DE LA ENTIDAD,7500.0,Compromiso
2026,1028,3,S,1605,2026-03-18,10471849206,LIRA ESQUIVEL TANIA MELANIE,106,CONTRATO MENOR,CM,,SERVICIO DE AUXILIAR DE SEGURIDAD XI - VILLA DEPORTIVA REGIONAL DEL GOBIERNO REGIONAL DEL CALLAO,1851,18,2.3. 2  9. 1  1,LOCACION DE SERVICIOS REALIZADOS POR PERSONAS NATURALES RELACIONADAS AL ROL DE LA ENTIDAD,7500.0,Compromiso
2026,1028,3,S,1606,2026-03-18,10720501819,LOZA TORRES ANGIE CECILIA,106,CONTRATO MENOR,CM,,SERVICIO DE AUXILIAR DE SEGURIDAD XII - VILLA DEPORTIVA REGIONAL DEL GOBIERNO REGIONAL DEL CALLAO,1852,18,2.3. 2  9. 1  1,LOCACION DE SERVICIOS REALIZADOS POR PERSONAS NATURALES RELACIONADAS AL ROL DE LA ENTIDAD,7500.0,Compromiso
2026,1028,3,S,1607,2026-03-18,10254468636,AVALOS DE FAVERIO MARIA AMELIA,106,CONTRATO MENOR,CM,,SERVICIO DE AUXILIAR DE SEGURIDAD XIII - VILLA DEPORTIVA REGIONAL DEL GOBIERNO REGIONAL DEL CALLAO,1853,18,2.3. 2  9. 1  1,LOCACION DE SERVICIOS REALIZADOS POR PERSONAS NATURALES RELACIONADAS AL ROL DE LA ENTIDAD,1500.0,Compromiso
2026,1028,3,S,1608,2026-03-18,10423470017,LÓPEZ BAUTISTA LIVIA NASIRA,106,CONTRATO MENOR,CM,,SERVICIO DE AUXILIAR DE SEGURIDAD XIV - VILLA DEPORTIVA REGIONAL DEL GOBIERNO REGIONAL DEL CALLAO,1854,18,2.3. 2  9. 1  1,LOCACION DE SERVICIOS REALIZADOS POR PERSONAS NATURALES RELACIONADAS AL ROL DE LA ENTIDAD,7500.0,Compromiso
2026,1028,3,S,1609,2026-03-18,10455318128,RUIZ ALDANA YAZMIN SANTOS,106,CONTRATO MENOR,CM,,SERVICIO DE AUXILIAR DE SEGURIDAD XV - VILLA DEPORTIVA REGIONAL DEL GOBIERNO REGIONAL DEL CALLAO,1855,18,2.3. 2  9. 1  1,LOCACION DE SERVICIOS REALIZADOS POR PERSONAS NATURALES RELACIONADAS AL ROL DE LA ENTIDAD,7500.0,Compromiso
2026,1028,3,S,1610,2026-03-18,10255737614,PALOMINO DE LA CRUZ CARMEN,106,CONTRATO MENOR,CM,,SERVICIO DE AUXILIAR DE SEGURIDAD XVI - VILLA DEPORTIVA REGIONAL DEL GOBIERNO REGIONAL DEL CALLAO,1856,18,2.3. 2  9. 1  1,LOCACION DE SERVICIOS REALIZADOS POR PERSONAS NATURALES RELACIONADAS AL ROL DE LA ENTIDAD,7500.0,Compromiso
2026,1028,3,S,1611,2026-03-18,10256363556,GUTIERREZ MORALES MARCO ARTURO,106,CONTRATO MENOR,CM,,SERVICIO DE AUXILIAR DE SEGURIDAD XVII - VILLA DEPORTIVA REGIONAL DEL GOBIERNO REGIONAL DEL CALLAO,1857,18,2.3. 2  9. 1  1,LOCACION DE SERVICIOS REALIZADOS POR PERSONAS NATURALES RELACIONADAS AL ROL DE LA ENTIDAD,7500.0,Compromiso
2026,1028,3,S,1612,2026-03-18,10258111058,SOTO LEON CYNTHIA ANTOINETTE,106,CONTRATO MENOR,CM,,SERVICIO DE AUXILIAR DE SEGURIDAD XVIII - VILLA DEPORTIVA REGIONAL DEL GOBIERNO REGIONAL DEL CALLAO,1858,18,2.3. 2  9. 1  1,LOCACION DE SERVICIOS REALIZADOS POR PERSONAS NATURALES RELACIONADAS AL ROL DE LA ENTIDAD,7500.0,Compromiso
2026,1028,3,S,1613,2026-03-18,10405246347,MARTINEZ GARIZA DE MAYORGA ANA MARIA,106,CONTRATO MENOR,CM,,SERVICIO DE AUXILIAR DE SEGURIDAD XIX - VILLA DEPORTIVA REGIONAL DEL GOBIERNO REGIONAL DEL CALLAO,1881,18,2.3. 2  9. 1  1,LOCACION DE SERVICIOS REALIZADOS POR PERSONAS NATURALES RELACIONADAS AL ROL DE LA ENTIDAD,7500.0,Compromiso
2026,1028,3,S,1614,2026-03-18,10734422865,RAMOS LOLANDES SEBASTIAN MATIAS,106,CONTRATO MENOR,CM,,SERVICIO DE AUXILIAR DE SEGURIDAD XX - VILLA DEPORTIVA REGIONAL DEL GOBIERNO REGIONAL DEL CALLAO,1859,18,2.3. 2  9. 1  1,LOCACION DE SERVICIOS REALIZADOS POR PERSONAS NATURALES RELACIONADAS AL ROL DE LA ENTIDAD,7500.0,Compromiso
2026,1028,3,S,1615,2026-03-18,10442347765,GARCIA MONCADA WALTER JUNIOR,106,CONTRATO MENOR,CM,,SERVICIO DE AUXILIAR DE SEGURIDAD XXI - VILLA DEPORTIVA REGIONAL DEL GOBIERNO REGIONAL DEL CALLAO,1860,18,2.3. 2  9. 1  1,LOCACION DE SERVICIOS REALIZADOS POR PERSONAS NATURALES RELACIONADAS AL ROL DE LA ENTIDAD,7500.0,Compromiso
2026,1028,3,S,1616,2026-03-18,10748710618,GOMEZ CHOQUE NADIENKA MIA,106,CONTRATO MENOR,CM,,SERVICIO DE AUXILIAR DE SEGURIDAD XXII - VILLA DEPORTIVA REGIONAL DEL GOBIERNO REGIONAL DEL CALLAO,1861,18,2.3. 2  9. 1  1,LOCACION DE SERVICIOS REALIZADOS POR PERSONAS NATURALES RELACIONADAS AL ROL DE LA ENTIDAD,7500.0,Compromiso
2026,1028,3,S,1617,2026-03-18,10737668415,DIAZ CARRILLO JULIANA MARITZA,106,CONTRATO MENOR,CM,,SERVICIO DE AUXILIAR DE SEGURIDAD XXIII - VILLA DEPORTIVA REGIONAL DEL GOBIERNO REGIONAL DEL CALLAO,1862,18,2.3. 2  9. 1  1,LOCACION DE SERVICIOS REALIZADOS POR PERSONAS NATURALES RELACIONADAS AL ROL DE LA ENTIDAD,7500.0,Compromiso
2026,1028,3,S,1618,2026-03-18,10750443074,VILLALVA LOBATON MAYKEEL JORDAN,106,CONTRATO MENOR,CM,,SERVICIO DE AUXILIAR DE SEGURIDAD XXIV - VILLA DEPORTIVA REGIONAL DEL GOBIERNO REGIONAL DEL CALLAO,1863,18,2.3. 2  9. 1  1,LOCACION DE SERVICIOS REALIZADOS POR PERSONAS NATURALES RELACIONADAS AL ROL DE LA ENTIDAD,7500.0,Compromiso
2026,1028,3,S,1619,2026-03-18,10456878755,VILLANUEVA MENDOZA JUDITH EVILIN,106,CONTRATO MENOR,CM,,SERVICIO DE AUXILIAR DE SEGURIDAD XXV - VILLA DEPORTIVA REGIONAL DEL GOBIERNO REGIONAL DEL CALLAO,1864,18,2.3. 2  9. 1  1,LOCACION DE SERVICIOS REALIZADOS POR PERSONAS NATURALES RELACIONADAS AL ROL DE LA ENTIDAD,7500.0,Compromiso
2026,1028,3,S,1620,2026-03-18,10257023708,CHARUN LEON DE FRIAS VERONICA,106,CONTRATO MENOR,CM,,SERVICIO DE AUXILIAR DE SEGURIDAD XXVI - VILLA DEPORTIVA REGIONAL DEL GOBIERNO REGIONAL DEL CALLAO,1865,18,2.3. 2  9. 1  1,LOCACION DE SERVICIOS REALIZADOS POR PERSONAS NATURALES RELACIONADAS AL ROL DE LA ENTIDAD,7500.0,Compromiso
2026,1028,3,S,1621,2026-03-18,10802293670,ELIAS LANCHIPA JOHANA URSULA ESTHER,106,CONTRATO MENOR,CM,,SERVICIO DE AUXILIAR DE SEGURIDAD XXVII - VILLA DEPORTIVA REGIONAL DEL GOBIERNO REGIONAL DEL CALLAO,1866,18,2.3. 2  9. 1  1,LOCACION DE SERVICIOS REALIZADOS POR PERSONAS NATURALES RELACIONADAS AL ROL DE LA ENTIDAD,7500.0,Compromiso
2026,1028,3,S,1622,2026-03-18,10451447586,RENGIFO ESPINOZA EDSON,106,CONTRATO MENOR,CM,,SERVICIO DE AUXILIAR DE SEGURIDAD XXVIII - VILLA DEPORTIVA REGIONAL DEL GOBIERNO REGIONAL DEL CALLAO,1867,18,2.3. 2  9. 1  1,LOCACION DE SERVICIOS REALIZADOS POR PERSONAS NATURALES RELACIONADAS AL ROL DE LA ENTIDAD,7500.0,Compromiso
2026,1028,3,S,1622,2026-03-18,10451447586,RENGIFO ESPINOZA EDSON,106,CONTRATO MENOR,CM,,SERVICIO DE AUXILIAR DE SEGURIDAD XXVIII - VILLA DEPORTIVA REGIONAL DEL GOBIERNO REGIONAL DEL CALLAO,1867,18,2.3. 2  9. 1  1,LOCACION DE SERVICIOS REALIZADOS POR PERSONAS NATURALES RELACIONADAS AL ROL DE LA ENTIDAD,-4500.0,Rebaja
2026,1028,3,S,1623,2026-03-18,10257303387,LOBATON LEON SONIA EMPERATRIZ,106,CONTRATO MENOR,CM,,SERVICIO DE AUXILIAR DE SEGURIDAD II - REFUGIO TEMPORAL DEL PROGRAMA AURORA DEL MIMP Y EL GOBIERNO R,1868,18,2.3. 2  9. 1  1,LOCACION DE SERVICIOS REALIZADOS POR PERSONAS NATURALES RELACIONADAS AL ROL DE LA ENTIDAD,7500.0,Compromiso
2026,1028,3,S,1624,2026-03-18,10487370229,BULLÓN DARGENT ISABEL,106,CONTRATO MENOR,CM,,SERVICIO DE AUXILIAR DE SEGURIDAD III - REFUGIO TEMPORAL DEL PROGRAMA AURORA DEL MIMP Y EL GOBIERNO,1869,18,2.3. 2  9. 1  1,LOCACION DE SERVICIOS REALIZADOS POR PERSONAS NATURALES RELACIONADAS AL ROL DE LA ENTIDAD,7500.0,Compromiso
2026,1028,3,S,1625,2026-03-18,10258075019,CHIRRE CEDEÑO FANNY ROXANA,106,CONTRATO MENOR,CM,,SERVICIO DE AUXILIAR DE SEGURIDAD IV - REFUGIO TEMPORAL DEL PROGRAMA AURORA DEL MIMP Y EL GOBIERNO R,1870,18,2.3. 2  9. 1  1,LOCACION DE SERVICIOS REALIZADOS POR PERSONAS NATURALES RELACIONADAS AL ROL DE LA ENTIDAD,7500.0,Compromiso
2026,1028,3,S,1626,2026-03-18,10258576026,JULIAN IZQUIERDO RINA MARITZA,106,CONTRATO MENOR,CM,,SERVICIO DE AUXILIAR DE SEGURIDAD V - REFUGIO TEMPORAL DEL PROGRAMA AURORA DEL MIMP Y EL GOBIERNO RE,1871,18,2.3. 2  9. 1  1,LOCACION DE SERVICIOS REALIZADOS POR PERSONAS NATURALES RELACIONADAS AL ROL DE LA ENTIDAD,7500.0,Compromiso
2026,1028,3,S,1627,2026-03-18,10728989781,ASIN SIMBALA ANA LUISA,106,CONTRATO MENOR,CM,,"SERVICIO DE AUXILIAR DE SEGURIDAD II - OFICINA MEJOR ATENCION AL CIUDADANO, MAC-CALLAO DEL GOBIERNO",1872,18,2.3. 2  9. 1  1,LOCACION DE SERVICIOS REALIZADOS POR PERSONAS NATURALES RELACIONADAS AL ROL DE LA ENTIDAD,7500.0,Compromiso
2026,1028,3,S,1628,2026-03-18,10410632620,TIRADO MIMBELA EVELYN ELIZABETH,106,CONTRATO MENOR,CM,,"SERVICIO DE AUXILIAR DE SEGURIDAD III - OFICINA MEJOR ATENCION AL CIUDADANO, MAC-CALLAO DEL GOBIERNO",1873,18,2.3. 2  9. 1  1,LOCACION DE SERVICIOS REALIZADOS POR PERSONAS NATURALES RELACIONADAS AL ROL DE LA ENTIDAD,7500.0,Compromiso
2026,1028,3,S,1629,2026-03-18,10255655502,PAIVA ANTON ELIZABETH MARISOL,106,CONTRATO MENOR,CM,,SERVICIO DE AUXILIAR DE SEGURIDAD II - DIRECCION REGIONAL DE TRABAJO Y PROMOCION DEL EMPLEO DEL GOBI,1874,18,2.3. 2  9. 1  1,LOCACION DE SERVICIOS REALIZADOS POR PERSONAS NATURALES RELACIONADAS AL ROL DE LA ENTIDAD,7500.0,Compromiso
2026,1028,3,S,1630,2026-03-18,10257109921,YUPANQUI CARBAJAL GIANNINA BEATRIZ,106,CONTRATO MENOR,CM,,SERVICIO DE AUXILIAR DE SEGURIDAD III - DIRECCION REGIONAL DE TRABAJO Y PROMOCION DEL EMPLEO DEL GOB,1875,18,2.3. 2  9. 1  1,LOCACION DE SERVICIOS REALIZADOS POR PERSONAS NATURALES RELACIONADAS AL ROL DE LA ENTIDAD,7500.0,Compromiso
2026,1028,3,S,1631,2026-03-18,10804316570,CARREÑO MAGALLANES MARIA ISABEL,106,CONTRATO MENOR,CM,,SERVICIO DE APOYO DE SEGURIDAD IV - VILLA DEPORTIVA REGIONAL DEL GOBIERNO REGIONAL DEL CALLAO,1876,18,2.3. 2  9. 1  1,LOCACION DE SERVICIOS REALIZADOS POR PERSONAS NATURALES RELACIONADAS AL ROL DE LA ENTIDAD,6000.0,Compromiso
2026,1028,3,S,1632,2026-03-18,10801900343,MANCILLA MARTOS DANIA ALIZON,106,CONTRATO MENOR,CM,,SERVICIO DE AUXILIAR DE SEGURIDAD X - SEDE CENTRAL DEL GOBIERNO REGIONAL DEL CALLAO,1877,18,2.3. 2  9. 1  1,LOCACION DE SERVICIOS REALIZADOS POR PERSONAS NATURALES RELACIONADAS AL ROL DE LA ENTIDAD,7500.0,Compromiso
2026,1028,3,S,1633,2026-03-18,10180984149,RAMIREZ SANDOVAL ELENA MARGARITA,106,CONTRATO MENOR,CM,,SERVICIO DE AUXILIAR DE SEGURIDAD XI - SEDE CENTRAL DEL GOBIERNO REGIONAL DEL CALLAO,1878,18,2.3. 2  9. 1  1,LOCACION DE SERVICIOS REALIZADOS POR PERSONAS NATURALES RELACIONADAS AL ROL DE LA ENTIDAD,7500.0,Compromiso
2026,1028,3,S,1634,2026-03-18,10257164522,APONTE GUILLEN PATRICIA FLORA,106,CONTRATO MENOR,CM,,SERVICIO DE AUXILIAR DE SEGURIDAD III - SEDE CENTRAL DEL GOBIERNO REGIONAL DEL CALLAO,1879,18,2.3. 2  9. 1  1,LOCACION DE SERVICIOS REALIZADOS POR PERSONAS NATURALES RELACIONADAS AL ROL DE LA ENTIDAD,7500.0,Compromiso
2026,1028,3,S,1635,2026-03-18,10483113108,FLORES VALCAZAR JULIAN MICHEL,106,CONTRATO MENOR,CM,,SERVICIO DE SUPERVISOR DE SEGURIDAD IV - SEDE CENTRAL DEL GOBIERNO REGIONAL DEL CALLAO,1880,18,2.3. 2  9. 1  1,LOCACION DE SERVICIOS REALIZADOS POR PERSONAS NATURALES RELACIONADAS AL ROL DE LA ENTIDAD,2000.0,Compromiso
2026,1028,3,S,1636,2026-03-18,10473314725,MEDINA PAIVA MARIA DE FATIMA MIRELLA,106,CONTRATO MENOR,CM,,SERVICIO DE ASISTENCIA LEGAL EN PROCESOS ADMINISTRATIVOS PARA LA GERENCIA GENERAL REGIONAL.,1785,18,2.3. 2  9. 1  1,LOCACION DE SERVICIOS REALIZADOS POR PERSONAS NATURALES RELACIONADAS AL ROL DE LA ENTIDAD,-13000.0,Anulado
2026,1028,3,S,1636,2026-03-18,10473314725,MEDINA PAIVA MARIA DE FATIMA MIRELLA,106,CONTRATO MENOR,CM,,SERVICIO DE ASISTENCIA LEGAL EN PROCESOS ADMINISTRATIVOS PARA LA GERENCIA GENERAL REGIONAL.,1785,18,2.3. 2  9. 1  1,LOCACION DE SERVICIOS REALIZADOS POR PERSONAS NATURALES RELACIONADAS AL ROL DE LA ENTIDAD,13000.0,Compromiso
2026,1028,3,S,1637,2026-03-18,10255641650,CRUZADO MARTINEZ ERIKA ANGELICA DEL PILAR,106,CONTRATO MENOR,CM,,SERVICIO DE REVISIÓN Y ACTUALIZACIÓN DE DOCUMENTOS I,1808,9,2.3. 2  9. 1  1,LOCACION DE SERVICIOS REALIZADOS POR PERSONAS NATURALES RELACIONADAS AL ROL DE LA ENTIDAD,5500.0,Compromiso
2026,1028,3,S,1638,2026-03-18,10424371039,ALMEYDA HUAPAYA DIEGO HUMBERTO,106,CONTRATO MENOR,CM,,"SERVICIO DE ELABORACION DE BASE DE DATOS, ESCANEO Y ARCHIVO DE DOCUMENTOS",1815,18,2.3. 2  9. 1  1,LOCACION DE SERVICIOS REALIZADOS POR PERSONAS NATURALES RELACIONADAS AL ROL DE LA ENTIDAD,12000.0,Compromiso
2026,1028,3,S,1639,2026-03-18,10753724708,BALLON ARCE MARIEL,106,CONTRATO MENOR,CM,,SERVICIO DE DIGITALIZACION Y ORGANIZACIÓN DE DOCUMENTACION,1816,18,2.3. 2  9. 1  1,LOCACION DE SERVICIOS REALIZADOS POR PERSONAS NATURALES RELACIONADAS AL ROL DE LA ENTIDAD,12000.0,Compromiso
2026,1028,3,S,1640,2026-03-18,10459393973,BEDREÑANA FLORES FELIX UBALDO,106,CONTRATO MENOR,CM,,SERVICIO ESPECIALIZADO PARA LA DECLARACION DE TRIBUTOS,1817,18,2.3. 2  9. 1  1,LOCACION DE SERVICIOS REALIZADOS POR PERSONAS NATURALES RELACIONADAS AL ROL DE LA ENTIDAD,14400.0,Compromiso
2026,1028,3,S,1641,2026-03-18,10739509331,CABALLERO PEREZ JAVIER AMMED,106,CONTRATO MENOR,CM,,SERVICIO DE ORDENAMIENTO DE DOCUMENTOS DE ARCHIVO,1818,18,2.3. 2  9. 1  1,LOCACION DE SERVICIOS REALIZADOS POR PERSONAS NATURALES RELACIONADAS AL ROL DE LA ENTIDAD,9300.0,Compromiso
2026,1028,3,S,1642,2026-03-18,10765860097,CARAZA APONTE ALEKSEI ALEXANDRO,106,CONTRATO MENOR,CM,,"SERVICIO DE REVISION, ANALISIS Y VERIFICACIÓN DE DOCUMENTOS DE PAGOS",1819,18,2.3. 2  9. 1  1,LOCACION DE SERVICIOS REALIZADOS POR PERSONAS NATURALES RELACIONADAS AL ROL DE LA ENTIDAD,15000.0,Compromiso
2026,1028,3,S,1643,2026-03-18,10730306046,CRUZ VELEZ GUILLERMO ANTONIO,106,CONTRATO MENOR,CM,,SERVICIO DE DIGITALIZACION Y FOLIACION DE DOCUMENTOS DE ARCHIVO,1820,18,2.3. 2  9. 1  1,LOCACION DE SERVICIOS REALIZADOS POR PERSONAS NATURALES RELACIONADAS AL ROL DE LA ENTIDAD,9600.0,Compromiso
2026,1028,3,S,1644,2026-03-18,10074474212,HURTADO SUAREZ LUIS GODOFREDO,106,CONTRATO MENOR,CM,,"SERVICIO DE REVISION, VERIFICACION Y CONTROL PREVIO DE DOCUMENTOS DE OPERACIONES ADMINISTRATIVAS",1821,18,2.3. 2  9. 1  1,LOCACION DE SERVICIOS REALIZADOS POR PERSONAS NATURALES RELACIONADAS AL ROL DE LA ENTIDAD,24000.0,Compromiso
2026,1028,3,S,1645,2026-03-18,10080624056,OLARTE DELGADO JOSE ANTONIO,106,CONTRATO MENOR,CM,,SERVICIO DE ASISTENCIA TECNICA EN GESTION DE PROCESOS ADMINISTRATIVOS,1822,18,2.3. 2  9. 1  1,LOCACION DE SERVICIOS REALIZADOS POR PERSONAS NATURALES RELACIONADAS AL ROL DE LA ENTIDAD,21000.0,Compromiso
2026,1028,3,S,1646,2026-03-18,10729209908,RAMIREZ ROJAS BREYSON DAVID,106,CONTRATO MENOR,CM,,"SERVICIO DE PROCESAMIENTO, ORDENAMIENTO Y CLASIFICACION DE DOCUMENTOS ADMINISTRATIVOS",1823,18,2.3. 2  9. 1  1,LOCACION DE SERVICIOS REALIZADOS POR PERSONAS NATURALES RELACIONADAS AL ROL DE LA ENTIDAD,8250.0,Compromiso
2026,1028,3,S,1647,2026-03-18,10079723628,RIOS RENGIFO RUTH EMILIA,106,CONTRATO MENOR,CM,,SERVICIO PARA LA COORDINACIÓN Y GESTION DE ACTIVIDADES SECRETARIALES,1809,18,2.3. 2  9. 1  1,LOCACION DE SERVICIOS REALIZADOS POR PERSONAS NATURALES RELACIONADAS AL ROL DE LA ENTIDAD,11700.0,Compromiso
2026,1028,3,S,1648,2026-03-18,10484631471,ROJAS GUILLEN JHONATHAN ALONZO,106,CONTRATO MENOR,CM,,SERVICIO DE ASISTENCIA TECNICA ADMINISTRATIVA,1810,18,2.3. 2  9. 1  1,LOCACION DE SERVICIOS REALIZADOS POR PERSONAS NATURALES RELACIONADAS AL ROL DE LA ENTIDAD,15900.0,Compromiso
2026,1028,3,S,1649,2026-03-18,10753621275,SOTO RAFAEL PIERINA KATIUSKA,106,CONTRATO MENOR,CM,,SERVICIO DE ATENCION DE CONSULTAS Y REGISTRO DE INFORMACION DE USUARIOS POR LA PLATAFORMA DE ATENCIO,1811,18,2.3. 2  9. 1  1,LOCACION DE SERVICIOS REALIZADOS POR PERSONAS NATURALES RELACIONADAS AL ROL DE LA ENTIDAD,9450.0,Compromiso
2026,1028,3,S,1650,2026-03-18,10774707668,TELLO LLAJA MABETH CATHERIN,106,CONTRATO MENOR,CM,,SERVICIO DE AUXILIAR ADMINISTRATIVO,1812,18,2.3. 2  9. 1  1,LOCACION DE SERVICIOS REALIZADOS POR PERSONAS NATURALES RELACIONADAS AL ROL DE LA ENTIDAD,9900.0,Compromiso
2026,1028,3,S,1651,2026-03-18,10703562162,VASCONES ROJAS CESAR POOL,106,CONTRATO MENOR,CM,,"SERVICIO DE ELABORACION DE BASE DE DATOS, DIGITALIZACION Y ARCHIVO DE DOCUMENTOS",1813,18,2.3. 2  9. 1  1,LOCACION DE SERVICIOS REALIZADOS POR PERSONAS NATURALES RELACIONADAS AL ROL DE LA ENTIDAD,12000.0,Compromiso
2026,1028,3,S,1652,2026-03-18,10477199645,YANAC HUIZA MIGUEL OSWALDO,106,CONTRATO MENOR,CM,,"SERVICIO DE RECOPILACION, ARCHIVO E INVENTARIO DE DOCUMENTACION Y EXPEDIENTES",1814,18,2.3. 2  9. 1  1,LOCACION DE SERVICIOS REALIZADOS POR PERSONAS NATURALES RELACIONADAS AL ROL DE LA ENTIDAD,12600.0,Compromiso
2026,1028,3,S,1653,2026-03-18,10720314873,HUAYANCA HUAMAN LEONARDO MARTIN,106,CONTRATO MENOR,CM,,SERVICIO ESPECIALIZADO EN INGENIERIA AMBIENTAL PCA,1886,18,2.3. 2  9. 1  1,LOCACION DE SERVICIOS REALIZADOS POR PERSONAS NATURALES RELACIONADAS AL ROL DE LA ENTIDAD,14000.0,Compromiso
2026,1028,3,S,1654,2026-03-18,10441240886,MAMANI DIAZ SERGIO DEYVIS,106,CONTRATO MENOR,CM,,SERVICIO ESPECIALIZADO EN INGENIERIA AMBIENTAL IV.,1887,18,2.3. 2  9. 1  1,LOCACION DE SERVICIOS REALIZADOS POR PERSONAS NATURALES RELACIONADAS AL ROL DE LA ENTIDAD,12000.0,Compromiso
2026,1028,3,S,1655,2026-03-19,20609698153,TOQUE GOURMET S.A.C.,106,CONTRATO MENOR,CM,,SERVICIO DE COFFEE BREAK PARA LA TERCERA SESIÓN ORDINARIA,1883,18,2.3. 2  7.11  5,SERVICIOS DE ALIMENTACION DE CONSUMO HUMANO,3500.0,Compromiso
2026,1028,3,S,1656,2026-03-19,20607848204,SKUNA ASOCIADOS S.A.C.,106,CONTRATO MENOR,CM,,SERVICIO DE ALQUILER DE MESAS Y SILLAS PARA LA TERCERA SESIÓN ORDINARIA,1884,18,2.3. 2  5. 1  3,DE MOBILIARIO Y SIMILARES,4000.0,Compromiso
2026,1028,3,S,1657,2026-03-19,10701549762,CHALCO EVANGELISTA AYLIN CAROLYN,106,CONTRATO MENOR,CM,,SERVICIO ESPECIALIZADO EN DERECHO ADMINISTRATIVO Y ADMINISTRACION PUBLICA.,1888,18,2.3. 2  9. 1  1,LOCACION DE SERVICIOS REALIZADOS POR PERSONAS NATURALES RELACIONADAS AL ROL DE LA ENTIDAD,15000.0,Compromiso
2026,1028,3,S,1658,2026-03-19,10744762940,LOPEZ MEDINA JAKELIN,106,CONTRATO MENOR,CM,,SERVICIO DE ASESORÍA TÉCNICA Y MONITOREO EN GESTION ADMINISTRATIVA,1885,18,2.3. 2  9. 1  1,LOCACION DE SERVICIOS REALIZADOS POR PERSONAS NATURALES RELACIONADAS AL ROL DE LA ENTIDAD,32000.0,Compromiso
2026,1028,3,S,1659,2026-03-19,10475607843,PERNIA PALMA JESUS MOISES,106,CONTRATO MENOR,CM,,SERVICIO DE GESTION Y SEGUIMIENTO DE ACTIVIDADES ADMINISTRATIVA I,1891,9,2.3. 2  9. 1  1,LOCACION DE SERVICIOS REALIZADOS POR PERSONAS NATURALES RELACIONADAS AL ROL DE LA ENTIDAD,37500.0,Compromiso
2026,1028,3,S,1660,2026-03-19,10447291679,VILLALBA BETETTA CINDY LUISA,106,CONTRATO MENOR,CM,,"SERVICIO DE MONITOREO, ATENCION DE CONSULTA Y VALIDACION DE INFORMACION I",1892,9,2.3. 2  9. 1  1,LOCACION DE SERVICIOS REALIZADOS POR PERSONAS NATURALES RELACIONADAS AL ROL DE LA ENTIDAD,42000.0,Compromiso
2026,1028,3,S,1661,2026-03-19,10098610303,ESCALANTE ARROYO ELIZABETH DANIZA,106,CONTRATO MENOR,CM,,"SERVICIO DE MONITOREO, ATENCION DE CONSULTA Y VALIDACION DE INFORMACION II",1893,9,2.3. 2  9. 1  1,LOCACION DE SERVICIOS REALIZADOS POR PERSONAS NATURALES RELACIONADAS AL ROL DE LA ENTIDAD,42000.0,Compromiso
2026,1028,3,S,1662,2026-03-19,10755822804,ROMAN ALE LEANDRO GUSTAVO,106,CONTRATO MENOR,CM,,SERVICIO DE SOPORTE INFORMATICO I,1894,9,2.3. 2  9. 1  1,LOCACION DE SERVICIOS REALIZADOS POR PERSONAS NATURALES RELACIONADAS AL ROL DE LA ENTIDAD,30000.0,Compromiso
2026,1028,3,S,1663,2026-03-19,10462169243,POSADAS ZARATE KATHERIN FRANCIS,106,CONTRATO MENOR,CM,,"SERVICIO DE REGISTRO, SEGUIMIENTO Y ELABORACION DE REPORTES I",1895,9,2.3. 2  9. 1  1,LOCACION DE SERVICIOS REALIZADOS POR PERSONAS NATURALES RELACIONADAS AL ROL DE LA ENTIDAD,44000.0,Compromiso
2026,1028,3,S,1664,2026-03-19,10096412695,HIDALGO OCHOA MARIA DEL CARMEN,106,CONTRATO MENOR,CM,,SERVICIO DE AUXILIAR ADMINISTRATIVO I,1896,9,2.3. 2  9. 1  1,LOCACION DE SERVICIOS REALIZADOS POR PERSONAS NATURALES RELACIONADAS AL ROL DE LA ENTIDAD,30000.0,Compromiso
2026,1028,3,S,1665,2026-03-19,10748045916,KATHERINE LUZMILA FERRANTE CAMPOBLANCO,106,CONTRATO MENOR,CM,,SERVICIO DE ASISTENCIA PARA DESPACHO DE DOCUMENTOS I,1897,9,2.3. 2  9. 1  1,LOCACION DE SERVICIOS REALIZADOS POR PERSONAS NATURALES RELACIONADAS AL ROL DE LA ENTIDAD,27500.0,Compromiso
2026,1028,3,S,1666,2026-03-19,10257613831,PARDO REYES CARLOS ALEXANDER,106,CONTRATO MENOR,CM,,SERVICIO DE SEGUIMIENTO DE ACTIVIDADES ADMINISTRATIVOS I,1898,9,2.3. 2  9. 1  1,LOCACION DE SERVICIOS REALIZADOS POR PERSONAS NATURALES RELACIONADAS AL ROL DE LA ENTIDAD,44000.0,Compromiso
2026,1028,3,S,1667,2026-03-19,10105869661,ZUMAETA MONSALVE SAMUEL JEREMY,106,CONTRATO MENOR,CM,,SERVICIO DE ELABORACION Y SEGUIMIENTO DE DOCUMENTOS ADMINISTRATIVOS I,1899,9,2.3. 2  9. 1  1,LOCACION DE SERVICIOS REALIZADOS POR PERSONAS NATURALES RELACIONADAS AL ROL DE LA ENTIDAD,40500.0,Compromiso
2026,1028,3,S,1668,2026-03-19,10104587441,FRANCO CANALES FELIX EDUARDO,106,CONTRATO MENOR,CM,,SERVICIO DE ASISTENCIA TECNICA ADMINISTRATIVA I,1900,9,2.3. 2  9. 1  1,LOCACION DE SERVICIOS REALIZADOS POR PERSONAS NATURALES RELACIONADAS AL ROL DE LA ENTIDAD,42000.0,Compromiso
2026,1028,3,S,1669,2026-03-19,10410493409,OBREGON GARCIA SHIRLEY ALLISON,106,CONTRATO MENOR,CM,,SERVICIO DE ASISTENCIA EN LA ELABORACIÓN DE DOCUMENTOS ADMINISTRATIVOS I,1901,9,2.3. 2  9. 1  1,LOCACION DE SERVICIOS REALIZADOS POR PERSONAS NATURALES RELACIONADAS AL ROL DE LA ENTIDAD,36000.0,Compromiso
2026,1028,3,S,1670,2026-03-19,10256740414,CHAVEZ BOERO DIANA MARIA,106,CONTRATO MENOR,CM,,SERVICIO DE ORIENTADOR V.,1902,9,2.3. 2  9. 1  1,LOCACION DE SERVICIOS REALIZADOS POR PERSONAS NATURALES RELACIONADAS AL ROL DE LA ENTIDAD,24000.0,Compromiso
2026,1028,3,S,1671,2026-03-19,10749346570,ORELLANA RECAVARREN JAIR RAUL,106,CONTRATO MENOR,CM,,"SERVICIO DE PROCESAMIENTO, ORDENAMIENTO Y CLASIFICACIÓN DE DOCUMENTOS ADMINISTRATIVOS I",1903,9,2.3. 2  9. 1  1,LOCACION DE SERVICIOS REALIZADOS POR PERSONAS NATURALES RELACIONADAS AL ROL DE LA ENTIDAD,10500.0,Compromiso
2026,1028,3,S,1672,2026-03-19,10746525996,CORDOVA FLORES DANIEL ALONSO,106,CONTRATO MENOR,CM,,SERVICIO DE ASISTENCIA PARA DESPACHO DE DOCUMENTOS III,1904,9,2.3. 2  9. 1  1,LOCACION DE SERVICIOS REALIZADOS POR PERSONAS NATURALES RELACIONADAS AL ROL DE LA ENTIDAD,5000.0,Compromiso
2026,1028,3,S,1673,2026-03-19,10068007238,ZEGARRA FARROMEQUE CESAR ANTONIO,106,CONTRATO MENOR,CM,,SERVICIO DE SUPERVISION Y ASISTENCIA TECNICA I,1921,9,2.3. 2  9. 1  1,LOCACION DE SERVICIOS REALIZADOS POR PERSONAS NATURALES RELACIONADAS AL ROL DE LA ENTIDAD,42000.0,Compromiso
2026,1028,3,S,1674,2026-03-19,10442382242,JIMENEZ VERA CARLO YENKO,106,CONTRATO MENOR,CM,,SERVICIO DE SUPERVISION Y MONITOREO DE ACTIVIDADES TECNICO ADMINISTRATIVO I,1922,9,2.3. 2  9. 1  1,LOCACION DE SERVICIOS REALIZADOS POR PERSONAS NATURALES RELACIONADAS AL ROL DE LA ENTIDAD,42000.0,Compromiso
2026,1028,3,S,1675,2026-03-19,10435392208,CUBA CONCHATUPA HANS JONNATHAN,106,CONTRATO MENOR,CM,,"SERVICIO DE REVISION, VERIFICACION Y CONTROL PREVIO DE DOCUMENTOS ADMINISTRATIVOS I",1923,9,2.3. 2  9. 1  1,LOCACION DE SERVICIOS REALIZADOS POR PERSONAS NATURALES RELACIONADAS AL ROL DE LA ENTIDAD,40500.0,Compromiso
2026,1028,3,S,1676,2026-03-19,10437393805,NUNURA CHERO JHON MICHAEL,106,CONTRATO MENOR,CM,,SERVICIO ESPECIALIZADO EN MATERIA LEGAL PARA LA SECRETARIA DE CONSEJO REGIONAL DEL GOBIERNO REGIONAL,1930,18,2.3. 2  9. 1  1,LOCACION DE SERVICIOS REALIZADOS POR PERSONAS NATURALES RELACIONADAS AL ROL DE LA ENTIDAD,24000.0,Compromiso
2026,1028,3,S,1677,2026-03-19,10256024913,LARA GARAY YOLANDA,106,CONTRATO MENOR,CM,,SERVICIO ESPECIALIZADO EN TEMAS DE DERECHO PARA LA SECRETARIA DE CONSEJO REGIONAL DEL CALLAO.,1905,18,2.3. 2  9. 1  1,LOCACION DE SERVICIOS REALIZADOS POR PERSONAS NATURALES RELACIONADAS AL ROL DE LA ENTIDAD,21000.0,Compromiso
2026,1028,3,S,1678,2026-03-19,10449990515,VIZCARDO ORBE HELLEN INES,106,CONTRATO MENOR,CM,,SERVICIO DE  ASISTENCIA LEGAL EN PROCESOS LOGISTICOS PARA LA SECRETARIA DE CONSEJO REGIONAL DEL GOBI,1906,18,2.3. 2  9. 1  1,LOCACION DE SERVICIOS REALIZADOS POR PERSONAS NATURALES RELACIONADAS AL ROL DE LA ENTIDAD,15000.0,Compromiso
2026,1028,3,S,1679,2026-03-19,10733060421,SALAZAR RUIZ VICTOR STEEP,106,CONTRATO MENOR,CM,,SERVICIO DE ELABORACION DE CONTENIDOS DE MATERIAL DE DIFUSION PARA LA SECRETARIA DE CONSEJO REGIONAL,1907,18,2.3. 2  9. 1  1,LOCACION DE SERVICIOS REALIZADOS POR PERSONAS NATURALES RELACIONADAS AL ROL DE LA ENTIDAD,9900.0,Compromiso
2026,1028,3,S,1680,2026-03-19,10469624281,TRUJILLO MEZA MIGUEL ANGEL,106,CONTRATO MENOR,CM,,SERVICIO DE SOPORTE TÉCNICO EN REDES I,1924,9,2.3. 2  9. 1  1,LOCACION DE SERVICIOS REALIZADOS POR PERSONAS NATURALES RELACIONADAS AL ROL DE LA ENTIDAD,44000.0,Compromiso
2026,1028,3,S,1681,2026-03-19,10076722418,JIMENEZ SMITH ERNESTO JULIAN,106,CONTRATO MENOR,CM,,SERVICIO ESPECIALIZADO EN INGENIERIA ADMINISTRATIVA PARA LA SECRETARIA DE CONSEJO REGIONAL DEL CALLA,1908,18,2.3. 2  9. 1  1,LOCACION DE SERVICIOS REALIZADOS POR PERSONAS NATURALES RELACIONADAS AL ROL DE LA ENTIDAD,21000.0,Compromiso
2026,1028,3,S,1682,2026-03-19,10456248204,BENITES AGUILAR SANDRA FIORELLA,106,CONTRATO MENOR,CM,,SERVICIO DE ASISTENCIA Y REVISION LEGAL DE DOCUMENTOS PARA LA SECRETARIA DE CONSEJO REGIONAL,1909,18,2.3. 2  9. 1  1,LOCACION DE SERVICIOS REALIZADOS POR PERSONAS NATURALES RELACIONADAS AL ROL DE LA ENTIDAD,13500.0,Compromiso
2026,1028,3,S,1683,2026-03-19,10076323220,BENAVIDES CORBETTA SANDRO MOISES,106,CONTRATO MENOR,CM,,SERVICIO DE ASISTENCIA TECNICA LEGAL EN DOCUMENTOS DE GESTION PARA LA SECRETARIA DE CONSEJO REGIONAL,1912,18,2.3. 2  9. 1  1,LOCACION DE SERVICIOS REALIZADOS POR PERSONAS NATURALES RELACIONADAS AL ROL DE LA ENTIDAD,18000.0,Compromiso
2026,1028,3,S,1684,2026-03-19,10436937879,AGREDA ALARCON EDSON ROBERT,106,CONTRATO MENOR,CM,,SERVICIO DE SEGUIMIENTO Y ASISTENCIA DE ACTIVIDADES ADMINISTRATIVAS PARA LA SECRETARIA DE CONSEJO RE,1913,18,2.3. 2  9. 1  1,LOCACION DE SERVICIOS REALIZADOS POR PERSONAS NATURALES RELACIONADAS AL ROL DE LA ENTIDAD,18000.0,Compromiso
2026,1028,3,S,1685,2026-03-19,10257419075,ROSILLO TAMARIZ DONALD ORLANDO,106,CONTRATO MENOR,CM,,SERVICIO DE ELABORACIÓN DE REPORTE DE MONITOREO DE ACTIVIDADES I,1925,9,2.3. 2  9. 1  1,LOCACION DE SERVICIOS REALIZADOS POR PERSONAS NATURALES RELACIONADAS AL ROL DE LA ENTIDAD,37500.0,Compromiso
2026,1028,3,S,1686,2026-03-19,10457674487,GASTELO NAVARRO MIGUEL ARMANDO,106,CONTRATO MENOR,CM,,SERVICIO DE AUXILIAR ADMINISTRATIVO PARA LA SECRETARIA DE CONSEJO REGIONAL DEL CALLAO.,1914,18,2.3. 2  9. 1  1,LOCACION DE SERVICIOS REALIZADOS POR PERSONAS NATURALES RELACIONADAS AL ROL DE LA ENTIDAD,7500.0,Compromiso
2026,1028,3,S,1687,2026-03-19,10466498926,ACOSTA ORTEGA YISSELA,106,CONTRATO MENOR,CM,,SERVICIO DE REVISIÓN Y ANÁLISIS DE LA GESTIÓN LOGÍSTICA I,1928,9,2.3. 2  9. 1  1,LOCACION DE SERVICIOS REALIZADOS POR PERSONAS NATURALES RELACIONADAS AL ROL DE LA ENTIDAD,44000.0,Compromiso
2026,1028,3,S,1688,2026-03-19,10040592852,CONCHA ARELLANO MANUEL GUILLERMO,106,CONTRATO MENOR,CM,,SERVICIO DE SUPERVISION Y MONITOREO DE ACTIVIDADES TECNICO ADMINISTRATIVO II,1926,9,2.3. 2  9. 1  1,LOCACION DE SERVICIOS REALIZADOS POR PERSONAS NATURALES RELACIONADAS AL ROL DE LA ENTIDAD,42000.0,Compromiso
2026,1028,3,S,1689,2026-03-19,10448661836,RETAMOZO ROJAS HANZ HIMY,106,CONTRATO MENOR,CM,,SERVICIO ESPECIALIZADO EN DERECHO ADMINISTRATIVO PARA LA SECRETARIA DE CONSEJO REGIONAL DEL GOBIERNO,1915,18,2.3. 2  9. 1  1,LOCACION DE SERVICIOS REALIZADOS POR PERSONAS NATURALES RELACIONADAS AL ROL DE LA ENTIDAD,21000.0,Compromiso
2026,1028,3,S,1690,2026-03-19,10075387135,GARCIA CAVAGNARO RAMON ORESTES,106,CONTRATO MENOR,CM,,SERVICIO DE COORDINACION EN ACTIVIDADES DE PROMOCION Y DIFUSION PARA LA SECRETARIA DE CONSEJO REGION,1916,18,2.3. 2  9. 1  1,LOCACION DE SERVICIOS REALIZADOS POR PERSONAS NATURALES RELACIONADAS AL ROL DE LA ENTIDAD,15000.0,Compromiso
2026,1028,3,S,1691,2026-03-19,10711177987,RODAS NEGRON GRECIA,106,CONTRATO MENOR,CM,,SERVICIO DE ASITENCIA TECNICA ADMINISTRATIVA Y ORGANIZACIÓN DEL ACERVO DOCUMENTARIO PARA LA SECRETAR,1918,18,2.3. 2  9. 1  1,LOCACION DE SERVICIOS REALIZADOS POR PERSONAS NATURALES RELACIONADAS AL ROL DE LA ENTIDAD,6900.0,Compromiso
2026,1028,3,S,1692,2026-03-19,10418616372,CHOTA MONDRAGON WUENDY MICHELLE,106,CONTRATO MENOR,CM,,SERVICIO DE SEGUIMIENTO Y CONTROL DE ACTIVIDADES ADMINISTRATIVOS II,1927,9,2.3. 2  9. 1  1,LOCACION DE SERVICIOS REALIZADOS POR PERSONAS NATURALES RELACIONADAS AL ROL DE LA ENTIDAD,44000.0,Compromiso
2026,1028,3,S,1693,2026-03-19,10478168085,MOSCOSO MAC-DOWALL GEORGE ANDRE,106,CONTRATO MENOR,CM,,SERVICIO DE SEGUIMIENTO Y MONITOREO DE PROYECTOS DE INVERSION PUBLICA .,1967,18,2.3. 2  9. 1  1,LOCACION DE SERVICIOS REALIZADOS POR PERSONAS NATURALES RELACIONADAS AL ROL DE LA ENTIDAD,24000.0,Compromiso
2026,1028,3,S,1694,2026-03-19,10714408190,BECERRA SEPULVEDA SAYED ESVIETLANA,106,CONTRATO MENOR,CM,,SERVICIO ESPECIALIZADO EN MATERIA LEGAL EN GESTION PUBLICA .,1968,18,2.3. 2  9. 1  1,LOCACION DE SERVICIOS REALIZADOS POR PERSONAS NATURALES RELACIONADAS AL ROL DE LA ENTIDAD,18000.0,Compromiso
2026,1028,3,S,1695,2026-03-19,10486955258,AGUIRRE LORENZO KATHERINE MADELEYNE,106,CONTRATO MENOR,CM,,SERVICIO DE ASISTENCIA ADMINISTRATIVA PARA LA ACTIVIDAD OPERATIVA: OPERACIÓN Y MANTENIMIENTO DE INFRAESTRUCTURA DEPORTIVA,1931,18,2.3. 2  9. 1  1,LOCACION DE SERVICIOS REALIZADOS POR PERSONAS NATURALES RELACIONADAS AL ROL DE LA ENTIDAD,14000.0,Compromiso
2026,1028,3,S,1696,2026-03-19,10466788711,GONZALES AVALOS CARLOS ARTEMIO BAUTISTA,106,CONTRATO MENOR,CM,,SERVICIO DE ASISTENCIA TÉCNICA ADMINISTRATIVA PARA LA ACTIVIDAD OPERATIVA: OPERACIÓN Y MANTENIMIENTO DE INFRAESTRUCTURA DEPORTIVA,1932,18,2.3. 2  9. 1  1,LOCACION DE SERVICIOS REALIZADOS POR PERSONAS NATURALES RELACIONADAS AL ROL DE LA ENTIDAD,12000.0,Compromiso
2026,1028,3,S,1697,2026-03-19,20613933434,PRODUCCIONES VEGA S.A.C.,106,CONTRATO MENOR,CM,,CONTRATACIÓN DEL SERVICIO DE EJECUCIÓN DE EVENTOS PARA LA FERIA LABORAL,1929,13,2.3. 2  7.11 99,SERVICIOS DIVERSOS,30000.0,Compromiso
2026,1028,3,S,1698,2026-03-19,10724912538,PAUCCAR MARIÑO EVARISTO SCOTH,106,CONTRATO MENOR,CM,,"SERVICIO DE SUPERVISION, MONITOREO Y SEGUIMIENTO DE EJECUCION DE ACTIVIDADES DE ACONDICIONAMIENTO EN LA ESPECIALIDAD DE INSTALACIONES ELECTRICAS PARA LA ACTIVIDAD OPERATIVA: OPERACIÓN Y MANTENIMIENTO DE INFRAESTRUCTURA DEPORTIVA",1974,18,2.3. 2  9. 1  1,LOCACION DE SERVICIOS REALIZADOS POR PERSONAS NATURALES RELACIONADAS AL ROL DE LA ENTIDAD,20000.0,Compromiso
2026,1028,3,S,1699,2026-03-19,10751087301,GAVANCHO PALOMINO LESLY ANTUANE,106,CONTRATO MENOR,CM,,SERVICIO ESPECIALIZADO EN INGENIERIA CIVIL PARA LA ACTIVIDAD OPERATIVA: OPERACIÓN Y MANTENIMIENTO DE INFRAESTRUCTURA DEPORTIVA,1975,18,2.3. 2  9. 1  1,LOCACION DE SERVICIOS REALIZADOS POR PERSONAS NATURALES RELACIONADAS AL ROL DE LA ENTIDAD,20000.0,Compromiso
2026,1028,3,S,1700,2026-03-19,10431903208,PAUCCAR MARIÑO JEAN PAUL,106,CONTRATO MENOR,CM,,SERVICIO DE SERVICIO DE VERIFICACION Y MONITOREO DE INFRAESTRUCTURA PARA LA ACTIVIDAD OPERATIVA: OPERACIÓN Y MANTENIMIENTO DE INFRAESTRUCTURA DEPORTIVA,1976,18,2.3. 2  9. 1  1,LOCACION DE SERVICIOS REALIZADOS POR PERSONAS NATURALES RELACIONADAS AL ROL DE LA ENTIDAD,20000.0,Compromiso
2026,1028,3,S,1701,2026-03-19,10738008711,ALEJOS FLORES MARIANELA YSABEL,106,CONTRATO MENOR,CM,,SERVICIO DE SUPERVISIÓN DE MANTENIMIENTO DE INFRAESTRUCTURA I PARA LA ACTIVIDAD OPERATIVA: OPERACIÓN Y MANTENIMIENTO DE INFRAESTRUCTURA DEPORTIVA,1933,18,2.3. 2  9. 1  1,LOCACION DE SERVICIOS REALIZADOS POR PERSONAS NATURALES RELACIONADAS AL ROL DE LA ENTIDAD,18000.0,Compromiso
2026,1028,3,S,1702,2026-03-19,10753516005,ZENOZAIN PADILLA GIANNELLA ANA,106,CONTRATO MENOR,CM,,SERVICIO DE SUPERVISIÓN DE MANTENIMIENTO DE INFRAESTRUCTURA II PARA LA ACTIVIDAD OPERATIVA: OPERACIÓN Y MANTENIMIENTO DE INFRAESTRUCTURA DEPORTIVA,1934,18,2.3. 2  9. 1  1,LOCACION DE SERVICIOS REALIZADOS POR PERSONAS NATURALES RELACIONADAS AL ROL DE LA ENTIDAD,18000.0,Compromiso
2026,1028,3,S,1703,2026-03-19,10471029438,SHATARE HUAPAYA GIANFRANCO EDGAR,106,CONTRATO MENOR,CM,,SERVICIO DE SUPERVISIÓN DE MANTENIMIENTO DE INFRAESTRUCTURA III PARA LA ACTIVIDAD OPERATIVA: OPERACIÓN Y MANTENIMIENTO DE INFRAESTRUCTURA DEPORTIVA,1935,18,2.3. 2  9. 1  1,LOCACION DE SERVICIOS REALIZADOS POR PERSONAS NATURALES RELACIONADAS AL ROL DE LA ENTIDAD,18000.0,Compromiso
2026,1028,3,S,1704,2026-03-19,10709796700,HINOSTROZA VELASQUEZ FIDEL JUVENAL,106,CONTRATO MENOR,CM,,SERVICIO ESPECIALIZADO EN INSTALACIONES ELÉCTRICAS ? TÉCNICO I PARA LA ACTIVIDAD OPERATIVA: OPERACIÓN Y MANTENIMIENTO DE INFRAESTRUCTURA DEPORTIVA,1940,18,2.3. 2  9. 1  1,LOCACION DE SERVICIOS REALIZADOS POR PERSONAS NATURALES RELACIONADAS AL ROL DE LA ENTIDAD,14000.0,Compromiso
2026,1028,3,S,1705,2026-03-19,10735860068,VEGA SIFUENTES FRAY LUIS,106,CONTRATO MENOR,CM,,SERVICIO ESPECIALIZADO EN INSTALACIONES ELÉCTRICAS ? TÉCNICO II PARA LA ACTIVIDAD OPERATIVA: OPERACIÓN Y MANTENIMIENTO DE INFRAESTRUCTURA DEPORTIVA,1941,18,2.3. 2  9. 1  1,LOCACION DE SERVICIOS REALIZADOS POR PERSONAS NATURALES RELACIONADAS AL ROL DE LA ENTIDAD,14000.0,Compromiso
2026,1028,3,S,1706,2026-03-19,10726350642,GONZALES DE LA CRUZ ANTHONY BRANDON,106,CONTRATO MENOR,CM,,SERVICIO DE MANTENIMIENTO DE ESTRUCTURAS METÁLICAS I PARA LA ACTIVIDAD OPERATIVA: OPERACIÓN Y MANTENIMIENTO DE INFRAESTRUCTURA DEPORTIVA,1942,18,2.3. 2  9. 1  1,LOCACION DE SERVICIOS REALIZADOS POR PERSONAS NATURALES RELACIONADAS AL ROL DE LA ENTIDAD,17500.0,Compromiso
2026,1028,3,S,1707,2026-03-19,10102017680,GALARRETA VERA EUSEBIO,106,CONTRATO MENOR,CM,,SERVICIO DE MANTENIMIENTO DE ESTRUCTURAS METÁLICAS II PARA LA ACTIVIDAD OPERATIVA: OPERACIÓN Y MANTENIMIENTO DE INFRAESTRUCTURA DEPORTIVA,1943,18,2.3. 2  9. 1  1,LOCACION DE SERVICIOS REALIZADOS POR PERSONAS NATURALES RELACIONADAS AL ROL DE LA ENTIDAD,14000.0,Compromiso
2026,1028,3,S,1708,2026-03-19,10723141988,JARA CORDOVA DIEGO ALEXIS,106,CONTRATO MENOR,CM,,SERVICIO DE ORDENAMIENTO Y ALMACENAMIENTO DE EXISTENCIAS DE ALMACÉN PARA LA ACTIVIDAD OPERATIVA: OPERACIÓN Y MANTENIMIENTO DE INFRAESTRUCTURA DEPORTIVA,1944,18,2.3. 2  9. 1  1,LOCACION DE SERVICIOS REALIZADOS POR PERSONAS NATURALES RELACIONADAS AL ROL DE LA ENTIDAD,14000.0,Compromiso
2026,1028,3,S,1709,2026-03-19,10748443873,DIAZ OLIVERA GUILLERMO ALFREDO,106,CONTRATO MENOR,CM,,SERVICIO DE ASISTENCIA TECNICA EN MANTENIMIENTO DE INFRAESTRUCTURA,1945,18,2.3. 2  9. 1  1,LOCACION DE SERVICIOS REALIZADOS POR PERSONAS NATURALES RELACIONADAS AL ROL DE LA ENTIDAD,13750.0,Compromiso
2026,1028,3,S,1710,2026-03-19,10448874953,LAYZA CUEVA WILSON MANUEL,106,CONTRATO MENOR,CM,,SERVICIO DE ASISTENCIA TÉCNICA EN MANTENIMIENTO DE INFRAESTRUCTURA II PARA LA ACTIVIDAD OPERATIVA: OPERACIÓN Y MANTENIMIENTO DE INFRAESTRUCTURA DEPORTIVA,1946,18,2.3. 2  9. 1  1,LOCACION DE SERVICIOS REALIZADOS POR PERSONAS NATURALES RELACIONADAS AL ROL DE LA ENTIDAD,13750.0,Compromiso
2026,1028,3,S,1711,2026-03-19,10421298748,PEZO TUANAMA ALAN,106,CONTRATO MENOR,CM,,SERVICIO DE ASISTENCIA TÉCNICA EN MANTENIMIENTO DE INFRAESTRUCTURA III PARA LA ACTIVIDAD OPERATIVA: OPERACIÓN Y MANTENIMIENTO DE INFRAESTRUCTURA DEPORTIVA,1947,18,2.3. 2  9. 1  1,LOCACION DE SERVICIOS REALIZADOS POR PERSONAS NATURALES RELACIONADAS AL ROL DE LA ENTIDAD,11000.0,Compromiso
2026,1028,3,S,1712,2026-03-19,10432922974,TENORIO SALAZAR CESAR OSWALDO,106,CONTRATO MENOR,CM,,SERVICIO DE ASISTENCIA TÉCNICA EN MANTENIMIENTO DE GASFITERIA PARA LA ACTIVIDAD OPERATIVA: OPERACIÓN Y MANTENIMIENTO DE INFRAESTRUCTURA DEPORTIVA,1948,18,2.3. 2  9. 1  1,LOCACION DE SERVICIOS REALIZADOS POR PERSONAS NATURALES RELACIONADAS AL ROL DE LA ENTIDAD,11000.0,Compromiso
2026,1028,3,S,1713,2026-03-19,10753264791,TELLO SOLANO JEAN PIERRE MANUEL,106,CONTRATO MENOR,CM,,SERVICIO DE AUXILIAR EN MANTENIMIENTO I PARA LA ACTIVIDAD OPERATIVA: OPERACIÓN Y MANTENIMIENTO DE INFRAESTRUCTURA DEPORTIVA,1949,18,2.3. 2  9. 1  1,LOCACION DE SERVICIOS REALIZADOS POR PERSONAS NATURALES RELACIONADAS AL ROL DE LA ENTIDAD,8000.0,Compromiso
2026,1028,3,S,1714,2026-03-19,10420630111,GALVAN RIVEROS ERICK GIOVANNY,106,CONTRATO MENOR,CM,,SERVICIO DE AUXILIAR EN MANTENIMIENTO II PARA LA ACTIVIDAD OPERATIVA: OPERACIÓN Y MANTENIMIENTO DE INFRAESTRUCTURA DEPORTIVA,1950,18,2.3. 2  9. 1  1,LOCACION DE SERVICIOS REALIZADOS POR PERSONAS NATURALES RELACIONADAS AL ROL DE LA ENTIDAD,8000.0,Compromiso
2026,1028,3,S,1715,2026-03-19,10732287537,JACINTO ASCENCIO FRANKLIN WILLIAMS,106,CONTRATO MENOR,CM,,SERVICIO DE AUXILIAR EN MANTENIMIENTO III PARA LA ACTIVIDAD OPERATIVA: OPERACIÓN Y MANTENIMIENTO DE INFRAESTRUCTURA DEPORTIVA,1951,18,2.3. 2  9. 1  1,LOCACION DE SERVICIOS REALIZADOS POR PERSONAS NATURALES RELACIONADAS AL ROL DE LA ENTIDAD,8000.0,Compromiso
2026,1028,3,S,1716,2026-03-19,10753911371,PONCE VERNAZA JEAN POUL,106,CONTRATO MENOR,CM,,SERVICIO DE AUXILIAR EN MANTENIMIENTO IV PARA LA ACTIVIDAD OPERATIVA: OPERACIÓN Y MANTENIMIENTO DE INFRAESTRUCTURA DEPORTIVA,1952,18,2.3. 2  9. 1  1,LOCACION DE SERVICIOS REALIZADOS POR PERSONAS NATURALES RELACIONADAS AL ROL DE LA ENTIDAD,8000.0,Compromiso
2026,1028,3,S,1717,2026-03-19,10750034395,PAVON ALONZO JEREMI DENILSON,106,CONTRATO MENOR,CM,,SERVICIO DE AUXILIAR EN MANTENIMIENTO V PARA LA ACTIVIDAD OPERATIVA: OPERACIÓN Y MANTENIMIENTO DE INFRAESTRUCTURA DEPORTIVA,1953,18,2.3. 2  9. 1  1,LOCACION DE SERVICIOS REALIZADOS POR PERSONAS NATURALES RELACIONADAS AL ROL DE LA ENTIDAD,8000.0,Compromiso
2026,1028,3,S,1718,2026-03-19,10413186078,LA ROSA FASANANDO ROBERTO CARLOS,106,CONTRATO MENOR,CM,,SERVICIO DE AUXILIAR EN MANTENIMIENTO VI PARA LA ACTIVIDAD OPERATIVA: OPERACIÓN Y MANTENIMIENTO DE INFRAESTRUCTURA DEPORTIVA,1954,18,2.3. 2  9. 1  1,LOCACION DE SERVICIOS REALIZADOS POR PERSONAS NATURALES RELACIONADAS AL ROL DE LA ENTIDAD,8000.0,Compromiso
2026,1028,3,S,1719,2026-03-19,10747598326,TRUJILLO TELLO WILLIAN ANTONY,106,CONTRATO MENOR,CM,,SERVICIO DE AUXILIAR EN MANTENIMIENTO VII PARA LA ACTIVIDAD OPERATIVA: OPERACIÓN Y MANTENIMIENTO DE INFRAESTRUCTURA DEPORTIVA,1955,18,2.3. 2  9. 1  1,LOCACION DE SERVICIOS REALIZADOS POR PERSONAS NATURALES RELACIONADAS AL ROL DE LA ENTIDAD,8000.0,Compromiso
2026,1028,3,S,1720,2026-03-19,10751721060,RAMOS VEGA MIGUEL ALBERTO,106,CONTRATO MENOR,CM,,SERVICIO DE AUXILIAR EN MANTENIMIENTO VIII PARA LA ACTIVIDAD OPERATIVA: OPERACIÓN Y MANTENIMIENTO DE INFRAESTRUCTURA DEPORTIVA,1956,18,2.3. 2  9. 1  1,LOCACION DE SERVICIOS REALIZADOS POR PERSONAS NATURALES RELACIONADAS AL ROL DE LA ENTIDAD,8000.0,Compromiso
2026,1028,3,S,1721,2026-03-19,10751584925,MANCINELLI FUENTES DIEGO ALEXANDER,106,CONTRATO MENOR,CM,,SERVICIO DE AUXILIAR EN MANTENIMIENTO IX PARA LA ACTIVIDAD OPERATIVA: OPERACIÓN Y MANTENIMIENTO DE INFRAESTRUCTURA DEPORTIVA,1957,18,2.3. 2  9. 1  1,LOCACION DE SERVICIOS REALIZADOS POR PERSONAS NATURALES RELACIONADAS AL ROL DE LA ENTIDAD,8000.0,Compromiso
2026,1028,3,S,1722,2026-03-19,10467370231,GUTIERREZ SILVANO CARLOS ALFREDO,106,CONTRATO MENOR,CM,,SERVICIO DE SOPORTE INFORMATICO,1936,18,2.3. 2  9. 1  1,LOCACION DE SERVICIOS REALIZADOS POR PERSONAS NATURALES RELACIONADAS AL ROL DE LA ENTIDAD,12000.0,Compromiso
2026,1028,3,S,1723,2026-03-19,10465962181,DONATO CAMPOS MIGUEL ANGELO,106,CONTRATO MENOR,CM,,SERVICIO DE SOPORTE TECNICO DIAGNOSTICO DE LA INFRAESTRUCTURA TECNOLOGICA,1937,18,2.3. 2  9. 1  1,LOCACION DE SERVICIOS REALIZADOS POR PERSONAS NATURALES RELACIONADAS AL ROL DE LA ENTIDAD,12000.0,Compromiso
2026,1028,3,S,1724,2026-03-19,10430143471,BLAS BOCANGEL PEDRO FRANCISCO,106,CONTRATO MENOR,CM,,SERVICIO DE REGISTRO Y SEGUIMIENTO DE INCIDENTES DE SOPORTE TECNOLOGICO,1938,18,2.3. 2  9. 1  1,LOCACION DE SERVICIOS REALIZADOS POR PERSONAS NATURALES RELACIONADAS AL ROL DE LA ENTIDAD,11700.0,Compromiso
2026,1028,3,S,1725,2026-03-19,10439830463,ROJAS MIRANDA RICHARD ANTONY,106,CONTRATO MENOR,CM,,SERVICIO DE SOPORTE TECNICO Y GESTION DE LA INFRAESTRUCTURA TECNOLOGICA,1939,18,2.3. 2  9. 1  1,LOCACION DE SERVICIOS REALIZADOS POR PERSONAS NATURALES RELACIONADAS AL ROL DE LA ENTIDAD,12000.0,Compromiso
2026,1028,3,S,1726,2026-03-19,10076419251,RAMOS ENCINAS SOLEDAD ADELA,106,CONTRATO MENOR,CM,,SERVICIO DE ANALISIS ADMINISTRATIVO,1958,18,2.3. 2  9. 1  1,LOCACION DE SERVICIOS REALIZADOS POR PERSONAS NATURALES RELACIONADAS AL ROL DE LA ENTIDAD,13800.0,Compromiso
2026,1028,3,S,1727,2026-03-19,10458893093,FLORES GARAY ENEDINA,106,CONTRATO MENOR,CM,,SERVICIO DE ASISTENCIA TECNICA ADMINISTRATIVA,1959,18,2.3. 2  9. 1  1,LOCACION DE SERVICIOS REALIZADOS POR PERSONAS NATURALES RELACIONADAS AL ROL DE LA ENTIDAD,12000.0,Compromiso
2026,1028,3,S,1728,2026-03-19,10743014532,POLANCO MARQUEZ ZAIRA SOFIA,106,CONTRATO MENOR,CM,,SERVICIO DE REGISTRO FOTOGRAFICO Y EDICIÓN DE FOTOGRAFIAS.,1969,18,2.3. 2  9. 1  1,LOCACION DE SERVICIOS REALIZADOS POR PERSONAS NATURALES RELACIONADAS AL ROL DE LA ENTIDAD,42500.0,Compromiso
2026,1028,3,S,1729,2026-03-19,10727172802,MORALES BARRON HENDERSON ALEX STEVEN,106,CONTRATO MENOR,CM,,SERVICIO ESPECIALIZADO EN ACTIVIDADES AUDIOVISUALES.,1970,18,2.3. 2  9. 1  1,LOCACION DE SERVICIOS REALIZADOS POR PERSONAS NATURALES RELACIONADAS AL ROL DE LA ENTIDAD,42500.0,Compromiso
2026,1028,3,S,1730,2026-03-19,10732487897,MORILLO NINATANTA CLAUDIA ESTHEFANIE,106,CONTRATO MENOR,CM,,SERVICIO ESPECIALIZADO EN TEMAS DE BIOLOGIA II.,1971,18,2.3. 2  9. 1  1,LOCACION DE SERVICIOS REALIZADOS POR PERSONAS NATURALES RELACIONADAS AL ROL DE LA ENTIDAD,35000.0,Compromiso
2026,1028,3,S,1731,2026-03-19,10724558220,REYES CHANG DE ALARCON MONIKA CRISTINA,106,CONTRATO MENOR,CM,,SERVICIO DE ASISTENCIA TECNICA ADMINISTRATIVA II.,1972,18,2.3. 2  9. 1  1,LOCACION DE SERVICIOS REALIZADOS POR PERSONAS NATURALES RELACIONADAS AL ROL DE LA ENTIDAD,30000.0,Compromiso
2026,1028,3,S,1732,2026-03-19,10724492164,MUNDACA CORONADO EYNER FERNANDO,106,CONTRATO MENOR,CM,,SERVICIO DE ASISTENCIA TECNICA EN GESTION DE METODOLOGIA BIM.,2051,18,2.3. 2  9. 1  1,LOCACION DE SERVICIOS REALIZADOS POR PERSONAS NATURALES RELACIONADAS AL ROL DE LA ENTIDAD,10000.0,Compromiso
2026,1028,3,S,1733,2026-03-19,10198964447,CAMBORDA RUIZ PAUL ANTONOV,106,CONTRATO MENOR,CM,,SERVICIO DE ARQUITECTURA DE PROYECTOS.,2052,18,2.3. 2  9. 1  1,LOCACION DE SERVICIOS REALIZADOS POR PERSONAS NATURALES RELACIONADAS AL ROL DE LA ENTIDAD,21000.0,Compromiso
2026,1028,3,S,1734,2026-03-19,10428825573,GAMBOA REYES WILL HAINER,106,CONTRATO MENOR,CM,,SERVICIO ESPECIALIZADO EN LIQUIDACION DE PROYECTOS DE INVERSION.,2053,18,2.3. 2  9. 1  1,LOCACION DE SERVICIOS REALIZADOS POR PERSONAS NATURALES RELACIONADAS AL ROL DE LA ENTIDAD,32000.0,Compromiso
2026,1028,3,S,1735,2026-03-19,10438156131,JARA SANCHEZ EDDIE,106,CONTRATO MENOR,CM,,SERVICIO ESPECIALIZADO EN LIQUIDACION DE PROYECTOS DE INVERSION.,2054,18,2.3. 2  9. 1  1,LOCACION DE SERVICIOS REALIZADOS POR PERSONAS NATURALES RELACIONADAS AL ROL DE LA ENTIDAD,32000.0,Compromiso
2026,1028,3,S,1736,2026-03-19,10470116086,JARA SANCHEZ JULIO CESAR,106,CONTRATO MENOR,CM,,SERVICIO ESPECIALIZADO EN INGENIERIA CIVIL .,2055,18,2.3. 2  9. 1  1,LOCACION DE SERVICIOS REALIZADOS POR PERSONAS NATURALES RELACIONADAS AL ROL DE LA ENTIDAD,32000.0,Compromiso
2026,1028,3,S,1737,2026-03-19,10471088540,TARRILLO CRUZ ANTONIO,106,CONTRATO MENOR,CM,,SERVICIO ESPECIALIZADO EN INGENIERIA CIVIL .,2056,18,2.3. 2  9. 1  1,LOCACION DE SERVICIOS REALIZADOS POR PERSONAS NATURALES RELACIONADAS AL ROL DE LA ENTIDAD,24000.0,Compromiso
2026,1028,3,S,1738,2026-03-19,10762896538,MARILUZ SILVA GEORGE KEVIN,106,CONTRATO MENOR,CM,,SERVICIO ESPECIALIZADO EN INGENIERIA CIVIL .,2057,18,2.3. 2  9. 1  1,LOCACION DE SERVICIOS REALIZADOS POR PERSONAS NATURALES RELACIONADAS AL ROL DE LA ENTIDAD,6000.0,Compromiso
2026,1028,3,S,1739,2026-03-19,10764106828,ROMAN FLORES YOSIMAR NARCIZO,106,CONTRATO MENOR,CM,,SERVICIO DE GESTION ADMINISTRATIVA  .,2058,18,2.3. 2  9. 1  1,LOCACION DE SERVICIOS REALIZADOS POR PERSONAS NATURALES RELACIONADAS AL ROL DE LA ENTIDAD,5000.0,Compromiso
2026,1028,3,S,1740,2026-03-19,10608292786,LLACSAHUANGA ISMINIO LUCERO NICOL,106,CONTRATO MENOR,CM,,SERVICIO DE ASISTENCIA DE MONITOREO DE PROYECTO .,2059,18,2.3. 2  9. 1  1,LOCACION DE SERVICIOS REALIZADOS POR PERSONAS NATURALES RELACIONADAS AL ROL DE LA ENTIDAD,10500.0,Compromiso
2026,1028,3,S,1741,2026-03-19,10468634452,SUAREZ MARTINEZ YOLANDA ELIZABETH,106,CONTRATO MENOR,CM,,SERVICIO DE COORDINACIÓN DE COMUNICACIONES I,1960,18,2.3. 2  9. 1  1,LOCACION DE SERVICIOS REALIZADOS POR PERSONAS NATURALES RELACIONADAS AL ROL DE LA ENTIDAD,42000.0,Compromiso
2026,1028,3,S,1742,2026-03-19,10743560952,LAURA BENITO RENZO HANSBERT,106,CONTRATO MENOR,CM,,SERVICIO DE ASISTENCIA TECNICA EN COMUNICACIÓN AUDIO VISUAL I,1961,18,2.3. 2  9. 1  1,LOCACION DE SERVICIOS REALIZADOS POR PERSONAS NATURALES RELACIONADAS AL ROL DE LA ENTIDAD,28000.0,Compromiso
2026,1028,3,S,1743,2026-03-19,10474371668,FERNANDEZ VARGAS MARCO RODRIGO,106,CONTRATO MENOR,CM,,SERVICIO DE DISEÑO DE MATERIAL AUDIOVISUAL I,1962,18,2.3. 2  9. 1  1,LOCACION DE SERVICIOS REALIZADOS POR PERSONAS NATURALES RELACIONADAS AL ROL DE LA ENTIDAD,28000.0,Compromiso
2026,1028,3,S,1744,2026-03-19,10429535498,COLAN SALDARRIAGA CARLOS DANIEL,106,CONTRATO MENOR,CM,,SERVICIO DE DISEÑO DE MATERIAL GRAFICO Y AUDIOVISUAL I,1963,18,2.3. 2  9. 1  1,LOCACION DE SERVICIOS REALIZADOS POR PERSONAS NATURALES RELACIONADAS AL ROL DE LA ENTIDAD,28000.0,Compromiso
2026,1028,3,S,1745,2026-03-19,10439870694,BOBADILLA SANTOS VANIA JIMENA,106,CONTRATO MENOR,CM,,SERVICIO DE ASISTENCIA EN SEGUIMIENTO DE ACTIVIDADES ADMINISTRATIVAS I,1964,18,2.3. 2  9. 1  1,LOCACION DE SERVICIOS REALIZADOS POR PERSONAS NATURALES RELACIONADAS AL ROL DE LA ENTIDAD,40500.0,Compromiso
2026,1028,3,S,1746,2026-03-19,10449451428,ZAVALA MORA ROBERTO ANTONIO,106,CONTRATO MENOR,CM,,SERVICIO ESPECIALIZADO EN DEMARCACIÓN Y ORGANIZACIÓN TERRITORIAL,1990,18,2.3. 2  9. 1  1,LOCACION DE SERVICIOS REALIZADOS POR PERSONAS NATURALES RELACIONADAS AL ROL DE LA ENTIDAD,20100.0,Compromiso
2026,1028,3,S,1747,2026-03-19,10433342505,SABRERA CAMPOS ESPERANZA HILDAURA,106,CONTRATO MENOR,CM,,SERVICIO ESPECIALIZADO EN MATERIA LEGAL,1991,18,2.3. 2  9. 1  1,LOCACION DE SERVICIOS REALIZADOS POR PERSONAS NATURALES RELACIONADAS AL ROL DE LA ENTIDAD,18000.0,Compromiso
2026,1028,3,S,1748,2026-03-19,10730479307,SILVA GALVAN EDDIE JOSUE,106,CONTRATO MENOR,CM,,SERVICIO ESPECIALIZADO EN TEMAS DE PLANEAMIENTO OPERATIVO INSTITUCIONAL,1992,18,2.3. 2  9. 1  1,LOCACION DE SERVICIOS REALIZADOS POR PERSONAS NATURALES RELACIONADAS AL ROL DE LA ENTIDAD,16500.0,Compromiso
2026,1028,3,S,1749,2026-03-19,10157624712,LEON ROCA RODOLFO GUILLERMO,106,CONTRATO MENOR,CM,,SERVICIO ESPECIALIZADO EN PLANEAMIENTO ESTRATEGICO,1993,18,2.3. 2  9. 1  1,LOCACION DE SERVICIOS REALIZADOS POR PERSONAS NATURALES RELACIONADAS AL ROL DE LA ENTIDAD,18000.0,Compromiso
2026,1028,3,S,1750,2026-03-19,10468548467,MONTALVO CESPEDES MILAGROS DEL ROSARIO JAQUELINE,106,CONTRATO MENOR,CM,,SERVICIO DE SEGUIMIENTO DE DOCUMENTOS ADMINISTRATIVOS,1994,18,2.3. 2  9. 1  1,LOCACION DE SERVICIOS REALIZADOS POR PERSONAS NATURALES RELACIONADAS AL ROL DE LA ENTIDAD,9000.0,Compromiso
2026,1028,3,S,1751,2026-03-19,10416410521,ROJAS GUEVARA FRANCIS EDUARDO,106,CONTRATO MENOR,CM,,SERVICIO ESPECIALIZADO EN PLANIFICACIÓN,1995,18,2.3. 2  9. 1  1,LOCACION DE SERVICIOS REALIZADOS POR PERSONAS NATURALES RELACIONADAS AL ROL DE LA ENTIDAD,18000.0,Compromiso
2026,1028,3,S,1752,2026-03-19,10436984907,SILVA COLLAO DIEGO MAURICIO,106,CONTRATO MENOR,CM,,SERVICIO DE COORDINACIÓN EN TEMAS DE LOGÍSTICA Y PRESUPUESTO,1996,18,2.3. 2  9. 1  1,LOCACION DE SERVICIOS REALIZADOS POR PERSONAS NATURALES RELACIONADAS AL ROL DE LA ENTIDAD,19500.0,Compromiso
2026,1028,3,S,1753,2026-03-19,10712274030,ZAVALA JIMÉNEZ LOANA NOEMI,106,CONTRATO MENOR,CM,,SERVICIO DE ASISTENCIA ADMINISTRATIVA PARA EL SISTEMA DE GESTIÓN DOCUMENTAL CON EXPEDIENTE Y FIRMA D,1997,18,2.3. 2  9. 1  1,LOCACION DE SERVICIOS REALIZADOS POR PERSONAS NATURALES RELACIONADAS AL ROL DE LA ENTIDAD,14400.0,Compromiso
2026,1028,3,S,1754,2026-03-19,10429778196,GONZALES AVALOS SANDRA URSULA,106,CONTRATO MENOR,CM,,SERVICIO ESPECIALIZADO EN TEMAS DE PRESUPUESTO,1998,18,2.3. 2  9. 1  1,LOCACION DE SERVICIOS REALIZADOS POR PERSONAS NATURALES RELACIONADAS AL ROL DE LA ENTIDAD,21000.0,Compromiso
2026,1028,3,S,1755,2026-03-19,10729657692,HERRERA CONTRERAS ANGELY XIOMARA MILAGROS,106,CONTRATO MENOR,CM,,SERVICIO DE ASISTENCIA TECNICA ADMINISTRATIVA,1999,18,2.3. 2  9. 1  1,LOCACION DE SERVICIOS REALIZADOS POR PERSONAS NATURALES RELACIONADAS AL ROL DE LA ENTIDAD,11400.0,Compromiso
2026,1028,3,S,1756,2026-03-19,10417532906,OBREGON SILVA CECILIA MARCELA,106,CONTRATO MENOR,CM,,SERVICIO ESPECIALIZADO EN ADMINISTRACIÓN PÚBLICA,2000,18,2.3. 2  9. 1  1,LOCACION DE SERVICIOS REALIZADOS POR PERSONAS NATURALES RELACIONADAS AL ROL DE LA ENTIDAD,18000.0,Compromiso
2026,1028,3,S,1757,2026-03-19,15378646682,OVIEDO PALACIOS MARIO FERNANDO,106,CONTRATO MENOR,CM,,"SERVICIO DE COORDINACION GENERAL, MONITOREO Y OPERACIONES DE SEGURIDAD Y VIGILANCIA EN LAS SEDES",2004,18,2.3. 2  9. 1  1,LOCACION DE SERVICIOS REALIZADOS POR PERSONAS NATURALES RELACIONADAS AL ROL DE LA ENTIDAD,12000.0,Compromiso
2026,1028,3,S,1758,2026-03-19,10484418182,PEREZ VELASQUEZ MARINA,106,CONTRATO MENOR,CM,,SERVICIO DE ANALISIS ADMINISTRATIVO,2001,18,2.3. 2  9. 1  1,LOCACION DE SERVICIOS REALIZADOS POR PERSONAS NATURALES RELACIONADAS AL ROL DE LA ENTIDAD,11400.0,Compromiso
2026,1028,3,S,1759,2026-03-19,10255437921,GONZALES MELENDEZ BEATRIZ MARINA,106,CONTRATO MENOR,CM,,SERVICIO DE AUXILIAR ADMINISTRATIVO,2002,18,2.3. 2  9. 1  1,LOCACION DE SERVICIOS REALIZADOS POR PERSONAS NATURALES RELACIONADAS AL ROL DE LA ENTIDAD,9000.0,Compromiso
2026,1028,3,S,1760,2026-03-19,10715306242,GONZALES TUANAMA GREYS,106,CONTRATO MENOR,CM,,SERVICIO DE ASISTENCIA ADMINISTRATIVA PARA EL SISTEMA DE GESTIÓN DOCUMENTAL CON EXPEDIENTE Y FIRMA D,2003,18,2.3. 2  9. 1  1,LOCACION DE SERVICIOS REALIZADOS POR PERSONAS NATURALES RELACIONADAS AL ROL DE LA ENTIDAD,11400.0,Compromiso
2026,1028,3,S,1761,2026-03-19,10429129007,LA TORRE GAMBOA LUIS ALBERTO,106,CONTRATO MENOR,CM,,SERVICIO  DE COORDINACION Y SUPERVISION DE SEGURIDAD Y VIGILANCIA PARA LA GOBERNACION REGIONAL,2005,18,2.3. 2  9. 1  1,LOCACION DE SERVICIOS REALIZADOS POR PERSONAS NATURALES RELACIONADAS AL ROL DE LA ENTIDAD,11000.0,Compromiso
2026,1028,3,S,1762,2026-03-19,10257110970,NICOLAS ZAGASTIZABAL DAVID,106,CONTRATO MENOR,CM,,SERVICIO DE CONDUCCION DE VEHICULO PARA LA GOBERNACION REGIONAL DEL GOBIERNO REGIONAL DEL CALLAO,2006,18,2.3. 2  9. 1  1,LOCACION DE SERVICIOS REALIZADOS POR PERSONAS NATURALES RELACIONADAS AL ROL DE LA ENTIDAD,9000.0,Compromiso
2026,1028,3,S,1763,2026-03-19,15503181760,AGUILAR ALVA EINE LUIS,106,CONTRATO MENOR,CM,,SERVICIO ESPECIALIZADO EN RESGUARDO PERSONAL I PARA LA GOBERNACION REGIONAL,2007,18,2.3. 2  9. 1  1,LOCACION DE SERVICIOS REALIZADOS POR PERSONAS NATURALES RELACIONADAS AL ROL DE LA ENTIDAD,9000.0,Compromiso
2026,1028,3,S,1764,2026-03-19,10479310501,BRAVO CONTRERAS RONNY IVAN,106,CONTRATO MENOR,CM,,SERVICIO ESPECIALIZADO EN RESGUARDO PERSONAL II PARA LA GOBERNACION REGIONAL,2008,18,2.3. 2  9. 1  1,LOCACION DE SERVICIOS REALIZADOS POR PERSONAS NATURALES RELACIONADAS AL ROL DE LA ENTIDAD,9000.0,Compromiso
2026,1028,3,S,1765,2026-03-19,10457384284,CHAYA ROMERO SAMUEL SANTIAGO,106,CONTRATO MENOR,CM,,SERVICIO ESPECIALIZADO EN RESGUARDO PERSONAL III PARA LA GOBERNACION REGIONAL,2009,18,2.3. 2  9. 1  1,LOCACION DE SERVICIOS REALIZADOS POR PERSONAS NATURALES RELACIONADAS AL ROL DE LA ENTIDAD,9000.0,Compromiso
2026,1028,3,S,1766,2026-03-19,10479308191,MEJIA RUBIO RODRIGO ABEL,106,CONTRATO MENOR,CM,,SERVICIO ESPECIALIZADO EN RESGUARDO PERSONAL IV PARA LA GOBERNACION REGIONAL,2010,18,2.3. 2  9. 1  1,LOCACION DE SERVICIOS REALIZADOS POR PERSONAS NATURALES RELACIONADAS AL ROL DE LA ENTIDAD,9000.0,Compromiso
2026,1028,3,S,1767,2026-03-19,10475959049,SALAZAR TERRONES ARTURO JUNIOR,106,CONTRATO MENOR,CM,,SERVICIO DE SEGURIDAD A PERSONAL VII PARA LA SEDE CENTRAL DEL GOBIERNO REGIONAL DEL CALLAO,2011,18,2.3. 2  9. 1  1,LOCACION DE SERVICIOS REALIZADOS POR PERSONAS NATURALES RELACIONADAS AL ROL DE LA ENTIDAD,8000.0,Compromiso
2026,1028,3,S,1768,2026-03-19,10096098729,POSADAS VILLALOBOS JULIO CESAR,106,CONTRATO MENOR,CM,,SERVICIO DE SEGUIMIENTO Y MONITOREO DEL SERVICIO DE SEGURIDAD III - SEDE CENTRAL,2012,18,2.3. 2  9. 1  1,LOCACION DE SERVICIOS REALIZADOS POR PERSONAS NATURALES RELACIONADAS AL ROL DE LA ENTIDAD,7600.0,Compromiso
2026,1028,3,S,1769,2026-03-19,15416910348,BECERRA ABANTO LUIS SEBASTIAN,106,CONTRATO MENOR,CM,,SERVICIO EN RESGUARDO PERSONAL I PARA LA GOBERNACION REGIONAL DEL GOBIERNO REGIONAL DEL CALLAO,2013,18,2.3. 2  9. 1  1,LOCACION DE SERVICIOS REALIZADOS POR PERSONAS NATURALES RELACIONADAS AL ROL DE LA ENTIDAD,7600.0,Compromiso
2026,1028,3,S,1770,2026-03-19,10086730401,VELASQUEZ ARAUJO WALTER ARCENIO,106,CONTRATO MENOR,CM,,SERVICIO EN RESGUARDO PERSONAL II PARA LA GOBERNACION REGIONAL DEL GOBIERNO REGIONAL DEL CALLAO,2014,18,2.3. 2  9. 1  1,LOCACION DE SERVICIOS REALIZADOS POR PERSONAS NATURALES RELACIONADAS AL ROL DE LA ENTIDAD,7600.0,Compromiso
2026,1028,3,S,1771,2026-03-19,10255993017,CACHIQUE CLAUSEN HUDSON,106,CONTRATO MENOR,CM,,SERVICIO EN RESGUARDO PERSONAL III PARA LA GOBERNACION REGIONAL DEL GOBIERNO REGIONAL DEL CALLAO,2015,18,2.3. 2  9. 1  1,LOCACION DE SERVICIOS REALIZADOS POR PERSONAS NATURALES RELACIONADAS AL ROL DE LA ENTIDAD,7000.0,Compromiso
2026,1028,3,S,1772,2026-03-19,15431365186,ALATA FELIX WILLIAM,106,CONTRATO MENOR,CM,,SERVICIO DE SEGURIDAD A PERSONAL III PARA LA SEDE CENTRAL DEL GOBIERNO REGIONAL DEL CALLAO,2016,18,2.3. 2  9. 1  1,LOCACION DE SERVICIOS REALIZADOS POR PERSONAS NATURALES RELACIONADAS AL ROL DE LA ENTIDAD,7000.0,Compromiso
2026,1028,3,S,1773,2026-03-19,15504887305,CURI HOSES CESAR AUGUSTO,106,CONTRATO MENOR,CM,,SERVICIO DE SEGURIDAD A PERSONAL VII PARA LA SEDE CENTRAL DEL GOBIERNO REGIONAL DEL CALLAO,2017,18,2.3. 2  9. 1  1,LOCACION DE SERVICIOS REALIZADOS POR PERSONAS NATURALES RELACIONADAS AL ROL DE LA ENTIDAD,7000.0,Compromiso
2026,1028,3,S,1774,2026-03-19,10256069054,CLAVIJO PERALTA QUIRINO,106,CONTRATO MENOR,CM,,SERVICIO DE SEGURIDAD A PERSONAL VIII PARA LA SEDE CENTRAL DEL GOBIERNO REGIONAL DEL CALLAO,2018,18,2.3. 2  9. 1  1,LOCACION DE SERVICIOS REALIZADOS POR PERSONAS NATURALES RELACIONADAS AL ROL DE LA ENTIDAD,7000.0,Compromiso
2026,1028,3,S,1775,2026-03-19,10435876744,BARRETO NAVARRO BARTOLOME ROQUE,106,CONTRATO MENOR,CM,,SERVICIO DE SEGURIDAD A PERSONAL IX PARA LA SEDE CENTRAL DEL GOBIERNO REGIONAL DEL CALLAO,2023,18,2.3. 2  9. 1  1,LOCACION DE SERVICIOS REALIZADOS POR PERSONAS NATURALES RELACIONADAS AL ROL DE LA ENTIDAD,7000.0,Compromiso
2026,1028,3,S,1776,2026-03-19,15464052850,ROMERO MOREANO JUAN MANUEL,106,CONTRATO MENOR,CM,,SERVICIO DE SEGURIDAD A PERSONAL X PARA LA SEDE CENTRAL DEL GOBIERNO REGIONAL DEL CALLAO,2024,18,2.3. 2  9. 1  1,LOCACION DE SERVICIOS REALIZADOS POR PERSONAS NATURALES RELACIONADAS AL ROL DE LA ENTIDAD,7000.0,Compromiso
2026,1028,3,S,1777,2026-03-19,15386591625,VALDIVIESO PASTOR GUIILLERMO SANTOS,106,CONTRATO MENOR,CM,,SERVICIO DE SEGURIDAD A PERSONAL XI PARA LA SEDE CENTRAL DEL GOBIERNO REGIONAL DEL CALLAO,2025,18,2.3. 2  9. 1  1,LOCACION DE SERVICIOS REALIZADOS POR PERSONAS NATURALES RELACIONADAS AL ROL DE LA ENTIDAD,7000.0,Compromiso
2026,1028,3,S,1778,2026-03-19,10096020134,SALAZAR RUIZ CARLOS AUGUSTO,106,CONTRATO MENOR,CM,,SERVICIO DE SEGURIDAD A PERSONAL XII PARA LA SEDE CENTRAL DEL GOBIERNO REGIONAL DEL CALLAO,2026,18,2.3. 2  9. 1  1,LOCACION DE SERVICIOS REALIZADOS POR PERSONAS NATURALES RELACIONADAS AL ROL DE LA ENTIDAD,7000.0,Compromiso
2026,1028,3,S,1779,2026-03-19,15505608302,FERNANDEZ GODEAU GUILLERMO JORGE,106,CONTRATO MENOR,CM,,SERVICIO DE SEGURIDAD A PERSONAL XIII PARA LA SEDE CENTRAL DEL GOBIERNO REGIONAL DEL CALLAO,2027,18,2.3. 2  9. 1  1,LOCACION DE SERVICIOS REALIZADOS POR PERSONAS NATURALES RELACIONADAS AL ROL DE LA ENTIDAD,7000.0,Compromiso
2026,1028,3,S,1780,2026-03-19,10448377071,AGUILAR ZEÑA DAVID BENJAMIN,106,CONTRATO MENOR,CM,,SERVICIO DE SUPERVISOR GENERAL DE SEGURIDAD Y VIGILANCIA II - SEDE CENTRAL,2028,18,2.3. 2  9. 1  1,LOCACION DE SERVICIOS REALIZADOS POR PERSONAS NATURALES RELACIONADAS AL ROL DE LA ENTIDAD,6000.0,Compromiso
2026,1028,3,S,1781,2026-03-19,10254009453,PEREZ DIAZ OSWALDO MELITON,106,CONTRATO MENOR,CM,,SERVICIO DE SUPERVISOR GENERAL DE SEGURIDAD Y VIGILANCIA III - SEDE CENTRAL,2029,18,2.3. 2  9. 1  1,LOCACION DE SERVICIOS REALIZADOS POR PERSONAS NATURALES RELACIONADAS AL ROL DE LA ENTIDAD,6000.0,Compromiso
2026,1028,3,S,1782,2026-03-19,10256226761,JIMENEZ DESIGLIOLI DAVID JAVIER,106,CONTRATO MENOR,CM,,SERVICIO DE SUPERVISOR GENERAL DE SEGURIDAD Y VIGILANCIA IV - SEDE CENTRAL,2030,18,2.3. 2  9. 1  1,LOCACION DE SERVICIOS REALIZADOS POR PERSONAS NATURALES RELACIONADAS AL ROL DE LA ENTIDAD,6000.0,Compromiso
2026,1028,3,S,1783,2026-03-19,10429066919,AVILA VALLADARES YOEL CESAR,106,CONTRATO MENOR,CM,,SERVICIO DE SUPERVISOR GENERAL DE SEGURIDAD Y VIGILANCIA V - SEDE CENTRAL,2031,18,2.3. 2  9. 1  1,LOCACION DE SERVICIOS REALIZADOS POR PERSONAS NATURALES RELACIONADAS AL ROL DE LA ENTIDAD,6600.0,Compromiso
2026,1028,3,S,1784,2026-03-19,10704874290,CABRERA LEDESMA JOSE ARMANDO,106,CONTRATO MENOR,CM,,SERVICIO DE CONDUCCION DE VEHICULO PARA LA OFICINA DE SEGURIDAD INTEGRAL,2032,18,2.3. 2  9. 1  1,LOCACION DE SERVICIOS REALIZADOS POR PERSONAS NATURALES RELACIONADAS AL ROL DE LA ENTIDAD,6000.0,Compromiso
2026,1028,3,S,1785,2026-03-19,10255602930,CALERO FEIJOO DAVID,106,CONTRATO MENOR,CM,,SERVICIO DE SUPERVISOR GENERAL DE SEGURIDAD Y VIGILANCIA - COMPLEJO DEPORTIVO TELMO CARBAJO,2033,18,2.3. 2  9. 1  1,LOCACION DE SERVICIOS REALIZADOS POR PERSONAS NATURALES RELACIONADAS AL ROL DE LA ENTIDAD,6000.0,Compromiso
2026,1028,3,S,1786,2026-03-19,15475268927,LIVONI ESPARTA JORGE LUIS,106,CONTRATO MENOR,CM,,SERVICIO DE SEGUIMIENTO Y MONITOREO DEL SERVICIO DE SEGURIDAD I - SEDE JUAN PABLO II,2034,18,2.3. 2  9. 1  1,LOCACION DE SERVICIOS REALIZADOS POR PERSONAS NATURALES RELACIONADAS AL ROL DE LA ENTIDAD,4000.0,Compromiso
2026,1028,3,S,1787,2026-03-19,10329907258,INFANTAS AMADO PEDRO LUIS,106,CONTRATO MENOR,CM,,SERVICIO DE SEGUIMIENTO Y MONITOREO DEL SERVICIO DE SEGURIDAD II - SEDE JUAN PABLO II,2035,18,2.3. 2  9. 1  1,LOCACION DE SERVICIOS REALIZADOS POR PERSONAS NATURALES RELACIONADAS AL ROL DE LA ENTIDAD,8000.0,Compromiso
2026,1028,3,S,1788,2026-03-19,15502728935,LEON MARTINEZ VICENTE JULIO,106,CONTRATO MENOR,CM,,SERVICIO DE SEGUIMIENTO Y MONITOREO DEL SERVICIO DE SEGURIDAD III - SEDE JUAN PABLO II,2036,18,2.3. 2  9. 1  1,LOCACION DE SERVICIOS REALIZADOS POR PERSONAS NATURALES RELACIONADAS AL ROL DE LA ENTIDAD,8000.0,Compromiso
2026,1028,3,S,1789,2026-03-19,15506184395,HARO MORALES JORGE VICTOR,106,CONTRATO MENOR,CM,,SERVICIO DE SEGURIDAD A PERSONAL PARA LA SEDE JUAN PABLO II DEL GOBIERNO REGIONAL DEL CALLAO,2037,18,2.3. 2  9. 1  1,LOCACION DE SERVICIOS REALIZADOS POR PERSONAS NATURALES RELACIONADAS AL ROL DE LA ENTIDAD,7000.0,Compromiso
2026,1028,3,S,1790,2026-03-19,10488846723,FERNANDEZ AYASTA CESAR AGUSTO,106,CONTRATO MENOR,CM,,SERVICIO DE SUPERVISOR GENERAL DE SEGURIDAD Y VIGILANCIA - SEDE JUAN PABLO II,2038,18,2.3. 2  9. 1  1,LOCACION DE SERVICIOS REALIZADOS POR PERSONAS NATURALES RELACIONADAS AL ROL DE LA ENTIDAD,3000.0,Compromiso
2026,1028,3,S,1791,2026-03-19,15504092795,LEON RUIDIAS JORGE AURELIO,106,CONTRATO MENOR,CM,,SERVICIO DE SEGUIMIENTO Y MONITOREO DEL SERVICIO DE SEGURIDAD,2039,18,2.3. 2  9. 1  1,LOCACION DE SERVICIOS REALIZADOS POR PERSONAS NATURALES RELACIONADAS AL ROL DE LA ENTIDAD,4000.0,Compromiso
2026,1028,3,S,1792,2026-03-19,10459070465,PUMACHAY ARELLANO CARLOS JESUS,106,CONTRATO MENOR,CM,,SERVICIO DE SEGUIMIENTO Y MONITOREO DEL SERVICIO DE SEGURIDAD,2040,18,2.3. 2  9. 1  1,LOCACION DE SERVICIOS REALIZADOS POR PERSONAS NATURALES RELACIONADAS AL ROL DE LA ENTIDAD,7600.0,Compromiso
2026,1028,3,S,1793,2026-03-19,15415459928,BECERRA ABANTO JOSE MANUEL,106,CONTRATO MENOR,CM,,SERVICIO DE SEGUIMIENTO Y MONITOREO DEL SERVICIO DE SEGURIDAD,2041,18,2.3. 2  9. 1  1,LOCACION DE SERVICIOS REALIZADOS POR PERSONAS NATURALES RELACIONADAS AL ROL DE LA ENTIDAD,7600.0,Compromiso
2026,1028,3,S,1794,2026-03-19,15420575251,MECHATO ÑIQUE WALTER GABINO,106,CONTRATO MENOR,CM,,"SERVICIO DE SEGURIDAD A PERSONAL - PARCELAS DE PACHACUTEC, VENTANILLA",2042,18,2.3. 2  9. 1  1,LOCACION DE SERVICIOS REALIZADOS POR PERSONAS NATURALES RELACIONADAS AL ROL DE LA ENTIDAD,7000.0,Compromiso
2026,1028,3,S,1795,2026-03-19,10444594671,RODRIGUEZ CARDENAS ROMULO RICARDO,106,CONTRATO MENOR,CM,,SERVICIO DE SEGUIMIENTO Y MONITOREO DEL SERVICIO DE SEGURIDAD III - VILLA DEPORTIVA REGIONAL,2043,18,2.3. 2  9. 1  1,LOCACION DE SERVICIOS REALIZADOS POR PERSONAS NATURALES RELACIONADAS AL ROL DE LA ENTIDAD,7600.0,Compromiso
2026,1028,3,S,1796,2026-03-19,10255750025,FERNANDEZ LAZO MARGOT,106,CONTRATO MENOR,CM,,SERVICIO DE SUPERVISOR GENERAL DE SEGURIDAD VII - VILLA DEPORTIVA REGIONAL,2044,18,2.3. 2  9. 1  1,LOCACION DE SERVICIOS REALIZADOS POR PERSONAS NATURALES RELACIONADAS AL ROL DE LA ENTIDAD,5600.0,Compromiso
2026,1028,3,S,1797,2026-03-19,10257123435,CONTRERAS LOPEZ WILMER ALFREDO,106,CONTRATO MENOR,CM,,"SERVICIO DE AUXILIAR DE SEGURIDAD IV - OFICINA MEJOR ATENCION AL CIUDADANO, MAC-CALLAO",2045,18,2.3. 2  9. 1  1,LOCACION DE SERVICIOS REALIZADOS POR PERSONAS NATURALES RELACIONADAS AL ROL DE LA ENTIDAD,3000.0,Compromiso
2026,1028,3,S,1798,2026-03-19,10449087408,UGAZ PACHECO JENIFER,106,CONTRATO MENOR,CM,,SERVICIO DE AUXILIAR DE SEGURIDAD IV - AREA DE CONSERVACION REGIONAL HUMEDALES DE VENTANILLA,2046,18,2.3. 2  9. 1  1,LOCACION DE SERVICIOS REALIZADOS POR PERSONAS NATURALES RELACIONADAS AL ROL DE LA ENTIDAD,3000.0,Compromiso
2026,1028,3,S,1799,2026-03-19,10258106593,MUÑANTE ALBITRES JOSE ORLANDO,106,CONTRATO MENOR,CM,,SERVICIO DE SUPERVISOR GENERAL DE SEGURIDAD IX - VILLA DEPORTIVA REGIONAL,2047,18,2.3. 2  9. 1  1,LOCACION DE SERVICIOS REALIZADOS POR PERSONAS NATURALES RELACIONADAS AL ROL DE LA ENTIDAD,5600.0,Compromiso
2026,1028,3,S,1800,2026-03-19,10072166120,SALCEDO RIVERA GUILLERMO LUIS,106,CONTRATO MENOR,CM,,SERVICIO DE AUXILIAR DE SEGURIDAD XXIX - VILLA DEPORTIVA REGIONAL DEL GOBIERNO REGIONAL DEL CALLAO,2048,18,2.3. 2  9. 1  1,LOCACION DE SERVICIOS REALIZADOS POR PERSONAS NATURALES RELACIONADAS AL ROL DE LA ENTIDAD,3000.0,Compromiso
2026,1028,3,S,1801,2026-03-19,10724001195,MEZA CHASARRO NORKA IVANA,106,CONTRATO MENOR,CM,,SERVICIO DE AUXILIAR DE SEGURIDAD IV - OFICINA MEJOR ATENCION AL CIUDADANO MAC-CALLAO,2049,18,2.3. 2  9. 1  1,LOCACION DE SERVICIOS REALIZADOS POR PERSONAS NATURALES RELACIONADAS AL ROL DE LA ENTIDAD,3000.0,Compromiso
2026,1028,3,S,1801,2026-03-19,10724001195,MEZA CHASARRO NORKA IVANA,106,CONTRATO MENOR,CM,,SERVICIO DE AUXILIAR DE SEGURIDAD IV - OFICINA MEJOR ATENCION AL CIUDADANO MAC-CALLAO,2049,18,2.3. 2  9. 1  1,LOCACION DE SERVICIOS REALIZADOS POR PERSONAS NATURALES RELACIONADAS AL ROL DE LA ENTIDAD,-1500.0,Rebaja
2026,1028,3,S,1802,2026-03-19,15502959660,YAÑEZ VEGA EDGARD WALTER,106,CONTRATO MENOR,CM,,SERVICIO DE COORDINACION Y MONITOREO DE SEGURIDAD Y VIGILANCIA PARA EL COMPLEJO DEPORTIVO TELMO,2050,18,2.3. 2  9. 1  1,LOCACION DE SERVICIOS REALIZADOS POR PERSONAS NATURALES RELACIONADAS AL ROL DE LA ENTIDAD,10000.0,Compromiso
2026,1028,3,S,1803,2026-03-20,10485836646,LAZARO MARCA SILVANA,106,CONTRATO MENOR,CM,,SERVICIO DE AUXILIAR ADMINISTRATIVO IV PARA LA OFICINA DE MAQUINARIA PESADA DE LA GERENCIA REGIONAL DE INFRAESTRUCTURA,1977,18,2.3. 2  9. 1  1,LOCACION DE SERVICIOS REALIZADOS POR PERSONAS NATURALES RELACIONADAS AL ROL DE LA ENTIDAD,12000.0,Compromiso
2026,1028,3,S,1804,2026-03-20,10739683411,QUEZADA ELIAS DANIELA KATHERINE,106,CONTRATO MENOR,CM,,SERVICIO DE AUXILIAR ADMINISTRATIVO V ? PARA LA UNIDAD DE OPERACIONES DE LA OFICINA DE MAQUINARIA PESADA DE LA GERENCIA REGIONAL DE INFRAESTRUCTURA DEL GOBIERNO REGIONAL DEL CALLAO,1978,18,2.3. 2  9. 1  1,LOCACION DE SERVICIOS REALIZADOS POR PERSONAS NATURALES RELACIONADAS AL ROL DE LA ENTIDAD,6000.0,Compromiso
2026,1028,3,S,1805,2026-03-20,10772598349,RAMIREZ ZEGARRA ADRIANO ANTHONY,106,CONTRATO MENOR,CM,,SERVICIO DE ORGANIZACIÓN DE DOCUMENTACION DE ARCHIVOS PARA LA OFICINA DE MAQUINARIA PESADA DE LA GERENCIA REGIONAL DE INFRAESTRUCTURA DEL GOBIERNO REGIONAL DEL CALLAO.,1979,18,2.3. 2  9. 1  1,LOCACION DE SERVICIOS REALIZADOS POR PERSONAS NATURALES RELACIONADAS AL ROL DE LA ENTIDAD,5000.0,Compromiso
2026,1028,3,S,1806,2026-03-20,10704562573,NAJARRO MARTINEZ BETO,106,CONTRATO MENOR,CM,,SERVICIO ADMINISTRATIVO EN ALMACEN PARA LA OFICINA DE MAQUINARIA PESADA DE LA GERENCIA REGIONAL DE INFRAESTRUCTURA DEL GOBIERNO REGIONAL DEL CALLAO.,1980,18,2.3. 2  9. 1  1,LOCACION DE SERVICIOS REALIZADOS POR PERSONAS NATURALES RELACIONADAS AL ROL DE LA ENTIDAD,8000.0,Compromiso
2026,1028,3,S,1807,2026-03-20,10774270731,ARPE PACHECO SANDRA DEL PILAR,106,CONTRATO MENOR,CM,,SERVICIO ADMINISTRATIVO EN CONTROL PATRIMONIAL PARA LA OFICINA DE MAQUINARIA PESADA DE LA GERENCIA REGIONAL DE INFRAESTRUCTURA DEL GOBIERNO REGIONAL DEL CALLAO.,1981,18,2.3. 2  9. 1  1,LOCACION DE SERVICIOS REALIZADOS POR PERSONAS NATURALES RELACIONADAS AL ROL DE LA ENTIDAD,15000.0,Compromiso
2026,1028,3,S,1808,2026-03-20,10431423117,ELIAS GARCIA DENISSE JOHANA,106,CONTRATO MENOR,CM,,SERVICIO DE ORDENAMIENTO DE DOCUMENTOS DE ARCHIVO DE LA OFICINA DE MAQUINARIA PESADA DE LA GERENCIA REGIONAL DE INFRAESTRUCTURA DEL GOBIERNO REGIONAL DEL CALLAO.,1982,18,2.3. 2  9. 1  1,LOCACION DE SERVICIOS REALIZADOS POR PERSONAS NATURALES RELACIONADAS AL ROL DE LA ENTIDAD,12000.0,Compromiso
2026,1028,3,S,1809,2026-03-20,10708455364,OLIVA MORA DIEGO ALBERTO,106,CONTRATO MENOR,CM,,SERVICIO DE SEGUIMIENTO Y MONITOREO DE ACTIVIDADES DE CAMPO PARA LA UNIDAD DE OPERACIONES DE LA OFICINA DE MAQUINARIA PESADA DE LA GERENCIA REGIONAL DE INFRAESTRUCTURA DEL GOBIERNO REGIONAL DEL CALLAO.,1983,18,2.3. 2  9. 1  1,LOCACION DE SERVICIOS REALIZADOS POR PERSONAS NATURALES RELACIONADAS AL ROL DE LA ENTIDAD,10000.0,Compromiso
2026,1028,3,S,1810,2026-03-20,10413928121,HERRERA LUPE CARLOS ALBERTO,106,CONTRATO MENOR,CM,,CONTRATACION DEL SERVICIO DE SEGUIMIENTO DE OPERACIONES PARA LA UNIDAD DE OPERACIONES DE LA OFICINA DE MAQUINARIA PESADA DE LA GERENCIA REGIONAL DE INFRAESTRUCTURA DEL GOBIERNO REGIONAL DEL CALLAO.,1984,18,2.3. 2  9. 1  1,LOCACION DE SERVICIOS REALIZADOS POR PERSONAS NATURALES RELACIONADAS AL ROL DE LA ENTIDAD,6000.0,Compromiso
2026,1028,3,S,1811,2026-03-20,10744599453,CONDORI YUJRA EDER PAUL,106,CONTRATO MENOR,CM,,CONTRATACION DEL SERVICIO DE OPERACION DE MAQUINARIA PESADA ? OPERADOR V PARA LA OFICINA DE MAQUINARIA PESADA DE LA GERENCIA REGIONAL DE INFRAESTRUCTURA DEL GOBIERNO REGIONAL DEL CALLAO.,1985,18,2.3. 2  9. 1  1,LOCACION DE SERVICIOS REALIZADOS POR PERSONAS NATURALES RELACIONADAS AL ROL DE LA ENTIDAD,7000.0,Compromiso
2026,1028,3,S,1812,2026-03-20,10255977402,DELGADO ZUÑIGA RICHARD EDGAR,106,CONTRATO MENOR,CM,,CONTRATACION DE OPERACIÓN DE MAQUINARIA PESADA PARA LA OFICINA DE MAQUINARIA PESADA DE LA GERENCIA REGIONAL DE INFRAESTRUCTURA DEL GOBIERNO REGIONAL DEL CALLAO.,1986,18,2.3. 2  9. 1  1,LOCACION DE SERVICIOS REALIZADOS POR PERSONAS NATURALES RELACIONADAS AL ROL DE LA ENTIDAD,6000.0,Compromiso
2026,1028,3,S,1813,2026-03-20,10732193613,SALLUCA CONDORI DIEGO ALEJANDRO,106,CONTRATO MENOR,CM,,CONTRATACION DEL SERVICIO DE OPERACION DE MAQUINARIA PESADA ? OPERADOR VI PARA LA OFICINA DE MAQUINARIA PESADA DE LA GERENCIA REGIONAL DE INFRAESTRUCTURA DEL GOBIERNO REGIONAL DEL CALLAO.,1987,18,2.3. 2  9. 1  1,LOCACION DE SERVICIOS REALIZADOS POR PERSONAS NATURALES RELACIONADAS AL ROL DE LA ENTIDAD,7000.0,Compromiso
2026,1028,3,S,1814,2026-03-20,10751320910,SALLUCA QUISPE SERGIO BRAYAN,106,CONTRATO MENOR,CM,,CONTRATACION DEL SERVICIO DE OPERACION DE MAQUINARIA PESADA ? OPERADOR VII PARA LA OFICINA DE MAQUINARIA PESADA DE LA GERENCIA REGIONAL DE INFRAESTRUCTURA DEL GOBIERNO REGIONAL DEL CALLAO,1988,18,2.3. 2  9. 1  1,LOCACION DE SERVICIOS REALIZADOS POR PERSONAS NATURALES RELACIONADAS AL ROL DE LA ENTIDAD,6000.0,Compromiso
2026,1028,3,S,1815,2026-03-20,10257700858,MARCHAN CASTILLO SEGUNDO AGUEDO,106,CONTRATO MENOR,CM,,SERVICIO DE ORDENAMIENTO DE BIENES PATRIMONIALES PARA LA OFICINA DE MAQUINARIA PESADA DE LA GERENCIA REGIONAL DE INFRAESTRUCTURA DEL GOBIERNO REGIONAL DEL CALLAO.,1989,18,2.3. 2  9. 1  1,LOCACION DE SERVICIOS REALIZADOS POR PERSONAS NATURALES RELACIONADAS AL ROL DE LA ENTIDAD,7000.0,Compromiso
2026,1028,3,S,1816,2026-03-20,10258142298,HUANCA HUACCAN HORACIO,106,CONTRATO MENOR,CM,,SERVICIO DE ORGANIZACIÓN DE ARCHIVO FISICO Y VIRTUAL I,2019,18,2.3. 2  9. 1  1,LOCACION DE SERVICIOS REALIZADOS POR PERSONAS NATURALES RELACIONADAS AL ROL DE LA ENTIDAD,15445.0,Compromiso
2026,1028,3,S,1817,2026-03-20,10108608523,MUNIVE GUERRA KETTY ALICIA,106,CONTRATO MENOR,CM,,SERVICIO DE ANÁLISIS DE INFORMACIÓN CONTABLE Y FINANCIERA I,2020,18,2.3. 2  9. 1  1,LOCACION DE SERVICIOS REALIZADOS POR PERSONAS NATURALES RELACIONADAS AL ROL DE LA ENTIDAD,17500.0,Compromiso
2026,1028,3,S,1818,2026-03-20,10221944459,ARBIETO PINO FIDEL RIVAUDO,106,CONTRATO MENOR,CM,,SERVICIO ESPECIALIZADO EN ASUNTOS LEGALES ADMINISTRATIVOS I,2021,18,2.3. 2  9. 1  1,LOCACION DE SERVICIOS REALIZADOS POR PERSONAS NATURALES RELACIONADAS AL ROL DE LA ENTIDAD,20000.0,Compromiso
2026,1028,3,S,1819,2026-03-20,10256735836,GONZALES MONDOÑEDO RAUL ENRIQUE,106,CONTRATO MENOR,CM,,SERVICIO DE CONDUCCIÓN DE VEHÍCULO I,2022,18,2.3. 2  9. 1  1,LOCACION DE SERVICIOS REALIZADOS POR PERSONAS NATURALES RELACIONADAS AL ROL DE LA ENTIDAD,10000.0,Compromiso
2026,1028,3,S,1820,2026-03-20,20154531921,COLEGIO DE ABOGADOS DE LIMA,106,CONTRATO MENOR,CM,,PAGO ANUAL DE LA CASILLA PROCESAL N° 5652 DEL COLEGIO DE ABOGADOS DE LIMA,2085,18,2.3. 2  6. 1  2,GASTOS NOTARIALES,1713.6,Compromiso
2026,1028,3,S,1821,2026-03-20,10427055634,RODRIGUEZ DEL RIO DESIREE AZUCENA,106,CONTRATO MENOR,CM,,"SERVICIO DE ORGANIZACIÓN, GESTION Y DIRECCION TECNICA DE DEPORTES PARA LA ACTIVIDAD OPERATIVA ""MASIF",2061,18,2.3. 2  9. 1  1,LOCACION DE SERVICIOS REALIZADOS POR PERSONAS NATURALES RELACIONADAS AL ROL DE LA ENTIDAD,18000.0,Compromiso
2026,1028,3,S,1822,2026-03-20,10411849690,PALACIOS CABRERA ANNE DORALLI,106,CONTRATO MENOR,CM,,"SERVICIO EN ASISTENCIA TECNICA EN LOGISTICA PARA LA ACTIVIDAD OPERATIVA ""MASIFICACION DE LA ACTIVIDA",2062,18,2.3. 2  9. 1  1,LOCACION DE SERVICIOS REALIZADOS POR PERSONAS NATURALES RELACIONADAS AL ROL DE LA ENTIDAD,15000.0,Compromiso
2026,1028,3,S,1823,2026-03-20,10749732208,CAMACHO TENORIO MARJORIE ESTEFANY,106,CONTRATO MENOR,CM,,"SERVICIO DE ASISTENCIA TECNICA ADMINISTRATIVA PARA LA ACTIVIDAD OPERATIVA ""MASIFICACION DE LA ACTIVI",2063,18,2.3. 2  9. 1  1,LOCACION DE SERVICIOS REALIZADOS POR PERSONAS NATURALES RELACIONADAS AL ROL DE LA ENTIDAD,10500.0,Compromiso
2026,1028,3,S,1824,2026-03-20,10730430723,BANCAYAN GONZALES ROCIO LISSETH,106,CONTRATO MENOR,CM,,"SERVICIO DE COORDINACION DE DEPORTES PARA LA ACTIVIDAD OPERATIVA ""MASIFICACION DE LA ACTIVIDAD FISIC",2064,18,2.3. 2  9. 1  1,LOCACION DE SERVICIOS REALIZADOS POR PERSONAS NATURALES RELACIONADAS AL ROL DE LA ENTIDAD,15000.0,Compromiso
2026,1028,3,S,1825,2026-03-20,10407036137,REPETTO TKACHENKO LUSMILA VICTOROVNA,106,CONTRATO MENOR,CM,,"SERVICIO DE COORDINACION DE EVENTO PARA LA ACTIVIDAD OPERATIVA ""MASIFICACION DE LA ACTIVIDAD FISICA",2065,18,2.3. 2  9. 1  1,LOCACION DE SERVICIOS REALIZADOS POR PERSONAS NATURALES RELACIONADAS AL ROL DE LA ENTIDAD,15000.0,Compromiso
2026,1028,3,S,1826,2026-03-20,10427756314,CORBETTO MUÑOZ ANALI CONSUELO,106,CONTRATO MENOR,CM,,"SERVICIO DE AUXILIAR DE SEGURIDAD I - OFICINA MEJOR ATENCION AL CIUDADANO, MAC-CALLAO DEL GOBIERNO R",2060,18,2.3. 2  9. 1  1,LOCACION DE SERVICIOS REALIZADOS POR PERSONAS NATURALES RELACIONADAS AL ROL DE LA ENTIDAD,7500.0,Compromiso
2026,1028,3,S,1827,2026-03-20,10607963890,VALLADARES GUERRERO LILIANA VALENTINA,106,CONTRATO MENOR,CM,,"SERVICIO DE ASISTENCIA TECNICA EN COMUNICACIONES PARA LA ACTIVIDAD OPERATIVA ""MASIFICACION DE LA ACT",2070,18,2.3. 2  9. 1  1,LOCACION DE SERVICIOS REALIZADOS POR PERSONAS NATURALES RELACIONADAS AL ROL DE LA ENTIDAD,6000.0,Compromiso
2026,1028,3,S,1828,2026-03-20,10768565185,AVILA GUTIERREZ LIZETH MIRELLA,106,CONTRATO MENOR,CM,,"SERVICIO DE REGISTRO Y RECEPCION DE BIENES EN ALMACEN PARA LA ACTIVIDAD OPERATIVA ""MASIFICACION",2066,18,2.3. 2  9. 1  1,LOCACION DE SERVICIOS REALIZADOS POR PERSONAS NATURALES RELACIONADAS AL ROL DE LA ENTIDAD,9000.0,Compromiso
2026,1028,3,S,1829,2026-03-20,10703315297,CHAVEZ MURO BRANDON DARWIN,106,CONTRATO MENOR,CM,,"SERVICIO DE SEGUIMIENTO Y ASISTENCIA DE ACTIVIDADES ADMINISTRATIVAS PARA LA ACTIVIDAD OPERATIVA ""MAS",2067,18,2.3. 2  9. 1  1,LOCACION DE SERVICIOS REALIZADOS POR PERSONAS NATURALES RELACIONADAS AL ROL DE LA ENTIDAD,12000.0,Compromiso
2026,1028,3,S,1830,2026-03-20,10466096097,ABRAHAM TREMOLADA DANISSA MILAGROS,106,CONTRATO MENOR,CM,,"SERVICIO DE ASISTENCIA ADMINISTRATIVA PARA GENERAR, ANALIZAR Y DAR SEGUIMIENTO A LA INFORMACION I PA",2068,18,2.3. 2  9. 1  1,LOCACION DE SERVICIOS REALIZADOS POR PERSONAS NATURALES RELACIONADAS AL ROL DE LA ENTIDAD,7500.0,Compromiso
2026,1028,3,S,1831,2026-03-20,10763734892,COPERTINO CASTILLO KASANDRA LUCERO,106,CONTRATO MENOR,CM,,"SERVICIO DE ASISTENCIA ADMINISTRATIVA PARA GENERAR, ANALIZAR Y DAR SEGUIMIENTO A LA INFORMACION II P",2069,18,2.3. 2  9. 1  1,LOCACION DE SERVICIOS REALIZADOS POR PERSONAS NATURALES RELACIONADAS AL ROL DE LA ENTIDAD,7500.0,Compromiso
2026,1028,3,S,1832,2026-03-20,10728715796,TERAN CORDOVA ANAIS,106,CONTRATO MENOR,CM,,SERVICIO DE EVALUACIÓN Y ANALISIS DEL AVANCE DE EJECUCIÓN DE PROYECTOS DE INVERSIÓN,2072,18,2.3. 2  9. 1  1,LOCACION DE SERVICIOS REALIZADOS POR PERSONAS NATURALES RELACIONADAS AL ROL DE LA ENTIDAD,16500.0,Compromiso
2026,1028,3,S,1833,2026-03-20,10711026636,CERNA VILLANUEVA SUMNER NIXON,106,CONTRATO MENOR,CM,,SERVICIO DE MONITOREO Y COORDINACIÓN DE LA EJECUCIÓN DE PROYECTOS DE INVERSIÓN PÚBLICA,2073,18,2.3. 2  9. 1  1,LOCACION DE SERVICIOS REALIZADOS POR PERSONAS NATURALES RELACIONADAS AL ROL DE LA ENTIDAD,16500.0,Compromiso
2026,1028,3,S,1834,2026-03-20,10099606831,PAREDES BRAVO RICARDO ARISTIDES,106,CONTRATO MENOR,CM,,SERVICIO ESPECIALIZADO EN PROYECTOS DE INVERSIÓN,2074,18,2.3. 2  9. 1  1,LOCACION DE SERVICIOS REALIZADOS POR PERSONAS NATURALES RELACIONADAS AL ROL DE LA ENTIDAD,24000.0,Compromiso
2026,1028,3,S,1835,2026-03-20,10457576426,SONCO QUISPE SANDY HILDA,106,CONTRATO MENOR,CM,,SERVICIO DE GESTIÓN Y SEGUIMIENTO DE ACTIVIDADES ADMINISTRATIVAS,2075,18,2.3. 2  9. 1  1,LOCACION DE SERVICIOS REALIZADOS POR PERSONAS NATURALES RELACIONADAS AL ROL DE LA ENTIDAD,12000.0,Compromiso
2026,1028,3,S,1836,2026-03-20,10468986669,MORALES MARTINEZ GIOVANNI BREINER,106,CONTRATO MENOR,CM,,"SERVICIO DE PERSONAL ASISTENCIAL, ADMINISTRATIVO Y DE MANTENIMIENTO II PARA LAUNIDAD DE SERVICIOS",2071,18,2.3. 2  9. 1  1,LOCACION DE SERVICIOS REALIZADOS POR PERSONAS NATURALES RELACIONADAS AL ROL DE LA ENTIDAD,10500.0,Compromiso
2026,1028,3,S,1837,2026-03-20,10431111301,NICHO SALINAS ENRIQUE JONNATHAN,106,CONTRATO MENOR,CM,,SERVICIO ESPECIALIZADO EN TEMAS DE PRESUPUESTO,2076,18,2.3. 2  9. 1  1,LOCACION DE SERVICIOS REALIZADOS POR PERSONAS NATURALES RELACIONADAS AL ROL DE LA ENTIDAD,24000.0,Compromiso
2026,1028,3,S,1838,2026-03-20,10729602120,AQUINO MORALES JOAN PAUL,106,CONTRATO MENOR,CM,,SERVICIO DE ASISTENCIA TECNICA ADMINISTRATIVA,2077,18,2.3. 2  9. 1  1,LOCACION DE SERVICIOS REALIZADOS POR PERSONAS NATURALES RELACIONADAS AL ROL DE LA ENTIDAD,18000.0,Compromiso
2026,1028,3,S,1839,2026-03-20,10081926072,SANCHEZ ABANTO JORGE MARTIN,106,CONTRATO MENOR,CM,,SERVICIO DE GESTION  ADMINISTRATIVA,2078,18,2.3. 2  9. 1  1,LOCACION DE SERVICIOS REALIZADOS POR PERSONAS NATURALES RELACIONADAS AL ROL DE LA ENTIDAD,15000.0,Compromiso
2026,1028,3,S,1840,2026-03-20,10707464793,BARRIOS TORRES MIGUEL FERNANDO,106,CONTRATO MENOR,CM,,SERVICIO ESPECIALIZADO EN ESTADÍSTICA,2083,18,2.3. 2  9. 1  1,LOCACION DE SERVICIOS REALIZADOS POR PERSONAS NATURALES RELACIONADAS AL ROL DE LA ENTIDAD,12000.0,Compromiso
2026,1028,3,S,1841,2026-03-20,10461377268,NARREA LAURA FRANCISCO MANUEL,106,CONTRATO MENOR,CM,,SERVICIO ESPECIALIZADO EN MODERNIZACIÓN DE LA GESTION PÚBLICA,2084,18,2.3. 2  9. 1  1,LOCACION DE SERVICIOS REALIZADOS POR PERSONAS NATURALES RELACIONADAS AL ROL DE LA ENTIDAD,19500.0,Compromiso
2026,1028,3,S,1842,2026-03-20,10466809140,SANCHEZ SIPAN SUSAN SELENE,106,CONTRATO MENOR,CM,,SERVICIO DE ASISTENCIA ADMINISTRATIVA PARA LA GESTIÓN DE SERVICIOS Y TRÁMITE DE DOCUMENTACIÓN PARA LA UNIDAD DE SERVICIOS GENERALES.,2096,18,2.3. 2  9. 1  1,LOCACION DE SERVICIOS REALIZADOS POR PERSONAS NATURALES RELACIONADAS AL ROL DE LA ENTIDAD,15000.0,Compromiso
2026,1028,3,S,1843,2026-03-20,10462435334,MARTINEZ BACA ABRAHAM KEVIN,106,CONTRATO MENOR,CM,,SERVICIO DE ASISTENCIA TECNICA ADMINISTRATIVA II PARA LA UNIDAD DE SERVICIOS GENERALES.,2097,18,2.3. 2  9. 1  1,LOCACION DE SERVICIOS REALIZADOS POR PERSONAS NATURALES RELACIONADAS AL ROL DE LA ENTIDAD,10500.0,Compromiso
2026,1028,3,S,1844,2026-03-20,10255672741,MANTILLA BROWN MIGUEL SANTIAGO,106,CONTRATO MENOR,CM,,SERVICIO DE ASISTENCIA EN SERVICIOS GENERALES PARA LA UNIDAD DE SERVICIOS GENERALES.,2098,18,2.3. 2  9. 1  1,LOCACION DE SERVICIOS REALIZADOS POR PERSONAS NATURALES RELACIONADAS AL ROL DE LA ENTIDAD,9000.0,Compromiso
2026,1028,3,S,1845,2026-03-20,10430430942,ECHEVARRIA NATIVIDAD ALAN JESUS,106,CONTRATO MENOR,CM,,SERVICIO DE AUXILIAR EN MANTENIMIENTO PARA LA UNIDAD DE SERVICIOS GENERALES.,2099,18,2.3. 2  9. 1  1,LOCACION DE SERVICIOS REALIZADOS POR PERSONAS NATURALES RELACIONADAS AL ROL DE LA ENTIDAD,9000.0,Compromiso
2026,1028,3,S,1846,2026-03-20,10762084738,CASTRO POLO ANGELES DIANA,106,CONTRATO MENOR,CM,,SERVICIO DE GESTIÓN ADMINISTRATIVA DEL POOL DE VEHICULOS PARA LA UNIDAD DE SERVICIOS GENERALES.,2100,18,2.3. 2  9. 1  1,LOCACION DE SERVICIOS REALIZADOS POR PERSONAS NATURALES RELACIONADAS AL ROL DE LA ENTIDAD,9000.0,Compromiso
2026,1028,3,S,1847,2026-03-20,10437673298,PORTOCARRERO ROMAN PABLO ERNESTO,106,CONTRATO MENOR,CM,,SERVICIO DE MONITOREO DE SERVICIOS GENERALES PARA LA UNIDAD DE SERVICIOS GENERALES.,2101,18,2.3. 2  9. 1  1,LOCACION DE SERVICIOS REALIZADOS POR PERSONAS NATURALES RELACIONADAS AL ROL DE LA ENTIDAD,10500.0,Compromiso
2026,1028,3,S,1848,2026-03-20,10742919540,SABALU CORNEJO EDGAR EMIR,106,CONTRATO MENOR,CM,,SERVICIO DE OPERARIO PARA LA UNIDAD DE SERVICIOS GENERALES.,2102,18,2.3. 2  9. 1  1,LOCACION DE SERVICIOS REALIZADOS POR PERSONAS NATURALES RELACIONADAS AL ROL DE LA ENTIDAD,10500.0,Compromiso
2026,1028,3,S,1849,2026-03-20,10714254273,PINEDO ROMERO WALTER EDUARDO,106,CONTRATO MENOR,CM,,"SERVICIO DE PERSONAL ASISTENCIAL, ADMINISTRATIVO Y DE MANTENIMIENTO PARA LA UNIDAD DE SERVICIOS GENERALES.",2103,18,2.3. 2  9. 1  1,LOCACION DE SERVICIOS REALIZADOS POR PERSONAS NATURALES RELACIONADAS AL ROL DE LA ENTIDAD,9000.0,Compromiso
2026,1028,3,S,1850,2026-03-20,10608103584,PACHECO REBATTA AARON LEONARDO,106,CONTRATO MENOR,CM,,SERVICIO DE PINTADO DE MUROS DE LA UNIDAD DE SERVICIOS GENERALES.,2104,18,2.3. 2  9. 1  1,LOCACION DE SERVICIOS REALIZADOS POR PERSONAS NATURALES RELACIONADAS AL ROL DE LA ENTIDAD,9000.0,Compromiso
2026,1028,3,S,1851,2026-03-20,10455449893,GOMEZ OCHOA MARTIN ANDRES,106,CONTRATO MENOR,CM,,SERVICIO DE SEGUIMIENTO Y MONITOREO DE SERVICIOS GENERALES PARA LA UNIDAD DE SERVICIOS GENERALES.,2105,18,2.3. 2  9. 1  1,LOCACION DE SERVICIOS REALIZADOS POR PERSONAS NATURALES RELACIONADAS AL ROL DE LA ENTIDAD,12000.0,Compromiso
2026,1028,3,S,1852,2026-03-20,10736480609,SANCHEZ FLORES JIMMY RUSSBEL,106,CONTRATO MENOR,CM,,SERVICIO ESPECIALIZADO EN GESTIÓN DE MANTENIMIENTO PARA LA UNIDAD DE  SERVICIOS GENERALES.,2106,18,2.3. 2  9. 1  1,LOCACION DE SERVICIOS REALIZADOS POR PERSONAS NATURALES RELACIONADAS AL ROL DE LA ENTIDAD,9000.0,Compromiso
2026,1028,3,S,1853,2026-03-20,10774206774,SANTA CRUZ PRADO CHRISTIAN MAYKOL,106,CONTRATO MENOR,CM,,SERVICIO ESPECIALIZADO EN INSTALACIONES ELECTRICAS - OPERARIO PARA LA UNIDAD DE SERVICIOS GENERALES.,2107,18,2.3. 2  9. 1  1,LOCACION DE SERVICIOS REALIZADOS POR PERSONAS NATURALES RELACIONADAS AL ROL DE LA ENTIDAD,9000.0,Compromiso
2026,1028,3,S,1854,2026-03-20,10442093593,RENGIFO ESCUDERO JOSEPH LEWIS,106,CONTRATO MENOR,CM,,SERVICIO DE ASISTENCIA ADMINISTRATIVA PARA LA GESTION DE SERVICIOS TRAMITE DE DOCUMENTACION II DE LA UNIDAD DE SERVICIOS GENERALES.,2108,18,2.3. 2  9. 1  1,LOCACION DE SERVICIOS REALIZADOS POR PERSONAS NATURALES RELACIONADAS AL ROL DE LA ENTIDAD,19500.0,Compromiso
2026,1028,3,S,1855,2026-03-20,10097193024,FARFAN FLORIAN ZULLY ANTONIA,106,CONTRATO MENOR,CM,,SERVICIO DE ASISTENCIA ADMINISTRATIVA III PARA EL POOL DE VEHICULOS DE LA UNIDAD DE SERVICIOS GENERALES.,2109,18,2.3. 2  9. 1  1,LOCACION DE SERVICIOS REALIZADOS POR PERSONAS NATURALES RELACIONADAS AL ROL DE LA ENTIDAD,9600.0,Compromiso
2026,1028,3,S,1856,2026-03-20,10489859705,FLORES SANCHEZ MARCO ANTONIO,106,CONTRATO MENOR,CM,,SERVICIO DE SUPERVISION Y ASISTENCIA TECNICA DEL POOL DE VEHICULOS DE LA UNIDAD DE SERVICIOS GENERALES.,2110,18,2.3. 2  9. 1  1,LOCACION DE SERVICIOS REALIZADOS POR PERSONAS NATURALES RELACIONADAS AL ROL DE LA ENTIDAD,13500.0,Compromiso
2026,1028,3,S,1857,2026-03-20,10090784884,ROJAS VILLALOBOS CESAR RICARDO,106,CONTRATO MENOR,CM,,SERVICIO DE AUXILIAR EN MANTENIMIENTO III PARA LA UNIDAD DE SERVICIOS GENERALES.,2111,18,2.3. 2  9. 1  1,LOCACION DE SERVICIOS REALIZADOS POR PERSONAS NATURALES RELACIONADAS AL ROL DE LA ENTIDAD,5400.0,Compromiso
2026,1028,3,S,1858,2026-03-20,10255321183,SALAZAR CHIPULINA JULIO ARTURO,106,CONTRATO MENOR,CM,,SERVICIO DE AUXILIAR EN MANTENIMIENTO IV PARA LA UNIDAD DE SERVICIOS GENERALES.,2112,18,2.3. 2  9. 1  1,LOCACION DE SERVICIOS REALIZADOS POR PERSONAS NATURALES RELACIONADAS AL ROL DE LA ENTIDAD,5400.0,Compromiso
2026,1028,3,S,1859,2026-03-20,10095378922,DE TRAMONTANA BREÑA PIERO LUCAS,106,CONTRATO MENOR,CM,,SERVICIO DE CONDUCCION DE VEHICULO II PARA LA UNIDAD DE SERVICIOS GENERALES,2113,18,2.3. 2  9. 1  1,LOCACION DE SERVICIOS REALIZADOS POR PERSONAS NATURALES RELACIONADAS AL ROL DE LA ENTIDAD,9000.0,Compromiso
2026,1028,3,S,1860,2026-03-20,10450384220,BELLO ESPINOZA CARLOS IVAN,106,CONTRATO MENOR,CM,,SERVICIO DE CONDUCCION DE VEHICULO IV PARA LA UNIDAD DE SERVICIOS GENERALES.,2114,18,2.3. 2  9. 1  1,LOCACION DE SERVICIOS REALIZADOS POR PERSONAS NATURALES RELACIONADAS AL ROL DE LA ENTIDAD,9000.0,Compromiso
2026,1028,3,S,1861,2026-03-20,20607848204,SKUNA ASOCIADOS S.A.C.,106,CONTRATO MENOR,CM,,SERVICIO DE COFFE BREAK,2081,18,2.3. 2  7.11  5,SERVICIOS DE ALIMENTACION DE CONSUMO HUMANO,7000.0,Compromiso
2026,1028,3,S,1862,2026-03-20,10008227409,VASQUEZ RUIZ CESAR AUGUSTO,106,CONTRATO MENOR,CM,,SERVICIO DE CONDUCCION DE VEHICULO V PARA LA UNIDAD DE SERVICIOS GENERALES.,2115,18,2.3. 2  9. 1  1,LOCACION DE SERVICIOS REALIZADOS POR PERSONAS NATURALES RELACIONADAS AL ROL DE LA ENTIDAD,9600.0,Compromiso
2026,1028,3,S,1863,2026-03-20,20612526665,ACL EVENTOS Y SERVICIOS E.I.R.L.,106,CONTRATO MENOR,CM,,SERVICIO DE ALQUILERES DIVERSOS,2082,18,2.3. 2  5. 1  3,DE MOBILIARIO Y SIMILARES,7000.0,Compromiso
2026,1028,3,S,1863,2026-03-20,20612526665,ACL EVENTOS Y SERVICIOS E.I.R.L.,106,CONTRATO MENOR,CM,,SERVICIO DE ALQUILERES DIVERSOS,2082,18,2.3. 2  5. 1  4,DE MAQUINARIAS Y EQUIPOS,12500.0,Compromiso
2026,1028,3,S,1864,2026-03-20,10258169072,VILLALOBOS SAMPEN DANIEL JESUS,106,CONTRATO MENOR,CM,,SERVICIO DE GESTIÓN ADMINISTRATIVA PARA LA UNIDAD DE SERVICIOS GENERALES.,2116,18,2.3. 2  9. 1  1,LOCACION DE SERVICIOS REALIZADOS POR PERSONAS NATURALES RELACIONADAS AL ROL DE LA ENTIDAD,24000.0,Compromiso
2026,1028,3,S,1865,2026-03-20,10077148880,CONTRERAS DURAND FROILAN ENRIQUE,106,CONTRATO MENOR,CM,,SERVICIO DE MONITOREO DE SERVICIOS GENERALES II PARA LA UNIDAD DE SERVICIOS GENERALES.,2117,18,2.3. 2  9. 1  1,LOCACION DE SERVICIOS REALIZADOS POR PERSONAS NATURALES RELACIONADAS AL ROL DE LA ENTIDAD,9000.0,Compromiso
2026,1028,3,S,1866,2026-03-20,10254617844,MIRANDA CHANAME CARLOS MARTIN,106,CONTRATO MENOR,CM,,SERVICIO DE PINTADO DE MUROS II DE LA UNIDAD DE SERVICIOS GENERALES.,2118,18,2.3. 2  9. 1  1,LOCACION DE SERVICIOS REALIZADOS POR PERSONAS NATURALES RELACIONADAS AL ROL DE LA ENTIDAD,6171.0,Compromiso
2026,1028,3,S,1867,2026-03-20,10254542771,CHAVEZ CABREJOS CLAUDIO ALEJANDRO,106,CONTRATO MENOR,CM,,SERVICIO DE SEGUIMIENTO Y MONITOREO DE SERVICIOS GENERALES I PARA LA UNIDAD DE SERVICIOS GENERALES.,2119,18,2.3. 2  9. 1  1,LOCACION DE SERVICIOS REALIZADOS POR PERSONAS NATURALES RELACIONADAS AL ROL DE LA ENTIDAD,6900.0,Compromiso
2026,1028,3,S,1868,2026-03-20,10254617585,ABRIL RAMIREZ TOMAS,106,CONTRATO MENOR,CM,,SERVICIO DE SUPERVISION Y ASISTENCIA TECNICA III DE LA UNIDAD DE SERVICIOS GENERALES,2120,18,2.3. 2  9. 1  1,LOCACION DE SERVICIOS REALIZADOS POR PERSONAS NATURALES RELACIONADAS AL ROL DE LA ENTIDAD,8400.0,Compromiso
2026,1028,3,S,1869,2026-03-20,10801897709,PACHECO VILLANUEVA ROBERTO AGUSTIN,106,CONTRATO MENOR,CM,,SERVICIO DE SUPERVISION Y ASISTENCIA TECNICA IV DE LA UNIDAD DE SERVICIOS GENERALES,2121,18,2.3. 2  9. 1  1,LOCACION DE SERVICIOS REALIZADOS POR PERSONAS NATURALES RELACIONADAS AL ROL DE LA ENTIDAD,6600.0,Compromiso
2026,1028,3,S,1870,2026-03-20,10429709984,SAYAGO SALAZAR CLAUDIA YOLANDA,106,CONTRATO MENOR,CM,,SERVICIO DE ALIMENTACION DE PERSONAS PARA COMISION AMBIENTAL REGIONAL DEL CALLAO - CAR 2026,2086,18,2.3. 2  7.11  5,SERVICIOS DE ALIMENTACION DE CONSUMO HUMANO,17000.0,Compromiso
2026,1028,3,S,1871,2026-03-20,10455559401,ZAPATA MONCADA MICHAEL COLIN,106,CONTRATO MENOR,CM,,SERVICIO DE ALQUILER DE CAMIONETA TIPO MINIVAN,2089,18,2.3. 2  5. 1  2,DE VEHICULOS,30000.0,Compromiso
2026,1028,3,S,1872,2026-03-20,10095992876,CASTRO GUERRA LUIS ANTONIO,106,CONTRATO MENOR,CM,,SERVICIO ESPECIALIZADO EN INSTALACIONES ELECTRICAS II PARA LA UNIDAD DE SERVICIOS GENERALES DE LA OFICINA DE LOGISTICA.,2122,18,2.3. 2  9. 1  1,LOCACION DE SERVICIOS REALIZADOS POR PERSONAS NATURALES RELACIONADAS AL ROL DE LA ENTIDAD,13500.0,Compromiso
2026,1028,3,S,1873,2026-03-20,10258163686,PAZ LA ROSA YESABEL NATALIA,106,CONTRATO MENOR,CM,,SERVICIO DE RECEPCION Y VERIFICACION DE BIENES EN ALMACEN DE LA UNIDAD DE SERVICIOS GENERALES,2123,18,2.3. 2  9. 1  1,LOCACION DE SERVICIOS REALIZADOS POR PERSONAS NATURALES RELACIONADAS AL ROL DE LA ENTIDAD,5400.0,Compromiso
2026,1028,3,S,1874,2026-03-20,10256731113,CANALES GOGIN ROSARIO CONSUELO,106,CONTRATO MENOR,CM,,SERVICIO DE LIMPIEZA DE LOCALES I PARA LA UNIDAD DE SERVICIOS GENERALES,2124,18,2.3. 2  9. 1  1,LOCACION DE SERVICIOS REALIZADOS POR PERSONAS NATURALES RELACIONADAS AL ROL DE LA ENTIDAD,4050.0,Compromiso
2026,1028,3,S,1875,2026-03-20,10258102458,BEDON PANTOJA MARIA MAGDALENA,106,CONTRATO MENOR,CM,,SERVICIO DE LIMPIEZA DE LOCALES II PARA LA UNIDAD DE SERVICIOS GENERALES,2125,18,2.3. 2  9. 1  1,LOCACION DE SERVICIOS REALIZADOS POR PERSONAS NATURALES RELACIONADAS AL ROL DE LA ENTIDAD,3000.0,Compromiso
2026,1028,3,S,1876,2026-03-20,10081452399,LAHURA SENCI SANDRO MARTIN,106,CONTRATO MENOR,CM,,SERVICIO ESPECIALIZADO EN MECANICA PARA LA UNIDAD DE SERVICIOS GENERALES,2126,18,2.3. 2  9. 1  1,LOCACION DE SERVICIOS REALIZADOS POR PERSONAS NATURALES RELACIONADAS AL ROL DE LA ENTIDAD,12900.0,Compromiso
2026,1028,3,S,1877,2026-03-20,10417006791,FLORES LINARES CHRISTOPHER,106,CONTRATO MENOR,CM,,SERVICIO DE CONDUCCION DE VEHICULO VI PARA LA UNIDAD DE SERVICIOS GENERALES,2127,18,2.3. 2  9. 1  1,LOCACION DE SERVICIOS REALIZADOS POR PERSONAS NATURALES RELACIONADAS AL ROL DE LA ENTIDAD,9600.0,Compromiso
2026,1028,3,S,1878,2026-03-20,10255646864,CARTAGENA ZUÑIGA ANDRES OSWALDO,106,CONTRATO MENOR,CM,,SERVICIO DE CONDUCCION DE VEHICULO VII PARA LA UNIDAD DE SERVICIOS GENERALES,2128,18,2.3. 2  9. 1  1,LOCACION DE SERVICIOS REALIZADOS POR PERSONAS NATURALES RELACIONADAS AL ROL DE LA ENTIDAD,9600.0,Compromiso
2026,1028,3,S,1879,2026-03-20,10258660132,SAAVEDRA SALINAS DANY WILFREDO,106,CONTRATO MENOR,CM,,SERVICIO DE CONDUCCION DE VEHICULO VIII PARA LA UNIDAD DE SERVICIOS GENERALES,2129,18,2.3. 2  9. 1  1,LOCACION DE SERVICIOS REALIZADOS POR PERSONAS NATURALES RELACIONADAS AL ROL DE LA ENTIDAD,9600.0,Compromiso
2026,1028,3,S,1880,2026-03-20,10405579401,REYES ESCATE AUGUSTO MARTIN,106,CONTRATO MENOR,CM,,SERVICIO DE CONDUCCION DE VEHICULO IX PARA LA UNIDAD DE SERVICIOS GENERALES,2130,18,2.3. 2  9. 1  1,LOCACION DE SERVICIOS REALIZADOS POR PERSONAS NATURALES RELACIONADAS AL ROL DE LA ENTIDAD,9600.0,Compromiso
2026,1028,3,S,1881,2026-03-20,10258283614,RIVERA PEREZ WILLIAM,106,CONTRATO MENOR,CM,,SERVICIO DE CONDUCCION DE VEHICULO X PARA LA UNIDAD DE SERVICIOS GENERALES,2131,18,2.3. 2  9. 1  1,LOCACION DE SERVICIOS REALIZADOS POR PERSONAS NATURALES RELACIONADAS AL ROL DE LA ENTIDAD,9600.0,Compromiso
2026,1028,3,S,1882,2026-03-20,10256452524,RODA MEDRANO GUSTAVO,106,CONTRATO MENOR,CM,,SERVICIO DE CONDUCCION DE VEHICULO XIII PARA LA UNIDAD DE SERVICIOS GENERALES,2132,18,2.3. 2  9. 1  1,LOCACION DE SERVICIOS REALIZADOS POR PERSONAS NATURALES RELACIONADAS AL ROL DE LA ENTIDAD,9600.0,Compromiso
2026,1028,3,S,1883,2026-03-20,10255380163,SERRANO CARBAJAL JULIO LORENZO,106,CONTRATO MENOR,CM,,SERVICIO DE CONDUCCION DE VEHICULO XIV PARA LA UNIDAD DE SERVICIOS GENERALES,2133,18,2.3. 2  9. 1  1,LOCACION DE SERVICIOS REALIZADOS POR PERSONAS NATURALES RELACIONADAS AL ROL DE LA ENTIDAD,9600.0,Compromiso
2026,1028,3,S,1884,2026-03-20,10100889914,ROJAS MOGOLLON ENRIQUE,106,CONTRATO MENOR,CM,,SERVICIO DE CONDUCCION DE VEHICULO XV PARA LA UNIDAD DE SERVICIOS GENERALES,2134,18,2.3. 2  9. 1  1,LOCACION DE SERVICIOS REALIZADOS POR PERSONAS NATURALES RELACIONADAS AL ROL DE LA ENTIDAD,9600.0,Compromiso
2026,1028,3,S,1885,2026-03-20,10211174485,LINO ROJAS HILARIO DONATO,106,CONTRATO MENOR,CM,,SERVICIO DE CONDUCCION DE VEHICULO XVI PARA LA UNIDAD DE SERVICIOS GENERALES,2135,18,2.3. 2  9. 1  1,LOCACION DE SERVICIOS REALIZADOS POR PERSONAS NATURALES RELACIONADAS AL ROL DE LA ENTIDAD,9600.0,Compromiso
2026,1028,3,S,1886,2026-03-20,10094420739,CHAVARRY ESPINAL ELIO MODESTO,106,CONTRATO MENOR,CM,,SERVICIO DE CONDUCCION DE VEHICULO XVII PARA LA UNIDAD DE SERVICIOS GENERALES,2136,18,2.3. 2  9. 1  1,LOCACION DE SERVICIOS REALIZADOS POR PERSONAS NATURALES RELACIONADAS AL ROL DE LA ENTIDAD,7500.0,Compromiso
2026,1028,3,S,1887,2026-03-20,10087011793,PUCH ALMONTE ELLIOT EDUARDO,106,CONTRATO MENOR,CM,,SERVICIO DE CONDUCCION DE VEHICULO XVIII PARA LA UNIDAD DE SERVICIOS GENERALES,2137,18,2.3. 2  9. 1  1,LOCACION DE SERVICIOS REALIZADOS POR PERSONAS NATURALES RELACIONADAS AL ROL DE LA ENTIDAD,9600.0,Compromiso
2026,1028,3,S,1888,2026-03-20,10413762931,MIRANDA RIEGA JEFFERSON JESUS,106,CONTRATO MENOR,CM,,SERVICIO DE CONDUCCIÓN DE VEHÍCULO XIX DE LA UNIDAD DE SERVICIOS GENERALES.,2138,18,2.3. 2  9. 1  1,LOCACION DE SERVICIOS REALIZADOS POR PERSONAS NATURALES RELACIONADAS AL ROL DE LA ENTIDAD,9600.0,Compromiso
2026,1028,3,S,1889,2026-03-20,10070448594,GOMEZ INFANTAS CLAUDIO ROBERTO,106,CONTRATO MENOR,CM,,SERVICIO DE CONDUCCIÓN DE VEHÍCULO XX DE LA UNIDAD DE SERVICIOS GENERALES,2139,18,2.3. 2  9. 1  1,LOCACION DE SERVICIOS REALIZADOS POR PERSONAS NATURALES RELACIONADAS AL ROL DE LA ENTIDAD,9600.0,Compromiso
2026,1028,3,S,1890,2026-03-20,10067921670,VASQUEZ SALDAÑA CARLOS ALBERTO,106,CONTRATO MENOR,CM,,SERVICIO DE CONDUCCIÓN DE VEHÍCULO XXI DE LA UNIDAD DE SERVICIOS GENERALES,2140,18,2.3. 2  9. 1  1,LOCACION DE SERVICIOS REALIZADOS POR PERSONAS NATURALES RELACIONADAS AL ROL DE LA ENTIDAD,9600.0,Compromiso
2026,1028,3,S,1891,2026-03-23,10443603331,MICHELENA POLO MARIA GRACIA,106,CONTRATO MENOR,CM,,SERVICIO DE COFFE BREAK,2143,18,2.3. 2  7.11  5,SERVICIOS DE ALIMENTACION DE CONSUMO HUMANO,8900.0,Compromiso
2026,1028,3,S,1892,2026-03-23,20392963228,FIBERTEL PERU S.A.,106,CONTRATO MENOR,CM,,CONTRATACIÓN DEL SERVICIO DE TELEFONÍA FIJA PARA EL GOBIERNO REGIONAL DEL CALLAO SEGUN CONTRATO N° 002-2025-OL - PERIODO DEL 21.12.2025 AL 20.12.2026,2142,0,2.3. 2  2. 2  2,SERVICIO DE TELEFONIA FIJA,19500.0,Compromiso
2026,1028,3,S,1893,2026-03-23,10450831099,PINEDO SABA DOLLY DEL CARMEN,106,CONTRATO MENOR,CM,,"SERVICIO LEGAL PARA LA REVISION DE DOCUMENTOS DE GESTION ADMINISTRATIVA II PARA LA OFICINA DE ADMINISTRACIÓN DE VILLAS REGIONALES DE LA GERENCIA REGIONAL DE EDUCACIÓN, CULTURA Y DEPORTE.",2144,18,2.3. 2  9. 1  1,LOCACION DE SERVICIOS REALIZADOS POR PERSONAS NATURALES RELACIONADAS AL ROL DE LA ENTIDAD,16500.0,Compromiso
2026,1028,3,S,1894,2026-03-23,10102174904,VASQUEZ SALCEDO RUBEN DARIO,106,CONTRATO MENOR,CM,,SERVICIO DE ASISTENCIA TECNICA EN MANTENIMIENTO DE INFRAESTRUCTURA Y MANTENIMIENTO DE AREAS VERDES EN EL ESTADIO MIGUEL GRAU PARA OFICINA DE ADMINISTRACIÓN DE VILLAS REGIONALES DE LA GERENCIA REGIONAL DE EDUCACION CULTURA Y DEPORTE,2145,18,2.3. 2  9. 1  1,LOCACION DE SERVICIOS REALIZADOS POR PERSONAS NATURALES RELACIONADAS AL ROL DE LA ENTIDAD,7500.0,Compromiso
2026,1028,3,S,1895,2026-03-23,20467534026,AMERICA MOVIL PERU S.A.C.,106,CONTRATO MENOR,CM,,CONTRATACIÓN DEL SERVICIO TELEFONÍA MÓVIL CON INTERNET PARA LAS GERENCIAS Y OFICINAS DEL GOBIERNO REGIONAL DEL CALLAO - PERIODOS: DEL 14.12.2025 AL 13.01.2026 Y DEL 14/01/2026 AL 13/02/2026,2146,0,2.3. 2  2. 2  1,SERVICIO DE TELEFONIA MOVIL,2655.88,Compromiso
2026,1028,3,S,1896,2026-03-24,20605702113,COMERCIALIZADORA LUAN DEAL PERÚ S.A.C.,106,CONTRATO MENOR,CM,,SERVICIO DE INSTALACIÓN DE REDES DE GAS NATURAL,2147,18,2.6. 2  3.99  5,COSTO DE CONSTRUCCION POR ADMINISTRACION DIRECTA - SERVICIOS,22770.0,Compromiso
2026,1028,3,S,1897,2026-03-24,10762061291,MEZA RIOJAS FRANCISCO LEONARDO,106,CONTRATO MENOR,CM,,SERVICIO DE SHOW ARTISTICO,2151,18,2.3. 2  7.10  1,"SEMINARIOS ,TALLERES Y SIMILARES ORGANIZADOS POR LA  INSTITUCION",20000.0,Compromiso
2026,1028,3,S,1898,2026-03-24,10457848361,CCENHUA BADAJOS YNES,106,CONTRATO MENOR,CM,,SERVICIO DE ORGANIZACION DE EVENTOS,2152,18,2.3. 2  7. 9 99,OTROS RELACIONADOS A ORGANIZACION DE EVENTOS,10000.0,Compromiso
2026,1028,3,S,1899,2026-03-24,20601370124,TR3S LAB ARQUITECTOS S.A.C.,106,CONTRATO MENOR,CM,,SERVICIO DE ALQUILERES,2153,18,2.3. 2  5. 1  4,DE MAQUINARIAS Y EQUIPOS,12000.0,Compromiso
2026,1028,3,S,1900,2026-03-24,20610542108,ECOSSA S.R.L.,106,CONTRATO MENOR,CM,,ALQUILER DE CAMIONETA TIPO MINIVAN,2154,18,2.3. 2  5. 1  2,DE VEHICULOS,3250.0,Compromiso
2026,1028,3,S,1901,2026-03-24,10154315921,QUISPE LEVANO JORGE LUIS,106,CONTRATO MENOR,CM,,SERVICIO DE CLASIFICACION Y ORDENAMIENTO DE ARCHIVOS PARA ODSPIOVS - DOS ENTREGABLES 2026.,2294,18,2.3. 2  9. 1  1,LOCACION DE SERVICIOS REALIZADOS POR PERSONAS NATURALES RELACIONADAS AL ROL DE LA ENTIDAD,5000.0,Compromiso
2026,1028,3,S,1902,2026-03-24,10700373750,VILMA SAMANTA PAZ ALLENDE,106,CONTRATO MENOR,CM,,SERVICIO DE ASISTENCIA EN GESTION DOCUMENTAL PARA ODSPIOVS - DOS ENTREGABLES 2026,2295,18,2.3. 2  9. 1  1,LOCACION DE SERVICIOS REALIZADOS POR PERSONAS NATURALES RELACIONADAS AL ROL DE LA ENTIDAD,6000.0,Compromiso
2026,1028,3,S,1903,2026-03-24,10618334673,AREVALO MIRANDA CRISTINA MARYHORY,106,CONTRATO MENOR,CM,,SERVICIO DE ORDENAMIENTO DE DOCUMENTOS DE ARCHIVO I PARA ODSPIOVS - TRES ENTREGABLES 2026,2296,18,2.3. 2  9. 1  1,LOCACION DE SERVICIOS REALIZADOS POR PERSONAS NATURALES RELACIONADAS AL ROL DE LA ENTIDAD,10200.0,Compromiso
2026,1028,3,S,1904,2026-03-24,10627767388,CONDE PRADO MONICA MARCELA,106,CONTRATO MENOR,CM,,SERVICIO DE ORDENAMIENTO DE DOCUMENTOS DE ARCHIVO II PARA ODSPIOVS - TRES ENTREGABLES 2026,2297,18,2.3. 2  9. 1  1,LOCACION DE SERVICIOS REALIZADOS POR PERSONAS NATURALES RELACIONADAS AL ROL DE LA ENTIDAD,10200.0,Compromiso
2026,1028,3,S,1905,2026-03-24,10748212715,GABRIEL MARIN PAZOS,106,CONTRATO MENOR,CM,,SERVICIO DE ASISTENCIA EN COMUNICACIONES PARA ODSPIOVS - TRES ENTREGABLES 2026,2298,18,2.3. 2  9. 1  1,LOCACION DE SERVICIOS REALIZADOS POR PERSONAS NATURALES RELACIONADAS AL ROL DE LA ENTIDAD,15000.0,Compromiso
2026,1028,3,S,1906,2026-03-24,10702666720,EVANGELISTA LOPEZ ISELLA PATRICIA,106,CONTRATO MENOR,CM,,SERVICIO DE ELABORACION DE REPORTE DE MONITOREO DE ACTIVIDADES PARA ODSPIOVS - TRES ENTREGABLES 2026,2299,18,2.3. 2  9. 1  1,LOCACION DE SERVICIOS REALIZADOS POR PERSONAS NATURALES RELACIONADAS AL ROL DE LA ENTIDAD,10500.0,Compromiso
2026,1028,3,S,1907,2026-03-24,10466988907,CRUZ RUPAY KARLA VIOLETA,106,CONTRATO MENOR,CM,,SERVICIO ESPECIALIZADO EN ADMINISTRACIÓN PARA UFII - TRES ENTREGABLES 2026,2205,18,2.3. 2  9. 1  1,LOCACION DE SERVICIOS REALIZADOS POR PERSONAS NATURALES RELACIONADAS AL ROL DE LA ENTIDAD,15000.0,Compromiso
2026,1028,3,S,1908,2026-03-24,10455866079,SANCHEZ CAMPOS KRYSTEL ELENA,106,CONTRATO MENOR,CM,,SERVICIO ESPECIALIZADO EN CONTROL INTERNO PARA UFII - UNICO ENTREGABLES 2026,2206,18,2.3. 2  9. 1  1,LOCACION DE SERVICIOS REALIZADOS POR PERSONAS NATURALES RELACIONADAS AL ROL DE LA ENTIDAD,7000.0,Compromiso
2026,1028,3,S,1909,2026-03-24,10710151879,ARMAS ANCALLA CLAUDIA ESTEFHANY,106,CONTRATO MENOR,CM,,SERVICIO DE SEGUIMIENTO DE DOCUMENTOS ADMINISTRATIVOS PARA OTDYA - TRES ENTREGABLES 2026,2300,18,2.3. 2  9. 1  1,LOCACION DE SERVICIOS REALIZADOS POR PERSONAS NATURALES RELACIONADAS AL ROL DE LA ENTIDAD,12000.0,Compromiso
2026,1028,3,S,1910,2026-03-24,10755042477,ANA PAULA TAVARA ECHEVARRIA,106,CONTRATO MENOR,CM,,SERVICIO DE ASISTENCIA EN GESTION DOCUMENTAL  PARA OTDYA - TRES ENTREGABLES 2026,2301,18,2.3. 2  9. 1  1,LOCACION DE SERVICIOS REALIZADOS POR PERSONAS NATURALES RELACIONADAS AL ROL DE LA ENTIDAD,9000.0,Compromiso
2026,1028,3,S,1911,2026-03-24,10470051341,VELASQUEZ CAVERO MIGUEL OMAR,106,CONTRATO MENOR,CM,,SERVICIO DE DESCRIPCION DE DOCUMENTOS DE ARCHIVOS I  PARA OTDYA - CUATRO ENTREGABLES 2026,2302,18,2.3. 2  9. 1  1,LOCACION DE SERVICIOS REALIZADOS POR PERSONAS NATURALES RELACIONADAS AL ROL DE LA ENTIDAD,18000.0,Compromiso
2026,1028,3,S,1912,2026-03-24,10403083726,CASTILLO MECOLA CESAR CARLOS,106,CONTRATO MENOR,CM,,SERVICIO DE GESTION ADMINISTRATIVA.,2188,18,2.3. 2  9. 1  1,LOCACION DE SERVICIOS REALIZADOS POR PERSONAS NATURALES RELACIONADAS AL ROL DE LA ENTIDAD,12000.0,Compromiso
2026,1028,3,S,1913,2026-03-24,10772254721,BAZAN ARISTONDO JEAN CARLO,106,CONTRATO MENOR,CM,,SERVICIO DE ASISTENCIA TÉCNICA EN COMUNICACIONES I,2160,18,2.3. 2  9. 1  1,LOCACION DE SERVICIOS REALIZADOS POR PERSONAS NATURALES RELACIONADAS AL ROL DE LA ENTIDAD,12500.0,Compromiso
2026,1028,3,S,1914,2026-03-24,10426955861,PRIETO PRIETO PEDRO ERICKSON,106,CONTRATO MENOR,CM,,SERVICIO DE ASISTENCIA EN TEMAS EN EDUCACIÓN Y SEGURIDAD VIAL I,2161,18,2.3. 2  9. 1  1,LOCACION DE SERVICIOS REALIZADOS POR PERSONAS NATURALES RELACIONADAS AL ROL DE LA ENTIDAD,21000.0,Compromiso
2026,1028,3,S,1915,2026-03-24,10765739140,QQUELLON QQUELLON VALERY SOFIA,106,CONTRATO MENOR,CM,,SERVICIO DE ASISTENCIA EN TEMAS EN EDUCACIÓN Y SEGURIDAD VIAL II,2162,18,2.3. 2  9. 1  1,LOCACION DE SERVICIOS REALIZADOS POR PERSONAS NATURALES RELACIONADAS AL ROL DE LA ENTIDAD,17500.0,Compromiso
2026,1028,3,S,1916,2026-03-24,10257239875,VIDAL LOZADA DORA JULIANA,106,CONTRATO MENOR,CM,,SERVICIO DE ORIENTADOR II,2163,18,2.3. 2  9. 1  1,LOCACION DE SERVICIOS REALIZADOS POR PERSONAS NATURALES RELACIONADAS AL ROL DE LA ENTIDAD,12000.0,Compromiso
2026,1028,3,S,1917,2026-03-24,10741780220,SANCA EUSEBIO ELVY ARTURO,106,CONTRATO MENOR,CM,,SERVICIO DE ORIENTADOR III.,2164,18,2.3. 2  9. 1  1,LOCACION DE SERVICIOS REALIZADOS POR PERSONAS NATURALES RELACIONADAS AL ROL DE LA ENTIDAD,12000.0,Compromiso
2026,1028,3,S,1918,2026-03-24,10454522881,PAREDES ROJAS JOHN EDUARDO,106,CONTRATO MENOR,CM,,SERVICIO DE SUPERVISION Y MONITOREO ACTIVIDADES DE CAMPO I.,2157,9,2.3. 2  9. 1  1,LOCACION DE SERVICIOS REALIZADOS POR PERSONAS NATURALES RELACIONADAS AL ROL DE LA ENTIDAD,30000.0,Compromiso
2026,1028,3,S,1919,2026-03-24,10714780536,TUCTO GUEVARA INGRID PAMELA,106,CONTRATO MENOR,CM,,"CONTRATACION DE ASISTENCIA TECNICA, CAPACITACION Y MONITOREO I",2158,9,2.3. 2  9. 1  1,LOCACION DE SERVICIOS REALIZADOS POR PERSONAS NATURALES RELACIONADAS AL ROL DE LA ENTIDAD,6900.0,Compromiso
2026,1028,3,S,1920,2026-03-24,10064529051,HERMOZA ARRASCUE VICTOR ALEJANDRO,106,CONTRATO MENOR,CM,,SERVICIO DE CONDUCCION DE VEHICULO I.,2159,18,2.3. 2  9. 1  1,LOCACION DE SERVICIOS REALIZADOS POR PERSONAS NATURALES RELACIONADAS AL ROL DE LA ENTIDAD,19200.0,Compromiso
2026,1028,3,S,1921,2026-03-25,20601273391,CRIVER NEGOCIOS INTEGRALES SOCIEDAD ANONIMA CERRADA - CRIVER NEGOCIOS INTEGRALES S.A.C.,106,CONTRATO MENOR,CM,,SERVICIO DE ORGANIZACIÓN DE EVENTO PARA LA PRIMERA SESIÓN ORDINARIA - ICR CALLAO,2156,18,2.3. 2  7. 9 99,OTROS RELACIONADOS A ORGANIZACION DE EVENTOS,10000.0,Compromiso
2026,1028,3,S,1922,2026-03-25,10427469676,GARCIA ESPINOZA JOSE DAVID,106,CONTRATO MENOR,CM,,SERVICIO DE COORDINACIÓN DE ENFOQUE AMBIENTAL,2167,18,2.3. 2  9. 1  1,LOCACION DE SERVICIOS REALIZADOS POR PERSONAS NATURALES RELACIONADAS AL ROL DE LA ENTIDAD,37500.0,Compromiso
2026,1028,3,S,1923,2026-03-25,10099561578,MIRANDA SOTO OSCAR FRANCISCO,106,CONTRATO MENOR,CM,,SERVICIO DE ORGANIZACIÓN Y SUPERVISIÓN DE GESTION AMBIENTAL,2168,18,2.3. 2  9. 1  1,LOCACION DE SERVICIOS REALIZADOS POR PERSONAS NATURALES RELACIONADAS AL ROL DE LA ENTIDAD,30000.0,Compromiso
2026,1028,3,S,1924,2026-03-25,10740224421,CABRERA YÉPEZ LENIN RAÚL,106,CONTRATO MENOR,CM,,SERVICIO ESPECIALIZADO EN TEMAS DE BIOLOGÍA I,2169,18,2.3. 2  9. 1  1,LOCACION DE SERVICIOS REALIZADOS POR PERSONAS NATURALES RELACIONADAS AL ROL DE LA ENTIDAD,30000.0,Compromiso
2026,1028,3,S,1925,2026-03-25,10480367532,PESCETTO CHAVEZ CESAR JOSEPH,106,CONTRATO MENOR,CM,,SERVICIO ESPECIALIZADO EN MEDIO AMBIENTE,2170,18,2.3. 2  9. 1  1,LOCACION DE SERVICIOS REALIZADOS POR PERSONAS NATURALES RELACIONADAS AL ROL DE LA ENTIDAD,35000.0,Compromiso
2026,1028,3,S,1926,2026-03-25,10736554033,CHRISTIAN MANUEL CANALES GARCIA,106,CONTRATO MENOR,CM,,SERVICIO DE ELABORACION DE CONTENIDOS COMUNICACIONALES,2171,18,2.3. 2  9. 1  1,LOCACION DE SERVICIOS REALIZADOS POR PERSONAS NATURALES RELACIONADAS AL ROL DE LA ENTIDAD,27500.0,Compromiso
2026,1028,3,S,1927,2026-03-25,10703085241,VASQUEZ LINO CHRISTIAN EDUARDO,106,CONTRATO MENOR,CM,,SERVICIO DE GUARDAPARQUE I,2172,18,2.3. 2  9. 1  1,LOCACION DE SERVICIOS REALIZADOS POR PERSONAS NATURALES RELACIONADAS AL ROL DE LA ENTIDAD,22500.0,Compromiso
2026,1028,3,S,1928,2026-03-25,10408739158,SANCHEZ MAGALLANES RAUL ARNOLD,106,CONTRATO MENOR,CM,,SERVICIO DE GUARDAPARQUE II,2173,18,2.3. 2  9. 1  1,LOCACION DE SERVICIOS REALIZADOS POR PERSONAS NATURALES RELACIONADAS AL ROL DE LA ENTIDAD,22500.0,Compromiso
2026,1028,3,S,1929,2026-03-25,10414613476,DIAZ HEREDIA YOVANA,106,CONTRATO MENOR,CM,,SERVICIO DE ASISTENCIA TECNICA ADMINISTRATIVA,2174,0,2.3. 2  9. 1  1,LOCACION DE SERVICIOS REALIZADOS POR PERSONAS NATURALES RELACIONADAS AL ROL DE LA ENTIDAD,22500.0,Compromiso
2026,1028,3,S,1930,2026-03-25,10424583168,HUANCA FLORES LUIS ALBERTO,106,CONTRATO MENOR,CM,,SERVICIO DE SEGURIDAD Y VIGILANCIA II,2175,18,2.3. 2  9. 1  1,LOCACION DE SERVICIOS REALIZADOS POR PERSONAS NATURALES RELACIONADAS AL ROL DE LA ENTIDAD,10000.0,Compromiso
2026,1028,3,S,1931,2026-03-25,10726307640,GARCIA AGÜERO AHILYN ALEJANDRA,106,CONTRATO MENOR,CM,,SERVICIO DE SEGURIDAD Y VIGILANCIA III,2176,18,2.3. 2  9. 1  1,LOCACION DE SERVICIOS REALIZADOS POR PERSONAS NATURALES RELACIONADAS AL ROL DE LA ENTIDAD,10000.0,Compromiso
2026,1028,3,S,1932,2026-03-25,10425628491,ROMERO VIGO ELSA JHOVANI,106,CONTRATO MENOR,CM,,SERVICIO DE SEGURIDAD Y VIGILANCIA IV,2177,18,2.3. 2  9. 1  1,LOCACION DE SERVICIOS REALIZADOS POR PERSONAS NATURALES RELACIONADAS AL ROL DE LA ENTIDAD,10000.0,Compromiso
2026,1028,3,S,1933,2026-03-25,10333429930,BARROZO TARAZONA EDWIN CRISANTO,106,CONTRATO MENOR,CM,,SERVICIO DE SEGURIDAD Y VIGILANCIA X,2178,18,2.3. 2  9. 1  1,LOCACION DE SERVICIOS REALIZADOS POR PERSONAS NATURALES RELACIONADAS AL ROL DE LA ENTIDAD,10000.0,Compromiso
2026,1028,3,S,1934,2026-03-25,10703564050,NAVARRO ROMERO LIZARDO ARTURO,106,CONTRATO MENOR,CM,,SERVICIO DE MEJORA EN EL MANEJO DE RESIDUOS SÓLIDOS IV,2179,18,2.3. 2  9. 1  1,LOCACION DE SERVICIOS REALIZADOS POR PERSONAS NATURALES RELACIONADAS AL ROL DE LA ENTIDAD,10000.0,Compromiso
2026,1028,3,S,1935,2026-03-25,10738223808,REYES SILVA DENILSON SAMIR,106,CONTRATO MENOR,CM,,SERVICIO DE OPERARIOS I,2180,18,2.3. 2  9. 1  1,LOCACION DE SERVICIOS REALIZADOS POR PERSONAS NATURALES RELACIONADAS AL ROL DE LA ENTIDAD,10000.0,Compromiso
2026,1028,3,S,1936,2026-03-25,10077638836,CARITIMARI MURAYARI JOSE ROMULO,106,CONTRATO MENOR,CM,,SERVICIO DE OPERARIOS II,2181,18,2.3. 2  9. 1  1,LOCACION DE SERVICIOS REALIZADOS POR PERSONAS NATURALES RELACIONADAS AL ROL DE LA ENTIDAD,10000.0,Compromiso
2026,1028,3,S,1937,2026-03-25,10747239644,CHAVEZ SILVA KIARA BEATRIZ,106,CONTRATO MENOR,CM,,SERVICIO DE OPERARIOS III,2182,18,2.3. 2  9. 1  1,LOCACION DE SERVICIOS REALIZADOS POR PERSONAS NATURALES RELACIONADAS AL ROL DE LA ENTIDAD,10000.0,Compromiso
2026,1028,3,S,1938,2026-03-25,10255803676,VASQUEZ BARRANTES ROGGER MARTIN,106,CONTRATO MENOR,CM,,SERVICIO DE OPERARIOS VII,2183,18,2.3. 2  9. 1  1,LOCACION DE SERVICIOS REALIZADOS POR PERSONAS NATURALES RELACIONADAS AL ROL DE LA ENTIDAD,10000.0,Compromiso
2026,1028,3,S,1939,2026-03-25,10199122377,CLEMENTE PALOMINO JACINTO VICENTE,106,CONTRATO MENOR,CM,,SERVICIO DE ENSEÑANZA DE ARTESANÍA I,2184,18,2.3. 2  9. 1  1,LOCACION DE SERVICIOS REALIZADOS POR PERSONAS NATURALES RELACIONADAS AL ROL DE LA ENTIDAD,10000.0,Compromiso
2026,1028,3,S,1940,2026-03-25,10198671245,ALIAGA URIVE JENOVEVA HERMINIA,106,CONTRATO MENOR,CM,,SERVICIO DE ENSEÑANZA DE ARTESANÍA II,2185,18,2.3. 2  9. 1  1,LOCACION DE SERVICIOS REALIZADOS POR PERSONAS NATURALES RELACIONADAS AL ROL DE LA ENTIDAD,10000.0,Compromiso
2026,1028,3,S,1941,2026-03-25,10722390674,GARCIA GUAGUALUQUE JUAN ROBERTO,106,CONTRATO MENOR,CM,,SERVICIO DE SUPERVISOR GENERAL DE SEGURIDAD Y VIGILANCIA I - SEDE CENTRAL,2186,18,2.3. 2  9. 1  1,LOCACION DE SERVICIOS REALIZADOS POR PERSONAS NATURALES RELACIONADAS AL ROL DE LA ENTIDAD,6000.0,Compromiso
2026,1028,3,S,1942,2026-03-25,10102252336,SAENZ PACHECO LOURDES PATRICIA,106,CONTRATO MENOR,CM,,"SERVICIO DE REVISIÓN, ANÁLISIS Y VERIFICACIÓN DE DOCUMENTOS DE PAGO PARA LA OFICINA DE CONTABILIDAD.",2201,18,2.3. 2  9. 1  1,LOCACION DE SERVICIOS REALIZADOS POR PERSONAS NATURALES RELACIONADAS AL ROL DE LA ENTIDAD,9267.0,Compromiso
2026,1028,3,S,1943,2026-03-25,10746264467,PISCOYA CRUZADO MIGUEL JOEL,106,CONTRATO MENOR,CM,,SERVICIO DE GRABACIÓN Y EDICIÓN DE AUDIOVISUAL I,2189,18,2.3. 2  9. 1  1,LOCACION DE SERVICIOS REALIZADOS POR PERSONAS NATURALES RELACIONADAS AL ROL DE LA ENTIDAD,18000.0,Compromiso
2026,1028,3,S,1944,2026-03-25,10758194294,POSADAS ZARATE BRANDO MANUEL,106,CONTRATO MENOR,CM,,SERVICIO DE ORIENTADOR I,2190,18,2.3. 2  9. 1  1,LOCACION DE SERVICIOS REALIZADOS POR PERSONAS NATURALES RELACIONADAS AL ROL DE LA ENTIDAD,14000.0,Compromiso
2026,1028,3,S,1945,2026-03-25,10748203899,MELGAREJO REVILLA JAZMIN ANTUANED,106,CONTRATO MENOR,CM,,SERVICIO DE PRODUCCIÓN Y EDICIÓN DE MATERIAL AUDIVISUAL I,2191,18,2.3. 2  9. 1  1,LOCACION DE SERVICIOS REALIZADOS POR PERSONAS NATURALES RELACIONADAS AL ROL DE LA ENTIDAD,20000.0,Compromiso
2026,1028,3,S,1946,2026-03-26,10749291040,MENAUT NAVARRO KYARA ANTUANET,106,CONTRATO MENOR,CM,,SERVICIOS PARA 2DA SESIÓN ORDINARIA PARA CORESEC,2187,18,2.3. 2  5. 1  3,DE MOBILIARIO Y SIMILARES,4000.0,Compromiso
2026,1028,3,S,1946,2026-03-26,10749291040,MENAUT NAVARRO KYARA ANTUANET,106,CONTRATO MENOR,CM,,SERVICIOS PARA 2DA SESIÓN ORDINARIA PARA CORESEC,2187,18,2.3. 2  7.11  5,SERVICIOS DE ALIMENTACION DE CONSUMO HUMANO,4000.0,Compromiso
2026,1028,3,S,1947,2026-03-26,10258664171,TISNADO CHOQUE LOURDES LEONILDA,106,CONTRATO MENOR,CM,,SERVICIO DE ASISTENCIA TECNICA ADMINISTRATIVA,2192,18,2.3. 2  9. 1  1,LOCACION DE SERVICIOS REALIZADOS POR PERSONAS NATURALES RELACIONADAS AL ROL DE LA ENTIDAD,10500.0,Compromiso
2026,1028,3,S,1948,2026-03-26,10181118631,BLAS FLORIAN CESAR EDMUNDO,106,CONTRATO MENOR,CM,,SERVICIO ESPECIALIZADO EN CONTROL Y GESTION DE PROCESOS OPERATIVOS ADMINISTRATIVOS,2193,18,2.3. 2  9. 1  1,LOCACION DE SERVICIOS REALIZADOS POR PERSONAS NATURALES RELACIONADAS AL ROL DE LA ENTIDAD,21000.0,Compromiso
2026,1028,3,S,1949,2026-03-26,10425016224,BELAHONIA CAMPOS JOSE LUIS,106,CONTRATO MENOR,CM,,SERVICIO DE ASISTENCIA TECNICA EN GESTION DE PROCESOS ADMINISTRATIVOS,2194,18,2.3. 2  9. 1  1,LOCACION DE SERVICIOS REALIZADOS POR PERSONAS NATURALES RELACIONADAS AL ROL DE LA ENTIDAD,15000.0,Compromiso
2026,1028,3,S,1950,2026-03-26,10435254719,MEJIA PALOMINO RAQUEL MARIA,106,CONTRATO MENOR,CM,,SERVICIO DE SEGUIMIENTO Y ASISTENCIA DE ACTIVIDADES ADMINISTRATIVAS,2195,18,2.3. 2  9. 1  1,LOCACION DE SERVICIOS REALIZADOS POR PERSONAS NATURALES RELACIONADAS AL ROL DE LA ENTIDAD,7500.0,Compromiso
2026,1028,3,S,1951,2026-03-26,10258072478,CERNA ALCARRAZ RAFAEL RODOLFO,106,CONTRATO MENOR,CM,,SERVICIO DE AUXILIAR ADMINISTRATIVO,2196,18,2.3. 2  9. 1  1,LOCACION DE SERVICIOS REALIZADOS POR PERSONAS NATURALES RELACIONADAS AL ROL DE LA ENTIDAD,-9000.0,Anulado
2026,1028,3,S,1951,2026-03-26,10258072478,CERNA ALCARRAZ RAFAEL RODOLFO,106,CONTRATO MENOR,CM,,SERVICIO DE AUXILIAR ADMINISTRATIVO,2196,18,2.3. 2  9. 1  1,LOCACION DE SERVICIOS REALIZADOS POR PERSONAS NATURALES RELACIONADAS AL ROL DE LA ENTIDAD,9000.0,Compromiso
2026,1028,3,S,1952,2026-03-26,10722551392,NUÑEZ GUEVARA JHAN FRANCO,106,CONTRATO MENOR,CM,,SERVICIO DE COORDINACIÓN EN ACTIVIDADES DE PROMOCIÓN Y DIFUSIÓN,2197,18,2.3. 2  9. 1  1,LOCACION DE SERVICIOS REALIZADOS POR PERSONAS NATURALES RELACIONADAS AL ROL DE LA ENTIDAD,6000.0,Compromiso
2026,1028,3,S,1953,2026-03-26,10476388096,PONCE AUCAYAURI ELIZABETH DELIA,106,CONTRATO MENOR,CM,,"SERVICIO DE RECEPCION, REGISTRO Y ORGANIZACIÓN DE DOCUMENTOS",2198,18,2.3. 2  9. 1  1,LOCACION DE SERVICIOS REALIZADOS POR PERSONAS NATURALES RELACIONADAS AL ROL DE LA ENTIDAD,6000.0,Compromiso
2026,1028,3,S,1954,2026-03-26,10773417364,REBAZA PAUCAR ERIK ANDRE,106,CONTRATO MENOR,CM,,SERVICIO DE SEGUIMIENTO DE DOCUMENTOS ADMINISTRATIVOS PARA OTDYA - TRES ENTREGABLES 2026.,2303,18,2.3. 2  9. 1  1,LOCACION DE SERVICIOS REALIZADOS POR PERSONAS NATURALES RELACIONADAS AL ROL DE LA ENTIDAD,12000.0,Compromiso
2026,1028,3,S,1955,2026-03-26,10436574156,SANTA CRUZ DAVID OMAR,106,CONTRATO MENOR,CM,,SERVICIO DE NOTIFICADOR PARA OTDYA - TRES ENTREGABLES 2026,2304,18,2.3. 2  9. 1  1,LOCACION DE SERVICIOS REALIZADOS POR PERSONAS NATURALES RELACIONADAS AL ROL DE LA ENTIDAD,9000.0,Compromiso
2026,1028,3,S,1956,2026-03-26,10733802753,CRISTOPHER MARTIN ALCALDE MORALES,106,CONTRATO MENOR,CM,,SERVICIO ESPECIALIZADO EN CIENCIAS DE LA COMUNICACIÓN. PARA DRTP - UNICO ENTREGABLE 2026,2282,18,2.3. 2  9. 1  1,LOCACION DE SERVICIOS REALIZADOS POR PERSONAS NATURALES RELACIONADAS AL ROL DE LA ENTIDAD,5000.0,Compromiso
2026,1028,3,S,1957,2026-03-26,10750748517,VELASQUEZ CAVERO DAIANA LYA,106,CONTRATO MENOR,CM,,SERVICIO DE GESTION ADMINISTRATIVA PARA DRTP - TRES ENTREGABLE 2026,2283,18,2.3. 2  9. 1  1,LOCACION DE SERVICIOS REALIZADOS POR PERSONAS NATURALES RELACIONADAS AL ROL DE LA ENTIDAD,15000.0,Compromiso
2026,1028,3,S,1958,2026-03-26,10734763492,PORTA RAMIREZ JOSE LUIS,106,CONTRATO MENOR,CM,,SERVICIO ESPECIALIZADO EN SEGURIDAD Y SALUD EN EL TRABAJO PARA DRTP - UNICO ENTREGABLE 2026,2284,18,2.3. 2  9. 1  1,LOCACION DE SERVICIOS REALIZADOS POR PERSONAS NATURALES RELACIONADAS AL ROL DE LA ENTIDAD,5000.0,Compromiso
2026,1028,3,S,1959,2026-03-26,10415857921,RUIZ GONZALES JOSE LUIS,106,CONTRATO MENOR,CM,,SERVICIO DE COORDINACION PARA LA REVISION DE EXPEDIENTES LEGALES PARA DRTP - UNICO ENTREGABLE 2026,2285,18,2.3. 2  9. 1  1,LOCACION DE SERVICIOS REALIZADOS POR PERSONAS NATURALES RELACIONADAS AL ROL DE LA ENTIDAD,6000.0,Compromiso
2026,1028,3,S,1960,2026-03-26,10430909211,LOAYZA GALDOS GIANCARLO MAURICO,106,CONTRATO MENOR,CM,,SERVICIO ESPECIALIZADO EN MATERIA LEGAL PARA DRTP - UNICO ENTREGABLE 2026,2286,18,2.3. 2  9. 1  1,LOCACION DE SERVICIOS REALIZADOS POR PERSONAS NATURALES RELACIONADAS AL ROL DE LA ENTIDAD,8000.0,Compromiso
2026,1028,3,S,1961,2026-03-26,10749231179,GOMEZ MURILLO LOREYSNNE GRACE JANNELLY,106,CONTRATO MENOR,CM,,SERVICIO ESPECIALIZADO EN SISTEMAS ADMINSTRATIVOS PARA DRTP - UNICO ENTREGABLE 2026,2287,18,2.3. 2  9. 1  1,LOCACION DE SERVICIOS REALIZADOS POR PERSONAS NATURALES RELACIONADAS AL ROL DE LA ENTIDAD,3000.0,Compromiso
2026,1028,3,S,1962,2026-03-26,10762558179,GALVEZ CABANILLAS ANGELA NAID,106,CONTRATO MENOR,CM,,SERVICIO ESPECIALIZADO EN SISTEMAS ADMINISTRATIVOS - LEGALES PARA DRTP - UNICO ENTREGABLE 2026,2288,18,2.3. 2  9. 1  1,LOCACION DE SERVICIOS REALIZADOS POR PERSONAS NATURALES RELACIONADAS AL ROL DE LA ENTIDAD,3000.0,Compromiso
2026,1028,3,S,1963,2026-03-26,10452285156,HUAMAN ALFARO ROXANNA NOEMI,106,CONTRATO MENOR,CM,,SERVICIO DE ASISTENCIA EN SECRETARIADO I,2199,9,2.3. 2  9. 1  1,LOCACION DE SERVICIOS REALIZADOS POR PERSONAS NATURALES RELACIONADAS AL ROL DE LA ENTIDAD,25000.0,Compromiso
2026,1028,3,S,1964,2026-03-26,10463122887,TAQUIO REYES LUZ RUBI,106,CONTRATO MENOR,CM,,SERVICIO DE ASISTENCIA PARA DESPACHO DE DOCUMENTOS IV,2200,9,2.3. 2  9. 1  1,LOCACION DE SERVICIOS REALIZADOS POR PERSONAS NATURALES RELACIONADAS AL ROL DE LA ENTIDAD,25000.0,Compromiso
2026,1028,3,S,1965,2026-03-26,10700228571,LAZO PACHECO DANITZA TRINIDAD.,106,CONTRATO MENOR,CM,,SERVICIO DE GESTIÓN EN ACTIVIDADES DEL MEDIO AMBIENTE,2202,0,2.3. 2  9. 1  1,LOCACION DE SERVICIOS REALIZADOS POR PERSONAS NATURALES RELACIONADAS AL ROL DE LA ENTIDAD,18000.0,Compromiso
2026,1028,3,S,1966,2026-03-26,10470878016,SACRAVILCA CASANOVA AMPARO MARILYN,106,CONTRATO MENOR,CM,,SERVICIO ESPECIALIZADO EN INGENIERIA AMBIENTAL,2203,0,2.3. 2  9. 1  1,LOCACION DE SERVICIOS REALIZADOS POR PERSONAS NATURALES RELACIONADAS AL ROL DE LA ENTIDAD,18000.0,Compromiso
2026,1028,3,S,1967,2026-03-26,10725440419,ARTEAGA MILLAN ANTONY JHORDAN,106,CONTRATO MENOR,CM,,SERVICIO ESPECIALIZADO EN SISTEMAS DE INFORMACION GEOGRAFICA I,2204,0,2.3. 2  9. 1  1,LOCACION DE SERVICIOS REALIZADOS POR PERSONAS NATURALES RELACIONADAS AL ROL DE LA ENTIDAD,16500.0,Compromiso
2026,1028,3,S,1968,2026-03-26,10731354958,ARAKAKI VASQUEZ VANESA NAOMI,106,CONTRATO MENOR,CM,,SERVICIO DE GESTION ADMINISTRATIVA I,2208,9,2.3. 2  9. 1  1,LOCACION DE SERVICIOS REALIZADOS POR PERSONAS NATURALES RELACIONADAS AL ROL DE LA ENTIDAD,36000.0,Compromiso
2026,1028,3,S,1969,2026-03-26,10751324222,CHAHUAYO MENDOZA LADY RUTH,106,CONTRATO MENOR,CM,,SERVICIO DE ORDENAMIENTO Y REGISTRO DE DOCUMENTOS I,2209,9,2.3. 2  9. 1  1,LOCACION DE SERVICIOS REALIZADOS POR PERSONAS NATURALES RELACIONADAS AL ROL DE LA ENTIDAD,42000.0,Compromiso
2026,1028,3,S,1970,2026-03-26,10775690718,AVALOS CHANCOS SUSAN ANALI,106,CONTRATO MENOR,CM,,SERVICIO DE ORIENTADOR I.,2210,9,2.3. 2  9. 1  1,LOCACION DE SERVICIOS REALIZADOS POR PERSONAS NATURALES RELACIONADAS AL ROL DE LA ENTIDAD,36000.0,Compromiso
2026,1028,3,S,1971,2026-03-26,10424357389,CARBAJO PIZARRO JORGE ESTEBAN,106,CONTRATO MENOR,CM,,SERVICIO DE ORIENTADOR II,2211,9,2.3. 2  9. 1  1,LOCACION DE SERVICIOS REALIZADOS POR PERSONAS NATURALES RELACIONADAS AL ROL DE LA ENTIDAD,36000.0,Compromiso
2026,1028,3,S,1972,2026-03-26,10727788005,RODRIGUEZ IBARRA ANGELA FIORELA,106,CONTRATO MENOR,CM,,SERVICIO DE ORIENTADOR III.,2212,9,2.3. 2  9. 1  1,LOCACION DE SERVICIOS REALIZADOS POR PERSONAS NATURALES RELACIONADAS AL ROL DE LA ENTIDAD,36000.0,Compromiso
2026,1028,3,S,1973,2026-03-26,10703228343,CHAVARRIA QUISPE ALEXANDER JONATHAN,106,CONTRATO MENOR,CM,,SERVICIO DE SOPORTE TÉCNICO EN REDES II.,2213,9,2.3. 2  9. 1  1,LOCACION DE SERVICIOS REALIZADOS POR PERSONAS NATURALES RELACIONADAS AL ROL DE LA ENTIDAD,30000.0,Compromiso
2026,1028,3,S,1974,2026-03-26,10742805269,ALDAIR FERNANDO SANCHEZ BALDEON,106,CONTRATO MENOR,CM,,"SERVICIO DE SEGUIMIENTO, CONTROL Y MONITOREO DE LOS ORIENTADORES Y OPERADORES I..",2214,9,2.3. 2  9. 1  1,LOCACION DE SERVICIOS REALIZADOS POR PERSONAS NATURALES RELACIONADAS AL ROL DE LA ENTIDAD,42000.0,Compromiso
2026,1028,3,S,1975,2026-03-26,10421276469,IBARRA TAFUR MARY LUZ,106,CONTRATO MENOR,CM,,"SERVICIO DE SEGUIMIENTO, CONTROL Y MONITOREO DE LOS ORIENTADORES Y OPERADORES II",2215,9,2.3. 2  9. 1  1,LOCACION DE SERVICIOS REALIZADOS POR PERSONAS NATURALES RELACIONADAS AL ROL DE LA ENTIDAD,42000.0,Compromiso
2026,1028,3,S,1976,2026-03-26,10401961866,MENDOZA BERROCAL JIMMY OMAR,106,CONTRATO MENOR,CM,,"SERVICIO DE SEGUIMIENTO, CONTROL Y MONITOREO DE LOS ORIENTADORES Y OPERADORES III",2216,9,2.3. 2  9. 1  1,LOCACION DE SERVICIOS REALIZADOS POR PERSONAS NATURALES RELACIONADAS AL ROL DE LA ENTIDAD,42000.0,Compromiso
2026,1028,3,S,1977,2026-03-26,10433824496,MAMANI NUÑONCA RENE JAVIER,106,CONTRATO MENOR,CM,,SERVICIO DE TOMA DE EXÁMENES DE MANEJO DE VEHÍCULOS I,2217,9,2.3. 2  9. 1  1,LOCACION DE SERVICIOS REALIZADOS POR PERSONAS NATURALES RELACIONADAS AL ROL DE LA ENTIDAD,30000.0,Compromiso
2026,1028,3,S,1978,2026-03-26,10417524644,HUAMAN VILLASANTE GILBERTO,106,CONTRATO MENOR,CM,,SERVICIO DE TOMA DE EXÁMENES DE MANEJO DE VEHÍCULOS II,2218,9,2.3. 2  9. 1  1,LOCACION DE SERVICIOS REALIZADOS POR PERSONAS NATURALES RELACIONADAS AL ROL DE LA ENTIDAD,30000.0,Compromiso
2026,1028,3,S,1979,2026-03-26,10153484428,HUAMAN VILLARRUBIA JUAN CARLOS,106,CONTRATO MENOR,CM,,SERVICIO DE TOMA DE EXÁMENES DE MANEJO DE VEHÍCULOS III.,2219,9,2.3. 2  9. 1  1,LOCACION DE SERVICIOS REALIZADOS POR PERSONAS NATURALES RELACIONADAS AL ROL DE LA ENTIDAD,30000.0,Compromiso
2026,1028,3,S,1980,2026-03-26,10087762012,ZENOBIO JACINTO CUEVAS NARVAJA,106,CONTRATO MENOR,CM,,SERVICIO DE TOMA DE EXÁMENES DE MANEJO DE VEHÍCULOS IV,2220,9,2.3. 2  9. 1  1,LOCACION DE SERVICIOS REALIZADOS POR PERSONAS NATURALES RELACIONADAS AL ROL DE LA ENTIDAD,30000.0,Compromiso
2026,1028,3,S,1981,2026-03-26,10296752415,LUNA CONDORI RONALD ABEL,106,CONTRATO MENOR,CM,,SERVICIO DE TOMA DE EXÁMENES DE MANEJO DE VEHÍCULOS V,2221,9,2.3. 2  9. 1  1,LOCACION DE SERVICIOS REALIZADOS POR PERSONAS NATURALES RELACIONADAS AL ROL DE LA ENTIDAD,30000.0,Compromiso
2026,1028,3,S,1982,2026-03-26,10411899263,SERQUEN BERNARDO KARLO MARTIN,106,CONTRATO MENOR,CM,,SERVICIO DE SEGUIMIENTO Y MONITOREO DE ACTIVIDADES DE CAMPO I,2222,9,2.3. 2  9. 1  1,LOCACION DE SERVICIOS REALIZADOS POR PERSONAS NATURALES RELACIONADAS AL ROL DE LA ENTIDAD,40000.0,Compromiso
2026,1028,3,S,1983,2026-03-26,10774829640,YPARRAGUIRRE OLIVARES HECTOR FABIAN,106,CONTRATO MENOR,CM,,SERVICIO DE ASISTENCIA EN ORIENTACION Y ATENCION A USUARIOS I.,2223,9,2.3. 2  9. 1  1,LOCACION DE SERVICIOS REALIZADOS POR PERSONAS NATURALES RELACIONADAS AL ROL DE LA ENTIDAD,30000.0,Compromiso
2026,1028,3,S,1984,2026-03-26,10454555258,YAÑEZ PULACHE CESAR HERMOGENES,106,CONTRATO MENOR,CM,,SERVICIO DE ASISTENCIA EN ORIENTACION Y ATENCION A USUARIOS II,2224,9,2.3. 2  9. 1  1,LOCACION DE SERVICIOS REALIZADOS POR PERSONAS NATURALES RELACIONADAS AL ROL DE LA ENTIDAD,30000.0,Compromiso
2026,1028,3,S,1985,2026-03-26,10701583715,MARROQUIN ROCHA GERSON JAIR,106,CONTRATO MENOR,CM,,SERVICIO DE CONTROL DE LA SEGURIDAD Y VIGILANCIA MEDIANTE LA VERIFICACIÓN DE LAS CÁMARAS DE SEGURIDA,2225,9,2.3. 2  9. 1  1,LOCACION DE SERVICIOS REALIZADOS POR PERSONAS NATURALES RELACIONADAS AL ROL DE LA ENTIDAD,36000.0,Compromiso
2026,1028,3,S,1986,2026-03-26,10764680567,MORENO RODRIGUEZ GILABAD ESPERANZA,106,CONTRATO MENOR,CM,,SERVICIO DE VERIFICACION Y CLASIFICACION DE DOCUMENTOS I,2226,9,2.3. 2  9. 1  1,LOCACION DE SERVICIOS REALIZADOS POR PERSONAS NATURALES RELACIONADAS AL ROL DE LA ENTIDAD,42000.0,Compromiso
2026,1028,3,S,1987,2026-03-26,10476480413,GONZALES BERROCAL RODOLFO MARTIN,106,CONTRATO MENOR,CM,,SERVICIO ESPECIALIZADO EN ADMINISTRACION,2227,18,2.3. 2  9. 1  1,LOCACION DE SERVICIOS REALIZADOS POR PERSONAS NATURALES RELACIONADAS AL ROL DE LA ENTIDAD,16500.0,Compromiso
2026,1028,3,S,1988,2026-03-26,10255562261,RUIDIAS VENEGAS ANA MARIA,106,CONTRATO MENOR,CM,,"SERVICIO DE REVISION Y SEGUIMIENTO DE EXPEDIENTES RELACIONADOS A PROCEDIMIENTOS ADMINISTRATIVOS PARA LA OFICINA DE COMERCIO, TURISMO, ENERGIA Y MINAS DE LA GERENCIA REGIONAL DE DESARROLLO ECONÓMICO.",2229,18,2.3. 2  9. 1  1,LOCACION DE SERVICIOS REALIZADOS POR PERSONAS NATURALES RELACIONADAS AL ROL DE LA ENTIDAD,3000.0,Compromiso
2026,1028,3,S,1989,2026-03-26,10101182865,PALOMINO MAMANI EDGAR AUGUSTO,106,CONTRATO MENOR,CM,,"SERVICIO ESPECIALIZADO EN GESTION DE PROYECTOS PARA LA OFICINA DE COMERCIO, TURISMO, ENERGIA Y MINAS DE LA GERENCIA REGIONAL DE DESARROLLO ECONÓMICO.",2230,18,2.3. 2  9. 1  1,LOCACION DE SERVICIOS REALIZADOS POR PERSONAS NATURALES RELACIONADAS AL ROL DE LA ENTIDAD,9267.0,Compromiso
2026,1028,3,S,1990,2026-03-26,10717329304,CHANGA YUI LUIS FERNANDO ALFONSO,106,CONTRATO MENOR,CM,,SERVICIO DE SEGUIMIENTO DE DOCUMENTOS Y GENERACIÓN DE REPORTES ADMINISTRATIVOS I,2238,9,2.3. 2  9. 1  1,LOCACION DE SERVICIOS REALIZADOS POR PERSONAS NATURALES RELACIONADAS AL ROL DE LA ENTIDAD,40000.0,Compromiso
2026,1028,3,S,1991,2026-03-26,10403990324,GRANDA NEIRA JAVIER ARMANDO,106,CONTRATO MENOR,CM,,SERVICIO ESPECIALIZADO EN INGENIERIA ELECTRONICA I,2239,9,2.3. 2  9. 1  1,LOCACION DE SERVICIOS REALIZADOS POR PERSONAS NATURALES RELACIONADAS AL ROL DE LA ENTIDAD,15000.0,Compromiso
2026,1028,3,S,1992,2026-03-26,10722815985,ALATA PILLCO LIZBETH KAREN,106,CONTRATO MENOR,CM,,SERVICIO DE ANALISIS DE INFORMACION DE PROCESOS ADMINISTRATIVOS I,2240,9,2.3. 2  9. 1  1,LOCACION DE SERVICIOS REALIZADOS POR PERSONAS NATURALES RELACIONADAS AL ROL DE LA ENTIDAD,6600.0,Compromiso
2026,1028,3,S,1993,2026-03-26,10457606082,RIOS RAMIREZ JANET EMILY,106,CONTRATO MENOR,CM,,SERVICIO DE ANÁLISIS LEGAL Y ATENCIÓN DE CONSULTAS I,2241,9,2.3. 2  9. 1  1,LOCACION DE SERVICIOS REALIZADOS POR PERSONAS NATURALES RELACIONADAS AL ROL DE LA ENTIDAD,5000.0,Compromiso
2026,1028,3,S,1994,2026-03-26,10414103958,MARTINEZ ALVARO CESAR ALEXANDER,106,CONTRATO MENOR,CM,,SERVICIO DE FACILITACION EN TALLERES DE CAPACITACION I,2242,18,2.3. 2  9. 1  1,LOCACION DE SERVICIOS REALIZADOS POR PERSONAS NATURALES RELACIONADAS AL ROL DE LA ENTIDAD,12000.0,Compromiso
2026,1028,3,S,1995,2026-03-26,10459301734,HUAMANI HUAMANI MORAIMA VICTORIA,106,CONTRATO MENOR,CM,,SERVICIO DE SEGUIMIENTO Y MONITOREO DE CAPACITACION I,2243,18,2.3. 2  9. 1  1,LOCACION DE SERVICIOS REALIZADOS POR PERSONAS NATURALES RELACIONADAS AL ROL DE LA ENTIDAD,3500.0,Compromiso
2026,1028,3,S,1996,2026-03-26,10419420307,RAMIREZ VILLEGAS KATERINE TULA,106,CONTRATO MENOR,CM,,SERVICIO DE SEGUIMIENTO Y MONITOREO DE CAPACITACION II,2244,18,2.3. 2  9. 1  1,LOCACION DE SERVICIOS REALIZADOS POR PERSONAS NATURALES RELACIONADAS AL ROL DE LA ENTIDAD,3500.0,Compromiso
2026,1028,3,S,1997,2026-03-26,10404960534,HUAMAN MAURICIO DELIA DORALIZA,106,CONTRATO MENOR,CM,,SERVICIO DE MONITOREO PARA EL PROGRAMA NACIONAL DE CAPACITACION DE EDUCACION EN SEGURIDAD VIAL I,2245,18,2.3. 2  9. 1  1,LOCACION DE SERVICIOS REALIZADOS POR PERSONAS NATURALES RELACIONADAS AL ROL DE LA ENTIDAD,10500.0,Compromiso
2026,1028,3,S,1998,2026-03-26,10708625588,VALDIVIA BEJARANO LUIS ALEJANDRO,106,CONTRATO MENOR,CM,,SERVICIO DE ASISTENCIA EN TEMAS EN EDUCACION Y SEGURIDAD VIAL I,2246,18,2.3. 2  9. 1  1,LOCACION DE SERVICIOS REALIZADOS POR PERSONAS NATURALES RELACIONADAS AL ROL DE LA ENTIDAD,9000.0,Compromiso
2026,1028,3,S,1999,2026-03-26,10164338211,ARBAÑIL SIPION VICTOR MANUEL,106,CONTRATO MENOR,CM,,SERVICIO DE CONDUCCION DE VEHICULO ? CLASE A CATEGORIA II,2231,18,2.3. 2  9. 1  1,LOCACION DE SERVICIOS REALIZADOS POR PERSONAS NATURALES RELACIONADAS AL ROL DE LA ENTIDAD,38500.0,Compromiso
2026,1028,3,S,2000,2026-03-26,10488378207,BAO REYES JUAN JOSE ANTENOR,106,CONTRATO MENOR,CM,,SERVICIO DE INVENTARIO DE EXISTENCIAS DE ALMACEN,2232,18,2.3. 2  9. 1  1,LOCACION DE SERVICIOS REALIZADOS POR PERSONAS NATURALES RELACIONADAS AL ROL DE LA ENTIDAD,33000.0,Compromiso
2026,1028,3,S,2001,2026-03-26,10077021065,CARMONA LANFRANCO ABEL FERMIN,106,CONTRATO MENOR,CM,,SERVICIO DE ORDENAMIENTO Y ALMACENAMIENTO DE EXISTENCIAS DE ALMACEN,2233,0,2.3. 2  9. 1  1,LOCACION DE SERVICIOS REALIZADOS POR PERSONAS NATURALES RELACIONADAS AL ROL DE LA ENTIDAD,29700.0,Compromiso
2026,1028,3,S,2002,2026-03-26,10478922375,LA TORRE CACERES LUIS ALBERTO,106,CONTRATO MENOR,CM,,SERVICIO DE ASISTENCIA EN ALMACEN Y EN CONTROL PATRIMONIAL,2234,0,2.3. 2  9. 1  1,LOCACION DE SERVICIOS REALIZADOS POR PERSONAS NATURALES RELACIONADAS AL ROL DE LA ENTIDAD,2000.0,Compromiso
2026,1028,3,S,2003,2026-03-26,15347978385,MAMANI CHURA VICTOR ALFREDO,106,CONTRATO MENOR,CM,,SERVICIO DE COORDINACION EN TEMAS DE PATRIMONIO Y DE ALMACEN,2235,0,2.3. 2  9. 1  1,LOCACION DE SERVICIOS REALIZADOS POR PERSONAS NATURALES RELACIONADAS AL ROL DE LA ENTIDAD,42790.0,Compromiso
2026,1028,3,S,2004,2026-03-26,10404934941,VERDONI GONZALES CESAR AUGUSTO,106,CONTRATO MENOR,CM,,"SERVICIO DE ORDENAMIENTO, RECLASIFICACION Y ALMACENAMIENTO DE BIENES",2236,18,2.3. 2  9. 1  1,LOCACION DE SERVICIOS REALIZADOS POR PERSONAS NATURALES RELACIONADAS AL ROL DE LA ENTIDAD,38500.0,Compromiso
2026,1028,3,S,2005,2026-03-26,10407281620,SANCHEZ TORRES SOLEDAD,106,CONTRATO MENOR,CM,,SERVICIO ADMINISTRATIVO CONTABLE I PARA LA OFICINA DE CONTABILIDAD..,2247,18,2.3. 2  9. 1  1,LOCACION DE SERVICIOS REALIZADOS POR PERSONAS NATURALES RELACIONADAS AL ROL DE LA ENTIDAD,21000.0,Compromiso
2026,1028,3,S,2006,2026-03-26,10731109571,CAMPAÑA OLIVA CARLOS EDUARDO,106,CONTRATO MENOR,CM,,SERVICIO ADMINISTRATIVO CONTABLE II PARA LA OFICINA DE CONTABILIDAD..,2248,18,2.3. 2  9. 1  1,LOCACION DE SERVICIOS REALIZADOS POR PERSONAS NATURALES RELACIONADAS AL ROL DE LA ENTIDAD,12000.0,Compromiso
2026,1028,3,S,2007,2026-03-26,10719141965,PALACIOS FLORES DEISY PAMELA,106,CONTRATO MENOR,CM,,SERVICIO DE ANÁLISIS DE CUENTAS Y APOYO EN EL DEVENGADO PARA LA OFICINA DE CONTABILIDAD.,2249,18,2.3. 2  9. 1  1,LOCACION DE SERVICIOS REALIZADOS POR PERSONAS NATURALES RELACIONADAS AL ROL DE LA ENTIDAD,9000.0,Compromiso
2026,1028,3,S,2008,2026-03-26,10470094422,MENDOZA CHUQUIMANGO KATHERINE,106,CONTRATO MENOR,CM,,SERVICIO ESPECIALIZADO EN PROCESOS ADMINISTRATIVOS Y LOGISTICOS PARA LA OFICINA DE CONTABILIDAD.,2250,18,2.3. 2  9. 1  1,LOCACION DE SERVICIOS REALIZADOS POR PERSONAS NATURALES RELACIONADAS AL ROL DE LA ENTIDAD,14000.0,Compromiso
2026,1028,3,S,2009,2026-03-26,10107136890,RAMIREZ TENORIO ROSAURA LINDAURA,106,CONTRATO MENOR,CM,,SERVICIO ESPECIALIZADO EN REVISIÓN DE EXPEDIENTES DE PAGO I PARA LA OFICINA DE CONTABILIDAD..,2251,18,2.3. 2  9. 1  1,LOCACION DE SERVICIOS REALIZADOS POR PERSONAS NATURALES RELACIONADAS AL ROL DE LA ENTIDAD,24000.0,Compromiso
2026,1028,3,S,2010,2026-03-26,10432718161,YATACO MARCOS ENRIQUE GEOANNI,106,CONTRATO MENOR,CM,,SERVICIO ESPECIALIZADO EN REVISIÓN DE EXPEDIENTES DE PAGO II PARA LA OFICINA DE CONTABILIDAD..,2252,18,2.3. 2  9. 1  1,LOCACION DE SERVICIOS REALIZADOS POR PERSONAS NATURALES RELACIONADAS AL ROL DE LA ENTIDAD,24000.0,Compromiso
2026,1028,3,S,2011,2026-03-26,10426921176,CHUMBIAUCA CORDOVA HENRY ALFONSO,106,CONTRATO MENOR,CM,,SERVICIO ESPECIALIZADO EN REVISIÓN DE EXPEDIENTES DE PAGO III PARA LA OFICINA DE CONTABILIDAD..,2253,18,2.3. 2  9. 1  1,LOCACION DE SERVICIOS REALIZADOS POR PERSONAS NATURALES RELACIONADAS AL ROL DE LA ENTIDAD,16000.0,Compromiso
2026,1028,3,S,2012,2026-03-26,10101226994,DE LA VEGA BARRETO MARIANA RUTH,106,CONTRATO MENOR,CM,,SERVICIO ESPECIALIZADO EN REVISIÓN DE EXPEDIENTES DE PAGO IV PARA LA OFICINA DE CONTABILIDAD..,2254,18,2.3. 2  9. 1  1,LOCACION DE SERVICIOS REALIZADOS POR PERSONAS NATURALES RELACIONADAS AL ROL DE LA ENTIDAD,16000.0,Compromiso
2026,1028,3,S,2013,2026-03-26,10738844136,MORAN BARRIONUEVO KEYLA NURITH,106,CONTRATO MENOR,CM,,SERVICIO ADMINISTRATIVO CONTABLE III PARA LA OFICINA DE CONTABILIDAD..,2255,18,2.3. 2  9. 1  1,LOCACION DE SERVICIOS REALIZADOS POR PERSONAS NATURALES RELACIONADAS AL ROL DE LA ENTIDAD,7000.0,Compromiso
2026,1028,3,S,2014,2026-03-26,10445436904,BARRIENTOS CAYTUIRO MIGUEL ANGEL,106,CONTRATO MENOR,CM,,SERVICIO ESPECIALIZADO EN CONTROL PREVIO Y PROCESOS CONTABLES I PARA LA OFICINA DE CONTABILIDAD..,2256,18,2.3. 2  9. 1  1,LOCACION DE SERVICIOS REALIZADOS POR PERSONAS NATURALES RELACIONADAS AL ROL DE LA ENTIDAD,10000.0,Compromiso
2026,1028,3,S,2015,2026-03-26,10482573229,CASTILLO OLAYA JORDAN YEISON,106,CONTRATO MENOR,CM,,SERVICIO ESPECIALIZADO EN ANÁLISIS DE CUENTAS CONTABLES PARA LA OFICINA DE CONTABILIDAD..,2257,18,2.3. 2  9. 1  1,LOCACION DE SERVICIOS REALIZADOS POR PERSONAS NATURALES RELACIONADAS AL ROL DE LA ENTIDAD,11000.0,Compromiso
2026,1028,3,S,2016,2026-03-26,10740637351,GARCIA BUSTIOS GINA YAJAHIRA,106,CONTRATO MENOR,CM,,SERVICIO ESPECIALIZADO EN PROCESOS CONTABLES Y FINANCIEROS I PARA LA OFICINA DE CONTABILIDAD..,2258,18,2.3. 2  9. 1  1,LOCACION DE SERVICIOS REALIZADOS POR PERSONAS NATURALES RELACIONADAS AL ROL DE LA ENTIDAD,15000.0,Compromiso
2026,1028,3,S,2017,2026-03-26,10449750972,PEREYRA ACOSTA SONALY LIZETH,106,CONTRATO MENOR,CM,,SERVICIO ESPECIALIZADO DE INTEGRADOR CONTABLE I PARA LA OFICINA DE CONTABILIDAD..,2259,18,2.3. 2  9. 1  1,LOCACION DE SERVICIOS REALIZADOS POR PERSONAS NATURALES RELACIONADAS AL ROL DE LA ENTIDAD,14000.0,Compromiso
2026,1028,3,S,2018,2026-03-26,10734227795,PAJUELO MARTINEZ VICTOR FERNANDO JOHN,106,CONTRATO MENOR,CM,,SERVICIO ESPECIALIZADO EN MATERIA LEGAL,2263,18,2.3. 2  9. 1  1,LOCACION DE SERVICIOS REALIZADOS POR PERSONAS NATURALES RELACIONADAS AL ROL DE LA ENTIDAD,30000.0,Compromiso
2026,1028,3,S,2019,2026-03-26,10407157490,VASQUEZ VELAZCO ESTEBAN VALENCE,106,CONTRATO MENOR,CM,,SERVICIO ESPECIALIZADO EN DESARROLLO TURÍSTICO,2264,18,2.3. 2  9. 1  1,LOCACION DE SERVICIOS REALIZADOS POR PERSONAS NATURALES RELACIONADAS AL ROL DE LA ENTIDAD,30000.0,Compromiso
2026,1028,3,S,2020,2026-03-26,10463402057,BOYASCKY MANRIQUE YEFRID YENIL,106,CONTRATO MENOR,CM,,SERVICIO DE GUARDAPARQUE,2265,18,2.3. 2  9. 1  1,LOCACION DE SERVICIOS REALIZADOS POR PERSONAS NATURALES RELACIONADAS AL ROL DE LA ENTIDAD,22500.0,Compromiso
2026,1028,3,S,2021,2026-03-26,10461704889,BRAVO HARO JOSE LUIS,106,CONTRATO MENOR,CM,,SERVICIO DE ADMINISTRATIVO EN LOGISTICO,2335,18,2.3. 2  9. 1  1,LOCACION DE SERVICIOS REALIZADOS POR PERSONAS NATURALES RELACIONADAS AL ROL DE LA ENTIDAD,17500.0,Compromiso
2026,1028,3,S,2022,2026-03-26,10753665825,MACHACA CHUQUIMAMANI JULIO CESAR,106,CONTRATO MENOR,CM,,SERVICIO DE PROMOTOR AMBIENTAL II,2267,18,2.3. 2  9. 1  1,LOCACION DE SERVICIOS REALIZADOS POR PERSONAS NATURALES RELACIONADAS AL ROL DE LA ENTIDAD,15000.0,Compromiso
2026,1028,3,S,2023,2026-03-26,10753702569,MACHACA CHUQUIMAMANI JOSE LUIS,106,CONTRATO MENOR,CM,,SERVICIO DE PROMOTOR AMBIENTAL III,2268,18,2.3. 2  9. 1  1,LOCACION DE SERVICIOS REALIZADOS POR PERSONAS NATURALES RELACIONADAS AL ROL DE LA ENTIDAD,15000.0,Compromiso
2026,1028,3,S,2024,2026-03-26,10746987060,RAMOS ROMERO JOSUE NEZARETH EDGAR,106,CONTRATO MENOR,CM,,SERVICIO DE PROMOTOR AMBIENTAL IV,2269,18,2.3. 2  9. 1  1,LOCACION DE SERVICIOS REALIZADOS POR PERSONAS NATURALES RELACIONADAS AL ROL DE LA ENTIDAD,15000.0,Compromiso
2026,1028,3,S,2025,2026-03-26,10426488481,CARRILLO MENDOZA MARIELA,106,CONTRATO MENOR,CM,,SERVICIO DE SEGURIDAD Y VIGILANCIA VI,2270,18,2.3. 2  9. 1  1,LOCACION DE SERVICIOS REALIZADOS POR PERSONAS NATURALES RELACIONADAS AL ROL DE LA ENTIDAD,10000.0,Compromiso
2026,1028,3,S,2026,2026-03-26,10230067291,ROQUE ROMERO VICTORIA,106,CONTRATO MENOR,CM,,SERVICIO DE MEJORA EN EL MANEJO DE RESIDUOS SÓLIDOS III,2271,18,2.3. 2  9. 1  1,LOCACION DE SERVICIOS REALIZADOS POR PERSONAS NATURALES RELACIONADAS AL ROL DE LA ENTIDAD,10000.0,Compromiso
2026,1028,3,S,2027,2026-03-26,10461184753,ELIAS LANCHIPA YAHAIDA YULIANA,106,CONTRATO MENOR,CM,,SERVICIO DE OPERARIOS IV,2272,18,2.3. 2  9. 1  1,LOCACION DE SERVICIOS REALIZADOS POR PERSONAS NATURALES RELACIONADAS AL ROL DE LA ENTIDAD,10000.0,Compromiso
2026,1028,3,S,2028,2026-03-26,10410445951,ZAPATA MAGALLANES SOLEDAD ANGELICA,106,CONTRATO MENOR,CM,,SERVICIO DE OPERARIOS V,2273,18,2.3. 2  9. 1  1,LOCACION DE SERVICIOS REALIZADOS POR PERSONAS NATURALES RELACIONADAS AL ROL DE LA ENTIDAD,10000.0,Compromiso
2026,1028,3,S,2029,2026-03-26,10759319147,HUERTAS NUÑEZ PETER ANGELO,106,CONTRATO MENOR,CM,,SERVICIO DE OPERARIOS VI,2274,18,2.3. 2  9. 1  1,LOCACION DE SERVICIOS REALIZADOS POR PERSONAS NATURALES RELACIONADAS AL ROL DE LA ENTIDAD,10000.0,Compromiso
2026,1028,3,S,2030,2026-03-26,10077063582,CHUQUIMANTARI ZAPATA ALICIA MARITZA,106,CONTRATO MENOR,CM,,SERVICIO DE ASISTENCIA TECNICA ADMINISTRATIVA,2275,18,2.3. 2  9. 1  1,LOCACION DE SERVICIOS REALIZADOS POR PERSONAS NATURALES RELACIONADAS AL ROL DE LA ENTIDAD,39000.0,Compromiso
2026,1028,3,S,2031,2026-03-26,10256029222,ARCE HULERIG GUILLERMO SANTIAGO,106,CONTRATO MENOR,CM,,SERVICIO DE CONDUCCION DE VEHICULO,2276,18,2.3. 2  9. 1  1,LOCACION DE SERVICIOS REALIZADOS POR PERSONAS NATURALES RELACIONADAS AL ROL DE LA ENTIDAD,36000.0,Compromiso
2026,1028,3,S,2032,2026-03-26,10062839495,MEDINA GARAMENDI WALTER,106,CONTRATO MENOR,CM,,SERVICIO ESPECIALIZADO EN GESTION DE RIESGO Y DESASTRE I,2281,18,2.3. 2  7.14 98,OTROS SERVICIOS TECNICOS Y PROFESIONALES DESARROLLADOS POR PERSONAS NATURALES,35000.0,Compromiso
2026,1028,3,S,2033,2026-03-26,10713002831,APAESTEGUI INFANTE ERIKA IVON,106,CONTRATO MENOR,CM,,SERVICIO DE MOTIVACION Y SENSIBILIZACION,2277,18,2.3. 2  9. 1  1,LOCACION DE SERVICIOS REALIZADOS POR PERSONAS NATURALES RELACIONADAS AL ROL DE LA ENTIDAD,30250.0,Compromiso
2026,1028,3,S,2034,2026-03-26,10446123349,CHAVEZ SILVA CELIA YAHAIRA,106,CONTRATO MENOR,CM,,SERVICIO DE MOTIVACION Y SENSIBILIZACION,2278,18,2.3. 2  9. 1  1,LOCACION DE SERVICIOS REALIZADOS POR PERSONAS NATURALES RELACIONADAS AL ROL DE LA ENTIDAD,7500.0,Compromiso
2026,1028,3,S,2035,2026-03-26,10737118733,GUERRA YOVERA MIREYA DEL ROSARIO,106,CONTRATO MENOR,CM,,"SERVICIO DE AUXILIAR ADMINISTRATIVO, PARA LA OFICINA DE AGRICULTURA Y PRODUCCION DE LA GERENCIA REGIONAL DE DESARROLLO ECONOMICO DEL GOBIERNO REGIONAL DEL CALLAO.",2279,18,2.3. 2  9. 1  1,LOCACION DE SERVICIOS REALIZADOS POR PERSONAS NATURALES RELACIONADAS AL ROL DE LA ENTIDAD,5000.0,Compromiso
2026,1028,3,S,2036,2026-03-26,10727986541,CHAVEZ SANTISTEBAN ERICK ANTHONY,106,CONTRATO MENOR,CM,,SERVICIO DE ASISTENCIA TECNICA ADMINISTRATIVA PARA LA COMISION DE RECURSOS NATURALES DEL CONSEJO REG,2307,18,2.3. 2  9. 1  1,LOCACION DE SERVICIOS REALIZADOS POR PERSONAS NATURALES RELACIONADAS AL ROL DE LA ENTIDAD,13500.0,Compromiso
2026,1028,3,S,2037,2026-03-26,10090655227,HUACACHI AYALA HECTOR FERNANDO,106,CONTRATO MENOR,CM,,SERVICIO ESPECIALIZADO EN GESTION DE PROCESOS ADMINISTRATIVOS PARA LA COMISION DE RECURSOS NATURALES,2308,18,2.3. 2  9. 1  1,LOCACION DE SERVICIOS REALIZADOS POR PERSONAS NATURALES RELACIONADAS AL ROL DE LA ENTIDAD,18000.0,Compromiso
2026,1028,3,S,2038,2026-03-26,10704407446,OBREGON MORA MERCEDES BEATRIZ,106,CONTRATO MENOR,CM,,SERVICIO ESPECIALIZADO EN GESTIÓN PÚBLICA PARA LA COMISION DE RECURSOS NATURALES DEL CONSEJO REGIONA,2309,18,2.3. 2  9. 1  1,LOCACION DE SERVICIOS REALIZADOS POR PERSONAS NATURALES RELACIONADAS AL ROL DE LA ENTIDAD,18000.0,Compromiso
2026,1028,3,S,2039,2026-03-26,10256360581,ESPINOZA MUÑANTE CARLOS ANTONIO,106,CONTRATO MENOR,CM,,SERVICIO DE COORDINACION DE PROCESOS OPERATIVOS EN LA GESTION ADMINISTRATIVA PARA LA COMISION DE REC,2310,18,2.3. 2  9. 1  1,LOCACION DE SERVICIOS REALIZADOS POR PERSONAS NATURALES RELACIONADAS AL ROL DE LA ENTIDAD,18000.0,Compromiso
2026,1028,3,S,2040,2026-03-26,10408724665,CHUQUISUTA COLLAO NELLY MELITZA,106,CONTRATO MENOR,CM,,SERVICIO DE AUXILIAR ADMINISTRATIVO PARA LA COMISION DE RECURSOS NATURALES DEL CONSEJO REGIONAL DEL,2311,18,2.3. 2  9. 1  1,LOCACION DE SERVICIOS REALIZADOS POR PERSONAS NATURALES RELACIONADAS AL ROL DE LA ENTIDAD,7500.0,Compromiso
2026,1028,3,S,2041,2026-03-27,10062158323,AURAZO PEREZ EDILMAR,106,CONTRATO MENOR,CM,,"SERVICIO ESPECIALIZADO EN MATERIA LEGAL PARA LA COMISIÓN DE SALUD, TRANSPORTES Y COMUNICACIONES DEL",2312,18,2.3. 2  9. 1  1,LOCACION DE SERVICIOS REALIZADOS POR PERSONAS NATURALES RELACIONADAS AL ROL DE LA ENTIDAD,19500.0,Compromiso
2026,1028,3,S,2042,2026-03-27,10725718271,AVILA GUIMA RICARDO MAZAKI,106,CONTRATO MENOR,CM,,"SERVICIO DE ASISTENCIA LEGAL EN PROCESOS ADMINISTRATIVOS PARA LA COMISIÓN DE SALUD, TRANSPORTES",2313,18,2.3. 2  9. 1  1,LOCACION DE SERVICIOS REALIZADOS POR PERSONAS NATURALES RELACIONADAS AL ROL DE LA ENTIDAD,16500.0,Compromiso
2026,1028,3,S,2043,2026-03-27,10210153719,PARIONA GALINDO FEDERICO,106,CONTRATO MENOR,CM,,"SERVICIO ESPECIALIZADO EN GESTIÓN PÚBLICA PARA LA COMISIÓN DE SALUD, TRANSPORTES Y COMUNICACIONES DE",2314,18,2.3. 2  9. 1  1,LOCACION DE SERVICIOS REALIZADOS POR PERSONAS NATURALES RELACIONADAS AL ROL DE LA ENTIDAD,21000.0,Compromiso
2026,1028,3,S,2044,2026-03-27,10473385223,DAVILA ROQUE RAFAEL,106,CONTRATO MENOR,CM,,"SERVICIO DE ASISTENCIA TECNICA LEGAL EN DOCUMENTOS DE GESTION PARA LA COMISIÓN DE SALUD, TRANSPORTES",2315,18,2.3. 2  9. 1  1,LOCACION DE SERVICIOS REALIZADOS POR PERSONAS NATURALES RELACIONADAS AL ROL DE LA ENTIDAD,18000.0,Compromiso
2026,1028,3,S,2045,2026-03-27,10765100955,HERNANDEZ RAMIREZ LUCAS FABIAN,106,CONTRATO MENOR,CM,,SERVICIO DE ASISTENCIA EN ORIENTACIÓN Y ATENCIÓN AL USUARIO PARA EL CENTRO DE MEJOR ATENCION AL CIUDADANO - MAC CALLAO DEL GERENCIA REGIONAL DE DESARROLLO ECONOMICO DEL GOBIERNO REGIONAL DEL CALLAO-XI.,2331,18,2.3. 2  9. 1  1,LOCACION DE SERVICIOS REALIZADOS POR PERSONAS NATURALES RELACIONADAS AL ROL DE LA ENTIDAD,10000.0,Compromiso
2026,1028,3,S,2046,2026-03-27,10457670937,REYES SUAREZ KATHERINE DARIA,106,CONTRATO MENOR,CM,,SERVICIO DE ASISTENCIA EN ORIENTACIÓN Y ATENCIÓN AL USUARIO PARA EL CENTRO DE MEJOR ATENCION AL CIUDADANO - MAC CALLAO DEL GERENCIA REGIONAL DE DESARROLLO ECONOMICO DEL GOBIERNO REGIONAL DEL CALLAO-XII.,2332,18,2.3. 2  9. 1  1,LOCACION DE SERVICIOS REALIZADOS POR PERSONAS NATURALES RELACIONADAS AL ROL DE LA ENTIDAD,7500.0,Compromiso
2026,1028,3,S,2047,2026-03-27,10174341953,CABREJOS GUERRERO LOURDES ELISABETH,106,CONTRATO MENOR,CM,,SERVICIO DE ASISTENCIA EN ORIENTACIÓN Y ATENCIÓN AL USUARIO PARA EL CENTRO DE MEJOR ATENCION AL CIUDADANO - MAC CALLAO DEL GERENCIA REGIONAL DE DESARROLLO ECONOMICO DEL GOBIERNO REGIONAL DEL CALLAO-XIII.,2333,18,2.3. 2  9. 1  1,LOCACION DE SERVICIOS REALIZADOS POR PERSONAS NATURALES RELACIONADAS AL ROL DE LA ENTIDAD,7500.0,Compromiso
2026,1028,3,S,2048,2026-03-27,10329440066,PRADO SANCHEZ VICTOR MANUEL,106,CONTRATO MENOR,CM,,SERVICIO ESPECIALIZADO EN LIQUIDACION DE PROYECTOS DE INVERSIÓN V GERENCIA REGIONAL DE DESARROLLO ECONOMICO DEL GOBIERNO REGIONAL DEL CALLAO.,2334,18,2.3. 2  9. 1  1,LOCACION DE SERVICIOS REALIZADOS POR PERSONAS NATURALES RELACIONADAS AL ROL DE LA ENTIDAD,6000.0,Compromiso
2026,1028,3,S,2049,2026-03-27,10465216366,VERA ORTIZ THALIA GISVEL,106,CONTRATO MENOR,CM,,SERVICIO ASISTENCIA LEGAL EN DERECHO ADMINISTRATIVO Y GESTION PUBLICA.,2305,18,2.3. 2  9. 1  1,LOCACION DE SERVICIOS REALIZADOS POR PERSONAS NATURALES RELACIONADAS AL ROL DE LA ENTIDAD,24000.0,Compromiso
2026,1028,3,S,2050,2026-03-27,10211402755,PAZ BALDEON NILOVNA GHERALDINE,106,CONTRATO MENOR,CM,,SERVICIO DE ASISTENCIA LEGAL EN PROCESOS ADMINISTRATIVOS.,2306,18,2.3. 2  9. 1  1,LOCACION DE SERVICIOS REALIZADOS POR PERSONAS NATURALES RELACIONADAS AL ROL DE LA ENTIDAD,18000.0,Compromiso
2026,1028,3,S,2051,2026-03-27,10732461740,GUERRERO ALARCON DIEGO ANGEL,106,CONTRATO MENOR,CM,,SERVICIOS ESPECIALIZADOS EN MEDIO AMBIENTE PARA LA COMISION DE INFRAESTRUCTURA,2321,18,2.3. 2  9. 1  1,LOCACION DE SERVICIOS REALIZADOS POR PERSONAS NATURALES RELACIONADAS AL ROL DE LA ENTIDAD,21000.0,Compromiso
2026,1028,3,S,2052,2026-03-27,10713285914,LLERENA VILLACREZ DERIAN MANUEL,106,CONTRATO MENOR,CM,,SERVICIO ESPECIALIZADO EN INGENIERIA CIVIL PARA LA COMISION DE INFRAESTRUCTURA,2322,18,2.3. 2  9. 1  1,LOCACION DE SERVICIOS REALIZADOS POR PERSONAS NATURALES RELACIONADAS AL ROL DE LA ENTIDAD,21000.0,Compromiso
2026,1028,3,S,2053,2026-03-27,10806504519,PAIVA SILVA KELY,106,CONTRATO MENOR,CM,,SERVICIO DE SEGUIMIENTO Y ASISTENCIA DE ACTIVIDADES ADMINISTRATIVAS,2323,18,2.3. 2  9. 1  1,LOCACION DE SERVICIOS REALIZADOS POR PERSONAS NATURALES RELACIONADAS AL ROL DE LA ENTIDAD,9000.0,Compromiso
2026,1028,3,S,2054,2026-03-27,10741283102,GUERRERO CHINCHAY ELENA NICOLE,106,CONTRATO MENOR,CM,,SERVICIO DE AUXILIAR ADMINISTRATIVO PARA LA COMISION DE INFRAESTRUCTURA,2324,18,2.3. 2  9. 1  1,LOCACION DE SERVICIOS REALIZADOS POR PERSONAS NATURALES RELACIONADAS AL ROL DE LA ENTIDAD,10500.0,Compromiso
2026,1028,3,S,2055,2026-03-27,10430947279,NEIRA GOLAC WILLIAM ABEL,106,CONTRATO MENOR,CM,,"SERVICIO DE RECEPCION, ELABORACION Y ARCHIVO DE DOCUMENTOS PARA LA COMISION DE INFRAESTRUCTURA",2325,18,2.3. 2  9. 1  1,LOCACION DE SERVICIOS REALIZADOS POR PERSONAS NATURALES RELACIONADAS AL ROL DE LA ENTIDAD,13500.0,Compromiso
2026,1028,3,S,2056,2026-03-27,10462394671,RAMOS FLORES YHONY,106,CONTRATO MENOR,CM,,SERVICIO DE ASISTENCIA TÉCNICA ADMINISTRATIVA PARA LA COMISIÓN DE ADMINISTRACION REGIONAL DEL CONSEJ,2316,18,2.3. 2  9. 1  1,LOCACION DE SERVICIOS REALIZADOS POR PERSONAS NATURALES RELACIONADAS AL ROL DE LA ENTIDAD,12000.0,Compromiso
2026,1028,3,S,2057,2026-03-27,10429286781,ZEVALLOS MATOS CAROL GUISELLE,106,CONTRATO MENOR,CM,,SERVICIO ESPECIALIZADO EN CONTROL Y GESTIÓN DE PROCESOS OPERATIVOS ADMINISTRATIVOS PARA LA COMISIÓN,2317,18,2.3. 2  9. 1  1,LOCACION DE SERVICIOS REALIZADOS POR PERSONAS NATURALES RELACIONADAS AL ROL DE LA ENTIDAD,21000.0,Compromiso
2026,1028,3,S,2058,2026-03-27,10473426086,SANCHEZ PEREZ LOURDES DIANA MERCEDES,106,CONTRATO MENOR,CM,,SERVICIO ESPECIALIZADO EN GESTIÓN PÚBLICA PARA LA COMISIÓN DE ADMINISTRACION REGIONAL DEL CONSEJO RE,2318,18,2.3. 2  9. 1  1,LOCACION DE SERVICIOS REALIZADOS POR PERSONAS NATURALES RELACIONADAS AL ROL DE LA ENTIDAD,21000.0,Compromiso
2026,1028,3,S,2059,2026-03-27,10724461986,ALARCON YDROGO XIOMARA VALERIA,106,CONTRATO MENOR,CM,,SERVICIO DE AUXILIAR ADMINISTRATIVO PARA LA COMISIÓN DE ADMINISTRACION REGIONAL DEL CONSEJO REGIONAL,2319,18,2.3. 2  9. 1  1,LOCACION DE SERVICIOS REALIZADOS POR PERSONAS NATURALES RELACIONADAS AL ROL DE LA ENTIDAD,10500.0,Compromiso
2026,1028,3,S,2060,2026-03-27,10707562612,AZURZA JANAMPA RONALD ROMARIO,106,CONTRATO MENOR,CM,,SERVICIO DE ORGANIZACIÓN DE DOCUMENTACION DE ARCHIVOS PARA LA COMISIÓN DE ADMINISTRACION REGIONAL DE,2320,18,2.3. 2  9. 1  1,LOCACION DE SERVICIOS REALIZADOS POR PERSONAS NATURALES RELACIONADAS AL ROL DE LA ENTIDAD,10500.0,Compromiso
2026,1028,3,S,2061,2026-03-30,10476382233,BLAZ MANCHEGO CARMEN KATLEEN,106,CONTRATO MENOR,CM,,SERVICIO DE ASISTENCIA EN LA ELABORACIÓN DE DOCUMENTOS ADMINISTRATIVOS II,2326,9,2.3. 2  9. 1  1,LOCACION DE SERVICIOS REALIZADOS POR PERSONAS NATURALES RELACIONADAS AL ROL DE LA ENTIDAD,36000.0,Compromiso
2026,1028,3,S,2062,2026-03-30,10436757056,ARCE SALAZAR YANIRA LISBETH,106,CONTRATO MENOR,CM,,SERVICIO DE ORIENTADOR VII,2327,9,2.3. 2  9. 1  1,LOCACION DE SERVICIOS REALIZADOS POR PERSONAS NATURALES RELACIONADAS AL ROL DE LA ENTIDAD,36000.0,Compromiso
2026,1028,3,S,2063,2026-03-30,10425567611,VASQUEZ QUISPE LILIANA MARIBEL,106,CONTRATO MENOR,CM,,SERVICIO DE ORIENTADOR VIII,2328,9,2.3. 2  9. 1  1,LOCACION DE SERVICIOS REALIZADOS POR PERSONAS NATURALES RELACIONADAS AL ROL DE LA ENTIDAD,36000.0,Compromiso
2026,1028,3,S,2064,2026-03-30,10181581072,RODRIGUEZ ROJAS OSCAR ABEL,106,CONTRATO MENOR,CM,,SERVICIO DE ORIENTADOR IX,2329,9,2.3. 2  9. 1  1,LOCACION DE SERVICIOS REALIZADOS POR PERSONAS NATURALES RELACIONADAS AL ROL DE LA ENTIDAD,30000.0,Compromiso
2026,1028,3,S,2065,2026-03-30,10079733453,TONG HURTADO  TEODORO FEDERICO,106,CONTRATO MENOR,CM,,SERVICIO DE ASISTENCIA TECNICA EN GESTION DE PROCESOS ADMINISTRATIVOS PARA LA COMISION DE LA MUJER D,2330,18,2.3. 2  9. 1  1,LOCACION DE SERVICIOS REALIZADOS POR PERSONAS NATURALES RELACIONADAS AL ROL DE LA ENTIDAD,21000.0,Compromiso
2026,1028,3,S,2066,2026-03-30,10726706633,SALAS PEREZ DAPHNE PATRICIA,106,CONTRATO MENOR,CM,,SERVICIO DE ASISTENCIA TECNICA EN ATENCION DE CONSULTAS DE USUARIOS,2345,18,2.3. 2  9. 1  1,LOCACION DE SERVICIOS REALIZADOS POR PERSONAS NATURALES RELACIONADAS AL ROL DE LA ENTIDAD,15000.0,Compromiso
2026,1028,3,S,2067,2026-03-30,10429154575,SAAVEDRA MARTINEZ MARTIN ALEJANDRO,106,CONTRATO MENOR,CM,,SERVICIO ESPECIALIZADO EN TEMAS DE DERECHO,2346,13,2.3. 2  9. 1  1,LOCACION DE SERVICIOS REALIZADOS POR PERSONAS NATURALES RELACIONADAS AL ROL DE LA ENTIDAD,13500.0,Compromiso
2026,1028,3,S,2068,2026-03-30,10766011298,PACHECO SOTOMAYOR BRANDY ALEXSY,106,CONTRATO MENOR,CM,,SERVICIO DE ASISTENCIA LEGAL EN PROCEDIMIENTO ADMINISTRATIVO,2347,18,2.3. 2  9. 1  1,LOCACION DE SERVICIOS REALIZADOS POR PERSONAS NATURALES RELACIONADAS AL ROL DE LA ENTIDAD,6000.0,Compromiso
2026,1028,3,S,2069,2026-03-30,10410779841,PRADO NOMBERTO DANIEL HUMBERTO,106,CONTRATO MENOR,CM,,SERVICIO DE COORDINACION DE LOGISTICIA,2348,13,2.3. 2  9. 1  1,LOCACION DE SERVICIOS REALIZADOS POR PERSONAS NATURALES RELACIONADAS AL ROL DE LA ENTIDAD,12000.0,Compromiso
2026,1028,3,S,2070,2026-03-30,20603956045,GRUPO LARA S.A.C.,106,CONTRATO MENOR,CM,,SERVICIO DE DIFUSIÓN POR PERIFONEO PARA LA EVENTO PRESUPUESTO PARTICIPATIVO 2027,2336,18,2.3. 2  7.11 99,SERVICIOS DIVERSOS,28500.0,Compromiso
2026,1028,3,S,2071,2026-03-30,10445415214,TICONA VILCA EDSON JOSE,106,CONTRATO MENOR,CM,,SERVICIO ESPECIALIZADO EN TEMAS DE PRESUPUESTO,2349,18,2.3. 2  9. 1  1,LOCACION DE SERVICIOS REALIZADOS POR PERSONAS NATURALES RELACIONADAS AL ROL DE LA ENTIDAD,6000.0,Compromiso
2026,1028,3,S,2072,2026-03-30,10726133510,TORANZO CHUMBES DAVID EDUARDO,106,CONTRATO MENOR,CM,,SERVICIO ESPECIALIZADO EN REDES DE COMUNICACIÓN,2350,18,2.3. 2  9. 1  1,LOCACION DE SERVICIOS REALIZADOS POR PERSONAS NATURALES RELACIONADAS AL ROL DE LA ENTIDAD,4400.0,Compromiso
2026,1028,3,S,2073,2026-03-30,10763746751,HUAMAN FLORES SHENZY MAYLE,106,CONTRATO MENOR,CM,,SERVICIO DE ORGANIZACIÓN DE ARCHIVO FISICO Y VIRTUAL,2351,18,2.3. 2  9. 1  1,LOCACION DE SERVICIOS REALIZADOS POR PERSONAS NATURALES RELACIONADAS AL ROL DE LA ENTIDAD,4000.0,Compromiso
2026,1028,3,S,2074,2026-03-30,10255750343,POLO ROMAN JORGE LUIS,106,CONTRATO MENOR,CM,,SERVICIO DE COORDINACIÓN ADMINISTRATIVA,2352,13,2.3. 2  9. 1  1,LOCACION DE SERVICIOS REALIZADOS POR PERSONAS NATURALES RELACIONADAS AL ROL DE LA ENTIDAD,12000.0,Compromiso
2026,1028,3,S,2075,2026-03-30,10419741430,CAYA SALAZAR LUIS MIGUEL,106,CONTRATO MENOR,CM,,"SERVICIO ESPECIALIZADO EN TEMAS DE DERECHO PARA LA COMISION DE DEFENSA NACIONAL,  DEFENSA CIVIL Y SE",2337,18,2.3. 2  9. 1  1,LOCACION DE SERVICIOS REALIZADOS POR PERSONAS NATURALES RELACIONADAS AL ROL DE LA ENTIDAD,21000.0,Compromiso
2026,1028,3,S,2076,2026-03-30,10085124311,CORTEZ HEREDIA LILI CARLOTA,106,CONTRATO MENOR,CM,,"SERVICIO ESPECIALIZADO EN GESTIÓN DE PROCESOS ADMINISTRATIVOS  PARA LA COMISION DE DEFENSA NACIONAL,",2338,18,2.3. 2  9. 1  1,LOCACION DE SERVICIOS REALIZADOS POR PERSONAS NATURALES RELACIONADAS AL ROL DE LA ENTIDAD,21000.0,Compromiso
2026,1028,3,S,2077,2026-03-30,10433840629,CASTILLO OJEDA JOSE LUIS,106,CONTRATO MENOR,CM,,"SERVICIO ESPECIALIZADO EN TEMAS DE SEGURIDAD CIUDADANA  PARA LA COMISION DE DEFENSA NACIONAL,  DEFEN",2339,18,2.3. 2  9. 1  1,LOCACION DE SERVICIOS REALIZADOS POR PERSONAS NATURALES RELACIONADAS AL ROL DE LA ENTIDAD,21000.0,Compromiso
2026,1028,3,S,2078,2026-03-30,10728731392,VERA RIVAS RONALD,106,CONTRATO MENOR,CM,,SERVICIO DE ASISTENCIA TECNICA ADMINISTRATIVA - COORDINACION,2353,13,2.3. 2  9. 1  1,LOCACION DE SERVICIOS REALIZADOS POR PERSONAS NATURALES RELACIONADAS AL ROL DE LA ENTIDAD,18000.0,Compromiso
2026,1028,3,S,2079,2026-03-30,10432962259,CASTILLO ALATRISTA PAUL IVAN,106,CONTRATO MENOR,CM,,SERVICIO DE EJECUCIÓN Y MONITOREO DE LA GESTION ADMINISTRATIVA  PARA LA COMISION DE DEFENSA NACIONAL,2340,18,2.3. 2  9. 1  1,LOCACION DE SERVICIOS REALIZADOS POR PERSONAS NATURALES RELACIONADAS AL ROL DE LA ENTIDAD,12000.0,Compromiso
2026,1028,3,S,2080,2026-03-30,10420196666,CORREA OLIVA SAULO DE TARSO ALONSO,106,CONTRATO MENOR,CM,,SERVICIO DE SEGUIMIENTO Y MONITOREO DE LA EJECUCION PRESUPUESTAL,2354,18,2.3. 2  9. 1  1,LOCACION DE SERVICIOS REALIZADOS POR PERSONAS NATURALES RELACIONADAS AL ROL DE LA ENTIDAD,6000.0,Compromiso
2026,1028,3,S,2081,2026-03-30,10088150223,SOLLER RODRIGUEZ SEGUNDO FILOMENO,106,CONTRATO MENOR,CM,,SERVICIO DE GESTION Y SEGUIMIENTO DE ACTIVIDADES ADMINISTRATIVAS,2355,18,2.3. 2  9. 1  1,LOCACION DE SERVICIOS REALIZADOS POR PERSONAS NATURALES RELACIONADAS AL ROL DE LA ENTIDAD,12000.0,Compromiso
2026,1028,3,S,2082,2026-03-30,10467973644,PASTOR DE LA CRUZ  SANCHEZ LUIS ANTONIO,106,CONTRATO MENOR,CM,,SERVICIO DE ADMINISTRACION Y GESTION DE PROCESOS DE SEGURIDAD Y SALUD EN EL TRABAJO,2356,18,2.3. 2  9. 1  1,LOCACION DE SERVICIOS REALIZADOS POR PERSONAS NATURALES RELACIONADAS AL ROL DE LA ENTIDAD,5000.0,Compromiso
2026,1028,3,S,2083,2026-03-30,10092246421,LAVADO SINCHE MAXIMO ANTONIO,106,CONTRATO MENOR,CM,,SERVICIO ESPECIALIZADO EN MATERIA LEGAL PARA LA COMISION DE LA MUJER DEL CONSEJO REGIONAL DEL GOBIER,2341,18,2.3. 2  9. 1  1,LOCACION DE SERVICIOS REALIZADOS POR PERSONAS NATURALES RELACIONADAS AL ROL DE LA ENTIDAD,21000.0,Compromiso
2026,1028,3,S,2084,2026-03-30,10401801362,RAMOS TIMOTEO SUSANA LISBET,106,CONTRATO MENOR,CM,,SERVICIO ESPECIALIZADO EN TEMAS DE DERECHO PARA LA COMISION DE LA MUJER DEL CONSEJO REGIONAL DEL GOB,2342,18,2.3. 2  9. 1  1,LOCACION DE SERVICIOS REALIZADOS POR PERSONAS NATURALES RELACIONADAS AL ROL DE LA ENTIDAD,21000.0,Compromiso
2026,1028,3,S,2085,2026-03-30,10435012995,DELLEPIANE VASQUEZ NATALIA BEATRIZ,106,CONTRATO MENOR,CM,,SERVICIO DE GESTION Y SEGUIMIENTO DE  ACTIVIDADES  ADMINISTRATIVAS PARA LA COMISION DE LA MUJER,2343,18,2.3. 2  9. 1  1,LOCACION DE SERVICIOS REALIZADOS POR PERSONAS NATURALES RELACIONADAS AL ROL DE LA ENTIDAD,24000.0,Compromiso
2026,1028,3,S,2086,2026-03-30,10754470394,JIMENEZ MELENDEZ ALICIA KATHERINE,106,CONTRATO MENOR,CM,,SERVICIO DE SEGUIMIENTO Y ASISTENCIA DE ACTIVIDADES ADMINISTRATIVAS PARA LA COMISION DE LA MUJER DEL,2344,18,2.3. 2  9. 1  1,LOCACION DE SERVICIOS REALIZADOS POR PERSONAS NATURALES RELACIONADAS AL ROL DE LA ENTIDAD,15000.0,Compromiso
2026,1028,3,S,2087,2026-03-30,10730627624,SOLANO LOZANO MONICA ABIGAIL,106,CONTRATO MENOR,CM,,SERVICIO ESPECIALIZADO EN ASUNTOS LEGALES ADMINISTRATIVOS,2357,18,2.3. 2  9. 1  1,LOCACION DE SERVICIOS REALIZADOS POR PERSONAS NATURALES RELACIONADAS AL ROL DE LA ENTIDAD,10000.0,Compromiso
2026,1028,3,S,2088,2026-03-30,10439599184,CHAVEZ FLORES JHON COLVIT,106,CONTRATO MENOR,CM,,SERVICIO DE ASISTENCIA LEGAL EN DERECHO ADMINISTRATIVO,2358,18,2.3. 2  9. 1  1,LOCACION DE SERVICIOS REALIZADOS POR PERSONAS NATURALES RELACIONADAS AL ROL DE LA ENTIDAD,6000.0,Compromiso
2026,1028,3,S,2089,2026-03-30,10415932184,PAREDES RAMOS MARIA JUANA,106,CONTRATO MENOR,CM,,SERVICIO ESPECIALIZADO EN MATERIAL LEGAL,2359,13,2.3. 2  9. 1  1,LOCACION DE SERVICIOS REALIZADOS POR PERSONAS NATURALES RELACIONADAS AL ROL DE LA ENTIDAD,7500.0,Compromiso
2026,1028,3,S,2090,2026-03-30,10733034331,UZURIAGA VILLANUEVA JERICO FABRIZIO,106,CONTRATO MENOR,CM,,SERVICIO ESPECIALIZADO EN CIENCIAS DE LA COMUNICACIÓN,2360,18,2.3. 2  9. 1  1,LOCACION DE SERVICIOS REALIZADOS POR PERSONAS NATURALES RELACIONADAS AL ROL DE LA ENTIDAD,2500.0,Compromiso
2026,1028,3,S,2091,2026-03-30,10422619254,GONZALEZ VELARDE KARINA LEONOR,106,CONTRATO MENOR,CM,,SERVICIO DE ASISTENCIA EN LA ELABORACION DE DOCUMENTOS ADMINISTRTAIVOS,2361,18,2.3. 2  9. 1  1,LOCACION DE SERVICIOS REALIZADOS POR PERSONAS NATURALES RELACIONADAS AL ROL DE LA ENTIDAD,9000.0,Compromiso
2026,1028,3,S,2092,2026-03-30,10181880240,AVALOS OJEDA JOSE LUIS,106,CONTRATO MENOR,CM,,SERVICIO DE ANALISIS Y ELABORACIÓN  DE INFORMES EN TEMAS LEGALES PARA LA OFICINA DE RECURSOS HUMANOS,2366,18,2.3. 2  9. 1  1,LOCACION DE SERVICIOS REALIZADOS POR PERSONAS NATURALES RELACIONADAS AL ROL DE LA ENTIDAD,19500.0,Compromiso
2026,1028,3,S,2093,2026-03-30,10780226884,FIGUEROA NEIRA ALLISON ALANIS AXLEIDA,106,CONTRATO MENOR,CM,,SERVICIO DE CLASIFICACION ORDENAMIENTO E INVENTARIO DE SERIE DOCUMENTAL PARA LA GERENCIA REGIONAL,2367,18,2.3. 2  9. 1  1,LOCACION DE SERVICIOS REALIZADOS POR PERSONAS NATURALES RELACIONADAS AL ROL DE LA ENTIDAD,4000.0,Compromiso
2026,1028,3,S,2094,2026-03-30,10705841603,RODRIGUEZ QUISPE JESUS ALBERTO,106,CONTRATO MENOR,CM,,"SERVICIO DE ORDENAMIENTO DE BIENES PATRIMONIALES PARA LA GERENCIA REGIONAL DE EDUCACIÓN, CULTURA Y",2368,18,2.3. 2  9. 1  1,LOCACION DE SERVICIOS REALIZADOS POR PERSONAS NATURALES RELACIONADAS AL ROL DE LA ENTIDAD,4000.0,Compromiso
2026,1028,3,S,2095,2026-03-30,10460622668,MATTA MIÑAN ALEXANDER,106,CONTRATO MENOR,CM,,SERVICIO ESPECIALIZADO EN CONTROL Y GESTIÓN DE PROCESOS OPERATIVOS ADMINISTRATIVOS II PARA LA GERENCIA REGIONAL DE DESARROLLO ECONOMICO.,2369,18,2.3. 2  9. 1  1,LOCACION DE SERVICIOS REALIZADOS POR PERSONAS NATURALES RELACIONADAS AL ROL DE LA ENTIDAD,6000.0,Compromiso
2026,1028,3,S,2096,2026-03-31,10749291040,MENAUT NAVARRO KYARA ANTUANET,106,CONTRATO MENOR,CM,,SERVICIO DE COFFE BREAK PARA LA SIMULACIÓN REGIONAL MULTIPELIGRO,2370,18,2.3. 2  7.11  5,SERVICIOS DE ALIMENTACION DE CONSUMO HUMANO,6500.0,Compromiso
2026,1028,3,S,2097,2026-03-31,10477231611,PEREZ YLATOMA ESTRELLITA DEILIT,106,CONTRATO MENOR,CM,,SERVICIO TECNICO ADMINISTRATIVO PARA LA PRIORIZACIÓN DE CADENAS PRODUCTIVAS PARA LA GERENCIA REGIONAL DE DESARROLLO ECONOMICO.,2386,18,2.3. 2  9. 1  1,LOCACION DE SERVICIOS REALIZADOS POR PERSONAS NATURALES RELACIONADAS AL ROL DE LA ENTIDAD,5000.0,Compromiso
2026,1028,3,S,2098,2026-03-31,10478412377,PICHARDE SOTELO YOSELIN,106,CONTRATO MENOR,CM,,SERVICIO DE AUXILIAR ADMINISTRATIVO PARA LA GERENCIA REGIONAL DE DESARROLLO ECONOMICO.,2387,18,2.3. 2  9. 1  1,LOCACION DE SERVICIOS REALIZADOS POR PERSONAS NATURALES RELACIONADAS AL ROL DE LA ENTIDAD,3500.0,Compromiso
2026,1028,3,S,2099,2026-03-31,10721638788,LAGOS CAHUANA CARLOS EMANUEL,106,CONTRATO MENOR,CM,,SERVICIO TECNICO EN GESTION ADMINISTRATIVA PARA LA GERENCIA REGIONAL DE DESARROLLO ECONOMICO I.,2388,18,2.3. 2  9. 1  1,LOCACION DE SERVICIOS REALIZADOS POR PERSONAS NATURALES RELACIONADAS AL ROL DE LA ENTIDAD,4000.0,Compromiso
2026,1028,3,S,2100,2026-03-31,10703321653,CORDOVA CCASO CHIRLEY RUBI,106,CONTRATO MENOR,CM,,SERVICIO TECNICO EN GESTION ADMINISTRATIVA PARA LA GERENCIA REGIONAL DE DESARROLLO ECONOMICO II.,2389,18,2.3. 2  9. 1  1,LOCACION DE SERVICIOS REALIZADOS POR PERSONAS NATURALES RELACIONADAS AL ROL DE LA ENTIDAD,4000.0,Compromiso
2026,1028,3,S,2101,2026-03-31,10802597857,JIMENEZ GRADOS JORGE LUIS,106,CONTRATO MENOR,CM,,SERVICIO ESPECIALIZADO EN GESTIÓN DE MANTENIMIENTO II PARA LA UNIDAD DE SERVICIOS GENERALES Y VEHICULOS LIVIANOS.,2390,18,2.3. 2  9. 1  1,LOCACION DE SERVICIOS REALIZADOS POR PERSONAS NATURALES RELACIONADAS AL ROL DE LA ENTIDAD,9000.0,Compromiso
2026,1028,3,S,2102,2026-03-31,10086872795,ARREDONDO GARCIA PEDRO ANTONIO,106,CONTRATO MENOR,CM,,SERVICIO DE CONDUCCION DE VEHICULO XII PARA LA UNIDAD DE SERVICIOS GENERALES Y VEHICULOS LIVIANOS.,2391,18,2.3. 2  9. 1  1,LOCACION DE SERVICIOS REALIZADOS POR PERSONAS NATURALES RELACIONADAS AL ROL DE LA ENTIDAD,9600.0,Compromiso
2026,1028,3,S,2103,2026-03-31,20467534026,AMERICA MOVIL PERU S.A.C.,106,CONTRATO MENOR,CM,,CONTRATACIÓN DEL SERVICIO DE TELEFONÍA MÓVIL CON INTERNET PARA LAS GERENCIAS Y OFICINAS DEL GOBIERNO REGIONAL DEL CALLAO,2375,0,2.3. 2  2. 2  1,SERVICIO DE TELEFONIA MOVIL,8807.4,Compromiso
2026,1028,3,S,2104,2026-03-31,20612254771,NEGOCIOS & INVERSIONES TRADING M E.I.R.L,106,CONTRATO MENOR,CM,,"SERVICIO DE SHOW ARTÍSTICO, ALQUILER DE JUEGOS INFLABLES Y SANITARIO PORTÁTIL",2376,18,2.3. 2  5. 1 99,DE OTROS BIENES Y ACTIVOS,6000.0,Compromiso
2026,1028,3,S,2104,2026-03-31,20612254771,NEGOCIOS & INVERSIONES TRADING M E.I.R.L,106,CONTRATO MENOR,CM,,"SERVICIO DE SHOW ARTÍSTICO, ALQUILER DE JUEGOS INFLABLES Y SANITARIO PORTÁTIL",2376,18,2.3. 2  5. 1  4,DE MAQUINARIAS Y EQUIPOS,5000.0,Compromiso
2026,1028,3,S,2104,2026-03-31,20612254771,NEGOCIOS & INVERSIONES TRADING M E.I.R.L,106,CONTRATO MENOR,CM,,"SERVICIO DE SHOW ARTÍSTICO, ALQUILER DE JUEGOS INFLABLES Y SANITARIO PORTÁTIL",2376,18,2.3. 2  7.10  1,"SEMINARIOS ,TALLERES Y SIMILARES ORGANIZADOS POR LA  INSTITUCION",11000.0,Compromiso
2026,1028,3,S,2105,2026-03-31,20608136691,EFICASERVIX E.I.R.L.,106,CONTRATO MENOR,CM,,"SERVICIO DE ALQUILER DE ESCENARIO, EQUIPO ELECTRÓGENO Y EQUIPO DE SONIDO",2377,18,2.3. 2  5. 1  4,DE MAQUINARIAS Y EQUIPOS,13000.0,Compromiso
2026,1028,3,S,2105,2026-03-31,20608136691,EFICASERVIX E.I.R.L.,106,CONTRATO MENOR,CM,,"SERVICIO DE ALQUILER DE ESCENARIO, EQUIPO ELECTRÓGENO Y EQUIPO DE SONIDO",2377,18,2.3. 2  5. 1 99,DE OTROS BIENES Y ACTIVOS,10000.0,Compromiso
2026,1028,3,S,2106,2026-03-31,10062321356,GARCIA PEREZ JULIO AGUSTIN,106,CONTRATO MENOR,CM,,SERVICIO DE DIGITALIZCIÓN Y ORGANIZACIÓN DE DOCUMENTACIÓN PARA LA OFICINA DE RECURSOS HUMANOS.,2379,18,2.3. 2  9. 1  1,LOCACION DE SERVICIOS REALIZADOS POR PERSONAS NATURALES RELACIONADAS AL ROL DE LA ENTIDAD,9477.0,Compromiso
2026,1028,3,S,2107,2026-03-31,10408691198,VEGA ARRASCUE NOA HIPATIA,106,CONTRATO MENOR,CM,,SERVICIO DE ASISTENCIA TECNICA ADMINISTRATIVA PARA LA COMISION DE DESARROLLO SOCIAL DEL CONSEJO REGI,2380,18,2.3. 2  9. 1  1,LOCACION DE SERVICIOS REALIZADOS POR PERSONAS NATURALES RELACIONADAS AL ROL DE LA ENTIDAD,15000.0,Compromiso
2026,1028,3,S,2108,2026-03-31,10108345727,ZUÑIGA MORALES PATRICIA MARLENE,106,CONTRATO MENOR,CM,,SERVICIO ESPECIALIZADO EN GESTION PUBLICA PARA LA COMISION DE DESARROLLO SOCIAL DEL CONSEJO REGIONAL,2381,18,2.3. 2  9. 1  1,LOCACION DE SERVICIOS REALIZADOS POR PERSONAS NATURALES RELACIONADAS AL ROL DE LA ENTIDAD,24000.0,Compromiso
2026,1028,3,S,2109,2026-03-31,10705161017,SOLARI CARNERO DIEGO AUGUSTO,106,CONTRATO MENOR,CM,,SERVICIO ESPECIALIZADO EN MATERIA LEGAL PARA GRDS - DOS ENTREGABLES 2026,2538,18,2.3. 2  9. 1  1,LOCACION DE SERVICIOS REALIZADOS POR PERSONAS NATURALES RELACIONADAS AL ROL DE LA ENTIDAD,12000.0,Compromiso
2026,1028,3,S,2110,2026-03-31,10708293917,CABANA MENDEZ LINDA FLOR,106,CONTRATO MENOR,CM,,SERVICIO DE COORDINACION DE COMUNICACIONES PARA LA COMISION DE DESARROLLO SOCIAL DEL CONSEJO REGIONA,2382,18,2.3. 2  9. 1  1,LOCACION DE SERVICIOS REALIZADOS POR PERSONAS NATURALES RELACIONADAS AL ROL DE LA ENTIDAD,9000.0,Compromiso
2026,1028,3,S,2111,2026-03-31,10702676407,PARIONA CHAVEZ LETICIA NAHOMI,106,CONTRATO MENOR,CM,,SERVICIO DE ASISTENCIA TECNICA LEGAL PARA LA COMISION DE DESARROLLO SOCIAL DEL CONSEJO REGIONAL DEL,2383,18,2.3. 2  9. 1  1,LOCACION DE SERVICIOS REALIZADOS POR PERSONAS NATURALES RELACIONADAS AL ROL DE LA ENTIDAD,9000.0,Compromiso
2026,1028,3,S,2112,2026-03-31,10257754770,GARAY BRAVO LILIAN,106,CONTRATO MENOR,CM,,SERVICIO DE AUXILIAR ADMINISTRATIVO PARA LA COMISION DE DESARROLLO SOCIAL DEL CONSEJO REGIONAL,2384,18,2.3. 2  9. 1  1,LOCACION DE SERVICIOS REALIZADOS POR PERSONAS NATURALES RELACIONADAS AL ROL DE LA ENTIDAD,9000.0,Compromiso
2026,1028,3,S,2113,2026-03-31,10458770021,MAGUIÑO CASAPINO RUTH ABIGAIL,106,CONTRATO MENOR,CM,,"SERVICIO DE RECEPCION, REGISTRO Y ORGANIZACIÓN DE DOCUMENTOS PARA LA COMISION DE DESARROLLO SOCIAL",2385,18,2.3. 2  9. 1  1,LOCACION DE SERVICIOS REALIZADOS POR PERSONAS NATURALES RELACIONADAS AL ROL DE LA ENTIDAD,9000.0,Compromiso
2026,1028,3,S,2114,2026-03-31,10773703715,FIGUEROA NEIRA DVALESHKA GIHA ALEXANDRA,106,CONTRATO MENOR,CM,,"SERVICIO DE MOTIVACION Y SENSIBILIZACION (APOYO DE PROMOTOR DE DEFENSA CIVIL Y SENSIBILIZACIÓN PARTICIPATIVA III) DE LA GERENCIA REGIONAL DE DEFENSA NACIONAL, DEFENSA CIVIL Y SEGURIDAD CIUDADANA.",2393,18,2.3. 2  9. 1  1,LOCACION DE SERVICIOS REALIZADOS POR PERSONAS NATURALES RELACIONADAS AL ROL DE LA ENTIDAD,4500.0,Compromiso
2026,1028,3,S,2115,2026-03-31,10458551087,MORI VILLEGAS JOSE ESTUARDO,106,CONTRATO MENOR,CM,,"SERVICIO ESPECIALIZADO LEGAL EN PROCEDIMIENTOS ADMINISTRATIVOS, PARA LA OFICINA DE AGRICULTURA Y PRODUCCION DE LA GERENCIA REGIONAL DE DESARROLLO ECONOMICO DEL GOBIERNO REGIONAL DEL CALLAO.",2394,18,2.3. 2  9. 1  1,LOCACION DE SERVICIOS REALIZADOS POR PERSONAS NATURALES RELACIONADAS AL ROL DE LA ENTIDAD,13000.0,Compromiso
2026,1028,3,S,2116,2026-03-31,10456205505,CASTRO QUIÑONES KARINA,106,CONTRATO MENOR,CM,,SERVICIO ESPECIALIZADO EN PROYECTOS DE INVERSION .,2549,18,2.3. 2  9. 1  1,LOCACION DE SERVICIOS REALIZADOS POR PERSONAS NATURALES RELACIONADAS AL ROL DE LA ENTIDAD,7000.0,Compromiso
2026,1028,3,S,2117,2026-03-31,10711223563,HARO DOMINGUEZ ANGEL GUILLERMO,106,CONTRATO MENOR,CM,,SERVICIO DE ARQUITECTURA DE PROYECTOS..,2403,18,2.3. 2  9. 1  1,LOCACION DE SERVICIOS REALIZADOS POR PERSONAS NATURALES RELACIONADAS AL ROL DE LA ENTIDAD,16000.0,Compromiso
2026,1028,3,S,2118,2026-03-31,10748887747,CURI GUTIERREZ CRISTIAN ANDRES,106,CONTRATO MENOR,CM,,SERVICIO DE ARQUITECTURA DE PROYECTOS.,2404,18,2.3. 2  9. 1  1,LOCACION DE SERVICIOS REALIZADOS POR PERSONAS NATURALES RELACIONADAS AL ROL DE LA ENTIDAD,8000.0,Compromiso
2026,1028,3,S,2119,2026-03-31,10736843361,SARMIENTO NAVARRO LORENA ALICIA,106,CONTRATO MENOR,CM,,SERVICIO DE ARQUITECTURA DE PROYECTOS.,2405,18,2.3. 2  9. 1  1,LOCACION DE SERVICIOS REALIZADOS POR PERSONAS NATURALES RELACIONADAS AL ROL DE LA ENTIDAD,16000.0,Compromiso
2026,1028,3,S,2120,2026-03-31,10700916273,CASTILLO ARAUCO JOSSELYN MARY,106,CONTRATO MENOR,CM,,SERVICIO ESPECIALIZADO EN INGENIERIA CIVIL .,2406,18,2.3. 2  9. 1  1,LOCACION DE SERVICIOS REALIZADOS POR PERSONAS NATURALES RELACIONADAS AL ROL DE LA ENTIDAD,16000.0,Compromiso
2026,1028,3,S,2121,2026-03-31,10700354429,HUAMAN RIVERA CHRISTRIAN VANNY FAYJOO,106,CONTRATO MENOR,CM,,SERVICIO DE GESTION ADMINISTRATIVA  .,2407,18,2.3. 2  9. 1  1,LOCACION DE SERVICIOS REALIZADOS POR PERSONAS NATURALES RELACIONADAS AL ROL DE LA ENTIDAD,10500.0,Compromiso
2026,1028,3,S,2122,2026-03-31,10702437887,CRUZADO MEJIA MAURO CESAR,106,CONTRATO MENOR,CM,,SERVICIO DE SEGUIMIENTO Y MONITOREO DE LAS OBRAS .,2408,18,2.3. 2  9. 1  1,LOCACION DE SERVICIOS REALIZADOS POR PERSONAS NATURALES RELACIONADAS AL ROL DE LA ENTIDAD,12000.0,Compromiso
2026,1028,3,S,2123,2026-03-31,10479970161,LOPEZ CABALLERO JHILDA LARIZA,106,CONTRATO MENOR,CM,,SERVICIO DE GESTION ADMINISTRATIVA  .,2409,18,2.3. 2  9. 1  1,LOCACION DE SERVICIOS REALIZADOS POR PERSONAS NATURALES RELACIONADAS AL ROL DE LA ENTIDAD,10500.0,Compromiso
2026,1028,3,S,2124,2026-03-31,10701353493,ARAUCO SOCUALAYA JEFF NELSON,106,CONTRATO MENOR,CM,,SERVICIO DE ASISTENCIA DE OBRAS .,2410,18,2.3. 2  9. 1  1,LOCACION DE SERVICIOS REALIZADOS POR PERSONAS NATURALES RELACIONADAS AL ROL DE LA ENTIDAD,9000.0,Compromiso
2026,1028,3,S,2125,2026-03-31,10765246232,YNCIL CCOISO JENNIFER NOEMI,106,CONTRATO MENOR,CM,,SERVICIO DE COORDINACION DE PROYECTOS .,2411,18,2.3. 2  9. 1  1,LOCACION DE SERVICIOS REALIZADOS POR PERSONAS NATURALES RELACIONADAS AL ROL DE LA ENTIDAD,8000.0,Compromiso
