ANO_EJE,SEC_EJEC,MES_CALEND,TIPO_BIEN,NRO_ORDEN,FECHA_ORDEN,NRO_RUC,NOMBRE_PROV,TIPO_PROCESO,DESCRIPCION,DESCRIPCION_ABREVIADA,NRO_PROC_SEL,CONCEPTO,EXP_SIAF,FUENTE_FINANC,CLASIFICADOR,NOMBRE_CLASIFICADOR,TOTAL_FACT_MONEDA,FASE_ORDEN
2026,1028,01,B,1,23/01/2026 00:00:00,20605776478,ALIGMOR S.A.C,106,CONTRATO MENOR,CM,.,ADQUISICION DE SE•ALES Y EQUIPOS DE SEGURIDAD PARA EL ESTADIO MIGUEL GRAU,49,18,2.3. 1 11. 1  1,PARA EDIFICIOS Y ESTRUCTURAS,750.00,Compromiso
2026,1028,01,B,1,23/01/2026 00:00:00,20605776478,ALIGMOR S.A.C,106,CONTRATO MENOR,CM,.,ADQUISICION DE SE•ALES Y EQUIPOS DE SEGURIDAD PARA EL ESTADIO MIGUEL GRAU,49,18,2.6. 3  2. 9  3,SEGURIDAD INDUSTRIAL,5340.00,Compromiso
2026,1028,01,B,1,23/01/2026 00:00:00,20605776478,ALIGMOR S.A.C,106,CONTRATO MENOR,CM,.,ADQUISICION DE SE•ALES Y EQUIPOS DE SEGURIDAD PARA EL ESTADIO MIGUEL GRAU,49,18,2.3. 1  5. 4  1,"ELECTRICIDAD, ILUMINACION Y ELECTRONICA",2596.00,Compromiso
2026,1028,01,B,1,23/01/2026 00:00:00,20605776478,ALIGMOR S.A.C,106,CONTRATO MENOR,CM,.,ADQUISICION DE SE•ALES Y EQUIPOS DE SEGURIDAD PARA EL ESTADIO MIGUEL GRAU,49,18,2.3. 1  6. 1  4,DE SEGURIDAD,3600.00,Compromiso
2026,1028,01,B,1,23/01/2026 00:00:00,20605776478,ALIGMOR S.A.C,106,CONTRATO MENOR,CM,.,ADQUISICION DE SE•ALES Y EQUIPOS DE SEGURIDAD PARA EL ESTADIO MIGUEL GRAU,49,18,2.3. 1 99. 1 99,OTROS BIENES,500.00,Compromiso
2026,1028,01,B,1,23/01/2026 00:00:00,20605776478,ALIGMOR S.A.C,106,CONTRATO MENOR,CM,.,ADQUISICION DE SE•ALES Y EQUIPOS DE SEGURIDAD PARA EL ESTADIO MIGUEL GRAU,49,18,2.6. 3  2. 1  2,MOBILIARIO,2700.00,Compromiso
2026,1028,01,B,2,30/01/2026 00:00:00,20611045566,LOGOS Y SERVICIOS E.I.R.L.,106,CONTRATO MENOR,CM,,ADQUISICI‡N DE VESTUARIO PARA LOS TALLERES DEPORTIVOS PARA LAS ACTIVIDADES DEPORTIVAS Y RECREATIVAS EN LA POBLACI‡N CHALACA PARA LA OFICINA DE ADMINISTRACI‡N DE VILLAS REGIONALES,194,18,2.3. 1  2. 1  1,"VESTUARIO, ACCESORIOS Y PRENDAS DIVERSAS",42240.00,Compromiso
2026,1028,02,B,3,26/02/2026 00:00:00,20612274747,CORPORACION K&M FERNANDEZ S.A.C,106,CONTRATO MENOR,CM,,ADQUISICI‡N DE MATERIAL PUBLICITARIO,486,18,2.3. 1  2. 1  2,TEXTILES Y ACABADOS TEXTILES,630.00,Compromiso
2026,1028,02,B,3,26/02/2026 00:00:00,20612274747,CORPORACION K&M FERNANDEZ S.A.C,106,CONTRATO MENOR,CM,,ADQUISICI‡N DE MATERIAL PUBLICITARIO,486,18,2.3. 1 99. 1  3,"LIBROS, DIARIOS, REVISTAS Y OTROS BIENES IMPRESOS NO VINCULADOS A ENSE•ANZA",4390.00,Compromiso
2026,1028,02,B,3,26/02/2026 00:00:00,20612274747,CORPORACION K&M FERNANDEZ S.A.C,106,CONTRATO MENOR,CM,,ADQUISICI‡N DE MATERIAL PUBLICITARIO,486,18,2.3. 1  5. 1  2,"PAPELERIA EN GENERAL, UTILES Y MATERIALES DE OFICINA",2380.00,Compromiso
2026,1028,03,B,4,03/03/2026 00:00:00,20609033704,GENARITA SERVICE E.I.R.L.,106,CONTRATO MENOR,CM,,ADQUISICI‡N DE MATERIAL IMPRESO PARA EL DESARROLLO,575,18,2.3. 1 99. 1  3,"LIBROS, DIARIOS, REVISTAS Y OTROS BIENES IMPRESOS NO VINCULADOS A ENSE•ANZA",22950.00,Compromiso
2026,1028,03,B,5,03/03/2026 00:00:00,10089501372,SANCHEZ VILLANUEVA DANIEL,106,CONTRATO MENOR,CM,,ADQUISICI‡N DE SOUVENIRS PARA EL DESARROLLO,576,18,2.3. 1  2. 1  1,"VESTUARIO, ACCESORIOS Y PRENDAS DIVERSAS",19250.00,Compromiso
2026,1028,03,B,5,03/03/2026 00:00:00,10089501372,SANCHEZ VILLANUEVA DANIEL,106,CONTRATO MENOR,CM,,ADQUISICI‡N DE SOUVENIRS PARA EL DESARROLLO,576,18,2.3. 1 99. 1 99,OTROS BIENES,7500.00,Compromiso
2026,1028,03,B,6,03/03/2026 00:00:00,20606535679,REPRESENTACIONES AYLLU E.I.R.L.,106,CONTRATO MENOR,CM,,ADQUISICI‡N DE S÷MBOLOS Y DISTINTIVOS PARA EL DESARROLLO,577,18,2.3. 1  2. 1  1,"VESTUARIO, ACCESORIOS Y PRENDAS DIVERSAS",7000.00,Compromiso
2026,1028,03,B,6,03/03/2026 00:00:00,20606535679,REPRESENTACIONES AYLLU E.I.R.L.,106,CONTRATO MENOR,CM,,ADQUISICI‡N DE S÷MBOLOS Y DISTINTIVOS PARA EL DESARROLLO,577,18,2.3. 1 99. 1 99,OTROS BIENES,1700.00,Compromiso
2026,1028,03,B,6,03/03/2026 00:00:00,20606535679,REPRESENTACIONES AYLLU E.I.R.L.,106,CONTRATO MENOR,CM,,ADQUISICI‡N DE S÷MBOLOS Y DISTINTIVOS PARA EL DESARROLLO,577,18,2.3. 1  5. 1  2,"PAPELERIA EN GENERAL, UTILES Y MATERIALES DE OFICINA",3000.00,Compromiso
2026,1028,03,B,6,03/03/2026 00:00:00,20606535679,REPRESENTACIONES AYLLU E.I.R.L.,106,CONTRATO MENOR,CM,,ADQUISICI‡N DE S÷MBOLOS Y DISTINTIVOS PARA EL DESARROLLO,577,18,2.3. 1 99. 1  4,"SIMBOLOS, DISTINTIVOS Y CONDECORACIONES",2800.00,Compromiso
2026,1028,03,B,6,03/03/2026 00:00:00,20606535679,REPRESENTACIONES AYLLU E.I.R.L.,106,CONTRATO MENOR,CM,,ADQUISICI‡N DE S÷MBOLOS Y DISTINTIVOS PARA EL DESARROLLO,577,18,2.3. 1 99. 1  3,"LIBROS, DIARIOS, REVISTAS Y OTROS BIENES IMPRESOS NO VINCULADOS A ENSE•ANZA",2000.00,Compromiso
2026,1028,03,B,7,03/03/2026 00:00:00,20608626558,SUMEZ SERVICIOS GENERALES S.A.C.,106,CONTRATO MENOR,CM,,ADQUISICI‡N DE ALIMENTOS Y BEBIDAS PARA EL DESARROLLO,578,18,2.3. 1  1. 1  1,ALIMENTOS Y BEBIDAS PARA CONSUMO HUMANO,36000.00,Compromiso
2026,1028,03,B,7,03/03/2026 00:00:00,20608626558,SUMEZ SERVICIOS GENERALES S.A.C.,106,CONTRATO MENOR,CM,,ADQUISICI‡N DE ALIMENTOS Y BEBIDAS PARA EL DESARROLLO,578,18,2.3. 1  5. 3  2,"DE COCINA, COMEDOR Y CAFETERIA",4500.00,Compromiso
2026,1028,03,B,8,03/03/2026 00:00:00,20604589160,INVERSIONES MORALES JHON & MARLENE S.A.C.,106,CONTRATO MENOR,CM,,ADQUISICI‡N DE KIT ACADêMICO PARA FORO PARA EL DESARROLLO,579,18,2.3. 1  2. 1  1,"VESTUARIO, ACCESORIOS Y PRENDAS DIVERSAS",6000.00,Compromiso
2026,1028,03,B,8,03/03/2026 00:00:00,20604589160,INVERSIONES MORALES JHON & MARLENE S.A.C.,106,CONTRATO MENOR,CM,,ADQUISICI‡N DE KIT ACADêMICO PARA FORO PARA EL DESARROLLO,579,18,2.3. 1 99. 1  3,"LIBROS, DIARIOS, REVISTAS Y OTROS BIENES IMPRESOS NO VINCULADOS A ENSE•ANZA",1250.00,Compromiso
2026,1028,03,B,8,03/03/2026 00:00:00,20604589160,INVERSIONES MORALES JHON & MARLENE S.A.C.,106,CONTRATO MENOR,CM,,ADQUISICI‡N DE KIT ACADêMICO PARA FORO PARA EL DESARROLLO,579,18,2.3. 1  5. 3  2,"DE COCINA, COMEDOR Y CAFETERIA",5600.00,Compromiso
2026,1028,03,B,8,03/03/2026 00:00:00,20604589160,INVERSIONES MORALES JHON & MARLENE S.A.C.,106,CONTRATO MENOR,CM,,ADQUISICI‡N DE KIT ACADêMICO PARA FORO PARA EL DESARROLLO,579,18,2.3. 1  5. 1  2,"PAPELERIA EN GENERAL, UTILES Y MATERIALES DE OFICINA",16400.00,Compromiso
2026,1028,03,B,9,03/03/2026 00:00:00,10775056601,HUAMAN GOMEZ KATTY PAOLA,106,CONTRATO MENOR,CM,,ADQUISICI‡N DE BOLSO DE DRILL TIPO MORRAL PARA EL DESARROLLO DE LA.SEMANA DE ACCIONES EN CONMEMORAC,580,18,2.3. 1  2. 1  1,"VESTUARIO, ACCESORIOS Y PRENDAS DIVERSAS",40000.00,Compromiso
2026,1028,03,B,10,03/03/2026 00:00:00,20604874158,LOGISTICA & SERVICIOS ISASOL S.A.C.,106,CONTRATO MENOR,CM,,ADQUISICI‡N DE TOMATODO DE ALUMINIO PARA EL DESARROLLO DE LA.SEMANA DE ACCIONES EN CONMEMORACI‡N DE,581,18,2.3. 1  5. 3  2,"DE COCINA, COMEDOR Y CAFETERIA",41250.00,Compromiso
2026,1028,03,B,11,04/03/2026 00:00:00,20603339542,CONVERSION INDUSTRIA PAPEL Y SEGURIDAD E.I.R.L.,106,CONTRATO MENOR,CM,,ADQUISICION DE HOJAS DE PAPEL SINTETICO MICROPOROSO Y LAMINAS DE SEGURIDAD PARA LA ACTIVIDAD OPERATI,590,09,2.3. 1  5. 1  2,"PAPELERIA EN GENERAL, UTILES Y MATERIALES DE OFICINA",43961.40,Compromiso
2026,1028,03,B,12,05/03/2026 00:00:00,10732138281,VEGA GARAY LUIS RICARDO,106,CONTRATO MENOR,CM,,ADQUISICION DE GIGANTOGRAFIAS,776,18,2.3. 1 99. 1  3,"LIBROS, DIARIOS, REVISTAS Y OTROS BIENES IMPRESOS NO VINCULADOS A ENSE•ANZA",8000.00,Compromiso
2026,1028,03,B,13,05/03/2026 00:00:00,20607848204,SKUNA ASOCIADOS S.A.C.,106,CONTRATO MENOR,CM,,ALIMENTOS Y BEBIDAS PARA CONSUMO HUMANO,775,18,2.3. 1  1. 1  1,ALIMENTOS Y BEBIDAS PARA CONSUMO HUMANO,2250.00,Compromiso
2026,1028,03,B,14,05/03/2026 00:00:00,10464408784,NAVARRO SKUTERUD FRANK JOHNNY,106,CONTRATO MENOR,CM,,"ADQUISICI‡N DE TOALLAS FELPA,",774,18,2.3. 1  5. 3  1,"ASEO, LIMPIEZA Y TOCADOR",4500.00,Compromiso
2026,1028,03,B,15,06/03/2026 00:00:00,10732138281,VEGA GARAY LUIS RICARDO,106,CONTRATO MENOR,CM,,ADQUISICION DE BOLSA NOTEX,868,18,2.3. 1  2. 1  2,TEXTILES Y ACABADOS TEXTILES,3000.00,Compromiso
2026,1028,03,B,16,06/03/2026 00:00:00,10464408784,NAVARRO SKUTERUD FRANK JOHNNY,106,CONTRATO MENOR,CM,,ADQUISICION DE TOMATODOS,869,18,2.3. 1 99. 1 99,OTROS BIENES,5400.00,Compromiso
2026,1028,03,B,17,09/03/2026 00:00:00,20613450328,CADEL SERVICE SOCIEDAD ANONIMA CERRADA,106,CONTRATO MENOR,CM,,ADQUISICON DE ALFOMBRA DE ALTO TRANSITO,918,18,2.3. 1  2. 1  2,TEXTILES Y ACABADOS TEXTILES,2500.00,Compromiso
2026,1028,03,B,19,09/03/2026 00:00:00,10732138281,VEGA GARAY LUIS RICARDO,106,CONTRATO MENOR,CM,,ADQUISICI‡N DE PUBLICIDAD (GIGANTOGRAFIAS Y MEDALLAS DE METAL),917,18,2.3. 1 99. 1  3,"LIBROS, DIARIOS, REVISTAS Y OTROS BIENES IMPRESOS NO VINCULADOS A ENSE•ANZA",250.00,Compromiso
2026,1028,03,B,19,09/03/2026 00:00:00,10732138281,VEGA GARAY LUIS RICARDO,106,CONTRATO MENOR,CM,,ADQUISICI‡N DE PUBLICIDAD (GIGANTOGRAFIAS Y MEDALLAS DE METAL),917,18,2.3. 1 99. 1  4,"SIMBOLOS, DISTINTIVOS Y CONDECORACIONES",500.00,Compromiso
2026,1028,03,B,20,09/03/2026 00:00:00,10104587416,QUESQUEN CASTILLEJO JUAN FERNANDO,106,CONTRATO MENOR,CM,,ADQUISICI‡N DE LENTES Y GORROS DE LATEX DE NATACI‡N,916,18,2.3. 1 99. 1 99,OTROS BIENES,13500.00,Compromiso
2026,1028,03,B,21,12/03/2026 00:00:00,20131191040,CORPORACION DE SERVICENTROS S.A.C.,27,ADJUDICACION SIMPLIFICADA,AS,0041-2024-GORE-CALLAO,ADQUISICI‡N DEL SUMINISTRO DE COMBUSTIBLE GASOHOL REGULAR,1509,18,2.3. 1  3. 1  1,COMBUSTIBLES Y CARBURANTES,37589.84,Compromiso
2026,1028,03,B,22,13/03/2026 00:00:00,20565643496,GLOBAL FUEL S.A.,27,ADJUDICACION SIMPLIFICADA,AS,0040-2024-GORE-CALLAO,ADQUISICI‡N DEL SUMINISTRO DE COMBUSTIBLE DIESEL B5 S50,1510,18,2.3. 1  3. 1  1,COMBUSTIBLES Y CARBURANTES,608229.49,Compromiso
2026,1028,03,B,23,19/03/2026 00:00:00,10464408784,NAVARRO SKUTERUD FRANK JOHNNY,106,CONTRATO MENOR,CM,,"ADQUISICI‡N DE LIBROS, DIARIOS, REVISTAS Y OTROS BIENES IMPRESOS NO VINCULADOS A ENSE•ANZA",1920,18,2.3. 1 99. 1  3,"LIBROS, DIARIOS, REVISTAS Y OTROS BIENES IMPRESOS NO VINCULADOS A ENSE•ANZA",5850.00,Compromiso
2026,1028,03,B,24,19/03/2026 00:00:00,20606040726,EDMIN CALLAO S.A.C.,106,CONTRATO MENOR,CM,,ADQUISICION DE MASCARILLA DESCARTABLE QUIRURGICA 03 PLIEGUES,1919,18,2.3. 1  8. 2  1,"MATERIAL, INSUMOS, INSTRUMENTAL Y ACCESORIOS  MEDICOS, QUIRURGICOS, ODONTOLOGICOS Y DE LABORATORIO",2600.00,Compromiso
2026,1028,03,B,25,19/03/2026 00:00:00,20613943081,CONSORCIO HERMANOS M&M SAC,106,CONTRATO MENOR,CM,,"ADQUISICION DE GUANTE ANTICORTE, PARA LA ACCI‡N DE ?SENSIBILIZACI‡N DEL USO ADECUADO DE PLAYAS EN EL",1917,18,2.3. 1  6. 1  4,DE SEGURIDAD,3200.00,Compromiso
2026,1028,03,B,26,19/03/2026 00:00:00,20606040726,EDMIN CALLAO S.A.C.,106,CONTRATO MENOR,CM,,"ADQUISICION DE ASEO, LIMPIEZA Y TOCADOR, PARA LA ACCI‡N DE ?SENSIBILIZACI‡N DEL USO ADECUADO DE PLAY",1911,18,2.3. 1  5. 3  1,"ASEO, LIMPIEZA Y TOCADOR",42200.00,Compromiso
2026,1028,03,B,27,19/03/2026 00:00:00,10104587416,QUESQUEN CASTILLEJO JUAN FERNANDO,106,CONTRATO MENOR,CM,,"ADQUISICI‡N DE VESTUARIO,ACCESORIO Y PRENDAS DIVERSAS, PARA LA ACCI‡N.DE ?SENSIBILIZACI‡N DEL USO A",1910,18,2.3. 1  2. 1  1,"VESTUARIO, ACCESORIOS Y PRENDAS DIVERSAS",5050.00,Compromiso
2026,1028,03,B,28,20/03/2026 00:00:00,20606482745,COMERCIAL ISAMAR STORE SOCIEDAD ANONIMA CERRADA,106,CONTRATO MENOR,CM,,ADQUISICION TEXTILES,2079,18,2.3. 1  2. 1  2,TEXTILES Y ACABADOS TEXTILES,2500.00,Compromiso
2026,1028,03,B,28,20/03/2026 00:00:00,20606482745,COMERCIAL ISAMAR STORE SOCIEDAD ANONIMA CERRADA,106,CONTRATO MENOR,CM,,ADQUISICION TEXTILES,2079,18,2.3. 1  2. 1  1,"VESTUARIO, ACCESORIOS Y PRENDAS DIVERSAS",840.00,Compromiso
2026,1028,03,B,29,20/03/2026 00:00:00,10615311974,CASTRO ALMENDARIZ MARIA ALEJANDRA,106,CONTRATO MENOR,CM,,ADQUISICION DE BIENES DIVERSOS Y SOUVENIRS,2080,18,2.3. 1  5. 1  2,"PAPELERIA EN GENERAL, UTILES Y MATERIALES DE OFICINA",3700.00,Compromiso
2026,1028,03,B,29,20/03/2026 00:00:00,10615311974,CASTRO ALMENDARIZ MARIA ALEJANDRA,106,CONTRATO MENOR,CM,,ADQUISICION DE BIENES DIVERSOS Y SOUVENIRS,2080,18,2.3. 1 99. 1 99,OTROS BIENES,1000.00,Compromiso
2026,1028,03,B,29,20/03/2026 00:00:00,10615311974,CASTRO ALMENDARIZ MARIA ALEJANDRA,106,CONTRATO MENOR,CM,,ADQUISICION DE BIENES DIVERSOS Y SOUVENIRS,2080,18,2.3. 1  1. 1  1,ALIMENTOS Y BEBIDAS PARA CONSUMO HUMANO,1500.00,Compromiso
2026,1028,03,B,29,20/03/2026 00:00:00,10615311974,CASTRO ALMENDARIZ MARIA ALEJANDRA,106,CONTRATO MENOR,CM,,ADQUISICION DE BIENES DIVERSOS Y SOUVENIRS,2080,18,2.3. 1 99. 1  3,"LIBROS, DIARIOS, REVISTAS Y OTROS BIENES IMPRESOS NO VINCULADOS A ENSE•ANZA",3725.00,Compromiso
2026,1028,03,B,29,20/03/2026 00:00:00,10615311974,CASTRO ALMENDARIZ MARIA ALEJANDRA,106,CONTRATO MENOR,CM,,ADQUISICION DE BIENES DIVERSOS Y SOUVENIRS,2080,18,2.3. 1  7. 1  1,ENSERES,450.00,Compromiso
2026,1028,03,B,29,20/03/2026 00:00:00,10615311974,CASTRO ALMENDARIZ MARIA ALEJANDRA,106,CONTRATO MENOR,CM,,ADQUISICION DE BIENES DIVERSOS Y SOUVENIRS,2080,18,2.3. 1 99. 1  4,"SIMBOLOS, DISTINTIVOS Y CONDECORACIONES",6350.00,Compromiso
2026,1028,03,B,30,20/03/2026 00:00:00,10429709984,SAYAGO SALAZAR CLAUDIA YOLANDA,106,CONTRATO MENOR,CM,,"ADQUISICION DE PAPELERIA EN GENERAL, UTILES Y MATERIALES DE OFICINA",2087,18,2.3. 1  5. 1  2,"PAPELERIA EN GENERAL, UTILES Y MATERIALES DE OFICINA",1440.00,Compromiso
2026,1028,03,B,31,23/03/2026 00:00:00,20604922128,OPERADORA CANTOLAO SAC,106,CONTRATO MENOR,CM,,ADQUISICI‡N DEL SUMINISTRO DE GAS NATURAL VEHICULAR (GNV) PARA LOS FURGONES DE LA FLOTA VEHICULAR DEL GOBIERNO REGIONAL DEL CALLAO - CORRESPONDIENTE AL EJERCICIO FISCAL A•O 2026 - SEGÈN CONTRATO N¯ 001-2025-OL-GRC,2141,18,2.3. 1  3. 1  2,GASES,12960.00,Compromiso
2026,1028,03,B,32,24/03/2026 00:00:00,20613933434,PRODUCCIONES VEGA S.A.C.,106,CONTRATO MENOR,CM,,ADQUISICION DE MATERIAL IMPRESO,2148,18,2.3. 1 99. 1  3,"LIBROS, DIARIOS, REVISTAS Y OTROS BIENES IMPRESOS NO VINCULADOS A ENSE•ANZA",4900.00,Compromiso
2026,1028,03,B,33,24/03/2026 00:00:00,20607848204,SKUNA ASOCIADOS S.A.C.,106,CONTRATO MENOR,CM,,ADQUISICI‡N DE ALIMENTOS Y BEBIDAS PARA CONSUMO HUMANO,2149,18,2.3. 1  1. 1  1,ALIMENTOS Y BEBIDAS PARA CONSUMO HUMANO,5150.00,Compromiso
2026,1028,03,B,34,24/03/2026 00:00:00,20615121879,COMERCIAL ISASHOP S.A.C,106,CONTRATO MENOR,CM,,ADQUISICION DE SOUVENIR,2150,18,2.3. 1 99. 1 99,OTROS BIENES,3600.00,Compromiso
2026,1028,03,B,35,24/03/2026 00:00:00,20610601082,MPC FULL IMPORT E.I.R.L,26,CONTRATACION POR CATALOGO ELECTRONICO,CCE,0001-2026-GORE-CALLAO,ADQUISICI‡N DE T‡NER PARA IMPRESORA MULTIFUNCIONAL DE LA GERENCIA DE ASESOR÷A JUR÷DICA,2155,18,2.3. 1  5. 1  2,"PAPELERIA EN GENERAL, UTILES Y MATERIALES DE OFICINA",9636.59,Compromiso
2026,1028,03,B,36,26/03/2026 00:00:00,20610601082,MPC FULL IMPORT E.I.R.L,26,CONTRATACION POR CATALOGO ELECTRONICO,CCE,0002-2026-GORE-CALLAO,ADQUISICI‡N DE T‡NER PARA IMPRESORAS HP LASERJET MFP E62655 DE LA SECRETAR÷A DEL CONSEJO REGIONAL,2207,18,2.3. 1  5. 1  2,"PAPELERIA EN GENERAL, UTILES Y MATERIALES DE OFICINA",7844.64,Compromiso
2026,1028,03,B,37,27/03/2026 00:00:00,20613206711,FAWRE INVERSIONES Y REPRESENTACIONES DE MARCA S.A.C.,26,CONTRATACION POR CATALOGO ELECTRONICO,CCE,0003-2026-GORE-CALLAO,ADQUISICION DE CAJAS DE AGUA - OFICINA DE AGRICULTURA Y PRODUCCION PARA LA ADMINISTRACI‡N DEL DESEMBARCADERO PESQUERO ARTESANAL DEL CALLAO (DPA)?,2291,18,2.3. 1  1. 1  1,ALIMENTOS Y BEBIDAS PARA CONSUMO HUMANO,1448.45,Compromiso
2026,1028,03,B,38,27/03/2026 00:00:00,20613206711,FAWRE INVERSIONES Y REPRESENTACIONES DE MARCA S.A.C.,26,CONTRATACION POR CATALOGO ELECTRONICO,CCE,0004-2026-GORE-CALLAO,ADQUISICION DE AGUA EN CAJA X 20 L -  OFICINA DE PROGRAMACI‡N MULTIANUAL DE INVERSIONES.,2292,18,2.3. 1  1. 1  1,ALIMENTOS Y BEBIDAS PARA CONSUMO HUMANO,1448.45,Compromiso
2026,1028,03,B,39,27/03/2026 00:00:00,20549582347,DISIDEL S.A.C.,106,CONTRATO MENOR,CM,,ETIQUETAS AUTOAHESIVAS DE POLIESTER,2290,18,2.3. 1  5. 1  2,"PAPELERIA EN GENERAL, UTILES Y MATERIALES DE OFICINA",1050.00,Compromiso
2026,1028,03,B,40,27/03/2026 00:00:00,20549582347,DISIDEL S.A.C.,106,CONTRATO MENOR,CM,,CINTA DE RESINA 60 MM X 300 MTS,2289,18,2.3. 1  5. 1  2,"PAPELERIA EN GENERAL, UTILES Y MATERIALES DE OFICINA",570.00,Compromiso
2026,1028,03,B,41,27/03/2026 00:00:00,20603265042, J. MORA IMPORT EMPRESA INDIVIDUAL DE RESPONSABILIDAD LIMITADA,26,CONTRATACION POR CATALOGO ELECTRONICO,CCE,0005-2023-GORE-CALLAO,ADQUISICI‡N DE DOS (02) EQUIPOS DE AIRE ACONDICIONADO SPLIT 60 000 BTU PARA LA GERENCIA REGIONAL DE RECURSOS NATURALES Y GESTI‡N DEL MEDIO AMBIENTE,2293,18,2.6. 3  2. 9  1,AIRE ACONDICIONADO Y REFRIGERACION,11800.47,Compromiso
2026,1028,03,B,42,31/03/2026 00:00:00,20563626578,GRUPO EMPRESARIAL HEVASUD S.A.C.,90,LICITACI‡N PÈBLICA ABREVIADA,LP,0003-2025-GORE-CALLAO,"ADQUISICI‡N DE AULA DE PSICOMOTRICIDAD, LABORATORIO Y/O TALLER, EQUIPO DE OTROS ACTIVOS",2536,18,2.6. 3  2. 2  2,MOBILIARIO,7056.00,Compromiso
2026,1028,03,B,42,31/03/2026 00:00:00,20563626578,GRUPO EMPRESARIAL HEVASUD S.A.C.,90,LICITACI‡N PÈBLICA ABREVIADA,LP,0003-2025-GORE-CALLAO,"ADQUISICI‡N DE AULA DE PSICOMOTRICIDAD, LABORATORIO Y/O TALLER, EQUIPO DE OTROS ACTIVOS",2536,18,2.6. 3  2. 2  1,MAQUINAS Y EQUIPOS,225990.00,Compromiso
2026,1028,03,B,42,31/03/2026 00:00:00,20563626578,GRUPO EMPRESARIAL HEVASUD S.A.C.,90,LICITACI‡N PÈBLICA ABREVIADA,LP,0003-2025-GORE-CALLAO,"ADQUISICI‡N DE AULA DE PSICOMOTRICIDAD, LABORATORIO Y/O TALLER, EQUIPO DE OTROS ACTIVOS",2536,18,2.6. 7  1. 6  2,GASTOS POR LA COMPRA DE BIENES,26454.00,Compromiso
2026,1028,04,B,43,07/04/2026 00:00:00,20100049181,TAI LOY S.A.,26,CONTRATACION POR CATALOGO ELECTRONICO,CCE,0006-2026-GORE-CALLAO,PAPEL BOND 80 GR - COMPRA CORPORATIVA OBLIGATORIA APROBADA MEDIANTE R.D. N.¯ 0039-2025-EF/5,2560,18,2.3. 1  5. 1  2,"PAPELERIA EN GENERAL, UTILES Y MATERIALES DE OFICINA",674.02,Compromiso
2026,1028,04,B,43,07/04/2026 00:00:00,20100049181,TAI LOY S.A.,26,CONTRATACION POR CATALOGO ELECTRONICO,CCE,0006-2026-GORE-CALLAO,PAPEL BOND 80 GR - COMPRA CORPORATIVA OBLIGATORIA APROBADA MEDIANTE R.D. N.¯ 0039-2025-EF/5,2560,18,2.3. 1  5. 1  2,"PAPELERIA EN GENERAL, UTILES Y MATERIALES DE OFICINA",4814.38,Compromiso
2026,1028,04,B,43,07/04/2026 00:00:00,20100049181,TAI LOY S.A.,26,CONTRATACION POR CATALOGO ELECTRONICO,CCE,0006-2026-GORE-CALLAO,PAPEL BOND 80 GR - COMPRA CORPORATIVA OBLIGATORIA APROBADA MEDIANTE R.D. N.¯ 0039-2025-EF/5,2560,18,2.3. 1  5. 1  2,"PAPELERIA EN GENERAL, UTILES Y MATERIALES DE OFICINA",192.58,Compromiso
2026,1028,04,B,43,07/04/2026 00:00:00,20100049181,TAI LOY S.A.,26,CONTRATACION POR CATALOGO ELECTRONICO,CCE,0006-2026-GORE-CALLAO,PAPEL BOND 80 GR - COMPRA CORPORATIVA OBLIGATORIA APROBADA MEDIANTE R.D. N.¯ 0039-2025-EF/5,2560,18,2.3. 1  5. 1  2,"PAPELERIA EN GENERAL, UTILES Y MATERIALES DE OFICINA",4747.00,Compromiso
2026,1028,04,B,43,07/04/2026 00:00:00,20100049181,TAI LOY S.A.,26,CONTRATACION POR CATALOGO ELECTRONICO,CCE,0006-2026-GORE-CALLAO,PAPEL BOND 80 GR - COMPRA CORPORATIVA OBLIGATORIA APROBADA MEDIANTE R.D. N.¯ 0039-2025-EF/5,2560,18,2.3. 1  5. 1  2,"PAPELERIA EN GENERAL, UTILES Y MATERIALES DE OFICINA",1251.74,Compromiso
2026,1028,04,B,43,07/04/2026 00:00:00,20100049181,TAI LOY S.A.,26,CONTRATACION POR CATALOGO ELECTRONICO,CCE,0006-2026-GORE-CALLAO,PAPEL BOND 80 GR - COMPRA CORPORATIVA OBLIGATORIA APROBADA MEDIANTE R.D. N.¯ 0039-2025-EF/5,2560,18,2.3. 1  5. 1  2,"PAPELERIA EN GENERAL, UTILES Y MATERIALES DE OFICINA",2599.78,Compromiso
2026,1028,04,B,43,07/04/2026 00:00:00,20100049181,TAI LOY S.A.,26,CONTRATACION POR CATALOGO ELECTRONICO,CCE,0006-2026-GORE-CALLAO,PAPEL BOND 80 GR - COMPRA CORPORATIVA OBLIGATORIA APROBADA MEDIANTE R.D. N.¯ 0039-2025-EF/5,2560,18,2.3. 1  5. 1  2,"PAPELERIA EN GENERAL, UTILES Y MATERIALES DE OFICINA",770.30,Compromiso
2026,1028,04,B,43,07/04/2026 00:00:00,20100049181,TAI LOY S.A.,26,CONTRATACION POR CATALOGO ELECTRONICO,CCE,0006-2026-GORE-CALLAO,PAPEL BOND 80 GR - COMPRA CORPORATIVA OBLIGATORIA APROBADA MEDIANTE R.D. N.¯ 0039-2025-EF/5,2560,18,2.3. 1  5. 1  2,"PAPELERIA EN GENERAL, UTILES Y MATERIALES DE OFICINA",1155.46,Compromiso
2026,1028,04,B,43,07/04/2026 00:00:00,20100049181,TAI LOY S.A.,26,CONTRATACION POR CATALOGO ELECTRONICO,CCE,0006-2026-GORE-CALLAO,PAPEL BOND 80 GR - COMPRA CORPORATIVA OBLIGATORIA APROBADA MEDIANTE R.D. N.¯ 0039-2025-EF/5,2560,18,2.3. 1  5. 1  2,"PAPELERIA EN GENERAL, UTILES Y MATERIALES DE OFICINA",1925.76,Compromiso
2026,1028,04,B,43,07/04/2026 00:00:00,20100049181,TAI LOY S.A.,26,CONTRATACION POR CATALOGO ELECTRONICO,CCE,0006-2026-GORE-CALLAO,PAPEL BOND 80 GR - COMPRA CORPORATIVA OBLIGATORIA APROBADA MEDIANTE R.D. N.¯ 0039-2025-EF/5,2560,18,2.3. 1  5. 1  2,"PAPELERIA EN GENERAL, UTILES Y MATERIALES DE OFICINA",38.52,Compromiso
2026,1028,04,B,43,07/04/2026 00:00:00,20100049181,TAI LOY S.A.,26,CONTRATACION POR CATALOGO ELECTRONICO,CCE,0006-2026-GORE-CALLAO,PAPEL BOND 80 GR - COMPRA CORPORATIVA OBLIGATORIA APROBADA MEDIANTE R.D. N.¯ 0039-2025-EF/5,2560,18,2.3. 1  5. 1  2,"PAPELERIA EN GENERAL, UTILES Y MATERIALES DE OFICINA",288.86,Compromiso
2026,1028,04,B,43,07/04/2026 00:00:00,20100049181,TAI LOY S.A.,26,CONTRATACION POR CATALOGO ELECTRONICO,CCE,0006-2026-GORE-CALLAO,PAPEL BOND 80 GR - COMPRA CORPORATIVA OBLIGATORIA APROBADA MEDIANTE R.D. N.¯ 0039-2025-EF/5,2560,18,2.3. 1  5. 1  2,"PAPELERIA EN GENERAL, UTILES Y MATERIALES DE OFICINA",1540.61,Compromiso
2026,1028,04,B,43,07/04/2026 00:00:00,20100049181,TAI LOY S.A.,26,CONTRATACION POR CATALOGO ELECTRONICO,CCE,0006-2026-GORE-CALLAO,PAPEL BOND 80 GR - COMPRA CORPORATIVA OBLIGATORIA APROBADA MEDIANTE R.D. N.¯ 0039-2025-EF/5,2560,18,2.3. 1  5. 1  2,"PAPELERIA EN GENERAL, UTILES Y MATERIALES DE OFICINA",2503.49,Compromiso
2026,1028,04,B,43,07/04/2026 00:00:00,20100049181,TAI LOY S.A.,26,CONTRATACION POR CATALOGO ELECTRONICO,CCE,0006-2026-GORE-CALLAO,PAPEL BOND 80 GR - COMPRA CORPORATIVA OBLIGATORIA APROBADA MEDIANTE R.D. N.¯ 0039-2025-EF/5,2560,18,2.3. 1  5. 1  2,"PAPELERIA EN GENERAL, UTILES Y MATERIALES DE OFICINA",67.40,Compromiso
2026,1028,04,B,43,07/04/2026 00:00:00,20100049181,TAI LOY S.A.,26,CONTRATACION POR CATALOGO ELECTRONICO,CCE,0006-2026-GORE-CALLAO,PAPEL BOND 80 GR - COMPRA CORPORATIVA OBLIGATORIA APROBADA MEDIANTE R.D. N.¯ 0039-2025-EF/5,2560,18,2.3. 1  5. 1  2,"PAPELERIA EN GENERAL, UTILES Y MATERIALES DE OFICINA",481.44,Compromiso
2026,1028,04,B,43,07/04/2026 00:00:00,20100049181,TAI LOY S.A.,26,CONTRATACION POR CATALOGO ELECTRONICO,CCE,0006-2026-GORE-CALLAO,PAPEL BOND 80 GR - COMPRA CORPORATIVA OBLIGATORIA APROBADA MEDIANTE R.D. N.¯ 0039-2025-EF/5,2560,18,2.3. 1  5. 1  2,"PAPELERIA EN GENERAL, UTILES Y MATERIALES DE OFICINA",240.72,Compromiso
2026,1028,04,B,43,07/04/2026 00:00:00,20100049181,TAI LOY S.A.,26,CONTRATACION POR CATALOGO ELECTRONICO,CCE,0006-2026-GORE-CALLAO,PAPEL BOND 80 GR - COMPRA CORPORATIVA OBLIGATORIA APROBADA MEDIANTE R.D. N.¯ 0039-2025-EF/5,2560,18,2.3. 1  5. 1  2,"PAPELERIA EN GENERAL, UTILES Y MATERIALES DE OFICINA",385.15,Compromiso
2026,1028,04,B,44,07/04/2026 00:00:00,20100049181,TAI LOY S.A.,26,CONTRATACION POR CATALOGO ELECTRONICO,CCE,0006-2026-GORE-CALLAO,PAPEL BOND 80 GR - COMPRA CORPORATIVA OBLIGATORIA APROBADA MEDIANTE R.D. N.¯ 0039-2025-EF/5 - SEGUNDA ENTREGA,2562,18,2.3. 1  5. 1  2,"PAPELERIA EN GENERAL, UTILES Y MATERIALES DE OFICINA",4814.38,Compromiso
2026,1028,04,B,44,07/04/2026 00:00:00,20100049181,TAI LOY S.A.,26,CONTRATACION POR CATALOGO ELECTRONICO,CCE,0006-2026-GORE-CALLAO,PAPEL BOND 80 GR - COMPRA CORPORATIVA OBLIGATORIA APROBADA MEDIANTE R.D. N.¯ 0039-2025-EF/5 - SEGUNDA ENTREGA,2562,18,2.3. 1  5. 1  2,"PAPELERIA EN GENERAL, UTILES Y MATERIALES DE OFICINA",288.86,Compromiso
2026,1028,04,B,44,07/04/2026 00:00:00,20100049181,TAI LOY S.A.,26,CONTRATACION POR CATALOGO ELECTRONICO,CCE,0006-2026-GORE-CALLAO,PAPEL BOND 80 GR - COMPRA CORPORATIVA OBLIGATORIA APROBADA MEDIANTE R.D. N.¯ 0039-2025-EF/5 - SEGUNDA ENTREGA,2562,18,2.3. 1  5. 1  2,"PAPELERIA EN GENERAL, UTILES Y MATERIALES DE OFICINA",1251.74,Compromiso
2026,1028,04,B,44,07/04/2026 00:00:00,20100049181,TAI LOY S.A.,26,CONTRATACION POR CATALOGO ELECTRONICO,CCE,0006-2026-GORE-CALLAO,PAPEL BOND 80 GR - COMPRA CORPORATIVA OBLIGATORIA APROBADA MEDIANTE R.D. N.¯ 0039-2025-EF/5 - SEGUNDA ENTREGA,2562,18,2.3. 1  5. 1  2,"PAPELERIA EN GENERAL, UTILES Y MATERIALES DE OFICINA",385.15,Compromiso
2026,1028,04,B,44,07/04/2026 00:00:00,20100049181,TAI LOY S.A.,26,CONTRATACION POR CATALOGO ELECTRONICO,CCE,0006-2026-GORE-CALLAO,PAPEL BOND 80 GR - COMPRA CORPORATIVA OBLIGATORIA APROBADA MEDIANTE R.D. N.¯ 0039-2025-EF/5 - SEGUNDA ENTREGA,2562,18,2.3. 1  5. 1  2,"PAPELERIA EN GENERAL, UTILES Y MATERIALES DE OFICINA",770.30,Compromiso
2026,1028,04,B,44,07/04/2026 00:00:00,20100049181,TAI LOY S.A.,26,CONTRATACION POR CATALOGO ELECTRONICO,CCE,0006-2026-GORE-CALLAO,PAPEL BOND 80 GR - COMPRA CORPORATIVA OBLIGATORIA APROBADA MEDIANTE R.D. N.¯ 0039-2025-EF/5 - SEGUNDA ENTREGA,2562,18,2.3. 1  5. 1  2,"PAPELERIA EN GENERAL, UTILES Y MATERIALES DE OFICINA",1925.76,Compromiso
2026,1028,04,B,44,07/04/2026 00:00:00,20100049181,TAI LOY S.A.,26,CONTRATACION POR CATALOGO ELECTRONICO,CCE,0006-2026-GORE-CALLAO,PAPEL BOND 80 GR - COMPRA CORPORATIVA OBLIGATORIA APROBADA MEDIANTE R.D. N.¯ 0039-2025-EF/5 - SEGUNDA ENTREGA,2562,18,2.3. 1  5. 1  2,"PAPELERIA EN GENERAL, UTILES Y MATERIALES DE OFICINA",67.40,Compromiso
2026,1028,04,B,44,07/04/2026 00:00:00,20100049181,TAI LOY S.A.,26,CONTRATACION POR CATALOGO ELECTRONICO,CCE,0006-2026-GORE-CALLAO,PAPEL BOND 80 GR - COMPRA CORPORATIVA OBLIGATORIA APROBADA MEDIANTE R.D. N.¯ 0039-2025-EF/5 - SEGUNDA ENTREGA,2562,18,2.3. 1  5. 1  2,"PAPELERIA EN GENERAL, UTILES Y MATERIALES DE OFICINA",192.58,Compromiso
2026,1028,04,B,44,07/04/2026 00:00:00,20100049181,TAI LOY S.A.,26,CONTRATACION POR CATALOGO ELECTRONICO,CCE,0006-2026-GORE-CALLAO,PAPEL BOND 80 GR - COMPRA CORPORATIVA OBLIGATORIA APROBADA MEDIANTE R.D. N.¯ 0039-2025-EF/5 - SEGUNDA ENTREGA,2562,18,2.3. 1  5. 1  2,"PAPELERIA EN GENERAL, UTILES Y MATERIALES DE OFICINA",1155.46,Compromiso
2026,1028,04,B,44,07/04/2026 00:00:00,20100049181,TAI LOY S.A.,26,CONTRATACION POR CATALOGO ELECTRONICO,CCE,0006-2026-GORE-CALLAO,PAPEL BOND 80 GR - COMPRA CORPORATIVA OBLIGATORIA APROBADA MEDIANTE R.D. N.¯ 0039-2025-EF/5 - SEGUNDA ENTREGA,2562,18,2.3. 1  5. 1  2,"PAPELERIA EN GENERAL, UTILES Y MATERIALES DE OFICINA",38.52,Compromiso
2026,1028,04,B,44,07/04/2026 00:00:00,20100049181,TAI LOY S.A.,26,CONTRATACION POR CATALOGO ELECTRONICO,CCE,0006-2026-GORE-CALLAO,PAPEL BOND 80 GR - COMPRA CORPORATIVA OBLIGATORIA APROBADA MEDIANTE R.D. N.¯ 0039-2025-EF/5 - SEGUNDA ENTREGA,2562,18,2.3. 1  5. 1  2,"PAPELERIA EN GENERAL, UTILES Y MATERIALES DE OFICINA",240.72,Compromiso
2026,1028,04,B,44,07/04/2026 00:00:00,20100049181,TAI LOY S.A.,26,CONTRATACION POR CATALOGO ELECTRONICO,CCE,0006-2026-GORE-CALLAO,PAPEL BOND 80 GR - COMPRA CORPORATIVA OBLIGATORIA APROBADA MEDIANTE R.D. N.¯ 0039-2025-EF/5 - SEGUNDA ENTREGA,2562,18,2.3. 1  5. 1  2,"PAPELERIA EN GENERAL, UTILES Y MATERIALES DE OFICINA",674.02,Compromiso
2026,1028,04,B,44,07/04/2026 00:00:00,20100049181,TAI LOY S.A.,26,CONTRATACION POR CATALOGO ELECTRONICO,CCE,0006-2026-GORE-CALLAO,PAPEL BOND 80 GR - COMPRA CORPORATIVA OBLIGATORIA APROBADA MEDIANTE R.D. N.¯ 0039-2025-EF/5 - SEGUNDA ENTREGA,2562,18,2.3. 1  5. 1  2,"PAPELERIA EN GENERAL, UTILES Y MATERIALES DE OFICINA",1540.61,Compromiso
2026,1028,04,B,44,07/04/2026 00:00:00,20100049181,TAI LOY S.A.,26,CONTRATACION POR CATALOGO ELECTRONICO,CCE,0006-2026-GORE-CALLAO,PAPEL BOND 80 GR - COMPRA CORPORATIVA OBLIGATORIA APROBADA MEDIANTE R.D. N.¯ 0039-2025-EF/5 - SEGUNDA ENTREGA,2562,18,2.3. 1  5. 1  2,"PAPELERIA EN GENERAL, UTILES Y MATERIALES DE OFICINA",2503.49,Compromiso
2026,1028,04,B,44,07/04/2026 00:00:00,20100049181,TAI LOY S.A.,26,CONTRATACION POR CATALOGO ELECTRONICO,CCE,0006-2026-GORE-CALLAO,PAPEL BOND 80 GR - COMPRA CORPORATIVA OBLIGATORIA APROBADA MEDIANTE R.D. N.¯ 0039-2025-EF/5 - SEGUNDA ENTREGA,2562,18,2.3. 1  5. 1  2,"PAPELERIA EN GENERAL, UTILES Y MATERIALES DE OFICINA",4747.00,Compromiso
2026,1028,04,B,44,07/04/2026 00:00:00,20100049181,TAI LOY S.A.,26,CONTRATACION POR CATALOGO ELECTRONICO,CCE,0006-2026-GORE-CALLAO,PAPEL BOND 80 GR - COMPRA CORPORATIVA OBLIGATORIA APROBADA MEDIANTE R.D. N.¯ 0039-2025-EF/5 - SEGUNDA ENTREGA,2562,18,2.3. 1  5. 1  2,"PAPELERIA EN GENERAL, UTILES Y MATERIALES DE OFICINA",481.44,Compromiso
2026,1028,04,B,44,07/04/2026 00:00:00,20100049181,TAI LOY S.A.,26,CONTRATACION POR CATALOGO ELECTRONICO,CCE,0006-2026-GORE-CALLAO,PAPEL BOND 80 GR - COMPRA CORPORATIVA OBLIGATORIA APROBADA MEDIANTE R.D. N.¯ 0039-2025-EF/5 - SEGUNDA ENTREGA,2562,18,2.3. 1  5. 1  2,"PAPELERIA EN GENERAL, UTILES Y MATERIALES DE OFICINA",2599.78,Compromiso
2026,1028,04,B,45,07/04/2026 00:00:00,20100049181,TAI LOY S.A.,26,CONTRATACION POR CATALOGO ELECTRONICO,CCE,0006-2026-GORE-CALLAO,PAPEL BOND 80 GR - COMPRA CORPORATIVA OBLIGATORIA APROBADA MEDIANTE R.D. N.¯ 0039-2025-EF/5 - TERCERA ENTREGA,2563,18,2.3. 1  5. 1  2,"PAPELERIA EN GENERAL, UTILES Y MATERIALES DE OFICINA",481.44,Compromiso
2026,1028,04,B,45,07/04/2026 00:00:00,20100049181,TAI LOY S.A.,26,CONTRATACION POR CATALOGO ELECTRONICO,CCE,0006-2026-GORE-CALLAO,PAPEL BOND 80 GR - COMPRA CORPORATIVA OBLIGATORIA APROBADA MEDIANTE R.D. N.¯ 0039-2025-EF/5 - TERCERA ENTREGA,2563,18,2.3. 1  5. 1  2,"PAPELERIA EN GENERAL, UTILES Y MATERIALES DE OFICINA",4814.40,Compromiso
2026,1028,04,B,45,07/04/2026 00:00:00,20100049181,TAI LOY S.A.,26,CONTRATACION POR CATALOGO ELECTRONICO,CCE,0006-2026-GORE-CALLAO,PAPEL BOND 80 GR - COMPRA CORPORATIVA OBLIGATORIA APROBADA MEDIANTE R.D. N.¯ 0039-2025-EF/5 - TERCERA ENTREGA,2563,18,2.3. 1  5. 1  2,"PAPELERIA EN GENERAL, UTILES Y MATERIALES DE OFICINA",57.77,Compromiso
2026,1028,04,B,45,07/04/2026 00:00:00,20100049181,TAI LOY S.A.,26,CONTRATACION POR CATALOGO ELECTRONICO,CCE,0006-2026-GORE-CALLAO,PAPEL BOND 80 GR - COMPRA CORPORATIVA OBLIGATORIA APROBADA MEDIANTE R.D. N.¯ 0039-2025-EF/5 - TERCERA ENTREGA,2563,18,2.3. 1  5. 1  2,"PAPELERIA EN GENERAL, UTILES Y MATERIALES DE OFICINA",866.59,Compromiso
2026,1028,04,B,45,07/04/2026 00:00:00,20100049181,TAI LOY S.A.,26,CONTRATACION POR CATALOGO ELECTRONICO,CCE,0006-2026-GORE-CALLAO,PAPEL BOND 80 GR - COMPRA CORPORATIVA OBLIGATORIA APROBADA MEDIANTE R.D. N.¯ 0039-2025-EF/5 - TERCERA ENTREGA,2563,18,2.3. 1  5. 1  2,"PAPELERIA EN GENERAL, UTILES Y MATERIALES DE OFICINA",1925.76,Compromiso
2026,1028,04,B,45,07/04/2026 00:00:00,20100049181,TAI LOY S.A.,26,CONTRATACION POR CATALOGO ELECTRONICO,CCE,0006-2026-GORE-CALLAO,PAPEL BOND 80 GR - COMPRA CORPORATIVA OBLIGATORIA APROBADA MEDIANTE R.D. N.¯ 0039-2025-EF/5 - TERCERA ENTREGA,2563,18,2.3. 1  5. 1  2,"PAPELERIA EN GENERAL, UTILES Y MATERIALES DE OFICINA",19.26,Compromiso
2026,1028,04,B,45,07/04/2026 00:00:00,20100049181,TAI LOY S.A.,26,CONTRATACION POR CATALOGO ELECTRONICO,CCE,0006-2026-GORE-CALLAO,PAPEL BOND 80 GR - COMPRA CORPORATIVA OBLIGATORIA APROBADA MEDIANTE R.D. N.¯ 0039-2025-EF/5 - TERCERA ENTREGA,2563,18,2.3. 1  5. 1  2,"PAPELERIA EN GENERAL, UTILES Y MATERIALES DE OFICINA",192.58,Compromiso
2026,1028,04,B,45,07/04/2026 00:00:00,20100049181,TAI LOY S.A.,26,CONTRATACION POR CATALOGO ELECTRONICO,CCE,0006-2026-GORE-CALLAO,PAPEL BOND 80 GR - COMPRA CORPORATIVA OBLIGATORIA APROBADA MEDIANTE R.D. N.¯ 0039-2025-EF/5 - TERCERA ENTREGA,2563,18,2.3. 1  5. 1  2,"PAPELERIA EN GENERAL, UTILES Y MATERIALES DE OFICINA",577.73,Compromiso
2026,1028,04,B,45,07/04/2026 00:00:00,20100049181,TAI LOY S.A.,26,CONTRATACION POR CATALOGO ELECTRONICO,CCE,0006-2026-GORE-CALLAO,PAPEL BOND 80 GR - COMPRA CORPORATIVA OBLIGATORIA APROBADA MEDIANTE R.D. N.¯ 0039-2025-EF/5 - TERCERA ENTREGA,2563,18,2.3. 1  5. 1  2,"PAPELERIA EN GENERAL, UTILES Y MATERIALES DE OFICINA",770.30,Compromiso
2026,1028,04,B,45,07/04/2026 00:00:00,20100049181,TAI LOY S.A.,26,CONTRATACION POR CATALOGO ELECTRONICO,CCE,0006-2026-GORE-CALLAO,PAPEL BOND 80 GR - COMPRA CORPORATIVA OBLIGATORIA APROBADA MEDIANTE R.D. N.¯ 0039-2025-EF/5 - TERCERA ENTREGA,2563,18,2.3. 1  5. 1  2,"PAPELERIA EN GENERAL, UTILES Y MATERIALES DE OFICINA",1348.03,Compromiso
2026,1028,04,B,45,07/04/2026 00:00:00,20100049181,TAI LOY S.A.,26,CONTRATACION POR CATALOGO ELECTRONICO,CCE,0006-2026-GORE-CALLAO,PAPEL BOND 80 GR - COMPRA CORPORATIVA OBLIGATORIA APROBADA MEDIANTE R.D. N.¯ 0039-2025-EF/5 - TERCERA ENTREGA,2563,18,2.3. 1  5. 1  2,"PAPELERIA EN GENERAL, UTILES Y MATERIALES DE OFICINA",2599.78,Compromiso
2026,1028,04,B,45,07/04/2026 00:00:00,20100049181,TAI LOY S.A.,26,CONTRATACION POR CATALOGO ELECTRONICO,CCE,0006-2026-GORE-CALLAO,PAPEL BOND 80 GR - COMPRA CORPORATIVA OBLIGATORIA APROBADA MEDIANTE R.D. N.¯ 0039-2025-EF/5 - TERCERA ENTREGA,2563,18,2.3. 1  5. 1  2,"PAPELERIA EN GENERAL, UTILES Y MATERIALES DE OFICINA",385.15,Compromiso
2026,1028,04,B,45,07/04/2026 00:00:00,20100049181,TAI LOY S.A.,26,CONTRATACION POR CATALOGO ELECTRONICO,CCE,0006-2026-GORE-CALLAO,PAPEL BOND 80 GR - COMPRA CORPORATIVA OBLIGATORIA APROBADA MEDIANTE R.D. N.¯ 0039-2025-EF/5 - TERCERA ENTREGA,2563,18,2.3. 1  5. 1  2,"PAPELERIA EN GENERAL, UTILES Y MATERIALES DE OFICINA",4949.21,Compromiso
2026,1028,04,B,45,07/04/2026 00:00:00,20100049181,TAI LOY S.A.,26,CONTRATACION POR CATALOGO ELECTRONICO,CCE,0006-2026-GORE-CALLAO,PAPEL BOND 80 GR - COMPRA CORPORATIVA OBLIGATORIA APROBADA MEDIANTE R.D. N.¯ 0039-2025-EF/5 - TERCERA ENTREGA,2563,18,2.3. 1  5. 1  2,"PAPELERIA EN GENERAL, UTILES Y MATERIALES DE OFICINA",1733.18,Compromiso
2026,1028,04,B,45,07/04/2026 00:00:00,20100049181,TAI LOY S.A.,26,CONTRATACION POR CATALOGO ELECTRONICO,CCE,0006-2026-GORE-CALLAO,PAPEL BOND 80 GR - COMPRA CORPORATIVA OBLIGATORIA APROBADA MEDIANTE R.D. N.¯ 0039-2025-EF/5 - TERCERA ENTREGA,2563,18,2.3. 1  5. 1  2,"PAPELERIA EN GENERAL, UTILES Y MATERIALES DE OFICINA",1059.17,Compromiso
2026,1028,04,B,45,07/04/2026 00:00:00,20100049181,TAI LOY S.A.,26,CONTRATACION POR CATALOGO ELECTRONICO,CCE,0006-2026-GORE-CALLAO,PAPEL BOND 80 GR - COMPRA CORPORATIVA OBLIGATORIA APROBADA MEDIANTE R.D. N.¯ 0039-2025-EF/5 - TERCERA ENTREGA,2563,18,2.3. 1  5. 1  2,"PAPELERIA EN GENERAL, UTILES Y MATERIALES DE OFICINA",96.29,Compromiso
2026,1028,04,B,45,07/04/2026 00:00:00,20100049181,TAI LOY S.A.,26,CONTRATACION POR CATALOGO ELECTRONICO,CCE,0006-2026-GORE-CALLAO,PAPEL BOND 80 GR - COMPRA CORPORATIVA OBLIGATORIA APROBADA MEDIANTE R.D. N.¯ 0039-2025-EF/5 - TERCERA ENTREGA,2563,18,2.3. 1  5. 1  2,"PAPELERIA EN GENERAL, UTILES Y MATERIALES DE OFICINA",2696.06,Compromiso
2026,1028,04,B,46,07/04/2026 00:00:00,20100049181,TAI LOY S.A.,26,CONTRATACION POR CATALOGO ELECTRONICO,CCE,0007-2026-GORE-CALLAO,ARCHIVADOR LOMO ANCHO TAMA•O OFICIO - COMPRA CORPORATIVA OBLIGATORIA APROBADA MEDIANTE R.D. N.¯ 0039-2025-EF/5 (PRIMERA ENTREGA),2564,18,2.3. 1  5. 1  2,"PAPELERIA EN GENERAL, UTILES Y MATERIALES DE OFICINA",246.97,Compromiso
2026,1028,04,B,46,07/04/2026 00:00:00,20100049181,TAI LOY S.A.,26,CONTRATACION POR CATALOGO ELECTRONICO,CCE,0007-2026-GORE-CALLAO,ARCHIVADOR LOMO ANCHO TAMA•O OFICIO - COMPRA CORPORATIVA OBLIGATORIA APROBADA MEDIANTE R.D. N.¯ 0039-2025-EF/5 (PRIMERA ENTREGA),2564,18,2.3. 1  5. 1  2,"PAPELERIA EN GENERAL, UTILES Y MATERIALES DE OFICINA",352.82,Compromiso
2026,1028,04,B,46,07/04/2026 00:00:00,20100049181,TAI LOY S.A.,26,CONTRATACION POR CATALOGO ELECTRONICO,CCE,0007-2026-GORE-CALLAO,ARCHIVADOR LOMO ANCHO TAMA•O OFICIO - COMPRA CORPORATIVA OBLIGATORIA APROBADA MEDIANTE R.D. N.¯ 0039-2025-EF/5 (PRIMERA ENTREGA),2564,18,2.3. 1  5. 1  2,"PAPELERIA EN GENERAL, UTILES Y MATERIALES DE OFICINA",17.64,Compromiso
2026,1028,04,B,46,07/04/2026 00:00:00,20100049181,TAI LOY S.A.,26,CONTRATACION POR CATALOGO ELECTRONICO,CCE,0007-2026-GORE-CALLAO,ARCHIVADOR LOMO ANCHO TAMA•O OFICIO - COMPRA CORPORATIVA OBLIGATORIA APROBADA MEDIANTE R.D. N.¯ 0039-2025-EF/5 (PRIMERA ENTREGA),2564,18,2.3. 1  5. 1  2,"PAPELERIA EN GENERAL, UTILES Y MATERIALES DE OFICINA",105.85,Compromiso
2026,1028,04,B,46,07/04/2026 00:00:00,20100049181,TAI LOY S.A.,26,CONTRATACION POR CATALOGO ELECTRONICO,CCE,0007-2026-GORE-CALLAO,ARCHIVADOR LOMO ANCHO TAMA•O OFICIO - COMPRA CORPORATIVA OBLIGATORIA APROBADA MEDIANTE R.D. N.¯ 0039-2025-EF/5 (PRIMERA ENTREGA),2564,18,2.3. 1  5. 1  2,"PAPELERIA EN GENERAL, UTILES Y MATERIALES DE OFICINA",52.92,Compromiso
2026,1028,04,B,46,07/04/2026 00:00:00,20100049181,TAI LOY S.A.,26,CONTRATACION POR CATALOGO ELECTRONICO,CCE,0007-2026-GORE-CALLAO,ARCHIVADOR LOMO ANCHO TAMA•O OFICIO - COMPRA CORPORATIVA OBLIGATORIA APROBADA MEDIANTE R.D. N.¯ 0039-2025-EF/5 (PRIMERA ENTREGA),2564,18,2.3. 1  5. 1  2,"PAPELERIA EN GENERAL, UTILES Y MATERIALES DE OFICINA",670.37,Compromiso
2026,1028,04,B,46,07/04/2026 00:00:00,20100049181,TAI LOY S.A.,26,CONTRATACION POR CATALOGO ELECTRONICO,CCE,0007-2026-GORE-CALLAO,ARCHIVADOR LOMO ANCHO TAMA•O OFICIO - COMPRA CORPORATIVA OBLIGATORIA APROBADA MEDIANTE R.D. N.¯ 0039-2025-EF/5 (PRIMERA ENTREGA),2564,18,2.3. 1  5. 1  2,"PAPELERIA EN GENERAL, UTILES Y MATERIALES DE OFICINA",24.70,Compromiso
2026,1028,04,B,46,07/04/2026 00:00:00,20100049181,TAI LOY S.A.,26,CONTRATACION POR CATALOGO ELECTRONICO,CCE,0007-2026-GORE-CALLAO,ARCHIVADOR LOMO ANCHO TAMA•O OFICIO - COMPRA CORPORATIVA OBLIGATORIA APROBADA MEDIANTE R.D. N.¯ 0039-2025-EF/5 (PRIMERA ENTREGA),2564,18,2.3. 1  5. 1  2,"PAPELERIA EN GENERAL, UTILES Y MATERIALES DE OFICINA",7.06,Compromiso
2026,1028,04,B,46,07/04/2026 00:00:00,20100049181,TAI LOY S.A.,26,CONTRATACION POR CATALOGO ELECTRONICO,CCE,0007-2026-GORE-CALLAO,ARCHIVADOR LOMO ANCHO TAMA•O OFICIO - COMPRA CORPORATIVA OBLIGATORIA APROBADA MEDIANTE R.D. N.¯ 0039-2025-EF/5 (PRIMERA ENTREGA),2564,18,2.3. 1  5. 1  2,"PAPELERIA EN GENERAL, UTILES Y MATERIALES DE OFICINA",10.58,Compromiso
2026,1028,04,B,46,07/04/2026 00:00:00,20100049181,TAI LOY S.A.,26,CONTRATACION POR CATALOGO ELECTRONICO,CCE,0007-2026-GORE-CALLAO,ARCHIVADOR LOMO ANCHO TAMA•O OFICIO - COMPRA CORPORATIVA OBLIGATORIA APROBADA MEDIANTE R.D. N.¯ 0039-2025-EF/5 (PRIMERA ENTREGA),2564,18,2.3. 1  5. 1  2,"PAPELERIA EN GENERAL, UTILES Y MATERIALES DE OFICINA",28.23,Compromiso
2026,1028,04,B,46,07/04/2026 00:00:00,20100049181,TAI LOY S.A.,26,CONTRATACION POR CATALOGO ELECTRONICO,CCE,0007-2026-GORE-CALLAO,ARCHIVADOR LOMO ANCHO TAMA•O OFICIO - COMPRA CORPORATIVA OBLIGATORIA APROBADA MEDIANTE R.D. N.¯ 0039-2025-EF/5 (PRIMERA ENTREGA),2564,18,2.3. 1  5. 1  2,"PAPELERIA EN GENERAL, UTILES Y MATERIALES DE OFICINA",98.79,Compromiso
2026,1028,04,B,46,07/04/2026 00:00:00,20100049181,TAI LOY S.A.,26,CONTRATACION POR CATALOGO ELECTRONICO,CCE,0007-2026-GORE-CALLAO,ARCHIVADOR LOMO ANCHO TAMA•O OFICIO - COMPRA CORPORATIVA OBLIGATORIA APROBADA MEDIANTE R.D. N.¯ 0039-2025-EF/5 (PRIMERA ENTREGA),2564,18,2.3. 1  5. 1  2,"PAPELERIA EN GENERAL, UTILES Y MATERIALES DE OFICINA",35.28,Compromiso
2026,1028,04,B,46,07/04/2026 00:00:00,20100049181,TAI LOY S.A.,26,CONTRATACION POR CATALOGO ELECTRONICO,CCE,0007-2026-GORE-CALLAO,ARCHIVADOR LOMO ANCHO TAMA•O OFICIO - COMPRA CORPORATIVA OBLIGATORIA APROBADA MEDIANTE R.D. N.¯ 0039-2025-EF/5 (PRIMERA ENTREGA),2564,18,2.3. 1  5. 1  2,"PAPELERIA EN GENERAL, UTILES Y MATERIALES DE OFICINA",70.56,Compromiso
2026,1028,04,B,46,07/04/2026 00:00:00,20100049181,TAI LOY S.A.,26,CONTRATACION POR CATALOGO ELECTRONICO,CCE,0007-2026-GORE-CALLAO,ARCHIVADOR LOMO ANCHO TAMA•O OFICIO - COMPRA CORPORATIVA OBLIGATORIA APROBADA MEDIANTE R.D. N.¯ 0039-2025-EF/5 (PRIMERA ENTREGA),2564,18,2.3. 1  5. 1  2,"PAPELERIA EN GENERAL, UTILES Y MATERIALES DE OFICINA",14.11,Compromiso
2026,1028,04,B,47,07/04/2026 00:00:00,20100049181,TAI LOY S.A.,26,CONTRATACION POR CATALOGO ELECTRONICO,CCE,0007-2026-GORE-CALLAO,ARCHIVADOR LOMO ANCHO TAMA•O OFICIO - COMPRA CORPORATIVA OBLIGATORIA APROBADA MEDIANTE R.D. N.¯ 0039-2025-EF/5 (SEGUNDA ENTREGA),2565,18,2.3. 1  5. 1  2,"PAPELERIA EN GENERAL, UTILES Y MATERIALES DE OFICINA",14.11,Compromiso
2026,1028,04,B,47,07/04/2026 00:00:00,20100049181,TAI LOY S.A.,26,CONTRATACION POR CATALOGO ELECTRONICO,CCE,0007-2026-GORE-CALLAO,ARCHIVADOR LOMO ANCHO TAMA•O OFICIO - COMPRA CORPORATIVA OBLIGATORIA APROBADA MEDIANTE R.D. N.¯ 0039-2025-EF/5 (SEGUNDA ENTREGA),2565,18,2.3. 1  5. 1  2,"PAPELERIA EN GENERAL, UTILES Y MATERIALES DE OFICINA",7.06,Compromiso
2026,1028,04,B,47,07/04/2026 00:00:00,20100049181,TAI LOY S.A.,26,CONTRATACION POR CATALOGO ELECTRONICO,CCE,0007-2026-GORE-CALLAO,ARCHIVADOR LOMO ANCHO TAMA•O OFICIO - COMPRA CORPORATIVA OBLIGATORIA APROBADA MEDIANTE R.D. N.¯ 0039-2025-EF/5 (SEGUNDA ENTREGA),2565,18,2.3. 1  5. 1  2,"PAPELERIA EN GENERAL, UTILES Y MATERIALES DE OFICINA",70.56,Compromiso
2026,1028,04,B,47,07/04/2026 00:00:00,20100049181,TAI LOY S.A.,26,CONTRATACION POR CATALOGO ELECTRONICO,CCE,0007-2026-GORE-CALLAO,ARCHIVADOR LOMO ANCHO TAMA•O OFICIO - COMPRA CORPORATIVA OBLIGATORIA APROBADA MEDIANTE R.D. N.¯ 0039-2025-EF/5 (SEGUNDA ENTREGA),2565,18,2.3. 1  5. 1  2,"PAPELERIA EN GENERAL, UTILES Y MATERIALES DE OFICINA",105.85,Compromiso
2026,1028,04,B,47,07/04/2026 00:00:00,20100049181,TAI LOY S.A.,26,CONTRATACION POR CATALOGO ELECTRONICO,CCE,0007-2026-GORE-CALLAO,ARCHIVADOR LOMO ANCHO TAMA•O OFICIO - COMPRA CORPORATIVA OBLIGATORIA APROBADA MEDIANTE R.D. N.¯ 0039-2025-EF/5 (SEGUNDA ENTREGA),2565,18,2.3. 1  5. 1  2,"PAPELERIA EN GENERAL, UTILES Y MATERIALES DE OFICINA",28.23,Compromiso
2026,1028,04,B,47,07/04/2026 00:00:00,20100049181,TAI LOY S.A.,26,CONTRATACION POR CATALOGO ELECTRONICO,CCE,0007-2026-GORE-CALLAO,ARCHIVADOR LOMO ANCHO TAMA•O OFICIO - COMPRA CORPORATIVA OBLIGATORIA APROBADA MEDIANTE R.D. N.¯ 0039-2025-EF/5 (SEGUNDA ENTREGA),2565,18,2.3. 1  5. 1  2,"PAPELERIA EN GENERAL, UTILES Y MATERIALES DE OFICINA",52.92,Compromiso
2026,1028,04,B,47,07/04/2026 00:00:00,20100049181,TAI LOY S.A.,26,CONTRATACION POR CATALOGO ELECTRONICO,CCE,0007-2026-GORE-CALLAO,ARCHIVADOR LOMO ANCHO TAMA•O OFICIO - COMPRA CORPORATIVA OBLIGATORIA APROBADA MEDIANTE R.D. N.¯ 0039-2025-EF/5 (SEGUNDA ENTREGA),2565,18,2.3. 1  5. 1  2,"PAPELERIA EN GENERAL, UTILES Y MATERIALES DE OFICINA",10.58,Compromiso
2026,1028,04,B,47,07/04/2026 00:00:00,20100049181,TAI LOY S.A.,26,CONTRATACION POR CATALOGO ELECTRONICO,CCE,0007-2026-GORE-CALLAO,ARCHIVADOR LOMO ANCHO TAMA•O OFICIO - COMPRA CORPORATIVA OBLIGATORIA APROBADA MEDIANTE R.D. N.¯ 0039-2025-EF/5 (SEGUNDA ENTREGA),2565,18,2.3. 1  5. 1  2,"PAPELERIA EN GENERAL, UTILES Y MATERIALES DE OFICINA",98.79,Compromiso
2026,1028,04,B,47,07/04/2026 00:00:00,20100049181,TAI LOY S.A.,26,CONTRATACION POR CATALOGO ELECTRONICO,CCE,0007-2026-GORE-CALLAO,ARCHIVADOR LOMO ANCHO TAMA•O OFICIO - COMPRA CORPORATIVA OBLIGATORIA APROBADA MEDIANTE R.D. N.¯ 0039-2025-EF/5 (SEGUNDA ENTREGA),2565,18,2.3. 1  5. 1  2,"PAPELERIA EN GENERAL, UTILES Y MATERIALES DE OFICINA",670.37,Compromiso
2026,1028,04,B,47,07/04/2026 00:00:00,20100049181,TAI LOY S.A.,26,CONTRATACION POR CATALOGO ELECTRONICO,CCE,0007-2026-GORE-CALLAO,ARCHIVADOR LOMO ANCHO TAMA•O OFICIO - COMPRA CORPORATIVA OBLIGATORIA APROBADA MEDIANTE R.D. N.¯ 0039-2025-EF/5 (SEGUNDA ENTREGA),2565,18,2.3. 1  5. 1  2,"PAPELERIA EN GENERAL, UTILES Y MATERIALES DE OFICINA",246.97,Compromiso
2026,1028,04,B,47,07/04/2026 00:00:00,20100049181,TAI LOY S.A.,26,CONTRATACION POR CATALOGO ELECTRONICO,CCE,0007-2026-GORE-CALLAO,ARCHIVADOR LOMO ANCHO TAMA•O OFICIO - COMPRA CORPORATIVA OBLIGATORIA APROBADA MEDIANTE R.D. N.¯ 0039-2025-EF/5 (SEGUNDA ENTREGA),2565,18,2.3. 1  5. 1  2,"PAPELERIA EN GENERAL, UTILES Y MATERIALES DE OFICINA",17.64,Compromiso
2026,1028,04,B,47,07/04/2026 00:00:00,20100049181,TAI LOY S.A.,26,CONTRATACION POR CATALOGO ELECTRONICO,CCE,0007-2026-GORE-CALLAO,ARCHIVADOR LOMO ANCHO TAMA•O OFICIO - COMPRA CORPORATIVA OBLIGATORIA APROBADA MEDIANTE R.D. N.¯ 0039-2025-EF/5 (SEGUNDA ENTREGA),2565,18,2.3. 1  5. 1  2,"PAPELERIA EN GENERAL, UTILES Y MATERIALES DE OFICINA",24.70,Compromiso
2026,1028,04,B,47,07/04/2026 00:00:00,20100049181,TAI LOY S.A.,26,CONTRATACION POR CATALOGO ELECTRONICO,CCE,0007-2026-GORE-CALLAO,ARCHIVADOR LOMO ANCHO TAMA•O OFICIO - COMPRA CORPORATIVA OBLIGATORIA APROBADA MEDIANTE R.D. N.¯ 0039-2025-EF/5 (SEGUNDA ENTREGA),2565,18,2.3. 1  5. 1  2,"PAPELERIA EN GENERAL, UTILES Y MATERIALES DE OFICINA",35.28,Compromiso
2026,1028,04,B,47,07/04/2026 00:00:00,20100049181,TAI LOY S.A.,26,CONTRATACION POR CATALOGO ELECTRONICO,CCE,0007-2026-GORE-CALLAO,ARCHIVADOR LOMO ANCHO TAMA•O OFICIO - COMPRA CORPORATIVA OBLIGATORIA APROBADA MEDIANTE R.D. N.¯ 0039-2025-EF/5 (SEGUNDA ENTREGA),2565,18,2.3. 1  5. 1  2,"PAPELERIA EN GENERAL, UTILES Y MATERIALES DE OFICINA",352.82,Compromiso
2026,1028,04,B,48,07/04/2026 00:00:00,20100049181,TAI LOY S.A.,26,CONTRATACION POR CATALOGO ELECTRONICO,CCE,0007-2026-GORE-CALLAO,ARCHIVADOR LOMO ANCHO TAMA•O OFICIO - COMPRA CORPORATIVA OBLIGATORIA APROBADA MEDIANTE R.D. N.¯ 0039-2025-EF/5 (TERCER ENTREGA),2566,18,2.3. 1  5. 1  2,"PAPELERIA EN GENERAL, UTILES Y MATERIALES DE OFICINA",21.17,Compromiso
2026,1028,04,B,48,07/04/2026 00:00:00,20100049181,TAI LOY S.A.,26,CONTRATACION POR CATALOGO ELECTRONICO,CCE,0007-2026-GORE-CALLAO,ARCHIVADOR LOMO ANCHO TAMA•O OFICIO - COMPRA CORPORATIVA OBLIGATORIA APROBADA MEDIANTE R.D. N.¯ 0039-2025-EF/5 (TERCER ENTREGA),2566,18,2.3. 1  5. 1  2,"PAPELERIA EN GENERAL, UTILES Y MATERIALES DE OFICINA",659.78,Compromiso
2026,1028,04,B,48,07/04/2026 00:00:00,20100049181,TAI LOY S.A.,26,CONTRATACION POR CATALOGO ELECTRONICO,CCE,0007-2026-GORE-CALLAO,ARCHIVADOR LOMO ANCHO TAMA•O OFICIO - COMPRA CORPORATIVA OBLIGATORIA APROBADA MEDIANTE R.D. N.¯ 0039-2025-EF/5 (TERCER ENTREGA),2566,18,2.3. 1  5. 1  2,"PAPELERIA EN GENERAL, UTILES Y MATERIALES DE OFICINA",7.06,Compromiso
2026,1028,04,B,48,07/04/2026 00:00:00,20100049181,TAI LOY S.A.,26,CONTRATACION POR CATALOGO ELECTRONICO,CCE,0007-2026-GORE-CALLAO,ARCHIVADOR LOMO ANCHO TAMA•O OFICIO - COMPRA CORPORATIVA OBLIGATORIA APROBADA MEDIANTE R.D. N.¯ 0039-2025-EF/5 (TERCER ENTREGA),2566,18,2.3. 1  5. 1  2,"PAPELERIA EN GENERAL, UTILES Y MATERIALES DE OFICINA",70.56,Compromiso
2026,1028,04,B,48,07/04/2026 00:00:00,20100049181,TAI LOY S.A.,26,CONTRATACION POR CATALOGO ELECTRONICO,CCE,0007-2026-GORE-CALLAO,ARCHIVADOR LOMO ANCHO TAMA•O OFICIO - COMPRA CORPORATIVA OBLIGATORIA APROBADA MEDIANTE R.D. N.¯ 0039-2025-EF/5 (TERCER ENTREGA),2566,18,2.3. 1  5. 1  2,"PAPELERIA EN GENERAL, UTILES Y MATERIALES DE OFICINA",141.13,Compromiso
2026,1028,04,B,48,07/04/2026 00:00:00,20100049181,TAI LOY S.A.,26,CONTRATACION POR CATALOGO ELECTRONICO,CCE,0007-2026-GORE-CALLAO,ARCHIVADOR LOMO ANCHO TAMA•O OFICIO - COMPRA CORPORATIVA OBLIGATORIA APROBADA MEDIANTE R.D. N.¯ 0039-2025-EF/5 (TERCER ENTREGA),2566,18,2.3. 1  5. 1  2,"PAPELERIA EN GENERAL, UTILES Y MATERIALES DE OFICINA",211.69,Compromiso
2026,1028,04,B,48,07/04/2026 00:00:00,20100049181,TAI LOY S.A.,26,CONTRATACION POR CATALOGO ELECTRONICO,CCE,0007-2026-GORE-CALLAO,ARCHIVADOR LOMO ANCHO TAMA•O OFICIO - COMPRA CORPORATIVA OBLIGATORIA APROBADA MEDIANTE R.D. N.¯ 0039-2025-EF/5 (TERCER ENTREGA),2566,18,2.3. 1  5. 1  2,"PAPELERIA EN GENERAL, UTILES Y MATERIALES DE OFICINA",352.82,Compromiso
2026,1028,04,B,48,07/04/2026 00:00:00,20100049181,TAI LOY S.A.,26,CONTRATACION POR CATALOGO ELECTRONICO,CCE,0007-2026-GORE-CALLAO,ARCHIVADOR LOMO ANCHO TAMA•O OFICIO - COMPRA CORPORATIVA OBLIGATORIA APROBADA MEDIANTE R.D. N.¯ 0039-2025-EF/5 (TERCER ENTREGA),2566,18,2.3. 1  5. 1  2,"PAPELERIA EN GENERAL, UTILES Y MATERIALES DE OFICINA",17.64,Compromiso
2026,1028,04,B,48,07/04/2026 00:00:00,20100049181,TAI LOY S.A.,26,CONTRATACION POR CATALOGO ELECTRONICO,CCE,0007-2026-GORE-CALLAO,ARCHIVADOR LOMO ANCHO TAMA•O OFICIO - COMPRA CORPORATIVA OBLIGATORIA APROBADA MEDIANTE R.D. N.¯ 0039-2025-EF/5 (TERCER ENTREGA),2566,18,2.3. 1  5. 1  2,"PAPELERIA EN GENERAL, UTILES Y MATERIALES DE OFICINA",35.28,Compromiso
2026,1028,04,B,48,07/04/2026 00:00:00,20100049181,TAI LOY S.A.,26,CONTRATACION POR CATALOGO ELECTRONICO,CCE,0007-2026-GORE-CALLAO,ARCHIVADOR LOMO ANCHO TAMA•O OFICIO - COMPRA CORPORATIVA OBLIGATORIA APROBADA MEDIANTE R.D. N.¯ 0039-2025-EF/5 (TERCER ENTREGA),2566,18,2.3. 1  5. 1  2,"PAPELERIA EN GENERAL, UTILES Y MATERIALES DE OFICINA",155.24,Compromiso
2026,1028,04,B,48,07/04/2026 00:00:00,20100049181,TAI LOY S.A.,26,CONTRATACION POR CATALOGO ELECTRONICO,CCE,0007-2026-GORE-CALLAO,ARCHIVADOR LOMO ANCHO TAMA•O OFICIO - COMPRA CORPORATIVA OBLIGATORIA APROBADA MEDIANTE R.D. N.¯ 0039-2025-EF/5 (TERCER ENTREGA),2566,18,2.3. 1  5. 1  2,"PAPELERIA EN GENERAL, UTILES Y MATERIALES DE OFICINA",3.53,Compromiso
2026,1028,04,B,48,07/04/2026 00:00:00,20100049181,TAI LOY S.A.,26,CONTRATACION POR CATALOGO ELECTRONICO,CCE,0007-2026-GORE-CALLAO,ARCHIVADOR LOMO ANCHO TAMA•O OFICIO - COMPRA CORPORATIVA OBLIGATORIA APROBADA MEDIANTE R.D. N.¯ 0039-2025-EF/5 (TERCER ENTREGA),2566,18,2.3. 1  5. 1  2,"PAPELERIA EN GENERAL, UTILES Y MATERIALES DE OFICINA",14.11,Compromiso
2026,1028,04,B,49,07/04/2026 00:00:00,20100049181,TAI LOY S.A.,26,CONTRATACION POR CATALOGO ELECTRONICO,CCE,0008-2026-GORE-CALLAO,ARCHIVADOR LOMO ANCHO TAMA•O A4 - COMPRA CORPORATIVA OBLIGATORIA APROBADA MEDIANTE R.D. N.¯ 0039-2025-EF/5 (PRIMERA ENTREGA),2567,18,2.3. 1  5. 1  2,"PAPELERIA EN GENERAL, UTILES Y MATERIALES DE OFICINA",23.62,Compromiso
2026,1028,04,B,49,07/04/2026 00:00:00,20100049181,TAI LOY S.A.,26,CONTRATACION POR CATALOGO ELECTRONICO,CCE,0008-2026-GORE-CALLAO,ARCHIVADOR LOMO ANCHO TAMA•O A4 - COMPRA CORPORATIVA OBLIGATORIA APROBADA MEDIANTE R.D. N.¯ 0039-2025-EF/5 (PRIMERA ENTREGA),2567,18,2.3. 1  5. 1  2,"PAPELERIA EN GENERAL, UTILES Y MATERIALES DE OFICINA",33.75,Compromiso
2026,1028,04,B,49,07/04/2026 00:00:00,20100049181,TAI LOY S.A.,26,CONTRATACION POR CATALOGO ELECTRONICO,CCE,0008-2026-GORE-CALLAO,ARCHIVADOR LOMO ANCHO TAMA•O A4 - COMPRA CORPORATIVA OBLIGATORIA APROBADA MEDIANTE R.D. N.¯ 0039-2025-EF/5 (PRIMERA ENTREGA),2567,18,2.3. 1  5. 1  2,"PAPELERIA EN GENERAL, UTILES Y MATERIALES DE OFICINA",101.24,Compromiso
2026,1028,04,B,49,07/04/2026 00:00:00,20100049181,TAI LOY S.A.,26,CONTRATACION POR CATALOGO ELECTRONICO,CCE,0008-2026-GORE-CALLAO,ARCHIVADOR LOMO ANCHO TAMA•O A4 - COMPRA CORPORATIVA OBLIGATORIA APROBADA MEDIANTE R.D. N.¯ 0039-2025-EF/5 (PRIMERA ENTREGA),2567,18,2.3. 1  5. 1  2,"PAPELERIA EN GENERAL, UTILES Y MATERIALES DE OFICINA",101.28,Compromiso
2026,1028,04,B,49,07/04/2026 00:00:00,20100049181,TAI LOY S.A.,26,CONTRATACION POR CATALOGO ELECTRONICO,CCE,0008-2026-GORE-CALLAO,ARCHIVADOR LOMO ANCHO TAMA•O A4 - COMPRA CORPORATIVA OBLIGATORIA APROBADA MEDIANTE R.D. N.¯ 0039-2025-EF/5 (PRIMERA ENTREGA),2567,18,2.3. 1  5. 1  2,"PAPELERIA EN GENERAL, UTILES Y MATERIALES DE OFICINA",50.62,Compromiso
2026,1028,04,B,49,07/04/2026 00:00:00,20100049181,TAI LOY S.A.,26,CONTRATACION POR CATALOGO ELECTRONICO,CCE,0008-2026-GORE-CALLAO,ARCHIVADOR LOMO ANCHO TAMA•O A4 - COMPRA CORPORATIVA OBLIGATORIA APROBADA MEDIANTE R.D. N.¯ 0039-2025-EF/5 (PRIMERA ENTREGA),2567,18,2.3. 1  5. 1  2,"PAPELERIA EN GENERAL, UTILES Y MATERIALES DE OFICINA",10.12,Compromiso
2026,1028,04,B,49,07/04/2026 00:00:00,20100049181,TAI LOY S.A.,26,CONTRATACION POR CATALOGO ELECTRONICO,CCE,0008-2026-GORE-CALLAO,ARCHIVADOR LOMO ANCHO TAMA•O A4 - COMPRA CORPORATIVA OBLIGATORIA APROBADA MEDIANTE R.D. N.¯ 0039-2025-EF/5 (PRIMERA ENTREGA),2567,18,2.3. 1  5. 1  2,"PAPELERIA EN GENERAL, UTILES Y MATERIALES DE OFICINA",13.50,Compromiso
2026,1028,04,B,49,07/04/2026 00:00:00,20100049181,TAI LOY S.A.,26,CONTRATACION POR CATALOGO ELECTRONICO,CCE,0008-2026-GORE-CALLAO,ARCHIVADOR LOMO ANCHO TAMA•O A4 - COMPRA CORPORATIVA OBLIGATORIA APROBADA MEDIANTE R.D. N.¯ 0039-2025-EF/5 (PRIMERA ENTREGA),2567,18,2.3. 1  5. 1  2,"PAPELERIA EN GENERAL, UTILES Y MATERIALES DE OFICINA",6.75,Compromiso
2026,1028,04,B,49,07/04/2026 00:00:00,20100049181,TAI LOY S.A.,26,CONTRATACION POR CATALOGO ELECTRONICO,CCE,0008-2026-GORE-CALLAO,ARCHIVADOR LOMO ANCHO TAMA•O A4 - COMPRA CORPORATIVA OBLIGATORIA APROBADA MEDIANTE R.D. N.¯ 0039-2025-EF/5 (PRIMERA ENTREGA),2567,18,2.3. 1  5. 1  2,"PAPELERIA EN GENERAL, UTILES Y MATERIALES DE OFICINA",67.50,Compromiso
2026,1028,04,B,49,07/04/2026 00:00:00,20100049181,TAI LOY S.A.,26,CONTRATACION POR CATALOGO ELECTRONICO,CCE,0008-2026-GORE-CALLAO,ARCHIVADOR LOMO ANCHO TAMA•O A4 - COMPRA CORPORATIVA OBLIGATORIA APROBADA MEDIANTE R.D. N.¯ 0039-2025-EF/5 (PRIMERA ENTREGA),2567,18,2.3. 1  5. 1  2,"PAPELERIA EN GENERAL, UTILES Y MATERIALES DE OFICINA",84.37,Compromiso
2026,1028,04,B,49,07/04/2026 00:00:00,20100049181,TAI LOY S.A.,26,CONTRATACION POR CATALOGO ELECTRONICO,CCE,0008-2026-GORE-CALLAO,ARCHIVADOR LOMO ANCHO TAMA•O A4 - COMPRA CORPORATIVA OBLIGATORIA APROBADA MEDIANTE R.D. N.¯ 0039-2025-EF/5 (PRIMERA ENTREGA),2567,18,2.3. 1  5. 1  2,"PAPELERIA EN GENERAL, UTILES Y MATERIALES DE OFICINA",16.87,Compromiso
2026,1028,04,B,50,07/04/2026 00:00:00,20100049181,TAI LOY S.A.,26,CONTRATACION POR CATALOGO ELECTRONICO,CCE,0008-2026-GORE-CALLAO,ARCHIVADOR LOMO ANCHO TAMA•O A4 - COMPRA CORPORATIVA OBLIGATORIA APROBADA MEDIANTE R.D. N.¯ 0039-2025-EF/5 (SEGUNDA ENTREGA),2568,18,2.3. 1  5. 1  2,"PAPELERIA EN GENERAL, UTILES Y MATERIALES DE OFICINA",101.28,Compromiso
2026,1028,04,B,50,07/04/2026 00:00:00,20100049181,TAI LOY S.A.,26,CONTRATACION POR CATALOGO ELECTRONICO,CCE,0008-2026-GORE-CALLAO,ARCHIVADOR LOMO ANCHO TAMA•O A4 - COMPRA CORPORATIVA OBLIGATORIA APROBADA MEDIANTE R.D. N.¯ 0039-2025-EF/5 (SEGUNDA ENTREGA),2568,18,2.3. 1  5. 1  2,"PAPELERIA EN GENERAL, UTILES Y MATERIALES DE OFICINA",10.12,Compromiso
2026,1028,04,B,50,07/04/2026 00:00:00,20100049181,TAI LOY S.A.,26,CONTRATACION POR CATALOGO ELECTRONICO,CCE,0008-2026-GORE-CALLAO,ARCHIVADOR LOMO ANCHO TAMA•O A4 - COMPRA CORPORATIVA OBLIGATORIA APROBADA MEDIANTE R.D. N.¯ 0039-2025-EF/5 (SEGUNDA ENTREGA),2568,18,2.3. 1  5. 1  2,"PAPELERIA EN GENERAL, UTILES Y MATERIALES DE OFICINA",13.50,Compromiso
2026,1028,04,B,50,07/04/2026 00:00:00,20100049181,TAI LOY S.A.,26,CONTRATACION POR CATALOGO ELECTRONICO,CCE,0008-2026-GORE-CALLAO,ARCHIVADOR LOMO ANCHO TAMA•O A4 - COMPRA CORPORATIVA OBLIGATORIA APROBADA MEDIANTE R.D. N.¯ 0039-2025-EF/5 (SEGUNDA ENTREGA),2568,18,2.3. 1  5. 1  2,"PAPELERIA EN GENERAL, UTILES Y MATERIALES DE OFICINA",84.37,Compromiso
2026,1028,04,B,50,07/04/2026 00:00:00,20100049181,TAI LOY S.A.,26,CONTRATACION POR CATALOGO ELECTRONICO,CCE,0008-2026-GORE-CALLAO,ARCHIVADOR LOMO ANCHO TAMA•O A4 - COMPRA CORPORATIVA OBLIGATORIA APROBADA MEDIANTE R.D. N.¯ 0039-2025-EF/5 (SEGUNDA ENTREGA),2568,18,2.3. 1  5. 1  2,"PAPELERIA EN GENERAL, UTILES Y MATERIALES DE OFICINA",33.75,Compromiso
2026,1028,04,B,50,07/04/2026 00:00:00,20100049181,TAI LOY S.A.,26,CONTRATACION POR CATALOGO ELECTRONICO,CCE,0008-2026-GORE-CALLAO,ARCHIVADOR LOMO ANCHO TAMA•O A4 - COMPRA CORPORATIVA OBLIGATORIA APROBADA MEDIANTE R.D. N.¯ 0039-2025-EF/5 (SEGUNDA ENTREGA),2568,18,2.3. 1  5. 1  2,"PAPELERIA EN GENERAL, UTILES Y MATERIALES DE OFICINA",6.75,Compromiso
2026,1028,04,B,50,07/04/2026 00:00:00,20100049181,TAI LOY S.A.,26,CONTRATACION POR CATALOGO ELECTRONICO,CCE,0008-2026-GORE-CALLAO,ARCHIVADOR LOMO ANCHO TAMA•O A4 - COMPRA CORPORATIVA OBLIGATORIA APROBADA MEDIANTE R.D. N.¯ 0039-2025-EF/5 (SEGUNDA ENTREGA),2568,18,2.3. 1  5. 1  2,"PAPELERIA EN GENERAL, UTILES Y MATERIALES DE OFICINA",16.87,Compromiso
2026,1028,04,B,50,07/04/2026 00:00:00,20100049181,TAI LOY S.A.,26,CONTRATACION POR CATALOGO ELECTRONICO,CCE,0008-2026-GORE-CALLAO,ARCHIVADOR LOMO ANCHO TAMA•O A4 - COMPRA CORPORATIVA OBLIGATORIA APROBADA MEDIANTE R.D. N.¯ 0039-2025-EF/5 (SEGUNDA ENTREGA),2568,18,2.3. 1  5. 1  2,"PAPELERIA EN GENERAL, UTILES Y MATERIALES DE OFICINA",67.50,Compromiso
2026,1028,04,B,50,07/04/2026 00:00:00,20100049181,TAI LOY S.A.,26,CONTRATACION POR CATALOGO ELECTRONICO,CCE,0008-2026-GORE-CALLAO,ARCHIVADOR LOMO ANCHO TAMA•O A4 - COMPRA CORPORATIVA OBLIGATORIA APROBADA MEDIANTE R.D. N.¯ 0039-2025-EF/5 (SEGUNDA ENTREGA),2568,18,2.3. 1  5. 1  2,"PAPELERIA EN GENERAL, UTILES Y MATERIALES DE OFICINA",23.62,Compromiso
2026,1028,04,B,50,07/04/2026 00:00:00,20100049181,TAI LOY S.A.,26,CONTRATACION POR CATALOGO ELECTRONICO,CCE,0008-2026-GORE-CALLAO,ARCHIVADOR LOMO ANCHO TAMA•O A4 - COMPRA CORPORATIVA OBLIGATORIA APROBADA MEDIANTE R.D. N.¯ 0039-2025-EF/5 (SEGUNDA ENTREGA),2568,18,2.3. 1  5. 1  2,"PAPELERIA EN GENERAL, UTILES Y MATERIALES DE OFICINA",50.62,Compromiso
2026,1028,04,B,50,07/04/2026 00:00:00,20100049181,TAI LOY S.A.,26,CONTRATACION POR CATALOGO ELECTRONICO,CCE,0008-2026-GORE-CALLAO,ARCHIVADOR LOMO ANCHO TAMA•O A4 - COMPRA CORPORATIVA OBLIGATORIA APROBADA MEDIANTE R.D. N.¯ 0039-2025-EF/5 (SEGUNDA ENTREGA),2568,18,2.3. 1  5. 1  2,"PAPELERIA EN GENERAL, UTILES Y MATERIALES DE OFICINA",101.24,Compromiso
2026,1028,04,B,51,07/04/2026 00:00:00,20100049181,TAI LOY S.A.,26,CONTRATACION POR CATALOGO ELECTRONICO,CCE,0008-2026-GORE-CALLAO,ARCHIVADOR LOMO ANCHO TAMA•O A4 - COMPRA CORPORATIVA OBLIGATORIA APROBADA MEDIANTE R.D. N.¯ 0039-2025-EF/5 (TERCERA ENTREGA),2569,18,2.3. 1  5. 1  2,"PAPELERIA EN GENERAL, UTILES Y MATERIALES DE OFICINA",20.25,Compromiso
2026,1028,04,B,51,07/04/2026 00:00:00,20100049181,TAI LOY S.A.,26,CONTRATACION POR CATALOGO ELECTRONICO,CCE,0008-2026-GORE-CALLAO,ARCHIVADOR LOMO ANCHO TAMA•O A4 - COMPRA CORPORATIVA OBLIGATORIA APROBADA MEDIANTE R.D. N.¯ 0039-2025-EF/5 (TERCERA ENTREGA),2569,18,2.3. 1  5. 1  2,"PAPELERIA EN GENERAL, UTILES Y MATERIALES DE OFICINA",101.24,Compromiso
2026,1028,04,B,51,07/04/2026 00:00:00,20100049181,TAI LOY S.A.,26,CONTRATACION POR CATALOGO ELECTRONICO,CCE,0008-2026-GORE-CALLAO,ARCHIVADOR LOMO ANCHO TAMA•O A4 - COMPRA CORPORATIVA OBLIGATORIA APROBADA MEDIANTE R.D. N.¯ 0039-2025-EF/5 (TERCERA ENTREGA),2569,18,2.3. 1  5. 1  2,"PAPELERIA EN GENERAL, UTILES Y MATERIALES DE OFICINA",134.97,Compromiso
2026,1028,04,B,51,07/04/2026 00:00:00,20100049181,TAI LOY S.A.,26,CONTRATACION POR CATALOGO ELECTRONICO,CCE,0008-2026-GORE-CALLAO,ARCHIVADOR LOMO ANCHO TAMA•O A4 - COMPRA CORPORATIVA OBLIGATORIA APROBADA MEDIANTE R.D. N.¯ 0039-2025-EF/5 (TERCERA ENTREGA),2569,18,2.3. 1  5. 1  2,"PAPELERIA EN GENERAL, UTILES Y MATERIALES DE OFICINA",33.75,Compromiso
2026,1028,04,B,51,07/04/2026 00:00:00,20100049181,TAI LOY S.A.,26,CONTRATACION POR CATALOGO ELECTRONICO,CCE,0008-2026-GORE-CALLAO,ARCHIVADOR LOMO ANCHO TAMA•O A4 - COMPRA CORPORATIVA OBLIGATORIA APROBADA MEDIANTE R.D. N.¯ 0039-2025-EF/5 (TERCERA ENTREGA),2569,18,2.3. 1  5. 1  2,"PAPELERIA EN GENERAL, UTILES Y MATERIALES DE OFICINA",6.75,Compromiso
2026,1028,04,B,51,07/04/2026 00:00:00,20100049181,TAI LOY S.A.,26,CONTRATACION POR CATALOGO ELECTRONICO,CCE,0008-2026-GORE-CALLAO,ARCHIVADOR LOMO ANCHO TAMA•O A4 - COMPRA CORPORATIVA OBLIGATORIA APROBADA MEDIANTE R.D. N.¯ 0039-2025-EF/5 (TERCERA ENTREGA),2569,18,2.3. 1  5. 1  2,"PAPELERIA EN GENERAL, UTILES Y MATERIALES DE OFICINA",67.50,Compromiso
2026,1028,04,B,51,07/04/2026 00:00:00,20100049181,TAI LOY S.A.,26,CONTRATACION POR CATALOGO ELECTRONICO,CCE,0008-2026-GORE-CALLAO,ARCHIVADOR LOMO ANCHO TAMA•O A4 - COMPRA CORPORATIVA OBLIGATORIA APROBADA MEDIANTE R.D. N.¯ 0039-2025-EF/5 (TERCERA ENTREGA),2569,18,2.3. 1  5. 1  2,"PAPELERIA EN GENERAL, UTILES Y MATERIALES DE OFICINA",107.99,Compromiso
2026,1028,04,B,51,07/04/2026 00:00:00,20100049181,TAI LOY S.A.,26,CONTRATACION POR CATALOGO ELECTRONICO,CCE,0008-2026-GORE-CALLAO,ARCHIVADOR LOMO ANCHO TAMA•O A4 - COMPRA CORPORATIVA OBLIGATORIA APROBADA MEDIANTE R.D. N.¯ 0039-2025-EF/5 (TERCERA ENTREGA),2569,18,2.3. 1  5. 1  2,"PAPELERIA EN GENERAL, UTILES Y MATERIALES DE OFICINA",3.37,Compromiso
2026,1028,04,B,51,07/04/2026 00:00:00,20100049181,TAI LOY S.A.,26,CONTRATACION POR CATALOGO ELECTRONICO,CCE,0008-2026-GORE-CALLAO,ARCHIVADOR LOMO ANCHO TAMA•O A4 - COMPRA CORPORATIVA OBLIGATORIA APROBADA MEDIANTE R.D. N.¯ 0039-2025-EF/5 (TERCERA ENTREGA),2569,18,2.3. 1  5. 1  2,"PAPELERIA EN GENERAL, UTILES Y MATERIALES DE OFICINA",13.50,Compromiso
2026,1028,04,B,51,07/04/2026 00:00:00,20100049181,TAI LOY S.A.,26,CONTRATACION POR CATALOGO ELECTRONICO,CCE,0008-2026-GORE-CALLAO,ARCHIVADOR LOMO ANCHO TAMA•O A4 - COMPRA CORPORATIVA OBLIGATORIA APROBADA MEDIANTE R.D. N.¯ 0039-2025-EF/5 (TERCERA ENTREGA),2569,18,2.3. 1  5. 1  2,"PAPELERIA EN GENERAL, UTILES Y MATERIALES DE OFICINA",16.87,Compromiso
2026,1028,04,B,51,07/04/2026 00:00:00,20100049181,TAI LOY S.A.,26,CONTRATACION POR CATALOGO ELECTRONICO,CCE,0008-2026-GORE-CALLAO,ARCHIVADOR LOMO ANCHO TAMA•O A4 - COMPRA CORPORATIVA OBLIGATORIA APROBADA MEDIANTE R.D. N.¯ 0039-2025-EF/5 (TERCERA ENTREGA),2569,18,2.3. 1  5. 1  2,"PAPELERIA EN GENERAL, UTILES Y MATERIALES DE OFICINA",134.99,Compromiso
2026,1028,04,B,52,07/04/2026 00:00:00,10726949315,ROBLES GONZALES BEATRICE MICHELLE,106,CONTRATO MENOR,CM,,ADQUISICION DE ARREGLOS FLORALES PARA LA OFICINA DE IMAGEN INSTITUCIONAL Y PROTOCOLO DEL GOBIERNO REGIONAL DEL CALLAO,2573,18,2.3. 1 99. 1 99,OTROS BIENES,43030.00,Compromiso
2026,1028,04,B,53,08/04/2026 00:00:00,20613933434,PRODUCCIONES VEGA S.A.C.,106,CONTRATO MENOR,CM,,"ADQUISICION DE BOLSA NOTEX, CUADERNO ESPIRAL Y GIGANTOGRAFIA PARA EL EVENTO ENTREGA DE BIENES IOARR",2633,18,2.3. 1  2. 1  2,TEXTILES Y ACABADOS TEXTILES,3000.00,Compromiso
2026,1028,04,B,53,08/04/2026 00:00:00,20613933434,PRODUCCIONES VEGA S.A.C.,106,CONTRATO MENOR,CM,,"ADQUISICION DE BOLSA NOTEX, CUADERNO ESPIRAL Y GIGANTOGRAFIA PARA EL EVENTO ENTREGA DE BIENES IOARR",2633,18,2.3. 1  5. 1  2,"PAPELERIA EN GENERAL, UTILES Y MATERIALES DE OFICINA",3000.00,Compromiso
2026,1028,04,B,53,08/04/2026 00:00:00,20613933434,PRODUCCIONES VEGA S.A.C.,106,CONTRATO MENOR,CM,,"ADQUISICION DE BOLSA NOTEX, CUADERNO ESPIRAL Y GIGANTOGRAFIA PARA EL EVENTO ENTREGA DE BIENES IOARR",2633,18,2.3. 1 99. 1  3,"LIBROS, DIARIOS, REVISTAS Y OTROS BIENES IMPRESOS NO VINCULADOS A ENSE•ANZA",2980.00,Compromiso
2026,1028,04,B,54,08/04/2026 00:00:00,20607848204,SKUNA ASOCIADOS S.A.C.,106,CONTRATO MENOR,CM,,ADQUISICION DE ALIMENTOS Y BEBIDAS PARA CONSUMO HUMANOS PARA EVENTO ENTREGA BIENES IOARR,2631,18,2.3. 1  1. 1  1,ALIMENTOS Y BEBIDAS PARA CONSUMO HUMANO,2250.00,Compromiso
2026,1028,04,B,55,09/04/2026 00:00:00,20610191968,INVERSIONES CORPORATIVAS CAMPOS E.I.R.L.- FERRETER÷A CAMPOS,106,CONTRATO MENOR,CM,,ADQUISICION DE SUMINISTRO DE GASFITERIA,2672,18,2.3. 1 11. 1  1,PARA EDIFICIOS Y ESTRUCTURAS,41644.40,Compromiso
2026,1028,04,B,56,09/04/2026 00:00:00,20304446715,SERVICIOS MULTIPLES SILVA SRLTDA,106,CONTRATO MENOR,CM,,ADQUISICI‡N DE REVISTAS Y DIARIOS PARA LA OFICINA DE IMAGEN INSTITUCIONAL Y PROTOCOLO DE LA GERENCIA GENERAL REGIONAL DEL GOBIERNO REGIONAL DEL CALLAO,2782,18,2.3. 1 99. 1  3,"LIBROS, DIARIOS, REVISTAS Y OTROS BIENES IMPRESOS NO VINCULADOS A ENSE•ANZA",29225.40,Compromiso
2026,1028,04,B,57,13/04/2026 00:00:00,20549582347,DISIDEL S.A.C.,106,CONTRATO MENOR,CM,,ADQUISICI‡N DE EQUIPOS DE AIRE ACONDICIONADO PORTµTIL PARA LA GERENCIA REGIONAL DE DESARROLLO SOCIAL,2826,18,2.6. 3  2. 9  1,AIRE ACONDICIONADO Y REFRIGERACION,9774.93,Compromiso
2026,1028,04,B,58,13/04/2026 00:00:00,10464408784,NAVARRO SKUTERUD FRANK JOHNNY,106,CONTRATO MENOR,CM,,ADQUISICI‡N DE ART÷CULOS DE IMPRENTA PARA EL FESTIVAL REGIONAL,2823,18,2.3. 1 99. 1  3,"LIBROS, DIARIOS, REVISTAS Y OTROS BIENES IMPRESOS NO VINCULADOS A ENSE•ANZA",12600.00,Compromiso
2026,1028,04,B,59,13/04/2026 00:00:00,20607848204,SKUNA ASOCIADOS S.A.C.,106,CONTRATO MENOR,CM,,ADQUISICI‡N DE REFRIGERIOS PARA EL FESTIVAL REGIONAL,2824,18,2.3. 1  1. 1  1,ALIMENTOS Y BEBIDAS PARA CONSUMO HUMANO,10200.00,Compromiso
2026,1028,04,B,60,13/04/2026 00:00:00,10615311974,CASTRO ALMENDARIZ MARIA ALEJANDRA,106,CONTRATO MENOR,CM,,ADQUISICI‡N DE SOUVENIRS PARA EL FESTIVAL REGIONAL,2825,18,2.3. 1 99. 1 99,OTROS BIENES,7500.00,Compromiso
2026,1028,04,B,60,13/04/2026 00:00:00,10615311974,CASTRO ALMENDARIZ MARIA ALEJANDRA,106,CONTRATO MENOR,CM,,ADQUISICI‡N DE SOUVENIRS PARA EL FESTIVAL REGIONAL,2825,18,2.3. 1 99. 1  4,"SIMBOLOS, DISTINTIVOS Y CONDECORACIONES",1000.00,Compromiso
2026,1028,04,B,60,13/04/2026 00:00:00,10615311974,CASTRO ALMENDARIZ MARIA ALEJANDRA,106,CONTRATO MENOR,CM,,ADQUISICI‡N DE SOUVENIRS PARA EL FESTIVAL REGIONAL,2825,18,2.3. 1  2. 1  1,"VESTUARIO, ACCESORIOS Y PRENDAS DIVERSAS",16000.00,Compromiso
2026,1028,04,B,61,14/04/2026 00:00:00,20549582347,DISIDEL S.A.C.,106,CONTRATO MENOR,CM,,ADQUISICION DE TRITURADORA PARA LA GERENCIA DE ADMINISTRACION.,2827,18,2.6. 3  2. 2  1,MAQUINAS Y EQUIPOS,2800.00,Compromiso
2026,1028,04,B,62,14/04/2026 00:00:00,20608880781,INVERSIONES KALESA E.I.R.L.,106,CONTRATO MENOR,CM,,ADQUISICION DE SUMINISTROS DE ELETRICIDAD PARA LA EJECUCI‡N DE MANTENIMIENTOS CORRECTIVOS,2896,18,2.3. 1  5. 4  1,"ELECTRICIDAD, ILUMINACION Y ELECTRONICA",39400.00,Compromiso
2026,1028,04,B,62,14/04/2026 00:00:00,20608880781,INVERSIONES KALESA E.I.R.L.,106,CONTRATO MENOR,CM,,ADQUISICION DE SUMINISTROS DE ELETRICIDAD PARA LA EJECUCI‡N DE MANTENIMIENTOS CORRECTIVOS,2896,18,2.3. 1 99. 1 99,OTROS BIENES,440.00,Compromiso
2026,1028,04,B,62,14/04/2026 00:00:00,20608880781,INVERSIONES KALESA E.I.R.L.,106,CONTRATO MENOR,CM,,ADQUISICION DE SUMINISTROS DE ELETRICIDAD PARA LA EJECUCI‡N DE MANTENIMIENTOS CORRECTIVOS,2896,18,2.3. 1  5. 3  1,"ASEO, LIMPIEZA Y TOCADOR",460.00,Compromiso
2026,1028,04,B,63,14/04/2026 00:00:00,20608423924,SERVICIOS GENERALES SHADY S.A.C.,106,CONTRATO MENOR,CM,,ADQUISICION DE MICROFONOS Y PILAS PARA LA COMISI‡N AMBIENTAL REGIONAL DEL CALLAO ? CAR 2026,2903,18,2.6. 3  2. 3  3,EQUIPOS DE TELECOMUNICACIONES,1400.00,Compromiso
2026,1028,04,B,63,14/04/2026 00:00:00,20608423924,SERVICIOS GENERALES SHADY S.A.C.,106,CONTRATO MENOR,CM,,ADQUISICION DE MICROFONOS Y PILAS PARA LA COMISI‡N AMBIENTAL REGIONAL DEL CALLAO ? CAR 2026,2903,18,2.3. 1  5. 4  1,"ELECTRICIDAD, ILUMINACION Y ELECTRONICA",2400.00,Compromiso
2026,1028,04,B,64,14/04/2026 00:00:00,20613943081,CONSORCIO HERMANOS M&M SAC,106,CONTRATO MENOR,CM,,ADQUISICION DE MESAS PLEGABLES Y VASOS DE VIDRIO PARA LA COMISI‡N AMBIENTAL,2902,18,2.6. 3  2. 1  2,MOBILIARIO,3300.00,Compromiso
2026,1028,04,B,64,14/04/2026 00:00:00,20613943081,CONSORCIO HERMANOS M&M SAC,106,CONTRATO MENOR,CM,,ADQUISICION DE MESAS PLEGABLES Y VASOS DE VIDRIO PARA LA COMISI‡N AMBIENTAL,2902,18,2.3. 1  5. 3  2,"DE COCINA, COMEDOR Y CAFETERIA",148.00,Compromiso
2026,1028,04,B,65,16/04/2026 00:00:00,10436888274,RAMIREZ ELIAS LUIS ALBERTO,106,CONTRATO MENOR,CM,,ADQUISICI‡N DE VEH÷CULO AêREO NO TRIPULADO MULTIROTOR,2964,18,2.6. 3  2. 9 99,"MAQUINARIAS, EQUIPOS Y MOBILIARIOS DE OTRAS INSTALACIONES",43800.00,Compromiso
2026,1028,04,B,66,17/04/2026 00:00:00,20610513884,SERVIC TEAM S.A.C.,106,CONTRATO MENOR,CM,,ADQUISICION DE JUGOS Y GALLETAS PARA LA ACTIVIDAD OPERATIVA CAMPA•AS DE SENSIBILIZACION A LA COMUNIDAD SOBRE SEGURIDAD Y EDUCACION VIAL EN LA REGION CALLAO - PERIODO 2026.,2977,09,2.3. 1  1. 1  1,ALIMENTOS Y BEBIDAS PARA CONSUMO HUMANO,9244.00,Compromiso
2026,1028,04,B,67,17/04/2026 00:00:00,10479536452,DEZA MORALES BRAYAN MIRSHA,106,CONTRATO MENOR,CM,,ADQUISICION DE GIGANTOGRAFIA DE LONA Y TARJETAS DE INVITACION,2991,18,2.3. 1 99. 1  3,"LIBROS, DIARIOS, REVISTAS Y OTROS BIENES IMPRESOS NO VINCULADOS A ENSE•ANZA",3400.00,Compromiso
2026,1028,04,B,68,17/04/2026 00:00:00,10430545090,SARAVIA VELARDEELIZABETH GUISSELLA,106,CONTRATO MENOR,CM,,ADQUISICI‡N DE MATERIALES PARA ACONDICIONAMIENTO FOTOGRAFICO Y DIFUSI‡N EN VIVO,2992,18,2.6. 3  2. 9 99,"MAQUINARIAS, EQUIPOS Y MOBILIARIOS DE OTRAS INSTALACIONES",9361.60,Compromiso
2026,1028,04,B,68,17/04/2026 00:00:00,10430545090,SARAVIA VELARDEELIZABETH GUISSELLA,106,CONTRATO MENOR,CM,,ADQUISICI‡N DE MATERIALES PARA ACONDICIONAMIENTO FOTOGRAFICO Y DIFUSI‡N EN VIVO,2992,18,2.6. 3  2. 3  3,EQUIPOS DE TELECOMUNICACIONES,20623.00,Compromiso
2026,1028,04,B,68,17/04/2026 00:00:00,10430545090,SARAVIA VELARDEELIZABETH GUISSELLA,106,CONTRATO MENOR,CM,,ADQUISICI‡N DE MATERIALES PARA ACONDICIONAMIENTO FOTOGRAFICO Y DIFUSI‡N EN VIVO,2992,18,2.3. 1  6. 1 99,OTROS ACCESORIOS Y REPUESTOS,319.50,Compromiso
2026,1028,04,B,68,17/04/2026 00:00:00,10430545090,SARAVIA VELARDEELIZABETH GUISSELLA,106,CONTRATO MENOR,CM,,ADQUISICI‡N DE MATERIALES PARA ACONDICIONAMIENTO FOTOGRAFICO Y DIFUSI‡N EN VIVO,2992,18,2.6. 3  2. 1  2,MOBILIARIO,75.00,Compromiso
2026,1028,04,B,68,17/04/2026 00:00:00,10430545090,SARAVIA VELARDEELIZABETH GUISSELLA,106,CONTRATO MENOR,CM,,ADQUISICI‡N DE MATERIALES PARA ACONDICIONAMIENTO FOTOGRAFICO Y DIFUSI‡N EN VIVO,2992,18,2.3. 1  5. 4  1,"ELECTRICIDAD, ILUMINACION Y ELECTRONICA",2955.60,Compromiso
2026,1028,04,B,68,17/04/2026 00:00:00,10430545090,SARAVIA VELARDEELIZABETH GUISSELLA,106,CONTRATO MENOR,CM,,ADQUISICI‡N DE MATERIALES PARA ACONDICIONAMIENTO FOTOGRAFICO Y DIFUSI‡N EN VIVO,2992,18,2.6. 3  2. 9  4,ELECTRICIDAD Y ELECTRONICA,4800.00,Compromiso
2026,1028,04,B,69,17/04/2026 00:00:00,20611268883,INVERSIONES GRAFICAS 3 PUNTOS S.A.C.,106,CONTRATO MENOR,CM,,ADQUISICI‡N DE BROCHE DE METAL PARA DISTINTIVOS PINES EMBLEMAS Y SIGLAS,3000,18,2.3. 1 99. 1  4,"SIMBOLOS, DISTINTIVOS Y CONDECORACIONES",5900.00,Compromiso
2026,1028,04,B,70,20/04/2026 00:00:00,10416757777,HUAMANI SOTO RUTH MAYLI,106,CONTRATO MENOR,CM,,ADQUISICI‡N DE IMPRESIONES PARA LA ACTIVIDAD OPERATIVA PROMOCI‡N Y REGULACI‡N DE LOS SERVICIOS DE TELECOMUNICACIONES EN LA REGI‡N CALLAO,3001,18,2.3. 1 99. 1  3,"LIBROS, DIARIOS, REVISTAS Y OTROS BIENES IMPRESOS NO VINCULADOS A ENSE•ANZA",31010.00,Compromiso
2026,1028,04,B,71,20/04/2026 00:00:00,10106294572,CASTILLO VILLANUEVA WILDER,106,CONTRATO MENOR,CM,,"ADQUISICION DE BIENES IMPRESOS, PARA EL PRESUPUESTO PARTICIPATIVO 2027 BASADO EN RESULTADOS DEL GOBIERNO REGIONAL DEL CALLAO, PARA LA OFICINA DE PLANIFICACION",3060,18,2.3. 1 99. 1  3,"LIBROS, DIARIOS, REVISTAS Y OTROS BIENES IMPRESOS NO VINCULADOS A ENSE•ANZA",1000.00,Compromiso
2026,1028,04,B,72,21/04/2026 00:00:00,20614770547,J&T IMPORT CO. S.A.C.,106,CONTRATO MENOR,CM,,"ADQUISICI‡N DE CHALECOS, CASACAS, CAMISAS, CAMISETAS Y GORROS PARA LA ACTIVIDAD OPERATIVA PROMOCI‡N Y REGULACI‡N DE LOS SERVICIOS DE TELECOMUNICACIONES EN LA REGI‡N CALLAO",3101,18,2.3. 1  2. 1  1,"VESTUARIO, ACCESORIOS Y PRENDAS DIVERSAS",8988.00,Compromiso
2026,1028,04,B,73,21/04/2026 00:00:00,20548419655,INDUSTRIAL MIND PERU SOCIEDAD ANONIMA CERRADA - INDUMIN PERU S.A.C.,106,CONTRATO MENOR,CM,,ADQUISICION DE UTILES DE OFICINA,3106,18,2.3. 1  5. 1  2,"PAPELERIA EN GENERAL, UTILES Y MATERIALES DE OFICINA",402.00,Compromiso
2026,1028,04,B,74,21/04/2026 00:00:00,20604859311,GUISAVI TRANSPORTE Y SERVICIOS GENERALES S.A.C.-GUISAVI S.A.C.,106,CONTRATO MENOR,CM,,ADQUISICI‡N DE INSUMOS PARA LAS UNIDADES VEHICULARES DEL POOL VEHICULAR DE LA UNIDAD DE SERVICIOS GENERALES Y VEHICULOS LIVIANOS DEL GOBIERNO REGIONAL DEL CALLAO,3102,18,2.3. 1  5. 4  1,"ELECTRICIDAD, ILUMINACION Y ELECTRONICA",9750.00,Compromiso
2026,1028,04,B,74,21/04/2026 00:00:00,20604859311,GUISAVI TRANSPORTE Y SERVICIOS GENERALES S.A.C.-GUISAVI S.A.C.,106,CONTRATO MENOR,CM,,ADQUISICI‡N DE INSUMOS PARA LAS UNIDADES VEHICULARES DEL POOL VEHICULAR DE LA UNIDAD DE SERVICIOS GENERALES Y VEHICULOS LIVIANOS DEL GOBIERNO REGIONAL DEL CALLAO,3102,18,2.3. 1 11. 1  1,PARA EDIFICIOS Y ESTRUCTURAS,2290.00,Compromiso
2026,1028,04,B,74,21/04/2026 00:00:00,20604859311,GUISAVI TRANSPORTE Y SERVICIOS GENERALES S.A.C.-GUISAVI S.A.C.,106,CONTRATO MENOR,CM,,ADQUISICI‡N DE INSUMOS PARA LAS UNIDADES VEHICULARES DEL POOL VEHICULAR DE LA UNIDAD DE SERVICIOS GENERALES Y VEHICULOS LIVIANOS DEL GOBIERNO REGIONAL DEL CALLAO,3102,18,2.3. 1  3. 1  3,"LUBRICANTES, GRASAS Y AFINES",20318.05,Compromiso
2026,1028,04,B,74,21/04/2026 00:00:00,20604859311,GUISAVI TRANSPORTE Y SERVICIOS GENERALES S.A.C.-GUISAVI S.A.C.,106,CONTRATO MENOR,CM,,ADQUISICI‡N DE INSUMOS PARA LAS UNIDADES VEHICULARES DEL POOL VEHICULAR DE LA UNIDAD DE SERVICIOS GENERALES Y VEHICULOS LIVIANOS DEL GOBIERNO REGIONAL DEL CALLAO,3102,18,2.3. 1  5. 3  1,"ASEO, LIMPIEZA Y TOCADOR",390.00,Compromiso
2026,1028,04,B,74,21/04/2026 00:00:00,20604859311,GUISAVI TRANSPORTE Y SERVICIOS GENERALES S.A.C.-GUISAVI S.A.C.,106,CONTRATO MENOR,CM,,ADQUISICI‡N DE INSUMOS PARA LAS UNIDADES VEHICULARES DEL POOL VEHICULAR DE LA UNIDAD DE SERVICIOS GENERALES Y VEHICULOS LIVIANOS DEL GOBIERNO REGIONAL DEL CALLAO,3102,18,2.3. 1  6. 1  1,DE VEHICULOS,4276.00,Compromiso
2026,1028,04,B,75,21/04/2026 00:00:00,20614433095,SERVICIO LOGISTICO CONTINENTAL S.R.L.,106,CONTRATO MENOR,CM,,ADQUISICI‡N DE PINES INSTITUCIONALES,3103,18,2.3. 1 99. 1  4,"SIMBOLOS, DISTINTIVOS Y CONDECORACIONES",12000.00,Compromiso
2026,1028,04,B,76,21/04/2026 00:00:00,20607848204,SKUNA ASOCIADOS S.A.C.,106,CONTRATO MENOR,CM,,ADQUISICI‡N DE BIDONES DE AGUA X 20 LITROS PARA OCTI,3173,18,2.3. 1  1. 1  1,ALIMENTOS Y BEBIDAS PARA CONSUMO HUMANO,1440.00,Compromiso
2026,1028,04,B,77,22/04/2026 00:00:00,20604077584,SOCIEDAD ESTRATEGICA COMERCIAL BOSS S.A.C.,106,CONTRATO MENOR,CM,,DISCO DURO 10 TB - EMISION DE LICENCIAS - GERENCIA DE TRANSPORTES Y COMUNICACIONES.,3089,09,2.6. 3  2. 3  1,EQUIPOS COMPUTACIONALES Y PERIFERICOS,23400.00,Compromiso
2026,1028,04,B,78,22/04/2026 00:00:00,10416757777,HUAMANI SOTO RUTH MAYLI,106,CONTRATO MENOR,CM,,"ADQUISICION LAPICEROS IMPRESOS, BOLSAS DE NOTEX Y DIPTICOS PARA LA ACTIVIDAD OPERATIVA CAMPA•AS DE SENSIBILIZACION A LA COMUNIDAD SOBRE SEGURIDAD Y EDUCACION VIAL EN LA REGION CALLAO - PERIODO 2026.",3087,09,2.3. 1  5. 1  2,"PAPELERIA EN GENERAL, UTILES Y MATERIALES DE OFICINA",12400.00,Compromiso
2026,1028,04,B,78,22/04/2026 00:00:00,10416757777,HUAMANI SOTO RUTH MAYLI,106,CONTRATO MENOR,CM,,"ADQUISICION LAPICEROS IMPRESOS, BOLSAS DE NOTEX Y DIPTICOS PARA LA ACTIVIDAD OPERATIVA CAMPA•AS DE SENSIBILIZACION A LA COMUNIDAD SOBRE SEGURIDAD Y EDUCACION VIAL EN LA REGION CALLAO - PERIODO 2026.",3087,09,2.3. 1 99. 1 99,OTROS BIENES,19440.00,Compromiso
2026,1028,04,B,78,22/04/2026 00:00:00,10416757777,HUAMANI SOTO RUTH MAYLI,106,CONTRATO MENOR,CM,,"ADQUISICION LAPICEROS IMPRESOS, BOLSAS DE NOTEX Y DIPTICOS PARA LA ACTIVIDAD OPERATIVA CAMPA•AS DE SENSIBILIZACION A LA COMUNIDAD SOBRE SEGURIDAD Y EDUCACION VIAL EN LA REGION CALLAO - PERIODO 2026.",3087,09,2.3. 1 99. 1  3,"LIBROS, DIARIOS, REVISTAS Y OTROS BIENES IMPRESOS NO VINCULADOS A ENSE•ANZA",11180.00,Compromiso
2026,1028,04,B,79,22/04/2026 00:00:00,20602697224,MULTISERVICIOS COPYLIKE S.A.C.,26,CONTRATACION POR CATALOGO ELECTRONICO,CCE,0009-2026-GORE-CALLAO,ADQUISICION DE 02 HP BLACK LJ MANAGED IMAGING DRUM .W9015MC - PROCURADURIA PUBLICA REGIONAL.,3090,18,2.3. 1  5. 1  1,REPUESTOS Y ACCESORIOS,2599.89,Compromiso
2026,1028,04,B,80,22/04/2026 00:00:00,10454214698,GONZALES CORDOVA JOSE LUIS,106,CONTRATO MENOR,CM,,ADQUISICION DE SOUVENIRS PARA LA REALIZACION DEL EVENTO PRESUPUESTO PARTICIPATIVO 2023,3096,18,2.3. 1  5. 1  2,"PAPELERIA EN GENERAL, UTILES Y MATERIALES DE OFICINA",3500.00,Compromiso
2026,1028,04,B,80,22/04/2026 00:00:00,10454214698,GONZALES CORDOVA JOSE LUIS,106,CONTRATO MENOR,CM,,ADQUISICION DE SOUVENIRS PARA LA REALIZACION DEL EVENTO PRESUPUESTO PARTICIPATIVO 2023,3096,18,2.3. 1  7. 1  1,ENSERES,2500.00,Compromiso
2026,1028,04,B,80,22/04/2026 00:00:00,10454214698,GONZALES CORDOVA JOSE LUIS,106,CONTRATO MENOR,CM,,ADQUISICION DE SOUVENIRS PARA LA REALIZACION DEL EVENTO PRESUPUESTO PARTICIPATIVO 2023,3096,18,2.3. 1 99. 1 99,OTROS BIENES,1000.00,Compromiso
2026,1028,04,B,80,22/04/2026 00:00:00,10454214698,GONZALES CORDOVA JOSE LUIS,106,CONTRATO MENOR,CM,,ADQUISICION DE SOUVENIRS PARA LA REALIZACION DEL EVENTO PRESUPUESTO PARTICIPATIVO 2023,3096,18,2.3. 1  5. 3  2,"DE COCINA, COMEDOR Y CAFETERIA",2500.00,Compromiso
2026,1028,04,B,81,22/04/2026 00:00:00,10258593010,RASSMUSEN FUENTES GULIANNA PAOLA,106,CONTRATO MENOR,CM,,ADQUISICION DE GIGANTOGRAFIAS,3121,18,2.3. 1  5. 1  2,"PAPELERIA EN GENERAL, UTILES Y MATERIALES DE OFICINA",600.00,Compromiso
2026,1028,04,B,81,22/04/2026 00:00:00,10258593010,RASSMUSEN FUENTES GULIANNA PAOLA,106,CONTRATO MENOR,CM,,ADQUISICION DE GIGANTOGRAFIAS,3121,18,2.3. 1 99. 1  3,"LIBROS, DIARIOS, REVISTAS Y OTROS BIENES IMPRESOS NO VINCULADOS A ENSE•ANZA",6000.00,Compromiso
2026,1028,04,B,82,22/04/2026 00:00:00,10255577153,GOZZER DAVALOS SIBYL NINOSKA,106,CONTRATO MENOR,CM,,ADQUISICION DE GORRO DRILL,3122,18,2.3. 1  2. 1  1,"VESTUARIO, ACCESORIOS Y PRENDAS DIVERSAS",18000.00,Compromiso
2026,1028,04,B,83,22/04/2026 00:00:00,10258593010,RASSMUSEN FUENTES GULIANNA PAOLA,106,CONTRATO MENOR,CM,,ADQUISICION DE RECUERDO MONEDA DE BRONCE,3123,18,2.3. 1 99. 1  4,"SIMBOLOS, DISTINTIVOS Y CONDECORACIONES",2500.00,Compromiso
2026,1028,04,B,84,22/04/2026 00:00:00,10255577153,GOZZER DAVALOS SIBYL NINOSKA,106,CONTRATO MENOR,CM,,ADQUISICION DE CAMISETAS DE ALGODON MANGA CORTA,3124,18,2.3. 1  2. 1  2,TEXTILES Y ACABADOS TEXTILES,40000.00,Compromiso
2026,1028,04,B,85,22/04/2026 00:00:00,20562939491,SERVICIOS ELETRICOS MECANICOS & INSTALACIONES GENERALES E.I.R.L.,106,CONTRATO MENOR,CM,,ADQUISICI‡N DE VENTILADORES ELECTRICOS PARA LAS OFICINAS DEL GOBIERNO REGIONAL DEL CALLAO,3161,18,2.6. 3  2. 9  1,AIRE ACONDICIONADO Y REFRIGERACION,4667.20,Compromiso
2026,1028,04,B,86,22/04/2026 00:00:00,20611268883,INVERSIONES GRAFICAS 3 PUNTOS S.A.C.,106,CONTRATO MENOR,CM,,ADQUISICION DE TARJETAS DE INVITACION,3119,18,2.3. 1 99. 1  3,"LIBROS, DIARIOS, REVISTAS Y OTROS BIENES IMPRESOS NO VINCULADOS A ENSE•ANZA",1500.00,Compromiso
2026,1028,04,B,87,23/04/2026 00:00:00,20518799453,NUEVO MUNDO ALTERNATIVO E.I.R.L.,106,CONTRATO MENOR,CM,,"ADQU. REPUESTOS PARA IMPRESORAS HP (Z8W52A, Z9M01A, Z8W50A, Z7Y85A Y Z7Y76A) - PROCURADURIA PUBLICA REGIONAL.",3163,18,2.3. 1  5. 1  1,REPUESTOS Y ACCESORIOS,8737.00,Compromiso
2026,1028,04,B,88,24/04/2026 00:00:00,20613206711,FAWRE INVERSIONES Y REPRESENTACIONES DE MARCA S.A.C.,26,CONTRATACION POR CATALOGO ELECTRONICO,CCE,0010-2026-GORE-CALLAO,ADQUISICION DE AGUA DE MESA SIN GAS X 625 ML - ACR HUMEDALES (OFICINA DE AREAS PROTEGIDAS Y MEDIO AMBIENTE.,3243,00,2.3. 1  1. 1  1,ALIMENTOS Y BEBIDAS PARA CONSUMO HUMANO,7080.00,Compromiso
2026,1028,04,B,89,24/04/2026 00:00:00,20613933434,PRODUCCIONES VEGA S.A.C.,106,CONTRATO MENOR,CM,,ADQUISICION DE BIENES PARA LA ACCION DENOMINADA ?PRIMERA.FERIA REGIONAL JUVENIL ? 2026?,3227,18,2.3. 1  5. 1  2,"PAPELERIA EN GENERAL, UTILES Y MATERIALES DE OFICINA",3000.00,Compromiso
2026,1028,04,B,89,24/04/2026 00:00:00,20613933434,PRODUCCIONES VEGA S.A.C.,106,CONTRATO MENOR,CM,,ADQUISICION DE BIENES PARA LA ACCION DENOMINADA ?PRIMERA.FERIA REGIONAL JUVENIL ? 2026?,3227,18,2.3. 1 99. 1  3,"LIBROS, DIARIOS, REVISTAS Y OTROS BIENES IMPRESOS NO VINCULADOS A ENSE•ANZA",7000.00,Compromiso
2026,1028,04,B,89,24/04/2026 00:00:00,20613933434,PRODUCCIONES VEGA S.A.C.,106,CONTRATO MENOR,CM,,ADQUISICION DE BIENES PARA LA ACCION DENOMINADA ?PRIMERA.FERIA REGIONAL JUVENIL ? 2026?,3227,18,2.3. 1  2. 1  2,TEXTILES Y ACABADOS TEXTILES,7000.00,Compromiso
2026,1028,04,B,90,27/04/2026 00:00:00,20548419655,INDUSTRIAL MIND PERU SOCIEDAD ANONIMA CERRADA - INDUMIN PERU S.A.C.,106,CONTRATO MENOR,CM,,ADQUISICION DE AGUA MINERAL SIN GAS,3244,18,2.3. 1  1. 1  1,ALIMENTOS Y BEBIDAS PARA CONSUMO HUMANO,960.00,Compromiso
2026,1028,04,B,91,27/04/2026 00:00:00,20602697224,MULTISERVICIOS COPYLIKE S.A.C.,26,CONTRATACION POR CATALOGO ELECTRONICO,CCE,0011-2026-GORE-CALLAO,"ADQUISICION DE TAMBOR W9015MC - OFICINA DE DESARROLLO SOCIAL, POBLACI‡N E IGUALDAD DE OPORTUNIDADES, VIVIENDA Y SANEAMIENTO",3242,18,2.3. 1  5. 1  1,REPUESTOS Y ACCESORIOS,1299.98,Compromiso
2026,1028,04,B,92,27/04/2026 00:00:00,20606130385,WINSCORSERVICES INC EIRL,106,CONTRATO MENOR,CM,,ADQ DE M‡DULO PRE FABRICADO DE MADERA - ACT OPER ADM Y ALMAC DE KITS ASIST DE EMERGENCIAS Y DESASTRE,3245,00,2.2. 2  3.99 99,OTROS BIENES DE ASISTENCIA SOCIAL,43900.00,Compromiso
2026,1028,04,B,93,27/04/2026 00:00:00,10721861410,LEONARDO ANDRE PAJUELO NAVARRO,106,CONTRATO MENOR,CM,,ADQ DE JUEGO DE ASEO PERSONAL - ACT OPER ADM Y ALMAC DE KITS ASIST DE EMERGENCIAS Y DESASTRE,3272,00,2.2. 2  3.99 99,OTROS BIENES DE ASISTENCIA SOCIAL,7020.00,Compromiso
2026,1028,04,B,94,27/04/2026 00:00:00,20606104864,GJSOLUCION E.I.R.L.,106,CONTRATO MENOR,CM,,VOLANTE PUBLICITARIO,3263,18,2.3. 1 99. 1  3,"LIBROS, DIARIOS, REVISTAS Y OTROS BIENES IMPRESOS NO VINCULADOS A ENSE•ANZA",880.00,Compromiso
2026,1028,04,B,95,27/04/2026 00:00:00,10763052848,MERINO ESPINOZA ROSA ANGELICA,106,CONTRATO MENOR,CM,,UTILES DE BIOSEGURIDAD.,3264,18,2.3. 1  8. 2  1,"MATERIAL, INSUMOS, INSTRUMENTAL Y ACCESORIOS  MEDICOS, QUIRURGICOS, ODONTOLOGICOS Y DE LABORATORIO",1552.00,Compromiso
2026,1028,04,B,96,27/04/2026 00:00:00,20606104864,GJSOLUCION E.I.R.L.,106,CONTRATO MENOR,CM,,ADQUISICION DE SOUVENIRS,3265,18,2.3. 1  2. 1  2,TEXTILES Y ACABADOS TEXTILES,3950.00,Compromiso
2026,1028,04,B,96,27/04/2026 00:00:00,20606104864,GJSOLUCION E.I.R.L.,106,CONTRATO MENOR,CM,,ADQUISICION DE SOUVENIRS,3265,18,2.3. 1  5. 3  2,"DE COCINA, COMEDOR Y CAFETERIA",7450.00,Compromiso
2026,1028,04,B,97,27/04/2026 00:00:00,10404417491,GINA COSI CAPRISTAN,106,CONTRATO MENOR,CM,,ALIMENTOS Y BEBIDAS,3266,18,2.3. 1  1. 1  1,ALIMENTOS Y BEBIDAS PARA CONSUMO HUMANO,7200.00,Compromiso
2026,1028,04,B,98,28/04/2026 00:00:00,20614770547,J&T IMPORT CO. S.A.C.,106,CONTRATO MENOR,CM,,ADQUISICI‡N DE MATERIALES IMPRESOS PARA LA CEREMONIA DE ENTREGA DE BECAS INTEGRALES DE ESTUDIO 2026,3273,18,2.3. 1 99. 1  3,"LIBROS, DIARIOS, REVISTAS Y OTROS BIENES IMPRESOS NO VINCULADOS A ENSE•ANZA",22045.00,Compromiso
2026,1028,04,B,99,28/04/2026 00:00:00,20614770547,J&T IMPORT CO. S.A.C.,106,CONTRATO MENOR,CM,,ADQUISICI‡N DE KIT DE ESTUDIO PARA BECARIO PARA LA CEREMONIA DE ENTREGA DE BECAS INTEGRALES DE ESTUDIO 2026,3293,18,2.3. 1  2. 1  1,"VESTUARIO, ACCESORIOS Y PRENDAS DIVERSAS",4720.00,Compromiso
2026,1028,04,B,99,28/04/2026 00:00:00,20614770547,J&T IMPORT CO. S.A.C.,106,CONTRATO MENOR,CM,,ADQUISICI‡N DE KIT DE ESTUDIO PARA BECARIO PARA LA CEREMONIA DE ENTREGA DE BECAS INTEGRALES DE ESTUDIO 2026,3293,18,2.3. 1  2. 1  2,TEXTILES Y ACABADOS TEXTILES,8400.00,Compromiso
2026,1028,04,B,99,28/04/2026 00:00:00,20614770547,J&T IMPORT CO. S.A.C.,106,CONTRATO MENOR,CM,,ADQUISICI‡N DE KIT DE ESTUDIO PARA BECARIO PARA LA CEREMONIA DE ENTREGA DE BECAS INTEGRALES DE ESTUDIO 2026,3293,18,2.3. 1  5. 1  2,"PAPELERIA EN GENERAL, UTILES Y MATERIALES DE OFICINA",9080.00,Compromiso
2026,1028,04,B,99,28/04/2026 00:00:00,20614770547,J&T IMPORT CO. S.A.C.,106,CONTRATO MENOR,CM,,ADQUISICI‡N DE KIT DE ESTUDIO PARA BECARIO PARA LA CEREMONIA DE ENTREGA DE BECAS INTEGRALES DE ESTUDIO 2026,3293,18,2.3. 1 99. 1 99,OTROS BIENES,880.00,Compromiso
2026,1028,04,B,100,28/04/2026 00:00:00,10416757777,HUAMANI SOTO RUTH MAYLI,106,CONTRATO MENOR,CM,,ADQUISICI‡N DE ARTICULOS PUBLICITARIOS PARA LA CEREMONIA DE ENTREGA DE BECAS INTEGRALES DE ESTUDIO 2026,3294,18,2.3. 1  5. 3  2,"DE COCINA, COMEDOR Y CAFETERIA",7000.00,Compromiso
2026,1028,04,B,100,28/04/2026 00:00:00,10416757777,HUAMANI SOTO RUTH MAYLI,106,CONTRATO MENOR,CM,,ADQUISICI‡N DE ARTICULOS PUBLICITARIOS PARA LA CEREMONIA DE ENTREGA DE BECAS INTEGRALES DE ESTUDIO 2026,3294,18,2.3. 1 99. 1 99,OTROS BIENES,1750.00,Compromiso
2026,1028,04,B,100,28/04/2026 00:00:00,10416757777,HUAMANI SOTO RUTH MAYLI,106,CONTRATO MENOR,CM,,ADQUISICI‡N DE ARTICULOS PUBLICITARIOS PARA LA CEREMONIA DE ENTREGA DE BECAS INTEGRALES DE ESTUDIO 2026,3294,18,2.3. 1  5. 1  2,"PAPELERIA EN GENERAL, UTILES Y MATERIALES DE OFICINA",11100.00,Compromiso
2026,1028,04,B,100,28/04/2026 00:00:00,10416757777,HUAMANI SOTO RUTH MAYLI,106,CONTRATO MENOR,CM,,ADQUISICI‡N DE ARTICULOS PUBLICITARIOS PARA LA CEREMONIA DE ENTREGA DE BECAS INTEGRALES DE ESTUDIO 2026,3294,18,2.3. 1  2. 1  1,"VESTUARIO, ACCESORIOS Y PRENDAS DIVERSAS",2750.00,Compromiso
2026,1028,04,B,101,28/04/2026 00:00:00,20607134171,SMART INVERSIONES S.A.,90,LICITACI‡N PÈBLICA ABREVIADA,LP,0007-2025-GORE-CALLAO,ADQUISICION DE TORNO CNC PARA LA FASE DE EJECUCI‡N DEL PLAN DE NEGOCIO,3313,18,2.6. 3  2. 9 99,"MAQUINARIAS, EQUIPOS Y MOBILIARIOS DE OTRAS INSTALACIONES",95000.00,Compromiso
2026,1028,01,S,1,22/01/2026 00:00:00,20612154571,R COMERCIALES G&M EIRL,106,CONTRATO MENOR,CM,,SERVICIO DE MANTENIMIENTO CORRECTIVO DE LAS INSTALACIONES ELêCTRICAS DEL ESTADIO MIGUEL GRAU SOLICIT,44,18,2.3. 2  4. 2  1,"DE EDIFICACIONES, OFICINAS Y ESTRUCTURAS",28780.00,Compromiso
2026,1028,01,S,2,22/01/2026 00:00:00,20612321648,ADRICA SERVICIOS GENERALES E.I.R.L.,106,CONTRATO MENOR,CM,,SERVICIO DE MANTENIMIENTO CORRECTIVO DEL LOCAL ESTADIO MIGUEL GRAU SOLICITADO POR LA OFICINA DE ADMINISTRACI‡N DE VILLAS REGIONALES,45,18,2.3. 2  4. 2  1,"DE EDIFICACIONES, OFICINAS Y ESTRUCTURAS",42000.00,Compromiso
2026,1028,01,S,3,26/01/2026 00:00:00,10702556665,CASTILLO IZQUIERDO ELIZABETH NICOLE,106,CONTRATO MENOR,CM,,SERVICIO DE CONTROL Y REVISI‡N DE EXPEDIENTES DE CONTRATACIONES DE BIENES Y SERVICIOS I,54,18,2.3. 2  9. 1  1,LOCACION DE SERVICIOS REALIZADOS POR PERSONAS NATURALES RELACIONADAS AL ROL DE LA ENTIDAD,12000.00,Compromiso
2026,1028,01,S,4,26/01/2026 00:00:00,10414776928,RUCOBA RIOS ELI,106,CONTRATO MENOR,CM,,SERVICIO DE CONTROL Y REVISI‡N DE EXPEDIENTES DE CONTRATACIONES DE BIENES Y SERVICIOS II,55,18,2.3. 2  9. 1  1,LOCACION DE SERVICIOS REALIZADOS POR PERSONAS NATURALES RELACIONADAS AL ROL DE LA ENTIDAD,12000.00,Compromiso
2026,1028,01,S,5,26/01/2026 00:00:00,10445569424,FRETEL RAMOS ROSA MARLENI,106,CONTRATO MENOR,CM,,SERVICIO DE CONTROL Y REVISI‡N DE EXPEDIENTES DE CONTRATACIONES DE BIENES Y SERVICIOS III,56,18,2.3. 2  9. 1  1,LOCACION DE SERVICIOS REALIZADOS POR PERSONAS NATURALES RELACIONADAS AL ROL DE LA ENTIDAD,12000.00,Compromiso
2026,1028,01,S,6,26/01/2026 00:00:00,10723729985,MU•OZ CUADROS ROGGER JHORDAN,106,CONTRATO MENOR,CM,,SERVICIO DE CONTROL Y REVISI‡N DE EXPEDIENTES DE CONTRATACIONES DE BIENES Y SERVICIOS IV,57,18,2.3. 2  9. 1  1,LOCACION DE SERVICIOS REALIZADOS POR PERSONAS NATURALES RELACIONADAS AL ROL DE LA ENTIDAD,12000.00,Compromiso
2026,1028,01,S,7,26/01/2026 00:00:00,10704814840,LIMAS MEDINA EDMAN,106,CONTRATO MENOR,CM,,SERVICIO DE CONTROL Y REVISI‡N DE EXPEDIENTES DE CONTRATACIONES DE BIENES Y SERVICIOS V,58,18,2.3. 2  9. 1  1,LOCACION DE SERVICIOS REALIZADOS POR PERSONAS NATURALES RELACIONADAS AL ROL DE LA ENTIDAD,12000.00,Compromiso
2026,1028,01,S,8,26/01/2026 00:00:00,10437312015,ALCANTARA CHANGANAQUI JUAN JOSE,106,CONTRATO MENOR,CM,,SERVICIO DE CONTROL Y REVISI‡N DE EXPEDIENTES DE CONTRATACIONES DE BIENES Y SERVICIOS VI,59,18,2.3. 2  9. 1  1,LOCACION DE SERVICIOS REALIZADOS POR PERSONAS NATURALES RELACIONADAS AL ROL DE LA ENTIDAD,12000.00,Compromiso
2026,1028,01,S,9,27/01/2026 00:00:00,10414651742,ROJAS SEGUIER DOUGLAS WONDER,106,CONTRATO MENOR,CM,,SERVICIO DE COORDINACION EN TEMAS PARLAMENTARIOS PARA LA GERENCIA GENERAL REGIONAL.,64,18,2.3. 2  9. 1  1,LOCACION DE SERVICIOS REALIZADOS POR PERSONAS NATURALES RELACIONADAS AL ROL DE LA ENTIDAD,24000.00,Compromiso
2026,1028,01,S,9,27/01/2026 00:00:00,10414651742,ROJAS SEGUIER DOUGLAS WONDER,106,CONTRATO MENOR,CM,,SERVICIO DE COORDINACION EN TEMAS PARLAMENTARIOS PARA LA GERENCIA GENERAL REGIONAL.,64,18,2.3. 2  9. 1  1,LOCACION DE SERVICIOS REALIZADOS POR PERSONAS NATURALES RELACIONADAS AL ROL DE LA ENTIDAD,-12000.00,Rebaja
2026,1028,01,S,10,27/01/2026 00:00:00,10475929590,DAVILA SALAZAR VIRGILIA YULIANA,106,CONTRATO MENOR,CM,,"SERVICIO DE GESTION LEGAL, ADMINISTRATIVA Y GESTION PUBLICA PARA LA GERENCIA GENERAL REGIONAL.",65,18,2.3. 2  9. 1  1,LOCACION DE SERVICIOS REALIZADOS POR PERSONAS NATURALES RELACIONADAS AL ROL DE LA ENTIDAD,-11000.00,Rebaja
2026,1028,01,S,10,27/01/2026 00:00:00,10475929590,DAVILA SALAZAR VIRGILIA YULIANA,106,CONTRATO MENOR,CM,,"SERVICIO DE GESTION LEGAL, ADMINISTRATIVA Y GESTION PUBLICA PARA LA GERENCIA GENERAL REGIONAL.",65,18,2.3. 2  9. 1  1,LOCACION DE SERVICIOS REALIZADOS POR PERSONAS NATURALES RELACIONADAS AL ROL DE LA ENTIDAD,22000.00,Compromiso
2026,1028,01,S,11,27/01/2026 00:00:00,10078728529,CABANILLAS PAREDES ZOILA MARIA DEL CARMEN,106,CONTRATO MENOR,CM,,SERVICIO ESPECIALIZADO EN MATERIA LEGAL EN GESTION PUBLICA I PARA LA GERENCIA GENERAL REGIONAL.,66,18,2.3. 2  9. 1  1,LOCACION DE SERVICIOS REALIZADOS POR PERSONAS NATURALES RELACIONADAS AL ROL DE LA ENTIDAD,-10000.00,Rebaja
2026,1028,01,S,11,27/01/2026 00:00:00,10078728529,CABANILLAS PAREDES ZOILA MARIA DEL CARMEN,106,CONTRATO MENOR,CM,,SERVICIO ESPECIALIZADO EN MATERIA LEGAL EN GESTION PUBLICA I PARA LA GERENCIA GENERAL REGIONAL.,66,18,2.3. 2  9. 1  1,LOCACION DE SERVICIOS REALIZADOS POR PERSONAS NATURALES RELACIONADAS AL ROL DE LA ENTIDAD,20000.00,Compromiso
2026,1028,01,S,12,27/01/2026 00:00:00,10257518626,•IQUE VALDIVIA JOSE ANTONIO,106,CONTRATO MENOR,CM,,SERVICIO ESPECIALIZADO EN MATERIA LEGAL EN GESTION PUBLICA PARA LA GERENCIA GENERAL REGIONAL.,67,18,2.3. 2  9. 1  1,LOCACION DE SERVICIOS REALIZADOS POR PERSONAS NATURALES RELACIONADAS AL ROL DE LA ENTIDAD,20000.00,Compromiso
2026,1028,01,S,12,27/01/2026 00:00:00,10257518626,•IQUE VALDIVIA JOSE ANTONIO,106,CONTRATO MENOR,CM,,SERVICIO ESPECIALIZADO EN MATERIA LEGAL EN GESTION PUBLICA PARA LA GERENCIA GENERAL REGIONAL.,67,18,2.3. 2  9. 1  1,LOCACION DE SERVICIOS REALIZADOS POR PERSONAS NATURALES RELACIONADAS AL ROL DE LA ENTIDAD,-10000.00,Rebaja
2026,1028,01,S,13,27/01/2026 00:00:00,10093367249,RIVERO CABADA CARLA CRISTINA,106,CONTRATO MENOR,CM,,SERVICIO ESPECIALIZADO EN DERECHO ADMINISTRATIVO Y ADMINISTRACION PUBLICA I PARA LA GERENCIA GENERAL,68,18,2.3. 2  9. 1  1,LOCACION DE SERVICIOS REALIZADOS POR PERSONAS NATURALES RELACIONADAS AL ROL DE LA ENTIDAD,22000.00,Compromiso
2026,1028,01,S,13,27/01/2026 00:00:00,10093367249,RIVERO CABADA CARLA CRISTINA,106,CONTRATO MENOR,CM,,SERVICIO ESPECIALIZADO EN DERECHO ADMINISTRATIVO Y ADMINISTRACION PUBLICA I PARA LA GERENCIA GENERAL,68,18,2.3. 2  9. 1  1,LOCACION DE SERVICIOS REALIZADOS POR PERSONAS NATURALES RELACIONADAS AL ROL DE LA ENTIDAD,-11000.00,Rebaja
2026,1028,01,S,14,27/01/2026 00:00:00,15307314336,CACHO MORAN LUZ MARIA,106,CONTRATO MENOR,CM,,SERVICIO ESPECIALIZADO EN DERECHO ADMINISTRATIVO Y ADMINISTRACION PUBLICA PARA LA GERENCIA GENERAL,69,18,2.3. 2  9. 1  1,LOCACION DE SERVICIOS REALIZADOS POR PERSONAS NATURALES RELACIONADAS AL ROL DE LA ENTIDAD,16000.00,Compromiso
2026,1028,01,S,14,27/01/2026 00:00:00,15307314336,CACHO MORAN LUZ MARIA,106,CONTRATO MENOR,CM,,SERVICIO ESPECIALIZADO EN DERECHO ADMINISTRATIVO Y ADMINISTRACION PUBLICA PARA LA GERENCIA GENERAL,69,18,2.3. 2  9. 1  1,LOCACION DE SERVICIOS REALIZADOS POR PERSONAS NATURALES RELACIONADAS AL ROL DE LA ENTIDAD,-8000.00,Rebaja
2026,1028,01,S,15,27/01/2026 00:00:00,10425872716,GRADOS VARGAS SARA ISABEL,106,CONTRATO MENOR,CM,,SERVICIO ESPECIALIZADO EN MATERIA LEGAL I PARA LA GERENCIA GENERAL REGIONAL.,70,18,2.3. 2  9. 1  1,LOCACION DE SERVICIOS REALIZADOS POR PERSONAS NATURALES RELACIONADAS AL ROL DE LA ENTIDAD,16000.00,Compromiso
2026,1028,01,S,15,27/01/2026 00:00:00,10425872716,GRADOS VARGAS SARA ISABEL,106,CONTRATO MENOR,CM,,SERVICIO ESPECIALIZADO EN MATERIA LEGAL I PARA LA GERENCIA GENERAL REGIONAL.,70,18,2.3. 2  9. 1  1,LOCACION DE SERVICIOS REALIZADOS POR PERSONAS NATURALES RELACIONADAS AL ROL DE LA ENTIDAD,-8000.00,Rebaja
2026,1028,01,S,16,27/01/2026 00:00:00,10435582848,MUNDACA CUBAS NEYSER ORLANDO,106,CONTRATO MENOR,CM,,SERVICIO DE ASISTENCIA TêCNICA LEGAL EN DOCUMENTOS DE GESTI‡N I PARA LA GERENCIA GENERAL REGIONAL.,71,18,2.3. 2  9. 1  1,LOCACION DE SERVICIOS REALIZADOS POR PERSONAS NATURALES RELACIONADAS AL ROL DE LA ENTIDAD,14000.00,Compromiso
2026,1028,01,S,16,27/01/2026 00:00:00,10435582848,MUNDACA CUBAS NEYSER ORLANDO,106,CONTRATO MENOR,CM,,SERVICIO DE ASISTENCIA TêCNICA LEGAL EN DOCUMENTOS DE GESTI‡N I PARA LA GERENCIA GENERAL REGIONAL.,71,18,2.3. 2  9. 1  1,LOCACION DE SERVICIOS REALIZADOS POR PERSONAS NATURALES RELACIONADAS AL ROL DE LA ENTIDAD,-7000.00,Rebaja
2026,1028,01,S,17,27/01/2026 00:00:00,10101231190,ACOSTA RAMIREZ CRISTIAN FRANCLIN,106,CONTRATO MENOR,CM,,SERVICIO ESPECIALIZADO EN ASUNTOS LEGALES ADMINISTRATIVOS PARA LA GERENCIA GENERAL REGIONAL.,72,18,2.3. 2  9. 1  1,LOCACION DE SERVICIOS REALIZADOS POR PERSONAS NATURALES RELACIONADAS AL ROL DE LA ENTIDAD,-8000.00,Rebaja
2026,1028,01,S,17,27/01/2026 00:00:00,10101231190,ACOSTA RAMIREZ CRISTIAN FRANCLIN,106,CONTRATO MENOR,CM,,SERVICIO ESPECIALIZADO EN ASUNTOS LEGALES ADMINISTRATIVOS PARA LA GERENCIA GENERAL REGIONAL.,72,18,2.3. 2  9. 1  1,LOCACION DE SERVICIOS REALIZADOS POR PERSONAS NATURALES RELACIONADAS AL ROL DE LA ENTIDAD,16000.00,Compromiso
2026,1028,01,S,18,27/01/2026 00:00:00,10101093145,ARCE RAMIREZ MARTIN JUVENAL,106,CONTRATO MENOR,CM,,SERVICIO ESPECIALIZADO EN ASUNTOS LEGALES ADMINISTRATIVOS I PARA LA GERENCIA GENERAL REGIONAL.,73,18,2.3. 2  9. 1  1,LOCACION DE SERVICIOS REALIZADOS POR PERSONAS NATURALES RELACIONADAS AL ROL DE LA ENTIDAD,-8000.00,Rebaja
2026,1028,01,S,18,27/01/2026 00:00:00,10101093145,ARCE RAMIREZ MARTIN JUVENAL,106,CONTRATO MENOR,CM,,SERVICIO ESPECIALIZADO EN ASUNTOS LEGALES ADMINISTRATIVOS I PARA LA GERENCIA GENERAL REGIONAL.,73,18,2.3. 2  9. 1  1,LOCACION DE SERVICIOS REALIZADOS POR PERSONAS NATURALES RELACIONADAS AL ROL DE LA ENTIDAD,16000.00,Compromiso
2026,1028,01,S,19,27/01/2026 00:00:00,10096666654,PUERTA JARAMILLO WELINGSTON MARINOSKY,106,CONTRATO MENOR,CM,,SERVICIO ESPECIALIZADO EN MATERIA LEGAL  PARA LA GERENCIA GENERAL REGIONAL.,74,18,2.3. 2  9. 1  1,LOCACION DE SERVICIOS REALIZADOS POR PERSONAS NATURALES RELACIONADAS AL ROL DE LA ENTIDAD,-8000.00,Rebaja
2026,1028,01,S,19,27/01/2026 00:00:00,10096666654,PUERTA JARAMILLO WELINGSTON MARINOSKY,106,CONTRATO MENOR,CM,,SERVICIO ESPECIALIZADO EN MATERIA LEGAL  PARA LA GERENCIA GENERAL REGIONAL.,74,18,2.3. 2  9. 1  1,LOCACION DE SERVICIOS REALIZADOS POR PERSONAS NATURALES RELACIONADAS AL ROL DE LA ENTIDAD,16000.00,Compromiso
2026,1028,01,S,20,27/01/2026 00:00:00,10731841743,LOZA SILVA JOSE CARLOS,106,CONTRATO MENOR,CM,,SERVICIO DE ASISTENCIA TêCNICA LEGAL EN DOCUMENTOS DE GESTI‡N II PARA LA GERENCIA GENERAL REGIONAL.,75,18,2.3. 2  9. 1  1,LOCACION DE SERVICIOS REALIZADOS POR PERSONAS NATURALES RELACIONADAS AL ROL DE LA ENTIDAD,-8000.00,Rebaja
2026,1028,01,S,20,27/01/2026 00:00:00,10731841743,LOZA SILVA JOSE CARLOS,106,CONTRATO MENOR,CM,,SERVICIO DE ASISTENCIA TêCNICA LEGAL EN DOCUMENTOS DE GESTI‡N II PARA LA GERENCIA GENERAL REGIONAL.,75,18,2.3. 2  9. 1  1,LOCACION DE SERVICIOS REALIZADOS POR PERSONAS NATURALES RELACIONADAS AL ROL DE LA ENTIDAD,16000.00,Compromiso
2026,1028,01,S,21,27/01/2026 00:00:00,10722819379,ESQUIVES ZU•E YAMILETH KASSANDRA,106,CONTRATO MENOR,CM,,SERVICIO DE ASISTENCIA TêCNICA LEGAL EN DOCUMENTOS DE GESTI‡N PARA LA GERENCIA GENERAL REGIONAL.,76,18,2.3. 2  9. 1  1,LOCACION DE SERVICIOS REALIZADOS POR PERSONAS NATURALES RELACIONADAS AL ROL DE LA ENTIDAD,12000.00,Compromiso
2026,1028,01,S,21,27/01/2026 00:00:00,10722819379,ESQUIVES ZU•E YAMILETH KASSANDRA,106,CONTRATO MENOR,CM,,SERVICIO DE ASISTENCIA TêCNICA LEGAL EN DOCUMENTOS DE GESTI‡N PARA LA GERENCIA GENERAL REGIONAL.,76,18,2.3. 2  9. 1  1,LOCACION DE SERVICIOS REALIZADOS POR PERSONAS NATURALES RELACIONADAS AL ROL DE LA ENTIDAD,-6000.00,Rebaja
2026,1028,01,S,22,27/01/2026 00:00:00,10738979945,RIMARACHIN FALLA SUNY VANESSA,106,CONTRATO MENOR,CM,,SERVICIO DE ASISTENCIA LEGAL EN PROCESOS ADMINISTRATIVOS I PARA LA GERENCIA GENERAL REGIONAL.,77,18,2.3. 2  9. 1  1,LOCACION DE SERVICIOS REALIZADOS POR PERSONAS NATURALES RELACIONADAS AL ROL DE LA ENTIDAD,11000.00,Compromiso
2026,1028,01,S,22,27/01/2026 00:00:00,10738979945,RIMARACHIN FALLA SUNY VANESSA,106,CONTRATO MENOR,CM,,SERVICIO DE ASISTENCIA LEGAL EN PROCESOS ADMINISTRATIVOS I PARA LA GERENCIA GENERAL REGIONAL.,77,18,2.3. 2  9. 1  1,LOCACION DE SERVICIOS REALIZADOS POR PERSONAS NATURALES RELACIONADAS AL ROL DE LA ENTIDAD,-5500.00,Rebaja
2026,1028,01,S,23,27/01/2026 00:00:00,10714829098,TORO CORONADO SILVIA NOEMI,106,CONTRATO MENOR,CM,,SERVICIO DE ASISTENCIA LEGAL EN PROCESOS ADMINISTRATIVOS PARA LA GERENCIA GENERAL REGIONAL.,78,18,2.3. 2  9. 1  1,LOCACION DE SERVICIOS REALIZADOS POR PERSONAS NATURALES RELACIONADAS AL ROL DE LA ENTIDAD,11000.00,Compromiso
2026,1028,01,S,23,27/01/2026 00:00:00,10714829098,TORO CORONADO SILVIA NOEMI,106,CONTRATO MENOR,CM,,SERVICIO DE ASISTENCIA LEGAL EN PROCESOS ADMINISTRATIVOS PARA LA GERENCIA GENERAL REGIONAL.,78,18,2.3. 2  9. 1  1,LOCACION DE SERVICIOS REALIZADOS POR PERSONAS NATURALES RELACIONADAS AL ROL DE LA ENTIDAD,-5500.00,Rebaja
2026,1028,01,S,24,27/01/2026 00:00:00,10733750672,PEROCHENA PEZO MILAGROS DE JESUS,106,CONTRATO MENOR,CM,,SERVICIO ESPECIALIZADO EN GESTI‡N PÈBLICA Y CONTRATACIONES DEL ESTADO PARA LA GERENCIA GENERAL REGIO,79,18,2.3. 2  9. 1  1,LOCACION DE SERVICIOS REALIZADOS POR PERSONAS NATURALES RELACIONADAS AL ROL DE LA ENTIDAD,12000.00,Compromiso
2026,1028,01,S,24,27/01/2026 00:00:00,10733750672,PEROCHENA PEZO MILAGROS DE JESUS,106,CONTRATO MENOR,CM,,SERVICIO ESPECIALIZADO EN GESTI‡N PÈBLICA Y CONTRATACIONES DEL ESTADO PARA LA GERENCIA GENERAL REGIO,79,18,2.3. 2  9. 1  1,LOCACION DE SERVICIOS REALIZADOS POR PERSONAS NATURALES RELACIONADAS AL ROL DE LA ENTIDAD,-6000.00,Rebaja
2026,1028,01,S,25,27/01/2026 00:00:00,10448336820,QUISPE HUAMAN ELENA,106,CONTRATO MENOR,CM,,SERVICIO DE GESTI‡N ADMINISTRATIVA PARA LA GERENCIA GENERAL REGIONAL.,80,18,2.3. 2  9. 1  1,LOCACION DE SERVICIOS REALIZADOS POR PERSONAS NATURALES RELACIONADAS AL ROL DE LA ENTIDAD,11000.00,Compromiso
2026,1028,01,S,25,27/01/2026 00:00:00,10448336820,QUISPE HUAMAN ELENA,106,CONTRATO MENOR,CM,,SERVICIO DE GESTI‡N ADMINISTRATIVA PARA LA GERENCIA GENERAL REGIONAL.,80,18,2.3. 2  9. 1  1,LOCACION DE SERVICIOS REALIZADOS POR PERSONAS NATURALES RELACIONADAS AL ROL DE LA ENTIDAD,-5500.00,Rebaja
2026,1028,01,S,26,27/01/2026 00:00:00,10255673624,MELENDEZ RAMOS CECILIA ISABEL,106,CONTRATO MENOR,CM,,SERVICIO DE GESTI‡N Y SEGUIMIENTO DE ACTIVIDADES ADMINISTRATIVAS PARA LA GERENCIA GENERAL REGIONAL.,81,18,2.3. 2  9. 1  1,LOCACION DE SERVICIOS REALIZADOS POR PERSONAS NATURALES RELACIONADAS AL ROL DE LA ENTIDAD,8000.00,Compromiso
2026,1028,01,S,27,27/01/2026 00:00:00,10729734344,TELLEZ VILCHEZ JESUS SALVATTORE,106,CONTRATO MENOR,CM,,SERVICIO DE AUXILIAR ADMINISTRATIVO PARA LA GERENCIA GENERAL REGIONAL.,82,18,2.3. 2  9. 1  1,LOCACION DE SERVICIOS REALIZADOS POR PERSONAS NATURALES RELACIONADAS AL ROL DE LA ENTIDAD,3000.00,Compromiso
2026,1028,01,S,27,27/01/2026 00:00:00,10729734344,TELLEZ VILCHEZ JESUS SALVATTORE,106,CONTRATO MENOR,CM,,SERVICIO DE AUXILIAR ADMINISTRATIVO PARA LA GERENCIA GENERAL REGIONAL.,82,18,2.3. 2  9. 1  1,LOCACION DE SERVICIOS REALIZADOS POR PERSONAS NATURALES RELACIONADAS AL ROL DE LA ENTIDAD,-1500.00,Rebaja
2026,1028,01,S,28,28/01/2026 00:00:00,20269985900,PLUZ ENERGﬁA PERÎ S.A.A.,14,ADJUDICACION SIN PROCEDIMIENTO,ASP,0,SERVICIO BASICO DE ENERGIA ELECTRICA PARA EL GOBIERNO REGIONAL DEL CALLAO Y SEDES EXTERNAS,90,00,2.3. 2  2. 1  1,SERVICIO DE SUMINISTRO DE ENERGIA ELECTRICA,1219146.00,Compromiso
2026,1028,01,S,29,28/01/2026 00:00:00,20100152356,SERV AGUA POTAB Y ALCANT DE LIMA-SEDAPAL,14,ADJUDICACION SIN PROCEDIMIENTO,ASP,0,SERVICIO BASICO DE AGUA POTABLE Y ALCANTARILLADO PARA EL GOBIERNO REGIONAL DEL CALLAO Y SEDES EXTERNAS,91,00,2.3. 2  2. 1  2,SERVICIO DE AGUA Y DESAGUE,706563.00,Compromiso
2026,1028,01,S,30,28/01/2026 00:00:00,10102182184,ALARCON MANGINI SANDRA PAOLA,106,CONTRATO MENOR,CM,,SERVICIO ESPECIALIZADO EN MATERIA LEGAL EN GESTION PÈBLICA DE LA PROCURADURIA PUBLICA REGIONAL.,85,18,2.3. 2  9. 1  1,LOCACION DE SERVICIOS REALIZADOS POR PERSONAS NATURALES RELACIONADAS AL ROL DE LA ENTIDAD,18600.00,Compromiso
2026,1028,01,S,31,28/01/2026 00:00:00,10714467226,AZA•ERO REYES JESSICA MAYRA,106,CONTRATO MENOR,CM,,SERVICIO DE ANALISIS Y EVALUACION DE CASOS EN TEMA PENAL Y PROCESAL PENAL DE LA PROCURADURIA PUBLICA,86,18,2.3. 2  9. 1  1,LOCACION DE SERVICIOS REALIZADOS POR PERSONAS NATURALES RELACIONADAS AL ROL DE LA ENTIDAD,18600.00,Compromiso
2026,1028,01,S,32,28/01/2026 00:00:00,10466846801,MALQUI PANTOJA ABELARDO GETULIO,106,CONTRATO MENOR,CM,,SERVICIO DE ANALISIS PENAL Y PROCESAL PENAL DE LA PROCURADURIA PUBLICA REGIONAL.,87,18,2.3. 2  9. 1  1,LOCACION DE SERVICIOS REALIZADOS POR PERSONAS NATURALES RELACIONADAS AL ROL DE LA ENTIDAD,18600.00,Compromiso
2026,1028,01,S,33,28/01/2026 00:00:00,10704366669,SERQUEN ROMERO JOHN PETER,106,CONTRATO MENOR,CM,,"SERVICIOS DE ASISTENCIA LEGAL EN PROCESOS CIVILES, LABORALES, CONTENCIOSOS ADMINISTRATIVOS Y ARBITRA",88,18,2.3. 2  9. 1  1,LOCACION DE SERVICIOS REALIZADOS POR PERSONAS NATURALES RELACIONADAS AL ROL DE LA ENTIDAD,18600.00,Compromiso
2026,1028,01,S,34,28/01/2026 00:00:00,10729087683,VERASTEGUI HERNANDEZ BRISCELLA TANIA,106,CONTRATO MENOR,CM,,SERVICIO ESPECIALIZADO EN MATERIA LEGAL PARA EL AREA LABORAL DE LA PROCURADURIA PUBLICA REGIONAL.,89,18,2.3. 2  9. 1  1,LOCACION DE SERVICIOS REALIZADOS POR PERSONAS NATURALES RELACIONADAS AL ROL DE LA ENTIDAD,18600.00,Compromiso
2026,1028,01,S,35,28/01/2026 00:00:00,10401455332,GUERRERO VELASQUEZ ROSA REGINA VICTORIA,106,CONTRATO MENOR,CM,,SERVICIO DE GESTOR DE DERECHO EN CONTENCIOSO DE LA PROCURADURIA PUBLICA REGIONAL.,92,18,2.3. 2  9. 1  1,LOCACION DE SERVICIOS REALIZADOS POR PERSONAS NATURALES RELACIONADAS AL ROL DE LA ENTIDAD,18600.00,Compromiso
2026,1028,01,S,36,28/01/2026 00:00:00,10731425936,ARIAS CUBILLAS SIU DE MARIA,106,CONTRATO MENOR,CM,,SERVICIO DE REGISTRO Y SEGUIMIENTO DE DOCUMENTOS ADMINISTRATIVOS Y JUDICIALES DE LA PROCURADURIA PUB,93,18,2.3. 2  9. 1  1,LOCACION DE SERVICIOS REALIZADOS POR PERSONAS NATURALES RELACIONADAS AL ROL DE LA ENTIDAD,12000.00,Compromiso
2026,1028,01,S,37,28/01/2026 00:00:00,10771293129,MELGAREJO GUTIERREZ RUBEN,106,CONTRATO MENOR,CM,,SERVICIO DE SEGUIMIENTO DE DOCUMENTOS ADMINISTRATIVOS DE LA PROCURADURIA PUBLICA REGIONAL.,94,18,2.3. 2  9. 1  1,LOCACION DE SERVICIOS REALIZADOS POR PERSONAS NATURALES RELACIONADAS AL ROL DE LA ENTIDAD,5400.00,Compromiso
2026,1028,01,S,38,28/01/2026 00:00:00,10733639461,MEDRANO SALCEDO EDUARDO FRANCO EMMANUEL,106,CONTRATO MENOR,CM,,SERVICIO DE AUXILIAR ADMINISTRATIVO DE LA PROCURADURIA PUBLICA REGIONAL.,95,18,2.3. 2  9. 1  1,LOCACION DE SERVICIOS REALIZADOS POR PERSONAS NATURALES RELACIONADAS AL ROL DE LA ENTIDAD,9000.00,Compromiso
2026,1028,01,S,39,28/01/2026 00:00:00,10465898912,DEL CARPIO MONROY ENRIQUE EMILIO,106,CONTRATO MENOR,CM,,SERVICIO DE ASISTENCIA DE ELABORACION DE DOCUMENTOS DE LA PROCURADURIA PUBLICA REGIONAL.,96,18,2.3. 2  9. 1  1,LOCACION DE SERVICIOS REALIZADOS POR PERSONAS NATURALES RELACIONADAS AL ROL DE LA ENTIDAD,8000.00,Compromiso
2026,1028,01,S,40,28/01/2026 00:00:00,10489480803,LEAL CACUA CLARA CELINA,106,CONTRATO MENOR,CM,,SERVICIO DE DIGITALIZACION Y ORGANIZACI‡N DE DOCUMENTACION DE LA PROCURADURIA PUBLICA REGIONAL.,97,18,2.3. 2  9. 1  1,LOCACION DE SERVICIOS REALIZADOS POR PERSONAS NATURALES RELACIONADAS AL ROL DE LA ENTIDAD,11400.00,Compromiso
2026,1028,01,S,41,28/01/2026 00:00:00,10482207613,POZO ODRIA MADELEY MERLY,106,CONTRATO MENOR,CM,,"SERVICIO DE PROCESAMIENTO, ORDENAMIENTO Y CLASIFICACION DE DOCUMENTOS ADMINISTRATIVOS DE LA PROCURAD",98,18,2.3. 2  9. 1  1,LOCACION DE SERVICIOS REALIZADOS POR PERSONAS NATURALES RELACIONADAS AL ROL DE LA ENTIDAD,6300.00,Compromiso
2026,1028,01,S,42,28/01/2026 00:00:00,10721801930,LICAS ACU•A JAMES HARRISON,106,CONTRATO MENOR,CM,,SERVICIO DE ELABORACION Y SEGUIMIENTO DE DOCUMENTOS ADMINISTRATIVOS DE LA PROCURADURIA PUBLICA REGIO,99,18,2.3. 2  9. 1  1,LOCACION DE SERVICIOS REALIZADOS POR PERSONAS NATURALES RELACIONADAS AL ROL DE LA ENTIDAD,11000.00,Compromiso
2026,1028,01,S,43,28/01/2026 00:00:00,10441428621,ZORRILLA FLORES JHON EDDER,106,CONTRATO MENOR,CM,,SERVICIO ESPECIALIZADO LEGAL EN PROCEDIMIENTOS ADMINISTRATIVOS PARA LA OFICINA DE RECURSOS HUMANOS.,100,18,2.3. 2  9. 1  1,LOCACION DE SERVICIOS REALIZADOS POR PERSONAS NATURALES RELACIONADAS AL ROL DE LA ENTIDAD,14000.00,Compromiso
2026,1028,01,S,43,28/01/2026 00:00:00,10441428621,ZORRILLA FLORES JHON EDDER,106,CONTRATO MENOR,CM,,SERVICIO ESPECIALIZADO LEGAL EN PROCEDIMIENTOS ADMINISTRATIVOS PARA LA OFICINA DE RECURSOS HUMANOS.,100,18,2.3. 2  9. 1  1,LOCACION DE SERVICIOS REALIZADOS POR PERSONAS NATURALES RELACIONADAS AL ROL DE LA ENTIDAD,-7000.00,Rebaja
2026,1028,01,S,44,28/01/2026 00:00:00,10106341295,MASCARO TOLENTINO CARLOS ALBERTO,106,CONTRATO MENOR,CM,,SERVICIO DE GESTI‡N ADMINISTRATIVA PARA LA OFICINA DE RECURSOS HUMANOS.,101,18,2.3. 2  9. 1  1,LOCACION DE SERVICIOS REALIZADOS POR PERSONAS NATURALES RELACIONADAS AL ROL DE LA ENTIDAD,-6000.00,Rebaja
2026,1028,01,S,44,28/01/2026 00:00:00,10106341295,MASCARO TOLENTINO CARLOS ALBERTO,106,CONTRATO MENOR,CM,,SERVICIO DE GESTI‡N ADMINISTRATIVA PARA LA OFICINA DE RECURSOS HUMANOS.,101,18,2.3. 2  9. 1  1,LOCACION DE SERVICIOS REALIZADOS POR PERSONAS NATURALES RELACIONADAS AL ROL DE LA ENTIDAD,12000.00,Compromiso
2026,1028,01,S,45,28/01/2026 00:00:00,10732368715,CAYCHO CHUMPITAZ CHRISTOPHER STEVEN,106,CONTRATO MENOR,CM,,"""SERVICIO ESPECIALIZADO EN MATERIA LEGAL PARA LA OFICINA DE.RECURSOS HUMANOS"".",102,18,2.3. 2  9. 1  1,LOCACION DE SERVICIOS REALIZADOS POR PERSONAS NATURALES RELACIONADAS AL ROL DE LA ENTIDAD,-6000.00,Rebaja
2026,1028,01,S,45,28/01/2026 00:00:00,10732368715,CAYCHO CHUMPITAZ CHRISTOPHER STEVEN,106,CONTRATO MENOR,CM,,"""SERVICIO ESPECIALIZADO EN MATERIA LEGAL PARA LA OFICINA DE.RECURSOS HUMANOS"".",102,18,2.3. 2  9. 1  1,LOCACION DE SERVICIOS REALIZADOS POR PERSONAS NATURALES RELACIONADAS AL ROL DE LA ENTIDAD,12000.00,Compromiso
2026,1028,01,S,46,28/01/2026 00:00:00,10742266279,ECHEVARRIA RAMOS LUIS GABRIEL,106,CONTRATO MENOR,CM,,"SERVICIO DE SEGUIMIENTO Y MONITOREO DE EJECUCI‡N DE ACTIVIDADES PARA BIENESTAR SOCIAL, Y SEGURIDAD",103,18,2.3. 2  9. 1  1,LOCACION DE SERVICIOS REALIZADOS POR PERSONAS NATURALES RELACIONADAS AL ROL DE LA ENTIDAD,8000.00,Compromiso
2026,1028,01,S,46,28/01/2026 00:00:00,10742266279,ECHEVARRIA RAMOS LUIS GABRIEL,106,CONTRATO MENOR,CM,,"SERVICIO DE SEGUIMIENTO Y MONITOREO DE EJECUCI‡N DE ACTIVIDADES PARA BIENESTAR SOCIAL, Y SEGURIDAD",103,18,2.3. 2  9. 1  1,LOCACION DE SERVICIOS REALIZADOS POR PERSONAS NATURALES RELACIONADAS AL ROL DE LA ENTIDAD,-4000.00,Rebaja
2026,1028,01,S,47,28/01/2026 00:00:00,10458431553,DIAZ ALARCON TEODORO,106,CONTRATO MENOR,CM,,SERVICIO DE ASISTENCIA TêCNICA ADMINISTRATIVA PARA LA OFICINA DE RECURSOS HUMANOS.,104,18,2.3. 2  9. 1  1,LOCACION DE SERVICIOS REALIZADOS POR PERSONAS NATURALES RELACIONADAS AL ROL DE LA ENTIDAD,-5000.00,Rebaja
2026,1028,01,S,47,28/01/2026 00:00:00,10458431553,DIAZ ALARCON TEODORO,106,CONTRATO MENOR,CM,,SERVICIO DE ASISTENCIA TêCNICA ADMINISTRATIVA PARA LA OFICINA DE RECURSOS HUMANOS.,104,18,2.3. 2  9. 1  1,LOCACION DE SERVICIOS REALIZADOS POR PERSONAS NATURALES RELACIONADAS AL ROL DE LA ENTIDAD,10000.00,Compromiso
2026,1028,01,S,48,28/01/2026 00:00:00,10415932184,PAREDES RAMOS MARIA JUANA,106,CONTRATO MENOR,CM,,SERVICIO ESPECIALIZADO EN TEMAS DE DERECHO PARA LA OFICINA DE RECURSOS HUMANOS.,105,18,2.3. 2  9. 1  1,LOCACION DE SERVICIOS REALIZADOS POR PERSONAS NATURALES RELACIONADAS AL ROL DE LA ENTIDAD,-5500.00,Rebaja
2026,1028,01,S,48,28/01/2026 00:00:00,10415932184,PAREDES RAMOS MARIA JUANA,106,CONTRATO MENOR,CM,,SERVICIO ESPECIALIZADO EN TEMAS DE DERECHO PARA LA OFICINA DE RECURSOS HUMANOS.,105,18,2.3. 2  9. 1  1,LOCACION DE SERVICIOS REALIZADOS POR PERSONAS NATURALES RELACIONADAS AL ROL DE LA ENTIDAD,11000.00,Compromiso
2026,1028,01,S,49,28/01/2026 00:00:00,10454801224,VILCHERREZ CRUZ ARTURO DAVID,106,CONTRATO MENOR,CM,,SERVICIO DE ASISTENCIA LEGAL EN RECURSOS HUMANOS PARA LA SECRETAR÷A TêCNICA-PAD DE LA OFICINA DE REC,106,18,2.3. 2  9. 1  1,LOCACION DE SERVICIOS REALIZADOS POR PERSONAS NATURALES RELACIONADAS AL ROL DE LA ENTIDAD,-12000.00,Anulado
2026,1028,01,S,49,28/01/2026 00:00:00,10454801224,VILCHERREZ CRUZ ARTURO DAVID,106,CONTRATO MENOR,CM,,SERVICIO DE ASISTENCIA LEGAL EN RECURSOS HUMANOS PARA LA SECRETAR÷A TêCNICA-PAD DE LA OFICINA DE REC,106,18,2.3. 2  9. 1  1,LOCACION DE SERVICIOS REALIZADOS POR PERSONAS NATURALES RELACIONADAS AL ROL DE LA ENTIDAD,12000.00,Compromiso
2026,1028,01,S,50,28/01/2026 00:00:00,10437564472,MONTEZA BEAS SANDRA ELIZABETH,106,CONTRATO MENOR,CM,,SERVICIO ESPECIALIZADO EN PROCESOS ADMINISTRATIVO DE LA SECRETAR÷A TêCNICA- PAD PARA LA ORH,107,18,2.3. 2  9. 1  1,LOCACION DE SERVICIOS REALIZADOS POR PERSONAS NATURALES RELACIONADAS AL ROL DE LA ENTIDAD,-6000.00,Rebaja
2026,1028,01,S,50,28/01/2026 00:00:00,10437564472,MONTEZA BEAS SANDRA ELIZABETH,106,CONTRATO MENOR,CM,,SERVICIO ESPECIALIZADO EN PROCESOS ADMINISTRATIVO DE LA SECRETAR÷A TêCNICA- PAD PARA LA ORH,107,18,2.3. 2  9. 1  1,LOCACION DE SERVICIOS REALIZADOS POR PERSONAS NATURALES RELACIONADAS AL ROL DE LA ENTIDAD,12000.00,Compromiso
2026,1028,01,S,51,28/01/2026 00:00:00,10460829491,VELASQUEZ TORRES ERIKA FABIOLA,106,CONTRATO MENOR,CM,,SERVICIO DE ESPECIALISTA ADMINISTRATIVO PARA LA OFICINA DE IMAGEN INSTITUCIONAL Y PROTOCOLO DE LA GERENCIA GENERAL REGIONAL DEL GOBIERNO REGIONAL DEL CALLAO,109,18,2.3. 2  9. 1  1,LOCACION DE SERVICIOS REALIZADOS POR PERSONAS NATURALES RELACIONADAS AL ROL DE LA ENTIDAD,-6000.00,Rebaja
2026,1028,01,S,51,28/01/2026 00:00:00,10460829491,VELASQUEZ TORRES ERIKA FABIOLA,106,CONTRATO MENOR,CM,,SERVICIO DE ESPECIALISTA ADMINISTRATIVO PARA LA OFICINA DE IMAGEN INSTITUCIONAL Y PROTOCOLO DE LA GERENCIA GENERAL REGIONAL DEL GOBIERNO REGIONAL DEL CALLAO,109,18,2.3. 2  9. 1  1,LOCACION DE SERVICIOS REALIZADOS POR PERSONAS NATURALES RELACIONADAS AL ROL DE LA ENTIDAD,12000.00,Compromiso
2026,1028,01,S,52,28/01/2026 00:00:00,10748197368,HUAMAN HOYOS EVELYN MAILY,106,CONTRATO MENOR,CM,,SERVICIO DE ASISTENCIA EN LA ELABORACI‡N DE DOCUMENTOS ADMINISTRATIVOS PARA LA OFICINA DE IMAGEN INSTITUCIONAL Y PROTOCOLO DE LA GERENCIA GENERAL REGIONAL DEL GOBIERNO REGIONAL DEL CALLAO,110,18,2.3. 2  9. 1  1,LOCACION DE SERVICIOS REALIZADOS POR PERSONAS NATURALES RELACIONADAS AL ROL DE LA ENTIDAD,6000.00,Compromiso
2026,1028,01,S,52,28/01/2026 00:00:00,10748197368,HUAMAN HOYOS EVELYN MAILY,106,CONTRATO MENOR,CM,,SERVICIO DE ASISTENCIA EN LA ELABORACI‡N DE DOCUMENTOS ADMINISTRATIVOS PARA LA OFICINA DE IMAGEN INSTITUCIONAL Y PROTOCOLO DE LA GERENCIA GENERAL REGIONAL DEL GOBIERNO REGIONAL DEL CALLAO,110,18,2.3. 2  9. 1  1,LOCACION DE SERVICIOS REALIZADOS POR PERSONAS NATURALES RELACIONADAS AL ROL DE LA ENTIDAD,-3000.00,Rebaja
2026,1028,01,S,53,28/01/2026 00:00:00,10717017183,CACERES NEGRETE XIOMARA ANTUANET,106,CONTRATO MENOR,CM,,SERVICIO DE GESTI‡N Y SEGUIMIENTO DE ACTIVIDADES ADMINISTRATIVAS PARA LA OFICINA DE IMAGEN INSTITUCIONAL Y PROTOCOLO DE LA GERENCIA GENERAL REGIONAL DEL GOBIERNO REGIONAL DEL CALLAO,111,18,2.3. 2  9. 1  1,LOCACION DE SERVICIOS REALIZADOS POR PERSONAS NATURALES RELACIONADAS AL ROL DE LA ENTIDAD,10600.00,Compromiso
2026,1028,01,S,54,28/01/2026 00:00:00,10400130090,RENGIFO SANCHEZ PAOLA MERCEDES,106,CONTRATO MENOR,CM,,SERVICIO ESPECIALIZADO DE IMAGEN Y PROTOCOLO PARA LA OFICINA DE IMAGEN INSTITUCIONAL Y PROTOCOLO DE LA GERENCIA GENERAL REGIONAL DEL GOBIERNO REGIONAL DEL CALLAO,112,18,2.3. 2  9. 1  1,LOCACION DE SERVICIOS REALIZADOS POR PERSONAS NATURALES RELACIONADAS AL ROL DE LA ENTIDAD,12000.00,Compromiso
2026,1028,01,S,55,28/01/2026 00:00:00,10427294230,QUI•ONES TORRES CARLOS ROGELIO,106,CONTRATO MENOR,CM,,SERVICIO DE IMAGEN Y PROTOCOLO PARA LA OFICINA DE IMAGEN INSTITUCIONAL Y PROTOCOLO DE LA GERENCIA GENERAL REGIONAL DEL GOBIERNO REGIONAL DEL CALLAO,113,18,2.3. 2  9. 1  1,LOCACION DE SERVICIOS REALIZADOS POR PERSONAS NATURALES RELACIONADAS AL ROL DE LA ENTIDAD,-4500.00,Rebaja
2026,1028,01,S,55,28/01/2026 00:00:00,10427294230,QUI•ONES TORRES CARLOS ROGELIO,106,CONTRATO MENOR,CM,,SERVICIO DE IMAGEN Y PROTOCOLO PARA LA OFICINA DE IMAGEN INSTITUCIONAL Y PROTOCOLO DE LA GERENCIA GENERAL REGIONAL DEL GOBIERNO REGIONAL DEL CALLAO,113,18,2.3. 2  9. 1  1,LOCACION DE SERVICIOS REALIZADOS POR PERSONAS NATURALES RELACIONADAS AL ROL DE LA ENTIDAD,9000.00,Compromiso
2026,1028,01,S,56,28/01/2026 00:00:00,10257421703,CORDOVA SALAZAR CARLOS ROBERTO,106,CONTRATO MENOR,CM,,SERVICIO DE LOCUCI‡N INSTITUCIONAL PARA LA OFICINA DE IMAGEN INSTITUCIONAL Y PROTOCOLO DE LA GERENCIA GENERAL REGIONAL DEL GOBIERNO REGIONAL DEL CALLAO,114,18,2.3. 2  9. 1  1,LOCACION DE SERVICIOS REALIZADOS POR PERSONAS NATURALES RELACIONADAS AL ROL DE LA ENTIDAD,12000.00,Compromiso
2026,1028,01,S,56,28/01/2026 00:00:00,10257421703,CORDOVA SALAZAR CARLOS ROBERTO,106,CONTRATO MENOR,CM,,SERVICIO DE LOCUCI‡N INSTITUCIONAL PARA LA OFICINA DE IMAGEN INSTITUCIONAL Y PROTOCOLO DE LA GERENCIA GENERAL REGIONAL DEL GOBIERNO REGIONAL DEL CALLAO,114,18,2.3. 2  9. 1  1,LOCACION DE SERVICIOS REALIZADOS POR PERSONAS NATURALES RELACIONADAS AL ROL DE LA ENTIDAD,-6000.00,Rebaja
2026,1028,01,S,57,28/01/2026 00:00:00,10099612067,TELLO ISUIZA ROSMERY,106,CONTRATO MENOR,CM,,SERVICIO DE PROTOCOLO PARA LA OFICINA DE IMAGEN INSTITUCIONAL Y PROTOCOLO DE LA GERENCIA GENERAL REGIONAL DEL GOBIERNO REGIONAL DEL CALLAO,115,18,2.3. 2  9. 1  1,LOCACION DE SERVICIOS REALIZADOS POR PERSONAS NATURALES RELACIONADAS AL ROL DE LA ENTIDAD,9000.00,Compromiso
2026,1028,01,S,58,28/01/2026 00:00:00,10731055438,ROLDAN TALLEDO BARBARA CLELIA,106,CONTRATO MENOR,CM,,SERVICIO DE ORGANIZACI‡N Y EJECUCI‡N DE PROTOCOLO INSTITUCIONAL PARA LA OFICINA DE IMAGEN INSTITUCIONAL Y PROTOCOLO DE LA GERENCIA GENERAL REGIONAL DEL GOBIERNO REGIONAL DEL CALLAO,116,18,2.3. 2  9. 1  1,LOCACION DE SERVICIOS REALIZADOS POR PERSONAS NATURALES RELACIONADAS AL ROL DE LA ENTIDAD,-5000.00,Rebaja
2026,1028,01,S,58,28/01/2026 00:00:00,10731055438,ROLDAN TALLEDO BARBARA CLELIA,106,CONTRATO MENOR,CM,,SERVICIO DE ORGANIZACI‡N Y EJECUCI‡N DE PROTOCOLO INSTITUCIONAL PARA LA OFICINA DE IMAGEN INSTITUCIONAL Y PROTOCOLO DE LA GERENCIA GENERAL REGIONAL DEL GOBIERNO REGIONAL DEL CALLAO,116,18,2.3. 2  9. 1  1,LOCACION DE SERVICIOS REALIZADOS POR PERSONAS NATURALES RELACIONADAS AL ROL DE LA ENTIDAD,10000.00,Compromiso
2026,1028,01,S,59,28/01/2026 00:00:00,10465309739,AGUILAR ZEVALLOS IRWIN ABEL,106,CONTRATO MENOR,CM,,SERVICIO DE REGISTRO FOTOGRµFICO PARA LA OFICINA DE IMAGEN INSTITUCIONAL Y PROTOCOLO DE LA GERENCIA GENERAL REGIONAL DEL GOBIERNO REGIONAL DEL CALLAO,117,18,2.3. 2  9. 1  1,LOCACION DE SERVICIOS REALIZADOS POR PERSONAS NATURALES RELACIONADAS AL ROL DE LA ENTIDAD,12000.00,Compromiso
2026,1028,01,S,59,28/01/2026 00:00:00,10465309739,AGUILAR ZEVALLOS IRWIN ABEL,106,CONTRATO MENOR,CM,,SERVICIO DE REGISTRO FOTOGRµFICO PARA LA OFICINA DE IMAGEN INSTITUCIONAL Y PROTOCOLO DE LA GERENCIA GENERAL REGIONAL DEL GOBIERNO REGIONAL DEL CALLAO,117,18,2.3. 2  9. 1  1,LOCACION DE SERVICIOS REALIZADOS POR PERSONAS NATURALES RELACIONADAS AL ROL DE LA ENTIDAD,-6000.00,Rebaja
2026,1028,01,S,60,28/01/2026 00:00:00,10777076031,ARAOZ COLONIA CESAR FERNANDO,106,CONTRATO MENOR,CM,,SERVICIO DE FILMACI‡N Y EDICI‡N DE VIDEOS PARA LA OFICINA DE IMAGEN INSTITUCIONAL Y PROTOCOLO DE LA GERENCIA GENERAL REGIONAL DEL GOBIERNO REGIONAL DEL CALLAO,118,18,2.3. 2  9. 1  1,LOCACION DE SERVICIOS REALIZADOS POR PERSONAS NATURALES RELACIONADAS AL ROL DE LA ENTIDAD,8000.00,Compromiso
2026,1028,01,S,61,28/01/2026 00:00:00,10770429418,VASQUEZ GARCIA MIGUEL ANGEL,106,CONTRATO MENOR,CM,,SERVICIO DE EDICI‡N DE VIDEOS Y SIMIL PARA LA OFICINA DE IMAGEN INSTITUCIONAL Y PROTOCOLO DE LA GERENCIA GENERAL REGIONAL DEL GOBIERNO REGIONAL DEL CALLAO,119,18,2.3. 2  9. 1  1,LOCACION DE SERVICIOS REALIZADOS POR PERSONAS NATURALES RELACIONADAS AL ROL DE LA ENTIDAD,8000.00,Compromiso
2026,1028,01,S,62,28/01/2026 00:00:00,10756979294,REJAS AVENSUR SERGIO SEBASTIAN,106,CONTRATO MENOR,CM,,"SERVICIO DE GRABACI‡N, EDICI‡N DE VIDEO Y REGISTRO FOTOGRµFICO PARA LA OFICINA DE IMAGEN INSTITUCIONAL Y PROTOCOLO DE LA GERENCIA GENERAL REGIONAL DEL GOBIERNO REGIONAL DEL CALLAO",120,18,2.3. 2  9. 1  1,LOCACION DE SERVICIOS REALIZADOS POR PERSONAS NATURALES RELACIONADAS AL ROL DE LA ENTIDAD,9000.00,Compromiso
2026,1028,01,S,62,28/01/2026 00:00:00,10756979294,REJAS AVENSUR SERGIO SEBASTIAN,106,CONTRATO MENOR,CM,,"SERVICIO DE GRABACI‡N, EDICI‡N DE VIDEO Y REGISTRO FOTOGRµFICO PARA LA OFICINA DE IMAGEN INSTITUCIONAL Y PROTOCOLO DE LA GERENCIA GENERAL REGIONAL DEL GOBIERNO REGIONAL DEL CALLAO",120,18,2.3. 2  9. 1  1,LOCACION DE SERVICIOS REALIZADOS POR PERSONAS NATURALES RELACIONADAS AL ROL DE LA ENTIDAD,-4500.00,Rebaja
2026,1028,01,S,63,28/01/2026 00:00:00,10430744378,UGAZ RODRIGUEZ ALVARO PAUL,106,CONTRATO MENOR,CM,,SERVICIO DE REGISTRO FOTOGRµFICO II PARA LA OFICINA DE IMAGEN INSTITUCIONAL Y PROTOCOLO DE LA GERENCIA GENERAL REGIONAL DEL GOBIERNO REGIONAL DEL CALLAO,121,18,2.3. 2  9. 1  1,LOCACION DE SERVICIOS REALIZADOS POR PERSONAS NATURALES RELACIONADAS AL ROL DE LA ENTIDAD,-5000.00,Rebaja
2026,1028,01,S,63,28/01/2026 00:00:00,10430744378,UGAZ RODRIGUEZ ALVARO PAUL,106,CONTRATO MENOR,CM,,SERVICIO DE REGISTRO FOTOGRµFICO II PARA LA OFICINA DE IMAGEN INSTITUCIONAL Y PROTOCOLO DE LA GERENCIA GENERAL REGIONAL DEL GOBIERNO REGIONAL DEL CALLAO,121,18,2.3. 2  9. 1  1,LOCACION DE SERVICIOS REALIZADOS POR PERSONAS NATURALES RELACIONADAS AL ROL DE LA ENTIDAD,10000.00,Compromiso
2026,1028,01,S,64,28/01/2026 00:00:00,10732342996,MEZA CARO MARLON JEFFERSON,106,CONTRATO MENOR,CM,,SERVICIO DE SEGUIMIENTO Y ASISTENCIA TêCNICA PARA COORDINACI‡N PARA LA OFICINA DE IMAGEN INSTITUCIONAL Y PROTOCOLO DE LA GERENCIA GENERAL REGIONAL DEL GOBIERNO REGIONAL DEL CALLAO,122,18,2.3. 2  9. 1  1,LOCACION DE SERVICIOS REALIZADOS POR PERSONAS NATURALES RELACIONADAS AL ROL DE LA ENTIDAD,-5000.00,Rebaja
2026,1028,01,S,64,28/01/2026 00:00:00,10732342996,MEZA CARO MARLON JEFFERSON,106,CONTRATO MENOR,CM,,SERVICIO DE SEGUIMIENTO Y ASISTENCIA TêCNICA PARA COORDINACI‡N PARA LA OFICINA DE IMAGEN INSTITUCIONAL Y PROTOCOLO DE LA GERENCIA GENERAL REGIONAL DEL GOBIERNO REGIONAL DEL CALLAO,122,18,2.3. 2  9. 1  1,LOCACION DE SERVICIOS REALIZADOS POR PERSONAS NATURALES RELACIONADAS AL ROL DE LA ENTIDAD,10000.00,Compromiso
2026,1028,01,S,65,28/01/2026 00:00:00,10462943526,ROJAS NU•EZ JOSEPH FERNANDO,106,CONTRATO MENOR,CM,,"SERVICIO DE ELABORACI‡N, EDICI‡N, COORDINACI‡N Y ENV÷O DE NOTAS DE PRENSA PARA LA OFICINA DE IMAGEN INSTITUCIONAL Y PROTOCOLO DE LA GERENCIA GENERAL REGIONAL DEL GOBIERNO REGIONAL DEL CALLLAO",123,18,2.3. 2  9. 1  1,LOCACION DE SERVICIOS REALIZADOS POR PERSONAS NATURALES RELACIONADAS AL ROL DE LA ENTIDAD,-5000.00,Rebaja
2026,1028,01,S,65,28/01/2026 00:00:00,10462943526,ROJAS NU•EZ JOSEPH FERNANDO,106,CONTRATO MENOR,CM,,"SERVICIO DE ELABORACI‡N, EDICI‡N, COORDINACI‡N Y ENV÷O DE NOTAS DE PRENSA PARA LA OFICINA DE IMAGEN INSTITUCIONAL Y PROTOCOLO DE LA GERENCIA GENERAL REGIONAL DEL GOBIERNO REGIONAL DEL CALLLAO",123,18,2.3. 2  9. 1  1,LOCACION DE SERVICIOS REALIZADOS POR PERSONAS NATURALES RELACIONADAS AL ROL DE LA ENTIDAD,10000.00,Compromiso
2026,1028,01,S,66,28/01/2026 00:00:00,10746981118,ESPICHAN CONTRERAS MAURO,106,CONTRATO MENOR,CM,,SERVICIO DE COBERTURA Y REDACCI‡N DE CONTENIDOS PERIOD÷STICOS PARA LA OFICINA DE IMAGEN INSTITUCIONAL Y PROTOCOLO DE LA GERENCIA GENERAL REGIONAL DEL GOBIERNO REGIONAL DEL CALLAO,274,18,2.3. 2  9. 1  1,LOCACION DE SERVICIOS REALIZADOS POR PERSONAS NATURALES RELACIONADAS AL ROL DE LA ENTIDAD,-4000.00,Rebaja
2026,1028,01,S,66,28/01/2026 00:00:00,10746981118,ESPICHAN CONTRERAS MAURO,106,CONTRATO MENOR,CM,,SERVICIO DE COBERTURA Y REDACCI‡N DE CONTENIDOS PERIOD÷STICOS PARA LA OFICINA DE IMAGEN INSTITUCIONAL Y PROTOCOLO DE LA GERENCIA GENERAL REGIONAL DEL GOBIERNO REGIONAL DEL CALLAO,274,18,2.3. 2  9. 1  1,LOCACION DE SERVICIOS REALIZADOS POR PERSONAS NATURALES RELACIONADAS AL ROL DE LA ENTIDAD,8000.00,Compromiso
2026,1028,01,S,67,28/01/2026 00:00:00,10727294185,ROJAS INFANTE FABIANA MARIFE,106,CONTRATO MENOR,CM,,SERVICIO DE GESTI‡N DE CONTENIDOS PARA REDES SOCIALES PARA LA OFICINA DE IMAGEN INSTITUCIONAL Y PROTOCOLO DE LA GERENCIA GENERAL REGIONAL DEL GOBIERNO REGIONAL DEL CALLAO.REGIONAL DEL GOBIERNO REGIONAL DEL CALLAO,124,18,2.3. 2  9. 1  1,LOCACION DE SERVICIOS REALIZADOS POR PERSONAS NATURALES RELACIONADAS AL ROL DE LA ENTIDAD,8000.00,Compromiso
2026,1028,01,S,67,28/01/2026 00:00:00,10727294185,ROJAS INFANTE FABIANA MARIFE,106,CONTRATO MENOR,CM,,SERVICIO DE GESTI‡N DE CONTENIDOS PARA REDES SOCIALES PARA LA OFICINA DE IMAGEN INSTITUCIONAL Y PROTOCOLO DE LA GERENCIA GENERAL REGIONAL DEL GOBIERNO REGIONAL DEL CALLAO.REGIONAL DEL GOBIERNO REGIONAL DEL CALLAO,124,18,2.3. 2  9. 1  1,LOCACION DE SERVICIOS REALIZADOS POR PERSONAS NATURALES RELACIONADAS AL ROL DE LA ENTIDAD,-4000.00,Rebaja
2026,1028,01,S,68,28/01/2026 00:00:00,10702957121,RODRIGUEZ GUERRERO SHERRY NOELLY,106,CONTRATO MENOR,CM,,SERVICIO DE DESARROLLO DE CONTENIDO DIGITAL PARA LAS REDES SOCIALES PARA LA OFICINA DE IMAGEN INSTITUCIONAL Y PROTOCOLO DE LA GERENCIA GENERAL REGIONAL DEL GOBIERNO REGIONAL DEL CALLAO,125,18,2.3. 2  9. 1  1,LOCACION DE SERVICIOS REALIZADOS POR PERSONAS NATURALES RELACIONADAS AL ROL DE LA ENTIDAD,8000.00,Compromiso
2026,1028,01,S,68,28/01/2026 00:00:00,10702957121,RODRIGUEZ GUERRERO SHERRY NOELLY,106,CONTRATO MENOR,CM,,SERVICIO DE DESARROLLO DE CONTENIDO DIGITAL PARA LAS REDES SOCIALES PARA LA OFICINA DE IMAGEN INSTITUCIONAL Y PROTOCOLO DE LA GERENCIA GENERAL REGIONAL DEL GOBIERNO REGIONAL DEL CALLAO,125,18,2.3. 2  9. 1  1,LOCACION DE SERVICIOS REALIZADOS POR PERSONAS NATURALES RELACIONADAS AL ROL DE LA ENTIDAD,-4000.00,Rebaja
2026,1028,01,S,69,28/01/2026 00:00:00,10746498972,SARAVIA ROMERO PIERO ANGEL,106,CONTRATO MENOR,CM,,SERVICIO DE DISE•O Y ELABORACI‡N DE MATERIAL IMPRESO PARA LA OFICINA DE IMAGEN INSTITUCIONAL Y PROTOCOLO DE LA GERENCIA GENERAL REGIONAL DEL GOBIERNO REGIONAL DEL CALLAO.,126,18,2.3. 2  9. 1  1,LOCACION DE SERVICIOS REALIZADOS POR PERSONAS NATURALES RELACIONADAS AL ROL DE LA ENTIDAD,10000.00,Compromiso
2026,1028,01,S,70,28/01/2026 00:00:00,10739308319,RETAMOZO PASICHE ANTUANET KATHERIN,106,CONTRATO MENOR,CM,,SERVICIO DE DISE•O Y DIAGRAMACI‡N DE PIEZAS GRµFICAS PARA LA OFICINA DE IMAGEN INSTITUCIONAL Y PROTOCOLO DE LA GERENCIA GENERAL REGIONAL DEL GOBIERNO REGIONAL DEL CALLAO.,127,18,2.3. 2  9. 1  1,LOCACION DE SERVICIOS REALIZADOS POR PERSONAS NATURALES RELACIONADAS AL ROL DE LA ENTIDAD,-4000.00,Rebaja
2026,1028,01,S,70,28/01/2026 00:00:00,10739308319,RETAMOZO PASICHE ANTUANET KATHERIN,106,CONTRATO MENOR,CM,,SERVICIO DE DISE•O Y DIAGRAMACI‡N DE PIEZAS GRµFICAS PARA LA OFICINA DE IMAGEN INSTITUCIONAL Y PROTOCOLO DE LA GERENCIA GENERAL REGIONAL DEL GOBIERNO REGIONAL DEL CALLAO.,127,18,2.3. 2  9. 1  1,LOCACION DE SERVICIOS REALIZADOS POR PERSONAS NATURALES RELACIONADAS AL ROL DE LA ENTIDAD,8000.00,Compromiso
2026,1028,01,S,71,28/01/2026 00:00:00,10257898399,CONTRERAS SAMAME NOEMI MIRIAM,106,CONTRATO MENOR,CM,,SERVICIO DE ORIENTACI‡N Y REGISTRO DE VISITAS I PARA LA OFICINA DE IMAGEN INSTITUCIONAL Y PROTOCOLO DE LA GERENCIA GENERAL REGIONAL DEL GOBIERNO REGIONAL DEL CALLAO.,128,18,2.3. 2  9. 1  1,LOCACION DE SERVICIOS REALIZADOS POR PERSONAS NATURALES RELACIONADAS AL ROL DE LA ENTIDAD,6800.00,Compromiso
2026,1028,01,S,71,28/01/2026 00:00:00,10257898399,CONTRERAS SAMAME NOEMI MIRIAM,106,CONTRATO MENOR,CM,,SERVICIO DE ORIENTACI‡N Y REGISTRO DE VISITAS I PARA LA OFICINA DE IMAGEN INSTITUCIONAL Y PROTOCOLO DE LA GERENCIA GENERAL REGIONAL DEL GOBIERNO REGIONAL DEL CALLAO.,128,18,2.3. 2  9. 1  1,LOCACION DE SERVICIOS REALIZADOS POR PERSONAS NATURALES RELACIONADAS AL ROL DE LA ENTIDAD,-3400.00,Rebaja
2026,1028,01,S,72,28/01/2026 00:00:00,10257781530,SAENZ QUIROZ KATTYA CONSUELO,106,CONTRATO MENOR,CM,,SERVICIO DE ORIENTACI‡N Y REGISTRO DE VISITAS II PARA LA OFICINA DE IMAGEN INSTITUCIONAL Y PROTOCOLO DE LA GERENCIA GENERAL REGIONAL DEL GOBIERNO REGIONAL DEL CALLAO.,129,18,2.3. 2  9. 1  1,LOCACION DE SERVICIOS REALIZADOS POR PERSONAS NATURALES RELACIONADAS AL ROL DE LA ENTIDAD,6800.00,Compromiso
2026,1028,01,S,72,28/01/2026 00:00:00,10257781530,SAENZ QUIROZ KATTYA CONSUELO,106,CONTRATO MENOR,CM,,SERVICIO DE ORIENTACI‡N Y REGISTRO DE VISITAS II PARA LA OFICINA DE IMAGEN INSTITUCIONAL Y PROTOCOLO DE LA GERENCIA GENERAL REGIONAL DEL GOBIERNO REGIONAL DEL CALLAO.,129,18,2.3. 2  9. 1  1,LOCACION DE SERVICIOS REALIZADOS POR PERSONAS NATURALES RELACIONADAS AL ROL DE LA ENTIDAD,-3400.00,Rebaja
2026,1028,01,S,73,28/01/2026 00:00:00,10255614300,"CARRASCO SALAZAR JAVIER ALCIDES",106,CONTRATO MENOR,CM,,SERVICIO DE ORIENTACI‡N Y REGISTRO DE VISITAS III PARA LA OFICINA DE IMAGEN INSTITUCIONAL Y PROTOCOLO DE LA GERENCIA GENERAL REGIONAL DEL GOBIERNO REGIONAL DEL CALLAO.,130,18,2.3. 2  9. 1  1,LOCACION DE SERVICIOS REALIZADOS POR PERSONAS NATURALES RELACIONADAS AL ROL DE LA ENTIDAD,6800.00,Compromiso
2026,1028,01,S,73,28/01/2026 00:00:00,10255614300,"CARRASCO SALAZAR JAVIER ALCIDES",106,CONTRATO MENOR,CM,,SERVICIO DE ORIENTACI‡N Y REGISTRO DE VISITAS III PARA LA OFICINA DE IMAGEN INSTITUCIONAL Y PROTOCOLO DE LA GERENCIA GENERAL REGIONAL DEL GOBIERNO REGIONAL DEL CALLAO.,130,18,2.3. 2  9. 1  1,LOCACION DE SERVICIOS REALIZADOS POR PERSONAS NATURALES RELACIONADAS AL ROL DE LA ENTIDAD,-3400.00,Rebaja
2026,1028,01,S,74,28/01/2026 00:00:00,10470865836,TORNO FLORES SERGIO EDUARDO,106,CONTRATO MENOR,CM,,SERVICIO DE ASISTENCIA TêCNICA EN PRENSA PARA LA REDACCI‡N DE CONTENIDOS COMUNICACIONALES Y PERIOD÷STICOS PARA LA OFICINA DE IMAGEN INSTITUCIONAL Y PROTOCOLO DE LA GERENCIA GENERAL REGIONAL DEL GOBIERNO REGIONAL DEL CALLAO,131,18,2.3. 2  9. 1  1,LOCACION DE SERVICIOS REALIZADOS POR PERSONAS NATURALES RELACIONADAS AL ROL DE LA ENTIDAD,8600.00,Compromiso
2026,1028,01,S,74,28/01/2026 00:00:00,10470865836,TORNO FLORES SERGIO EDUARDO,106,CONTRATO MENOR,CM,,SERVICIO DE ASISTENCIA TêCNICA EN PRENSA PARA LA REDACCI‡N DE CONTENIDOS COMUNICACIONALES Y PERIOD÷STICOS PARA LA OFICINA DE IMAGEN INSTITUCIONAL Y PROTOCOLO DE LA GERENCIA GENERAL REGIONAL DEL GOBIERNO REGIONAL DEL CALLAO,131,18,2.3. 2  9. 1  1,LOCACION DE SERVICIOS REALIZADOS POR PERSONAS NATURALES RELACIONADAS AL ROL DE LA ENTIDAD,-4300.00,Rebaja
2026,1028,01,S,75,28/01/2026 00:00:00,20614759870,CONSORCIO CLEAN,04,CONCURSO PUBLICO,CP,0001-2025-GORE-CALLAO,SERVICIO DE LIMPIEZA,139,18,2.3. 2  3. 1  1,SERVICIOS DE LIMPIEZA E HIGIENE,6310838.00,Compromiso
2026,1028,01,S,76,28/01/2026 00:00:00,10258596931,LEON MENDOZA CARLOS SANTIAGO,106,CONTRATO MENOR,CM,,SERVICIO ESPECIALIZADO EN PROCESOS CONTABLES Y FINANCIEROS,157,18,2.3. 2  9. 1  1,LOCACION DE SERVICIOS REALIZADOS POR PERSONAS NATURALES RELACIONADAS AL ROL DE LA ENTIDAD,-10000.00,Rebaja
2026,1028,01,S,76,28/01/2026 00:00:00,10258596931,LEON MENDOZA CARLOS SANTIAGO,106,CONTRATO MENOR,CM,,SERVICIO ESPECIALIZADO EN PROCESOS CONTABLES Y FINANCIEROS,157,18,2.3. 2  9. 1  1,LOCACION DE SERVICIOS REALIZADOS POR PERSONAS NATURALES RELACIONADAS AL ROL DE LA ENTIDAD,20000.00,Compromiso
2026,1028,01,S,77,28/01/2026 00:00:00,10404121061,PADILLA CUEVA GROBER,106,CONTRATO MENOR,CM,,SERVICIO ESPECIALIZADO EN CONTRATACIONES PÈBLICAS,158,18,2.3. 2  9. 1  1,LOCACION DE SERVICIOS REALIZADOS POR PERSONAS NATURALES RELACIONADAS AL ROL DE LA ENTIDAD,-10000.00,Rebaja
2026,1028,01,S,77,28/01/2026 00:00:00,10404121061,PADILLA CUEVA GROBER,106,CONTRATO MENOR,CM,,SERVICIO ESPECIALIZADO EN CONTRATACIONES PÈBLICAS,158,18,2.3. 2  9. 1  1,LOCACION DE SERVICIOS REALIZADOS POR PERSONAS NATURALES RELACIONADAS AL ROL DE LA ENTIDAD,20000.00,Compromiso
2026,1028,01,S,78,28/01/2026 00:00:00,10258315460,JUAREZ FERNANDEZ DANIEL ALBERTO,106,CONTRATO MENOR,CM,,SERVICIO ESPECIALIZADO EN ADMINISTRACION PUBLICA,159,18,2.3. 2  9. 1  1,LOCACION DE SERVICIOS REALIZADOS POR PERSONAS NATURALES RELACIONADAS AL ROL DE LA ENTIDAD,-10000.00,Rebaja
2026,1028,01,S,78,28/01/2026 00:00:00,10258315460,JUAREZ FERNANDEZ DANIEL ALBERTO,106,CONTRATO MENOR,CM,,SERVICIO ESPECIALIZADO EN ADMINISTRACION PUBLICA,159,18,2.3. 2  9. 1  1,LOCACION DE SERVICIOS REALIZADOS POR PERSONAS NATURALES RELACIONADAS AL ROL DE LA ENTIDAD,20000.00,Compromiso
2026,1028,01,S,79,28/01/2026 00:00:00,10099123279,LEON SARAVIA FRITZ PIERANTONI,106,CONTRATO MENOR,CM,,SERVICIO ESPECIALIZADO EN OPERATIVIDAD Y MANEJO DE EQUIPOS,160,18,2.3. 2  9. 1  1,LOCACION DE SERVICIOS REALIZADOS POR PERSONAS NATURALES RELACIONADAS AL ROL DE LA ENTIDAD,9000.00,Compromiso
2026,1028,01,S,80,29/01/2026 00:00:00,10076403801,ARAGON CASTILLO JORGE ISAAC,14,ADJUDICACION SIN PROCEDIMIENTO,ASP,,SERVICIO ESPECIALIZADO MATERIA LEGAL PARA LA GERENCIA DE ASESORIA JURIDICA DEL GOBIERNO REGIONAL DEL CALLAO,151,18,2.3. 2  9. 1  1,LOCACION DE SERVICIOS REALIZADOS POR PERSONAS NATURALES RELACIONADAS AL ROL DE LA ENTIDAD,20000.00,Compromiso
2026,1028,01,S,80,29/01/2026 00:00:00,10076403801,ARAGON CASTILLO JORGE ISAAC,14,ADJUDICACION SIN PROCEDIMIENTO,ASP,,SERVICIO ESPECIALIZADO MATERIA LEGAL PARA LA GERENCIA DE ASESORIA JURIDICA DEL GOBIERNO REGIONAL DEL CALLAO,151,18,2.3. 2  9. 1  1,LOCACION DE SERVICIOS REALIZADOS POR PERSONAS NATURALES RELACIONADAS AL ROL DE LA ENTIDAD,-10000.00,Rebaja
2026,1028,01,S,81,29/01/2026 00:00:00,10407950505,NAJARRO SILVA DARWIN OLGERS,14,ADJUDICACION SIN PROCEDIMIENTO,ASP,,SERVICIO ESPECIALIZADO LEGAL EN PROCEDIMIENTOS ADMINISTRATIVOS PARA LA GERENCIA DE ASESORIA JURIDICA DEL GOBIERNO REGIONAL DEL CALLAO,154,18,2.3. 2  9. 1  1,LOCACION DE SERVICIOS REALIZADOS POR PERSONAS NATURALES RELACIONADAS AL ROL DE LA ENTIDAD,-10000.00,Rebaja
2026,1028,01,S,81,29/01/2026 00:00:00,10407950505,NAJARRO SILVA DARWIN OLGERS,14,ADJUDICACION SIN PROCEDIMIENTO,ASP,,SERVICIO ESPECIALIZADO LEGAL EN PROCEDIMIENTOS ADMINISTRATIVOS PARA LA GERENCIA DE ASESORIA JURIDICA DEL GOBIERNO REGIONAL DEL CALLAO,154,18,2.3. 2  9. 1  1,LOCACION DE SERVICIOS REALIZADOS POR PERSONAS NATURALES RELACIONADAS AL ROL DE LA ENTIDAD,20000.00,Compromiso
2026,1028,01,S,82,29/01/2026 00:00:00,10466588275,MORALES MIRANDA ESTRELLA BELEN,14,ADJUDICACION SIN PROCEDIMIENTO,ASP,,SERVICIO DE ASISTENCIA PARA LA FORMULACI‡N DE DOCUMENTOS LEGALES EN PROCESOS ADMINISTRATIVOS PARA LA GERENCIA DE ASESORIA JURIDICA DEL GOBIERNO REGIONAL DEL CALLAO,155,18,2.3. 2  9. 1  1,LOCACION DE SERVICIOS REALIZADOS POR PERSONAS NATURALES RELACIONADAS AL ROL DE LA ENTIDAD,5000.00,Compromiso
2026,1028,01,S,83,29/01/2026 00:00:00,10479540689,CASIANO MONTERO GRETTA PAMELA,14,ADJUDICACION SIN PROCEDIMIENTO,ASP,,SERVICIO ESPECIALIZADO EN ASUNTOS LEGALES ADMINISTRATIVOS PARA LA GERENCIA DE ASESORIA JURIDICA DEL GOBIERNO REGIONAL DEL CALLAO,156,18,2.3. 2  9. 1  1,LOCACION DE SERVICIOS REALIZADOS POR PERSONAS NATURALES RELACIONADAS AL ROL DE LA ENTIDAD,16000.00,Compromiso
2026,1028,01,S,84,29/01/2026 00:00:00,10437393805,NUNURA CHERO JHON MICHAEL,106,CONTRATO MENOR,CM,,SERVICIO ESPECIALIZADO EN MATERIA LEGAL PARA LA SECRETARIA DE CONSEJO REGIONAL DEL GOBIERNO REGIONAL,141,18,2.3. 2  9. 1  1,LOCACION DE SERVICIOS REALIZADOS POR PERSONAS NATURALES RELACIONADAS AL ROL DE LA ENTIDAD,14000.00,Compromiso
2026,1028,01,S,85,29/01/2026 00:00:00,10256024913,LARA GARAY YOLANDA,106,CONTRATO MENOR,CM,,SERVICIO ESPECIALIZADO EN TEMAS DE DERECHO PARA LA SECRETARIA DE CONSEJO REGIONAL DEL CALLAO.,142,18,2.3. 2  9. 1  1,LOCACION DE SERVICIOS REALIZADOS POR PERSONAS NATURALES RELACIONADAS AL ROL DE LA ENTIDAD,14000.00,Compromiso
2026,1028,01,S,86,29/01/2026 00:00:00,10449990515,VIZCARDO ORBE HELLEN INES,106,CONTRATO MENOR,CM,,SERVICIO DE  ASISTENCIA LEGAL EN PROCESOS LOGISTICOS PARA LA SECRETARIA DE CONSEJO REGIONAL DEL GOBI,143,18,2.3. 2  9. 1  1,LOCACION DE SERVICIOS REALIZADOS POR PERSONAS NATURALES RELACIONADAS AL ROL DE LA ENTIDAD,10000.00,Compromiso
2026,1028,01,S,87,29/01/2026 00:00:00,10733060421,SALAZAR RUIZ VICTOR STEEP,106,CONTRATO MENOR,CM,,SERVICIO DE ELABORACION DE CONTENIDOS DE MATERIAL DE DIFUSION PARA LA SECRETARIA DE CONSEJO REGIONAL,144,18,2.3. 2  9. 1  1,LOCACION DE SERVICIOS REALIZADOS POR PERSONAS NATURALES RELACIONADAS AL ROL DE LA ENTIDAD,6600.00,Compromiso
2026,1028,01,S,88,29/01/2026 00:00:00,10076722418,JIMENEZ SMITH ERNESTO JULIAN,106,CONTRATO MENOR,CM,,SERVICIO ESPECIALIZADO EN INGENIERIA ADMINISTRATIVA PARA LA SECRETARIA DE CONSEJO REGIONAL DEL CALLA,145,18,2.3. 2  9. 1  1,LOCACION DE SERVICIOS REALIZADOS POR PERSONAS NATURALES RELACIONADAS AL ROL DE LA ENTIDAD,14000.00,Compromiso
2026,1028,01,S,89,29/01/2026 00:00:00,10456248204,BENITES AGUILAR SANDRA FIORELLA,106,CONTRATO MENOR,CM,,SERVICIO DE ASISTENCIA Y REVISION LEGAL DE DOCUMENTOS PARA LA SECRETARIA DE CONSEJO REGIONAL,146,18,2.3. 2  9. 1  1,LOCACION DE SERVICIOS REALIZADOS POR PERSONAS NATURALES RELACIONADAS AL ROL DE LA ENTIDAD,9000.00,Compromiso
2026,1028,01,S,90,29/01/2026 00:00:00,10076323220,BENAVIDES CORBETTA SANDRO MOISES,106,CONTRATO MENOR,CM,,SERVICIO DE ASISTENCIA TECNICA LEGAL EN DOCUMENTOS DE GESTION PARA LA SECRETARIA DE CONSEJO REGIONAL,147,18,2.3. 2  9. 1  1,LOCACION DE SERVICIOS REALIZADOS POR PERSONAS NATURALES RELACIONADAS AL ROL DE LA ENTIDAD,12000.00,Compromiso
2026,1028,01,S,91,29/01/2026 00:00:00,10436937879,AGREDA ALARCON EDSON ROBERT,106,CONTRATO MENOR,CM,,SERVICIO DE SEGUIMIENTO Y ASISTENCIA DE ACTIVIDADES ADMINISTRATIVAS PARA LA SECRETARIA DE CONSEJO RE,148,18,2.3. 2  9. 1  1,LOCACION DE SERVICIOS REALIZADOS POR PERSONAS NATURALES RELACIONADAS AL ROL DE LA ENTIDAD,12000.00,Compromiso
2026,1028,01,S,92,29/01/2026 00:00:00,10457674487,GASTELO NAVARRO MIGUEL ARMANDO,106,CONTRATO MENOR,CM,,SERVICIO DE AUXILIAR ADMINISTRATIVO PARA LA SECRETARIA DE CONSEJO REGIONAL DEL CALLAO.,149,18,2.3. 2  9. 1  1,LOCACION DE SERVICIOS REALIZADOS POR PERSONAS NATURALES RELACIONADAS AL ROL DE LA ENTIDAD,5000.00,Compromiso
2026,1028,01,S,93,29/01/2026 00:00:00,10436461301,ALEJO MARTINEZ JAVIER DANIEL,106,CONTRATO MENOR,CM,,SERVICIO ESPECIALIZADO EN DERECHO ADMINISTRATIVO PARA LA SECRETARIA DE CONSEJO REGIONAL DEL GOBIERNO,150,18,2.3. 2  9. 1  1,LOCACION DE SERVICIOS REALIZADOS POR PERSONAS NATURALES RELACIONADAS AL ROL DE LA ENTIDAD,18000.00,Compromiso
2026,1028,01,S,94,29/01/2026 00:00:00,10075387135,GARCIA CAVAGNARO RAMON ORESTES,106,CONTRATO MENOR,CM,,SERVICIO DE COORDINACION EN ACTIVIDADES DE PROMOCION Y DIFUSION PARA LA SECRETARIA DE CONSEJO .,152,18,2.3. 2  9. 1  1,LOCACION DE SERVICIOS REALIZADOS POR PERSONAS NATURALES RELACIONADAS AL ROL DE LA ENTIDAD,10000.00,Compromiso
2026,1028,01,S,95,29/01/2026 00:00:00,10711177987,RODAS NEGRON GRECIA,106,CONTRATO MENOR,CM,,SERVICIO DE ASITENCIA TECNICA ADMINISTRATIVA Y ORGANIZACI‡N DEL ACERVO DOCUMENTARIO PARA LA SECRETAR,153,18,2.3. 2  9. 1  1,LOCACION DE SERVICIOS REALIZADOS POR PERSONAS NATURALES RELACIONADAS AL ROL DE LA ENTIDAD,4600.00,Compromiso
2026,1028,01,S,96,29/01/2026 00:00:00,10716325305,CARRASCAL CORDOVA CAMILA STEFANIE,106,CONTRATO MENOR,CM,,SERVICIO DE ASISTENCIA TECNICA ADMINISTRATIVA I,162,18,2.3. 2  9. 1  1,LOCACION DE SERVICIOS REALIZADOS POR PERSONAS NATURALES RELACIONADAS AL ROL DE LA ENTIDAD,10000.00,Compromiso
2026,1028,01,S,97,29/01/2026 00:00:00,10736237658,PICASSO TICA VINCCENZO ALFIERI,106,CONTRATO MENOR,CM,,SERVICIO DE ASISTENCIA TECNICA ADMINISTRATIVA II,163,18,2.3. 2  9. 1  1,LOCACION DE SERVICIOS REALIZADOS POR PERSONAS NATURALES RELACIONADAS AL ROL DE LA ENTIDAD,10000.00,Compromiso
2026,1028,01,S,98,29/01/2026 00:00:00,10763990368,CRUZ CAMPOS HUGO FERNANDO,106,CONTRATO MENOR,CM,,SERVICIO DE CLASIFICACI‡N Y ORDENAMIENTO DE ARCHIVOS I,164,18,2.3. 2  9. 1  1,LOCACION DE SERVICIOS REALIZADOS POR PERSONAS NATURALES RELACIONADAS AL ROL DE LA ENTIDAD,6000.00,Compromiso
2026,1028,01,S,99,29/01/2026 00:00:00,10107284121,ANDRICH VALLE ANNIE JANE,106,CONTRATO MENOR,CM,,SERVICIO DE CLASIFICACI‡N Y ORDENAMIENTO DE ARCHIVOS II,165,18,2.3. 2  9. 1  1,LOCACION DE SERVICIOS REALIZADOS POR PERSONAS NATURALES RELACIONADAS AL ROL DE LA ENTIDAD,11000.00,Compromiso
2026,1028,01,S,100,29/01/2026 00:00:00,10433160431,ALLENDE LIZARRAGA PAUL CHRISTOPHER,106,CONTRATO MENOR,CM,,SERVICIO DE CONTROL DOCUMENTARIO Y ADMINISTRATIVO,166,18,2.3. 2  9. 1  1,LOCACION DE SERVICIOS REALIZADOS POR PERSONAS NATURALES RELACIONADAS AL ROL DE LA ENTIDAD,7000.00,Compromiso
2026,1028,01,S,101,29/01/2026 00:00:00,10470255361,CASTRO TENA GUADALUPE EDELMIRA,106,CONTRATO MENOR,CM,,SERVICIO DE COORDINACI‡N EN LOG÷STICA PARA PROCEDIMIENTOS DE SELECCI‡N,167,18,2.3. 2  9. 1  1,LOCACION DE SERVICIOS REALIZADOS POR PERSONAS NATURALES RELACIONADAS AL ROL DE LA ENTIDAD,20000.00,Compromiso
2026,1028,01,S,102,29/01/2026 00:00:00,10471742932,SOTELO RITUAY KARL JAINER,106,CONTRATO MENOR,CM,,SERVICIO DE EJECUCI‡N DE PROCEDIMIENTOS DE SELECCI‡N DE LAS CONTRATACIONES DEL ESTADO I,168,18,2.3. 2  9. 1  1,LOCACION DE SERVICIOS REALIZADOS POR PERSONAS NATURALES RELACIONADAS AL ROL DE LA ENTIDAD,18000.00,Compromiso
2026,1028,01,S,103,29/01/2026 00:00:00,20100072751,EMPRESA PERUANA DE SERVICIOS EDITORIALES S.A. - EDITORA PERU,106,CONTRATO MENOR,CM,,CONTRATACI‡N DEL SERVICIO PARA LA REALIZACI‡N DE LAS PUBLICACIONES DE NORMAS REGIONALES EN MEDIOS DE COMUNICACI‡N DE PRENSA ESCRITA ? DIFUSI‡N EN EL DIARIO OFICIAL EL PERUANO - SOLICITADO POR LA SECRETARIA DEL CONSEJO REGIONAL,161,18,2.3. 2  2. 5  1,DIFUSI‡N EN EL DIARIO OFICIAL,42000.00,Compromiso
2026,1028,01,S,104,29/01/2026 00:00:00,10410994467,CAPU•AY AGUILAR ENRIQUE CARLOS,106,CONTRATO MENOR,CM,,SERVICIO DE EJECUCI‡N DE PROCEDIMIENTOS DE SELECCI‡N DE LAS CONTRATACIONES DEL ESTADO II,169,18,2.3. 2  9. 1  1,LOCACION DE SERVICIOS REALIZADOS POR PERSONAS NATURALES RELACIONADAS AL ROL DE LA ENTIDAD,18000.00,Compromiso
2026,1028,01,S,105,29/01/2026 00:00:00,10763498081,SUSANO CRUZ LIZBETH YANIRA,106,CONTRATO MENOR,CM,,SERVICIO DE EJECUCI‡N DE PROCEDIMIENTOS DE SELECCI‡N DE LAS CONTRATACIONES DEL ESTADO III,170,18,2.3. 2  9. 1  1,LOCACION DE SERVICIOS REALIZADOS POR PERSONAS NATURALES RELACIONADAS AL ROL DE LA ENTIDAD,18000.00,Compromiso
2026,1028,01,S,106,29/01/2026 00:00:00,10421585330,SAMAME RAMIREZ PEDRO MIGUEL,106,CONTRATO MENOR,CM,,SERVICIO DE INDAGACI‡N DE MERCADO Y ELABORACI‡N DE EXPEDIENTES DE BIENES Y SERVICIOS I,171,18,2.3. 2  9. 1  1,LOCACION DE SERVICIOS REALIZADOS POR PERSONAS NATURALES RELACIONADAS AL ROL DE LA ENTIDAD,14000.00,Compromiso
2026,1028,01,S,107,29/01/2026 00:00:00,10738070998,OYAGUE CASTILLO ANDREA LUCIA,106,CONTRATO MENOR,CM,,SERVICIO DE INDAGACI‡N DE MERCADO Y ELABORACI‡N DE EXPEDIENTES DE BIENES Y SERVICIOS II,172,18,2.3. 2  9. 1  1,LOCACION DE SERVICIOS REALIZADOS POR PERSONAS NATURALES RELACIONADAS AL ROL DE LA ENTIDAD,14000.00,Compromiso
2026,1028,01,S,108,29/01/2026 00:00:00,10476658271,CASTRO BLANCAS JOSSIMAR CRISTIAN,106,CONTRATO MENOR,CM,,SERVICIO DE REGISTRO Y RECEPCION DE BIENES EN ALMACEN I,173,18,2.3. 2  9. 1  1,LOCACION DE SERVICIOS REALIZADOS POR PERSONAS NATURALES RELACIONADAS AL ROL DE LA ENTIDAD,6000.00,Compromiso
2026,1028,01,S,109,29/01/2026 00:00:00,10102069680,MARRUFO LEON SAMUEL EDUARDO,106,CONTRATO MENOR,CM,,SERVICIO DE REGISTRO Y RECEPCION DE BIENES EN ALMACEN II,174,18,2.3. 2  9. 1  1,LOCACION DE SERVICIOS REALIZADOS POR PERSONAS NATURALES RELACIONADAS AL ROL DE LA ENTIDAD,6000.00,Compromiso
2026,1028,01,S,110,29/01/2026 00:00:00,10457953068,SOTA MURGUIA LIZ BELU XIOMARA,106,CONTRATO MENOR,CM,,SERVICIO DE SEGUIMIENTO DE DOCUMENTOS ADMINISTRATIVOS I,175,18,2.3. 2  9. 1  1,LOCACION DE SERVICIOS REALIZADOS POR PERSONAS NATURALES RELACIONADAS AL ROL DE LA ENTIDAD,12000.00,Compromiso
2026,1028,01,S,111,29/01/2026 00:00:00,10723234439,PORTILLA MACETA RENATO WILLIAM,106,CONTRATO MENOR,CM,,SERVICIO DE SEGUIMIENTO DE DOCUMENTOS ADMINISTRATIVOS II,176,18,2.3. 2  9. 1  1,LOCACION DE SERVICIOS REALIZADOS POR PERSONAS NATURALES RELACIONADAS AL ROL DE LA ENTIDAD,12000.00,Compromiso
2026,1028,01,S,112,29/01/2026 00:00:00,10415479498,PALACIOS MONTES DEYSY,106,CONTRATO MENOR,CM,,SERVICIO DE SEGUIMIENTO DE DOCUMENTOS ADMINISTRATIVOS III,177,18,2.3. 2  9. 1  1,LOCACION DE SERVICIOS REALIZADOS POR PERSONAS NATURALES RELACIONADAS AL ROL DE LA ENTIDAD,10000.00,Compromiso
2026,1028,01,S,113,29/01/2026 00:00:00,10736400443,MENDOZA CAMPOS GIANFRANCO,106,CONTRATO MENOR,CM,,SERVICIO ESPECIALIZADO DE ACUERDO MARCO,178,18,2.3. 2  9. 1  1,LOCACION DE SERVICIOS REALIZADOS POR PERSONAS NATURALES RELACIONADAS AL ROL DE LA ENTIDAD,14000.00,Compromiso
2026,1028,01,S,114,29/01/2026 00:00:00,10719429837,MATIENZO ROJAS VERONICA FIORELLA,106,CONTRATO MENOR,CM,,SERVICIO ESPECIALIZADO EN EJECUCI‡N CONTRACTUAL,179,18,2.3. 2  9. 1  1,LOCACION DE SERVICIOS REALIZADOS POR PERSONAS NATURALES RELACIONADAS AL ROL DE LA ENTIDAD,11000.00,Compromiso
2026,1028,01,S,114,29/01/2026 00:00:00,10719429837,MATIENZO ROJAS VERONICA FIORELLA,106,CONTRATO MENOR,CM,,SERVICIO ESPECIALIZADO EN EJECUCI‡N CONTRACTUAL,179,18,2.3. 2  9. 1  1,LOCACION DE SERVICIOS REALIZADOS POR PERSONAS NATURALES RELACIONADAS AL ROL DE LA ENTIDAD,-5500.00,Rebaja
2026,1028,01,S,115,29/01/2026 00:00:00,10441211134,CHAHUAYLLA TRUJILLO HILDA MARIBEL,106,CONTRATO MENOR,CM,,SERVICIO PARA EL ANALISIS DEL ESTADO SITUACIONAL DE LAS CONTRATACIONES DE BIENES Y SERVICIOS I,180,18,2.3. 2  9. 1  1,LOCACION DE SERVICIOS REALIZADOS POR PERSONAS NATURALES RELACIONADAS AL ROL DE LA ENTIDAD,15000.00,Compromiso
2026,1028,01,S,116,29/01/2026 00:00:00,10704175171,BENAVENTE SECLEN HILLARY EMI,106,CONTRATO MENOR,CM,,SERVICIO PARA EL ANALISIS DEL ESTADO SITUACIONAL DE LAS CONTRATACIONES DE BIENES Y SERVICIOS II,181,18,2.3. 2  9. 1  1,LOCACION DE SERVICIOS REALIZADOS POR PERSONAS NATURALES RELACIONADAS AL ROL DE LA ENTIDAD,15000.00,Compromiso
2026,1028,01,S,117,29/01/2026 00:00:00,10458038487,RAMOS VALLADOLID KATHERINE YSBEL,106,CONTRATO MENOR,CM,,SERVICIO PARA EL ANALISIS DEL ESTADO SITUACIONAL DE LAS CONTRATACIONES DE BIENES Y SERVICIOS III,182,18,2.3. 2  9. 1  1,LOCACION DE SERVICIOS REALIZADOS POR PERSONAS NATURALES RELACIONADAS AL ROL DE LA ENTIDAD,15000.00,Compromiso
2026,1028,01,S,118,29/01/2026 00:00:00,10467678057,MONTOYA SALVATIERRA ANTONY GUILLERMO,106,CONTRATO MENOR,CM,,"SERVICIO DE PLANIFICACION, PROGRAMACION DE BIENES, SERVICIOS Y GESTION PRESUPUESTAL DE LAS CONTRATAC",183,18,2.3. 2  9. 1  1,LOCACION DE SERVICIOS REALIZADOS POR PERSONAS NATURALES RELACIONADAS AL ROL DE LA ENTIDAD,15000.00,Compromiso
2026,1028,01,S,119,29/01/2026 00:00:00,10476656759,BURGA VARGAS DEYANIRA JASMIN,106,CONTRATO MENOR,CM,,SERVICIO DE GESTION DE PROCESOS LOGISTICOS,190,18,2.3. 2  9. 1  1,LOCACION DE SERVICIOS REALIZADOS POR PERSONAS NATURALES RELACIONADAS AL ROL DE LA ENTIDAD,16000.00,Compromiso
2026,1028,01,S,120,29/01/2026 00:00:00,10451710171,ESPINOZA MANRIQUE VICTOR JESUS,106,CONTRATO MENOR,CM,,"SERVICIO ESPECIALIZADO EN LOG÷STICA, GESTI‡N ADMINISTRATIVA Y LEGAL",184,18,2.3. 2  9. 1  1,LOCACION DE SERVICIOS REALIZADOS POR PERSONAS NATURALES RELACIONADAS AL ROL DE LA ENTIDAD,22000.00,Compromiso
2026,1028,01,S,121,29/01/2026 00:00:00,10321338751,SILVA SENA DE GARCIA MILAGROS ORFELINDA,106,CONTRATO MENOR,CM,,SERVICIO ESPECIALIZADO EN PROCESOS LOGISTICOS I,185,18,2.3. 2  9. 1  1,LOCACION DE SERVICIOS REALIZADOS POR PERSONAS NATURALES RELACIONADAS AL ROL DE LA ENTIDAD,16000.00,Compromiso
2026,1028,01,S,122,29/01/2026 00:00:00,10448526530,ZELADA BAZAN JOSE LUIS,106,CONTRATO MENOR,CM,, COORDINACION EN SERVICIOS GENERALES,186,18,2.3. 2  9. 1  1,LOCACION DE SERVICIOS REALIZADOS POR PERSONAS NATURALES RELACIONADAS AL ROL DE LA ENTIDAD,-9000.00,Rebaja
2026,1028,01,S,122,29/01/2026 00:00:00,10448526530,ZELADA BAZAN JOSE LUIS,106,CONTRATO MENOR,CM,, COORDINACION EN SERVICIOS GENERALES,186,18,2.3. 2  9. 1  1,LOCACION DE SERVICIOS REALIZADOS POR PERSONAS NATURALES RELACIONADAS AL ROL DE LA ENTIDAD,18000.00,Compromiso
2026,1028,01,S,123,29/01/2026 00:00:00,20611114151,ROSAWI S.A.C.,106,CONTRATO MENOR,CM,,SERVICIO DE COFFEE BREAK SOLICITADO POR LA OFICINA DE ADMINISTRACION DE VILLA REGIONALES,187,18,2.3. 2  7.11  5,SERVICIOS DE ALIMENTACION DE CONSUMO HUMANO,10000.00,Compromiso
2026,1028,01,S,124,29/01/2026 00:00:00,10708563434,CORDERO ROSALES ANTHONY ANIBAL,106,CONTRATO MENOR,CM,,SERVICIO DE ORDENAMIENTO DE DOCUMENTOS DE ARCHIVO,191,18,2.3. 2  9. 1  1,LOCACION DE SERVICIOS REALIZADOS POR PERSONAS NATURALES RELACIONADAS AL ROL DE LA ENTIDAD,4000.00,Compromiso
2026,1028,01,S,125,29/01/2026 00:00:00,10409831660,DEXTRE SILVA GILBERTO RONALD,106,CONTRATO MENOR,CM,,SERVICIO DE SEGUIMIENTO DE DOCUMENTOS ADMINISTRATIVOS IV,192,18,2.3. 2  9. 1  1,LOCACION DE SERVICIOS REALIZADOS POR PERSONAS NATURALES RELACIONADAS AL ROL DE LA ENTIDAD,10000.00,Compromiso
2026,1028,01,S,126,29/01/2026 00:00:00,10255562261,RUIDIAS VENEGAS ANA MARIA,106,CONTRATO MENOR,CM,,SERVICIO DE REVISI‡N Y SEGUIMIENTO DE EXPEDIENTES RELACIONADOS A PROCEDIMIENTOS ADMINISTRATIVOS,275,18,2.3. 2  9. 1  1,LOCACION DE SERVICIOS REALIZADOS POR PERSONAS NATURALES RELACIONADAS AL ROL DE LA ENTIDAD,2000.00,Compromiso
2026,1028,01,S,127,29/01/2026 00:00:00,10726645260,ESPINOZA RIVERA JORGE ALFREDO,106,CONTRATO MENOR,CM,,SERVICIO DE GESTION DE PROCESOS LOGISTICOS,276,18,2.3. 2  9. 1  1,LOCACION DE SERVICIOS REALIZADOS POR PERSONAS NATURALES RELACIONADAS AL ROL DE LA ENTIDAD,16000.00,Compromiso
2026,1028,01,S,128,29/01/2026 00:00:00,10101182865,PALOMINO MAMANI EDGAR AUGUSTO,106,CONTRATO MENOR,CM,,SERVICIO DE ASISTENCIA TECNICA ADMINISTRATIVA,277,18,2.3. 2  9. 1  1,LOCACION DE SERVICIOS REALIZADOS POR PERSONAS NATURALES RELACIONADAS AL ROL DE LA ENTIDAD,6178.00,Compromiso
2026,1028,01,S,129,29/01/2026 00:00:00,10422619254,GONZALEZ VELARDE KARINA LEONOR,106,CONTRATO MENOR,CM,,SERVICIO DE ASISTENCIA EN LA ELABORACI‡N DE DOCUMENTOS ADMINISTRATIVOS PARA LA OFICINA DE RECURSOS,195,18,2.3. 2  9. 1  1,LOCACION DE SERVICIOS REALIZADOS POR PERSONAS NATURALES RELACIONADAS AL ROL DE LA ENTIDAD,6000.00,Compromiso
2026,1028,01,S,130,29/01/2026 00:00:00,10062321356,GARCIA PEREZ JULIO AGUSTIN,106,CONTRATO MENOR,CM,,SERVICIO DE DIGITALIZCI‡N Y ORGANIZACI‡N DE DOCUMENTACI‡N PARA LA OFICINA DE RECURSOS HUMANOS.,196,18,2.3. 2  9. 1  1,LOCACION DE SERVICIOS REALIZADOS POR PERSONAS NATURALES RELACIONADAS AL ROL DE LA ENTIDAD,6000.00,Compromiso
2026,1028,01,S,131,29/01/2026 00:00:00,10774234352,VEGA LOZANO DIANA ROSARIO DEL PILAR,106,CONTRATO MENOR,CM,,SERVICIO DE ASISTENCIA TECNICA ADMINISTRATIVA PARA LA EJECUTORIA COACTIVA REGIONAL.,197,18,2.3. 2  9. 1  1,LOCACION DE SERVICIOS REALIZADOS POR PERSONAS NATURALES RELACIONADAS AL ROL DE LA ENTIDAD,8000.00,Compromiso
2026,1028,01,S,132,29/01/2026 00:00:00,10756082880,CORSINO CANA MIGUEL ANGEL ALFREDO,106,CONTRATO MENOR,CM,, SERVICIO EN MATERIA LEGAL PARA LA MODERNIZACION DE LA GESTION PUBLICA PARA LA EJECUTORIA COACTIVA,198,18,2.3. 2  9. 1  1,LOCACION DE SERVICIOS REALIZADOS POR PERSONAS NATURALES RELACIONADAS AL ROL DE LA ENTIDAD,8000.00,Compromiso
2026,1028,01,S,133,29/01/2026 00:00:00,10741488367,HUAMAN LETONA LUIS JAVIER,106,CONTRATO MENOR,CM,,SERVICIO ESPECIALIZADO EN MATERIA LEGAL EN GESTION PUBLICA PARA LA EJECUTORIA COACTIVA REGIONAL.,199,18,2.3. 2  9. 1  1,LOCACION DE SERVICIOS REALIZADOS POR PERSONAS NATURALES RELACIONADAS AL ROL DE LA ENTIDAD,12000.00,Compromiso
2026,1028,01,S,134,29/01/2026 00:00:00,10768491327,ALCALDE MU•OZ HENRRY LUIS,106,CONTRATO MENOR,CM,,SERVICIO ESPECIALIZADO EN GESTION PUBLICA PARA LA EJECUTORIA COACTIVA REGIONAL.,200,18,2.3. 2  9. 1  1,LOCACION DE SERVICIOS REALIZADOS POR PERSONAS NATURALES RELACIONADAS AL ROL DE LA ENTIDAD,12000.00,Compromiso
2026,1028,01,S,135,30/01/2026 00:00:00,10477787121,SOBRADO TRUJILLO MARY CRUZ,106,CONTRATO MENOR,CM,,SERVICIO PARA EL ANALISIS DEL ESTADO SITUACIONAL DE LAS CONTRATACIONES DE BIENES Y SERVICIOS IV,226,18,2.3. 2  9. 1  1,LOCACION DE SERVICIOS REALIZADOS POR PERSONAS NATURALES RELACIONADAS AL ROL DE LA ENTIDAD,15000.00,Compromiso
2026,1028,01,S,136,30/01/2026 00:00:00,10481210785,PASCUAL VARGAS JAQUELIN ESTEFANI,106,CONTRATO MENOR,CM,,SERVICIO ESPECIALIZADO EN MATERIA LEGAL,237,18,2.3. 2  9. 1  1,LOCACION DE SERVICIOS REALIZADOS POR PERSONAS NATURALES RELACIONADAS AL ROL DE LA ENTIDAD,16000.00,Compromiso
2026,1028,01,S,137,30/01/2026 00:00:00,10721748231,HUAMANI CHUCO LOIDA ESTHER,106,CONTRATO MENOR,CM,,SERVICIO ESPECIALIZADO EN PROCESOS LOGISTICOS IV,242,18,2.3. 2  9. 1  1,LOCACION DE SERVICIOS REALIZADOS POR PERSONAS NATURALES RELACIONADAS AL ROL DE LA ENTIDAD,16000.00,Compromiso
2026,1028,01,S,138,30/01/2026 00:00:00,10726741099,CASTRO ATO LUIS ANGEL,106,CONTRATO MENOR,CM,,SERVICIO ESPECIALIZADO EN PROCESOS LOGISTICOS II,227,18,2.3. 2  9. 1  1,LOCACION DE SERVICIOS REALIZADOS POR PERSONAS NATURALES RELACIONADAS AL ROL DE LA ENTIDAD,16000.00,Compromiso
2026,1028,01,S,139,30/01/2026 00:00:00,10419134371,VALDIVIA MU•OZ MILTON PAUL,106,CONTRATO MENOR,CM,,SERVICIO ESPECIALIZADO EN PROCESOS LOGISTICOS III,228,18,2.3. 2  9. 1  1,LOCACION DE SERVICIOS REALIZADOS POR PERSONAS NATURALES RELACIONADAS AL ROL DE LA ENTIDAD,16000.00,Compromiso
2026,1028,01,S,140,30/01/2026 00:00:00,10753724708,BALLON ARCE MARIEL,106,CONTRATO MENOR,CM,,SERVICIO DE CLASIFICACION Y ORDENAMIENTO DE ARCHIVOS I,213,18,2.3. 2  9. 1  1,LOCACION DE SERVICIOS REALIZADOS POR PERSONAS NATURALES RELACIONADAS AL ROL DE LA ENTIDAD,8000.00,Compromiso
2026,1028,01,S,141,30/01/2026 00:00:00,10484631471,ROJAS GUILLEN JHONATHAN ALONZO,106,CONTRATO MENOR,CM,,SERVICIO DE CLASIFICACION Y ORDENAMIENTO DE ARCHIVOS II,208,18,2.3. 2  9. 1  1,LOCACION DE SERVICIOS REALIZADOS POR PERSONAS NATURALES RELACIONADAS AL ROL DE LA ENTIDAD,10600.00,Compromiso
2026,1028,01,S,142,30/01/2026 00:00:00,10424371039,ALMEYDA HUAPAYA DIEGO HUMBERTO,106,CONTRATO MENOR,CM,,SERVICIO DE CLASIFICACION Y ORDENAMIENTO DE ARCHIVOS III,204,18,2.3. 2  9. 1  1,LOCACION DE SERVICIOS REALIZADOS POR PERSONAS NATURALES RELACIONADAS AL ROL DE LA ENTIDAD,8000.00,Compromiso
2026,1028,01,S,143,30/01/2026 00:00:00,10739509331,CABALLERO PEREZ JAVIER AMMED,106,CONTRATO MENOR,CM,,SERVICIO DE CLASIFICACION Y ORDENAMIENTO DE ARCHIVOS IV,205,18,2.3. 2  9. 1  1,LOCACION DE SERVICIOS REALIZADOS POR PERSONAS NATURALES RELACIONADAS AL ROL DE LA ENTIDAD,6000.00,Compromiso
2026,1028,01,S,144,30/01/2026 00:00:00,10730306046,CRUZ VELEZ GUILLERMO ANTONIO,106,CONTRATO MENOR,CM,,SERVICIO DE CLASIFICACION Y ORDENAMIENTO DE ARCHIVOS V,206,18,2.3. 2  9. 1  1,LOCACION DE SERVICIOS REALIZADOS POR PERSONAS NATURALES RELACIONADAS AL ROL DE LA ENTIDAD,6000.00,Compromiso
2026,1028,01,S,145,30/01/2026 00:00:00,10477199645,YANAC HUIZA MIGUEL OSWALDO,106,CONTRATO MENOR,CM,,SERVICIO DE CLASIFICACION Y ORDENAMIENTO DE ARCHIVOS VI,207,18,2.3. 2  9. 1  1,LOCACION DE SERVICIOS REALIZADOS POR PERSONAS NATURALES RELACIONADAS AL ROL DE LA ENTIDAD,8100.00,Compromiso
2026,1028,01,S,146,30/01/2026 00:00:00,10703562162,VASCONES ROJAS CESAR POOL,106,CONTRATO MENOR,CM,,SERVICIO DE CLASIFICACION Y ORDENAMIENTO DE ARCHIVOS VII,209,18,2.3. 2  9. 1  1,LOCACION DE SERVICIOS REALIZADOS POR PERSONAS NATURALES RELACIONADAS AL ROL DE LA ENTIDAD,8000.00,Compromiso
2026,1028,01,S,147,30/01/2026 00:00:00,10765860097,CARAZA APONTE ALEKSEI ALEXANDRO,106,CONTRATO MENOR,CM,,"SERVICIO DE REVISION, DIGITACION Y SISTEMATIZACION DE INFORMACION  I",210,18,2.3. 2  9. 1  1,LOCACION DE SERVICIOS REALIZADOS POR PERSONAS NATURALES RELACIONADAS AL ROL DE LA ENTIDAD,10000.00,Compromiso
2026,1028,01,S,148,30/01/2026 00:00:00,10700087439,MENDIVES OTERO CYNTHIA MABEL,106,CONTRATO MENOR,CM,,"SERVICIO DE REVISION, DIGITACION Y SISTEMATIZACION DE INFORMACION  II",211,18,2.3. 2  9. 1  1,LOCACION DE SERVICIOS REALIZADOS POR PERSONAS NATURALES RELACIONADAS AL ROL DE LA ENTIDAD,7000.00,Compromiso
2026,1028,01,S,148,30/01/2026 00:00:00,10700087439,MENDIVES OTERO CYNTHIA MABEL,106,CONTRATO MENOR,CM,,"SERVICIO DE REVISION, DIGITACION Y SISTEMATIZACION DE INFORMACION  II",211,18,2.3. 2  9. 1  1,LOCACION DE SERVICIOS REALIZADOS POR PERSONAS NATURALES RELACIONADAS AL ROL DE LA ENTIDAD,-3500.00,Rebaja
2026,1028,01,S,149,30/01/2026 00:00:00,10725553981,SANTILLAN SANTILLAN KARLA VANESSA,106,CONTRATO MENOR,CM,,"SERVICIO DE REVISION, DIGITACION Y SISTEMATIZACION DE INFORMACION  III",212,18,2.3. 2  9. 1  1,LOCACION DE SERVICIOS REALIZADOS POR PERSONAS NATURALES RELACIONADAS AL ROL DE LA ENTIDAD,-4000.00,Rebaja
2026,1028,01,S,149,30/01/2026 00:00:00,10725553981,SANTILLAN SANTILLAN KARLA VANESSA,106,CONTRATO MENOR,CM,,"SERVICIO DE REVISION, DIGITACION Y SISTEMATIZACION DE INFORMACION  III",212,18,2.3. 2  9. 1  1,LOCACION DE SERVICIOS REALIZADOS POR PERSONAS NATURALES RELACIONADAS AL ROL DE LA ENTIDAD,8000.00,Compromiso
2026,1028,01,S,150,30/01/2026 00:00:00,10459393973,BEDRE•ANA FLORES FELIX UBALDO,106,CONTRATO MENOR,CM,,"SERVICIO DE REVISION, DIGITACION Y SISTEMATIZACION DE INFORMACION  IV",214,18,2.3. 2  9. 1  1,LOCACION DE SERVICIOS REALIZADOS POR PERSONAS NATURALES RELACIONADAS AL ROL DE LA ENTIDAD,9600.00,Compromiso
2026,1028,01,S,151,30/01/2026 00:00:00,10080624056,OLARTE DELGADO JOSE ANTONIO,106,CONTRATO MENOR,CM,,"SERVICIO DE REVISION, DIGITACION Y SISTEMATIZACION DE INFORMACION  V",215,18,2.3. 2  9. 1  1,LOCACION DE SERVICIOS REALIZADOS POR PERSONAS NATURALES RELACIONADAS AL ROL DE LA ENTIDAD,14000.00,Compromiso
2026,1028,01,S,152,30/01/2026 00:00:00,10074474212,HURTADO SUAREZ LUIS GODOFREDO,106,CONTRATO MENOR,CM,,"SERVICIO DE REVISION, DIGITACION Y SISTEMATIZACION DE INFORMACION  VI",216,18,2.3. 2  9. 1  1,LOCACION DE SERVICIOS REALIZADOS POR PERSONAS NATURALES RELACIONADAS AL ROL DE LA ENTIDAD,16000.00,Compromiso
2026,1028,01,S,153,30/01/2026 00:00:00,10733264484,BLANCO MU•OZ JORDAN SAMIR,106,CONTRATO MENOR,CM,,ASESORIA EN ASPECTOS JURIDICOS ADMINISTRATIVOS,217,18,2.3. 2  9. 1  1,LOCACION DE SERVICIOS REALIZADOS POR PERSONAS NATURALES RELACIONADAS AL ROL DE LA ENTIDAD,-8500.00,Rebaja
2026,1028,01,S,153,30/01/2026 00:00:00,10733264484,BLANCO MU•OZ JORDAN SAMIR,106,CONTRATO MENOR,CM,,ASESORIA EN ASPECTOS JURIDICOS ADMINISTRATIVOS,217,18,2.3. 2  9. 1  1,LOCACION DE SERVICIOS REALIZADOS POR PERSONAS NATURALES RELACIONADAS AL ROL DE LA ENTIDAD,17000.00,Compromiso
2026,1028,01,S,154,30/01/2026 00:00:00,10475672459,LIZARBE LEZAMA THALIA LISSETTE,106,CONTRATO MENOR,CM,,SERVICIO DE COORDINACI‡N EN PROTOCOLO Y COMUNICACI‡N INTERNA,218,18,2.3. 2  9. 1  1,LOCACION DE SERVICIOS REALIZADOS POR PERSONAS NATURALES RELACIONADAS AL ROL DE LA ENTIDAD,-5000.00,Rebaja
2026,1028,01,S,154,30/01/2026 00:00:00,10475672459,LIZARBE LEZAMA THALIA LISSETTE,106,CONTRATO MENOR,CM,,SERVICIO DE COORDINACI‡N EN PROTOCOLO Y COMUNICACI‡N INTERNA,218,18,2.3. 2  9. 1  1,LOCACION DE SERVICIOS REALIZADOS POR PERSONAS NATURALES RELACIONADAS AL ROL DE LA ENTIDAD,10000.00,Compromiso
2026,1028,01,S,155,30/01/2026 00:00:00,10700362120,HUAMAN SAMANIEGO DE GUZMAN JOSSELYN MILENA,106,CONTRATO MENOR,CM,,"SERVICIO DE RECEPCION, ELABORACI‡N Y ARCHIVO DE DOCUMENTOS",219,18,2.3. 2  9. 1  1,LOCACION DE SERVICIOS REALIZADOS POR PERSONAS NATURALES RELACIONADAS AL ROL DE LA ENTIDAD,7000.00,Compromiso
2026,1028,01,S,155,30/01/2026 00:00:00,10700362120,HUAMAN SAMANIEGO DE GUZMAN JOSSELYN MILENA,106,CONTRATO MENOR,CM,,"SERVICIO DE RECEPCION, ELABORACI‡N Y ARCHIVO DE DOCUMENTOS",219,18,2.3. 2  9. 1  1,LOCACION DE SERVICIOS REALIZADOS POR PERSONAS NATURALES RELACIONADAS AL ROL DE LA ENTIDAD,-3500.00,Rebaja
2026,1028,01,S,156,30/01/2026 00:00:00,10447574956,RAMIREZ CUTTI LIZBETH,106,CONTRATO MENOR,CM,,SERVICIO ESPECIALIZADO PARA LA COORDINACION TECNICA SEGUIMIENTO DE ACTIVIDADES,220,18,2.3. 2  9. 1  1,LOCACION DE SERVICIOS REALIZADOS POR PERSONAS NATURALES RELACIONADAS AL ROL DE LA ENTIDAD,12000.00,Compromiso
2026,1028,01,S,157,30/01/2026 00:00:00,10480938432,SOTO SALLUCA JOSE ALEXANDER,106,CONTRATO MENOR,CM,,SERVICIO DE ASISTENCIA EN LA GESTI‡N DE CONTRATACIONES PÈBLICAS,221,18,2.3. 2  9. 1  1,LOCACION DE SERVICIOS REALIZADOS POR PERSONAS NATURALES RELACIONADAS AL ROL DE LA ENTIDAD,-6000.00,Rebaja
2026,1028,01,S,157,30/01/2026 00:00:00,10480938432,SOTO SALLUCA JOSE ALEXANDER,106,CONTRATO MENOR,CM,,SERVICIO DE ASISTENCIA EN LA GESTI‡N DE CONTRATACIONES PÈBLICAS,221,18,2.3. 2  9. 1  1,LOCACION DE SERVICIOS REALIZADOS POR PERSONAS NATURALES RELACIONADAS AL ROL DE LA ENTIDAD,12000.00,Compromiso
2026,1028,01,S,158,30/01/2026 00:00:00,10421370554,VERGARAY LEON CARLOS ALBERTO,106,CONTRATO MENOR,CM,,"SERVICIO DE REVISI‡N, ELABORACI‡N Y MONITOREO DE CONTRATACIONES DE BIENES Y SERVICIOS",229,18,2.3. 2  9. 1  1,LOCACION DE SERVICIOS REALIZADOS POR PERSONAS NATURALES RELACIONADAS AL ROL DE LA ENTIDAD,-6000.00,Rebaja
2026,1028,01,S,158,30/01/2026 00:00:00,10421370554,VERGARAY LEON CARLOS ALBERTO,106,CONTRATO MENOR,CM,,"SERVICIO DE REVISI‡N, ELABORACI‡N Y MONITOREO DE CONTRATACIONES DE BIENES Y SERVICIOS",229,18,2.3. 2  9. 1  1,LOCACION DE SERVICIOS REALIZADOS POR PERSONAS NATURALES RELACIONADAS AL ROL DE LA ENTIDAD,12000.00,Compromiso
2026,1028,01,S,159,30/01/2026 00:00:00,10745296870,DOMINGUEZ MORILLO EMILSEN,106,CONTRATO MENOR,CM,,"SERVICIO DE ASISTENCIA TêCNICA ADMINISTRATIVA - LOG÷STICA EN LA REVISI‡N, SEGUIMIENTO, REGISTRO Y AC",222,18,2.3. 2  9. 1  1,LOCACION DE SERVICIOS REALIZADOS POR PERSONAS NATURALES RELACIONADAS AL ROL DE LA ENTIDAD,-5500.00,Rebaja
2026,1028,01,S,159,30/01/2026 00:00:00,10745296870,DOMINGUEZ MORILLO EMILSEN,106,CONTRATO MENOR,CM,,"SERVICIO DE ASISTENCIA TêCNICA ADMINISTRATIVA - LOG÷STICA EN LA REVISI‡N, SEGUIMIENTO, REGISTRO Y AC",222,18,2.3. 2  9. 1  1,LOCACION DE SERVICIOS REALIZADOS POR PERSONAS NATURALES RELACIONADAS AL ROL DE LA ENTIDAD,11000.00,Compromiso
2026,1028,01,S,160,30/01/2026 00:00:00,10732169089,OLARTE CASSANI SUSAN D'JANNIRA LUZMILA,106,CONTRATO MENOR,CM,,SERVICIO DE ELABORACION Y SEGUIMIENTO DE DOCUMENTOS ADMINISTRATIVOS,225,18,2.3. 2  9. 1  1,LOCACION DE SERVICIOS REALIZADOS POR PERSONAS NATURALES RELACIONADAS AL ROL DE LA ENTIDAD,-5000.00,Rebaja
2026,1028,01,S,160,30/01/2026 00:00:00,10732169089,OLARTE CASSANI SUSAN D'JANNIRA LUZMILA,106,CONTRATO MENOR,CM,,SERVICIO DE ELABORACION Y SEGUIMIENTO DE DOCUMENTOS ADMINISTRATIVOS,225,18,2.3. 2  9. 1  1,LOCACION DE SERVICIOS REALIZADOS POR PERSONAS NATURALES RELACIONADAS AL ROL DE LA ENTIDAD,10000.00,Compromiso
2026,1028,01,S,161,30/01/2026 00:00:00,10463420225,PEREZ CASTRO ADA DEL ROCIO,106,CONTRATO MENOR,CM,,SERVICIO DE COORDINACI‡N Y SUPERVISION DE LAS CONTRATACIONES Y PAGOS DE BIENES Y SERVICIOS,223,18,2.3. 2  9. 1  1,LOCACION DE SERVICIOS REALIZADOS POR PERSONAS NATURALES RELACIONADAS AL ROL DE LA ENTIDAD,-6000.00,Rebaja
2026,1028,01,S,161,30/01/2026 00:00:00,10463420225,PEREZ CASTRO ADA DEL ROCIO,106,CONTRATO MENOR,CM,,SERVICIO DE COORDINACI‡N Y SUPERVISION DE LAS CONTRATACIONES Y PAGOS DE BIENES Y SERVICIOS,223,18,2.3. 2  9. 1  1,LOCACION DE SERVICIOS REALIZADOS POR PERSONAS NATURALES RELACIONADAS AL ROL DE LA ENTIDAD,12000.00,Compromiso
2026,1028,01,S,162,30/01/2026 00:00:00,10469365901,SUAZO CALLUPE JUSSANA LUCIA,106,CONTRATO MENOR,CM,,SERVICIO DE AUXILIAR ADMINISTRATIVOS,224,18,2.3. 2  9. 1  1,LOCACION DE SERVICIOS REALIZADOS POR PERSONAS NATURALES RELACIONADAS AL ROL DE LA ENTIDAD,-4500.00,Rebaja
2026,1028,01,S,162,30/01/2026 00:00:00,10469365901,SUAZO CALLUPE JUSSANA LUCIA,106,CONTRATO MENOR,CM,,SERVICIO DE AUXILIAR ADMINISTRATIVOS,224,18,2.3. 2  9. 1  1,LOCACION DE SERVICIOS REALIZADOS POR PERSONAS NATURALES RELACIONADAS AL ROL DE LA ENTIDAD,9000.00,Compromiso
2026,1028,01,S,163,30/01/2026 00:00:00,10458116895,TORRES SANTA CRUZ DEYSI,106,CONTRATO MENOR,CM,,SERVICIO ESPECIALIZADO EN CONTROL PREVIO Y REVISION I,278,18,2.3. 2  9. 1  1,LOCACION DE SERVICIOS REALIZADOS POR PERSONAS NATURALES RELACIONADAS AL ROL DE LA ENTIDAD,10000.00,Compromiso
2026,1028,01,S,163,30/01/2026 00:00:00,10458116895,TORRES SANTA CRUZ DEYSI,106,CONTRATO MENOR,CM,,SERVICIO ESPECIALIZADO EN CONTROL PREVIO Y REVISION I,278,18,2.3. 2  9. 1  1,LOCACION DE SERVICIOS REALIZADOS POR PERSONAS NATURALES RELACIONADAS AL ROL DE LA ENTIDAD,-5000.00,Rebaja
2026,1028,01,S,164,30/01/2026 00:00:00,10730997855,RODRIGUEZ TORRES SHERYL DAYANE,106,CONTRATO MENOR,CM,,SERVICIO ESPECIALIZADO EN CONTROL PREVIO Y REVISION II,279,18,2.3. 2  9. 1  1,LOCACION DE SERVICIOS REALIZADOS POR PERSONAS NATURALES RELACIONADAS AL ROL DE LA ENTIDAD,-6000.00,Rebaja
2026,1028,01,S,164,30/01/2026 00:00:00,10730997855,RODRIGUEZ TORRES SHERYL DAYANE,106,CONTRATO MENOR,CM,,SERVICIO ESPECIALIZADO EN CONTROL PREVIO Y REVISION II,279,18,2.3. 2  9. 1  1,LOCACION DE SERVICIOS REALIZADOS POR PERSONAS NATURALES RELACIONADAS AL ROL DE LA ENTIDAD,12000.00,Compromiso
2026,1028,01,S,165,30/01/2026 00:00:00,10430533831,CHIPAO PUMACAYO KELVIN FELIX,106,CONTRATO MENOR,CM,,SERVICIO ESPECIALIZADO DE CONTROL INTERNO,280,18,2.3. 2  9. 1  1,LOCACION DE SERVICIOS REALIZADOS POR PERSONAS NATURALES RELACIONADAS AL ROL DE LA ENTIDAD,-6000.00,Rebaja
2026,1028,01,S,165,30/01/2026 00:00:00,10430533831,CHIPAO PUMACAYO KELVIN FELIX,106,CONTRATO MENOR,CM,,SERVICIO ESPECIALIZADO DE CONTROL INTERNO,280,18,2.3. 2  9. 1  1,LOCACION DE SERVICIOS REALIZADOS POR PERSONAS NATURALES RELACIONADAS AL ROL DE LA ENTIDAD,12000.00,Compromiso
2026,1028,01,S,166,30/01/2026 00:00:00,10703509946,VALLADARES MARTINEZ ROGER GUSTAVO,106,CONTRATO MENOR,CM,,SERVICIO DE COORDINADOR PARA EL SEGUIMIENTO DE ACTIVIDADES ESTRATEGICAS,281,18,2.3. 2  9. 1  1,LOCACION DE SERVICIOS REALIZADOS POR PERSONAS NATURALES RELACIONADAS AL ROL DE LA ENTIDAD,-10000.00,Rebaja
2026,1028,01,S,166,30/01/2026 00:00:00,10703509946,VALLADARES MARTINEZ ROGER GUSTAVO,106,CONTRATO MENOR,CM,,SERVICIO DE COORDINADOR PARA EL SEGUIMIENTO DE ACTIVIDADES ESTRATEGICAS,281,18,2.3. 2  9. 1  1,LOCACION DE SERVICIOS REALIZADOS POR PERSONAS NATURALES RELACIONADAS AL ROL DE LA ENTIDAD,20000.00,Compromiso
2026,1028,01,S,167,30/01/2026 00:00:00,10465383904,CHIRITO QUIROZ CARLA MARIA,106,CONTRATO MENOR,CM,,SERVICIO ESPECIALIZADO EN REVISI‡N DE EXPEDIENTES DE PAGO I,231,18,2.3. 2  9. 1  1,LOCACION DE SERVICIOS REALIZADOS POR PERSONAS NATURALES RELACIONADAS AL ROL DE LA ENTIDAD,14000.00,Compromiso
2026,1028,01,S,167,30/01/2026 00:00:00,10465383904,CHIRITO QUIROZ CARLA MARIA,106,CONTRATO MENOR,CM,,SERVICIO ESPECIALIZADO EN REVISI‡N DE EXPEDIENTES DE PAGO I,231,18,2.3. 2  9. 1  1,LOCACION DE SERVICIOS REALIZADOS POR PERSONAS NATURALES RELACIONADAS AL ROL DE LA ENTIDAD,-7000.00,Rebaja
2026,1028,01,S,168,30/01/2026 00:00:00,10763397403,TRUJILLO PABLO YAMIL,106,CONTRATO MENOR,CM,,SERVICIO ESPECIALIZADO EN REVISI‡N DE EXPEDIENTES DE PAGO II,232,18,2.3. 2  9. 1  1,LOCACION DE SERVICIOS REALIZADOS POR PERSONAS NATURALES RELACIONADAS AL ROL DE LA ENTIDAD,14000.00,Compromiso
2026,1028,01,S,168,30/01/2026 00:00:00,10763397403,TRUJILLO PABLO YAMIL,106,CONTRATO MENOR,CM,,SERVICIO ESPECIALIZADO EN REVISI‡N DE EXPEDIENTES DE PAGO II,232,18,2.3. 2  9. 1  1,LOCACION DE SERVICIOS REALIZADOS POR PERSONAS NATURALES RELACIONADAS AL ROL DE LA ENTIDAD,-7000.00,Rebaja
2026,1028,01,S,169,30/01/2026 00:00:00,10483120988,DE LA CRUZ FLORES KELLY YESSENIA,106,CONTRATO MENOR,CM,,SERVICIO DE REVISI‡N Y ATENCI‡N DE EXPEDIENTES ADMINISTRATIVOS I,233,18,2.3. 2  9. 1  1,LOCACION DE SERVICIOS REALIZADOS POR PERSONAS NATURALES RELACIONADAS AL ROL DE LA ENTIDAD,13000.00,Compromiso
2026,1028,01,S,169,30/01/2026 00:00:00,10483120988,DE LA CRUZ FLORES KELLY YESSENIA,106,CONTRATO MENOR,CM,,SERVICIO DE REVISI‡N Y ATENCI‡N DE EXPEDIENTES ADMINISTRATIVOS I,233,18,2.3. 2  9. 1  1,LOCACION DE SERVICIOS REALIZADOS POR PERSONAS NATURALES RELACIONADAS AL ROL DE LA ENTIDAD,-6500.00,Rebaja
2026,1028,01,S,170,30/01/2026 00:00:00,10728621481,CARRASCO PUENTE BEATRIZ ELEANA,106,CONTRATO MENOR,CM,,SERVICIO DE REVISI‡N Y ATENCI‡N DE EXPEDIENTES ADMINISTRATIVOS II,234,18,2.3. 2  9. 1  1,LOCACION DE SERVICIOS REALIZADOS POR PERSONAS NATURALES RELACIONADAS AL ROL DE LA ENTIDAD,-5000.00,Rebaja
2026,1028,01,S,170,30/01/2026 00:00:00,10728621481,CARRASCO PUENTE BEATRIZ ELEANA,106,CONTRATO MENOR,CM,,SERVICIO DE REVISI‡N Y ATENCI‡N DE EXPEDIENTES ADMINISTRATIVOS II,234,18,2.3. 2  9. 1  1,LOCACION DE SERVICIOS REALIZADOS POR PERSONAS NATURALES RELACIONADAS AL ROL DE LA ENTIDAD,10000.00,Compromiso
2026,1028,01,S,171,30/01/2026 00:00:00,10725489345,CARPIO CASTRO JOSE MARIA,106,CONTRATO MENOR,CM,,SERVICIO DE REVISI‡N Y ATENCI‡N DE EXPEDIENTES ADMINISTRATIVOS III,235,18,2.3. 2  9. 1  1,LOCACION DE SERVICIOS REALIZADOS POR PERSONAS NATURALES RELACIONADAS AL ROL DE LA ENTIDAD,-4000.00,Rebaja
2026,1028,01,S,171,30/01/2026 00:00:00,10725489345,CARPIO CASTRO JOSE MARIA,106,CONTRATO MENOR,CM,,SERVICIO DE REVISI‡N Y ATENCI‡N DE EXPEDIENTES ADMINISTRATIVOS III,235,18,2.3. 2  9. 1  1,LOCACION DE SERVICIOS REALIZADOS POR PERSONAS NATURALES RELACIONADAS AL ROL DE LA ENTIDAD,8000.00,Compromiso
2026,1028,01,S,172,30/01/2026 00:00:00,10445436904,BARRIENTOS CAYTUIRO MIGUEL ANGEL,106,CONTRATO MENOR,CM,,SERVICIO DE ANµLISIS DE INFORMACI‡N CONTABLE Y FINANCIERA I,236,18,2.3. 2  9. 1  1,LOCACION DE SERVICIOS REALIZADOS POR PERSONAS NATURALES RELACIONADAS AL ROL DE LA ENTIDAD,14000.00,Compromiso
2026,1028,01,S,173,30/01/2026 00:00:00,10457662403,FARRO•AY FIESTAS BLANCA SARITA,106,CONTRATO MENOR,CM,,SERVICIO DE ANµLISIS DE INFORMACI‡N CONTABLE Y FINANCIERA II,238,18,2.3. 2  9. 1  1,LOCACION DE SERVICIOS REALIZADOS POR PERSONAS NATURALES RELACIONADAS AL ROL DE LA ENTIDAD,-7000.00,Rebaja
2026,1028,01,S,173,30/01/2026 00:00:00,10457662403,FARRO•AY FIESTAS BLANCA SARITA,106,CONTRATO MENOR,CM,,SERVICIO DE ANµLISIS DE INFORMACI‡N CONTABLE Y FINANCIERA II,238,18,2.3. 2  9. 1  1,LOCACION DE SERVICIOS REALIZADOS POR PERSONAS NATURALES RELACIONADAS AL ROL DE LA ENTIDAD,14000.00,Compromiso
2026,1028,01,S,174,30/01/2026 00:00:00,10449750972,PEREYRA ACOSTA SONALY LIZETH,106,CONTRATO MENOR,CM,,SERVICIO ESPECIALIZADO DE INTEGRADOR CONTABLE I,239,18,2.3. 2  9. 1  1,LOCACION DE SERVICIOS REALIZADOS POR PERSONAS NATURALES RELACIONADAS AL ROL DE LA ENTIDAD,16000.00,Compromiso
2026,1028,01,S,175,30/01/2026 00:00:00,10740637351,GARCIA BUSTIOS GINA YAJAHIRA,106,CONTRATO MENOR,CM,,SERVICIO ESPECIALIZADO DE INTEGRADOR CONTABLE II,240,18,2.3. 2  9. 1  1,LOCACION DE SERVICIOS REALIZADOS POR PERSONAS NATURALES RELACIONADAS AL ROL DE LA ENTIDAD,16000.00,Compromiso
2026,1028,01,S,176,30/01/2026 00:00:00,10069083752,VENTURO OBREGON AIDEE VIRGINIA,106,CONTRATO MENOR,CM,,SERVICIO ESPECIALIZADO EN CONTROL PREVIO Y REVISION,241,18,2.3. 2  9. 1  1,LOCACION DE SERVICIOS REALIZADOS POR PERSONAS NATURALES RELACIONADAS AL ROL DE LA ENTIDAD,16000.00,Compromiso
2026,1028,01,S,176,30/01/2026 00:00:00,10069083752,VENTURO OBREGON AIDEE VIRGINIA,106,CONTRATO MENOR,CM,,SERVICIO ESPECIALIZADO EN CONTROL PREVIO Y REVISION,241,18,2.3. 2  9. 1  1,LOCACION DE SERVICIOS REALIZADOS POR PERSONAS NATURALES RELACIONADAS AL ROL DE LA ENTIDAD,-8000.00,Rebaja
2026,1028,01,S,177,30/01/2026 00:00:00,10738844136,MORAN BARRIONUEVO KEYLA NURITH,106,CONTRATO MENOR,CM,,"SERVICIO DE REVISI‡N, ANALISIS Y VERIFICACI‡N DE EXPEDIENTES",230,18,2.3. 2  9. 1  1,LOCACION DE SERVICIOS REALIZADOS POR PERSONAS NATURALES RELACIONADAS AL ROL DE LA ENTIDAD,14000.00,Compromiso
2026,1028,01,S,177,30/01/2026 00:00:00,10738844136,MORAN BARRIONUEVO KEYLA NURITH,106,CONTRATO MENOR,CM,,"SERVICIO DE REVISI‡N, ANALISIS Y VERIFICACI‡N DE EXPEDIENTES",230,18,2.3. 2  9. 1  1,LOCACION DE SERVICIOS REALIZADOS POR PERSONAS NATURALES RELACIONADAS AL ROL DE LA ENTIDAD,-7000.00,Rebaja
2026,1028,01,S,178,30/01/2026 00:00:00,10459415136,BUENO BASOMBRIO LUIS MIGUEL,106,CONTRATO MENOR,CM,,SERVICIO DE ASISTENCIA TECNICA ADMINISTRATIVA LEGAL EN PROCESOS CIVILES DE LA PROCURADURIA PUBLICA,282,18,2.3. 2  9. 1  1,LOCACION DE SERVICIOS REALIZADOS POR PERSONAS NATURALES RELACIONADAS AL ROL DE LA ENTIDAD,18600.00,Compromiso
2026,1028,01,S,179,30/01/2026 00:00:00,10714578117,ILAVE COLLAZOS WILDER IVAN,106,CONTRATO MENOR,CM,,"SERVICIO DE ASISTENCIA EN DERECHO DE IMPULSO PROCESAL EN MATERIA LABORAL, CIVIL Y PENAL DE LA PPR",283,18,2.3. 2  9. 1  1,LOCACION DE SERVICIOS REALIZADOS POR PERSONAS NATURALES RELACIONADAS AL ROL DE LA ENTIDAD,18600.00,Compromiso
2026,1028,01,S,180,30/01/2026 00:00:00,10736071423,ARANA PANDURO HARRY JHON,106,CONTRATO MENOR,CM,,"SERVICIO DE ASISTENCIA LEGAL EN PROCESOS CIVILES, LABORALES, CONTENCIOSOS ADMINISTRATIVOS DE LA PPR",284,18,2.3. 2  9. 1  1,LOCACION DE SERVICIOS REALIZADOS POR PERSONAS NATURALES RELACIONADAS AL ROL DE LA ENTIDAD,18600.00,Compromiso
2026,1028,01,S,181,30/01/2026 00:00:00,10448943394,CANCHANYA JONES BECKY KATRINA,106,CONTRATO MENOR,CM,,SERVICIO DE ORDENAMIENTO DE DOCUMENTOS DE ARCHIVO PARA LA PROCURADURIA PUBLICA REGIONAL.,285,18,2.3. 2  9. 1  1,LOCACION DE SERVICIOS REALIZADOS POR PERSONAS NATURALES RELACIONADAS AL ROL DE LA ENTIDAD,8000.00,Compromiso
2026,1028,01,S,182,30/01/2026 00:00:00,10726243552,CORDOVA MENDOZA MANUEL ALEJANDRO,106,CONTRATO MENOR,CM,,SERVICIO DE VERIFICACION Y CLASIFICACION DE DOCUMENTOS DE LA PROCURADURIA PUBLICA REGIONAL.,286,18,2.3. 2  9. 1  1,LOCACION DE SERVICIOS REALIZADOS POR PERSONAS NATURALES RELACIONADAS AL ROL DE LA ENTIDAD,4000.00,Compromiso
2026,1028,01,S,183,30/01/2026 00:00:00,10724587441,MACHACA CANCHANYA KARINA MERCEDES,106,CONTRATO MENOR,CM,,SERVICIO DE REVISION DE TRANSFERENCIA DE DOCUMENTOS AL ARCHIVO DE LA PROCURADURIA PUBLICA REGIONAL.,287,18,2.3. 2  9. 1  1,LOCACION DE SERVICIOS REALIZADOS POR PERSONAS NATURALES RELACIONADAS AL ROL DE LA ENTIDAD,11000.00,Compromiso
2026,1028,01,S,184,30/01/2026 00:00:00,10440914972,MANRIQUE RABINES LUIS ALBERTO,106,CONTRATO MENOR,CM,,"SERVICIO DE CLASIFICACION, REGISTRO Y DIGITALIZACION DE DOCUMENTOS  DE LA PROCURADURIA PUBLICA",288,18,2.3. 2  9. 1  1,LOCACION DE SERVICIOS REALIZADOS POR PERSONAS NATURALES RELACIONADAS AL ROL DE LA ENTIDAD,9000.00,Compromiso
2026,1028,01,S,185,30/01/2026 00:00:00,10741372806,MACHACA LIPE FANNY ELIZABETH,106,CONTRATO MENOR,CM,,SERVICIO DE CLASIFICACION ORDENAMIENTO E INVENTARIO DE SERIE DOCUMENTAL DE LA PROCURADURIA PUBLICA,289,18,2.3. 2  9. 1  1,LOCACION DE SERVICIOS REALIZADOS POR PERSONAS NATURALES RELACIONADAS AL ROL DE LA ENTIDAD,8300.00,Compromiso
2026,1028,01,S,186,30/01/2026 00:00:00,10443583802,BREIDING GOMEZ ROBERT ALEXANDER,106,CONTRATO MENOR,CM,,"SERVICIO DE SEGUIMIENTO, REGISTRO Y DESPACHO DIGITAL DE DOCUMENTOS.",290,18,2.3. 2  9. 1  1,LOCACION DE SERVICIOS REALIZADOS POR PERSONAS NATURALES RELACIONADAS AL ROL DE LA ENTIDAD,9200.00,Compromiso
2026,1028,01,S,187,30/01/2026 00:00:00,10747945107,PAREDES MU•OZ ALEXANDRA BRILLITH,106,CONTRATO MENOR,CM,,SERVICIO DE CLASIFICACION Y ORDENAMIENTO DE ARCHIVOS PARA LA PPR.,291,18,2.3. 2  9. 1  1,LOCACION DE SERVICIOS REALIZADOS POR PERSONAS NATURALES RELACIONADAS AL ROL DE LA ENTIDAD,9000.00,Compromiso
2026,1028,01,S,188,30/01/2026 00:00:00,10449034134,YATACO CALLA EDHER JAVIER,106,CONTRATO MENOR,CM,,SERVICIO ESPECIALIZADO EN GESTION DE SERVICIOS INFORMATICOS PARA LA PPR.,292,18,2.3. 2  9. 1  1,LOCACION DE SERVICIOS REALIZADOS POR PERSONAS NATURALES RELACIONADAS AL ROL DE LA ENTIDAD,9200.00,Compromiso
2026,1028,01,S,189,30/01/2026 00:00:00,10450193718,GONGORA VALQUI ROSA MARBELI,106,CONTRATO MENOR,CM,,SERVICIO ESPECIALIZADOS EN ASUNTOS LEGALES ADMINISTRATIVOS DE LA PROCURADURIA PUBLICA REGIONAL .,293,18,2.3. 2  9. 1  1,LOCACION DE SERVICIOS REALIZADOS POR PERSONAS NATURALES RELACIONADAS AL ROL DE LA ENTIDAD,-18600.00,Anulado
2026,1028,01,S,189,30/01/2026 00:00:00,10450193718,GONGORA VALQUI ROSA MARBELI,106,CONTRATO MENOR,CM,,SERVICIO ESPECIALIZADOS EN ASUNTOS LEGALES ADMINISTRATIVOS DE LA PROCURADURIA PUBLICA REGIONAL .,293,18,2.3. 2  9. 1  1,LOCACION DE SERVICIOS REALIZADOS POR PERSONAS NATURALES RELACIONADAS AL ROL DE LA ENTIDAD,18600.00,Compromiso
2026,1028,02,S,190,18/02/2026 00:00:00,10086618091,VILLEGAS ALVARADO LILIAN EUSEBIA,106,CONTRATO MENOR,CM,,SERVICIO ESPECIALIZADO EN PROCESOS ADMINISTRATIVOS PARA LA COMISION DE DESARROLLO SOCIAL DEL CONSEJO,312,18,2.3. 2  9. 1  1,LOCACION DE SERVICIOS REALIZADOS POR PERSONAS NATURALES RELACIONADAS AL ROL DE LA ENTIDAD,14000.00,Compromiso
2026,1028,02,S,191,18/02/2026 00:00:00,10462394671,RAMOS FLORES YHONY,106,CONTRATO MENOR,CM,,SERVICIO DE ASISTENCIA TêCNICA ADMINISTRATIVA PARA LA COMISI‡N DE ADMINISTRACION REGIONAL,313,18,2.3. 2  9. 1  1,LOCACION DE SERVICIOS REALIZADOS POR PERSONAS NATURALES RELACIONADAS AL ROL DE LA ENTIDAD,8000.00,Compromiso
2026,1028,02,S,192,18/02/2026 00:00:00,10429286781,ZEVALLOS MATOS CAROL GUISELLE,106,CONTRATO MENOR,CM,,SERVICIO ESPECIALIZADO EN CONTROL Y GESTI‡N DE PROCESOS OPERATIVOS ADMINISTRATIVOS PARA LA COMISI‡N,314,18,2.3. 2  9. 1  1,LOCACION DE SERVICIOS REALIZADOS POR PERSONAS NATURALES RELACIONADAS AL ROL DE LA ENTIDAD,14000.00,Compromiso
2026,1028,02,S,193,18/02/2026 00:00:00,10473426086,SANCHEZ PEREZ LOURDES DIANA MERCEDES,106,CONTRATO MENOR,CM,,SERVICIO ESPECIALIZADO EN GESTI‡N PÈBLICA PARA LA COMISI‡N DE ADMINISTRACION REGIONAL DEL CONSEJO,315,18,2.3. 2  9. 1  1,LOCACION DE SERVICIOS REALIZADOS POR PERSONAS NATURALES RELACIONADAS AL ROL DE LA ENTIDAD,14000.00,Compromiso
2026,1028,02,S,194,18/02/2026 00:00:00,10724461986,ALARCON YDROGO XIOMARA VALERIA,106,CONTRATO MENOR,CM,,SERVICIO DE AUXILIAR ADMINISTRATIVO PARA LA COMISI‡N DE ADMINISTRACION REGIONAL DEL CONSEJO REGIONAL,316,18,2.3. 2  9. 1  1,LOCACION DE SERVICIOS REALIZADOS POR PERSONAS NATURALES RELACIONADAS AL ROL DE LA ENTIDAD,7000.00,Compromiso
2026,1028,02,S,195,18/02/2026 00:00:00,10707562612,AZURZA JANAMPA RONALD ROMARIO,106,CONTRATO MENOR,CM,,SERVICIO DE ORGANIZACI‡N DE DOCUMENTACION DE ARCHIVOS PARA LA COMISI‡N DE ADMINISTRACION REGIONAL,317,18,2.3. 2  9. 1  1,LOCACION DE SERVICIOS REALIZADOS POR PERSONAS NATURALES RELACIONADAS AL ROL DE LA ENTIDAD,7000.00,Compromiso
2026,1028,02,S,196,18/02/2026 00:00:00,10732461740,GUERRERO ALARCON DIEGO ANGEL,106,CONTRATO MENOR,CM,,SERVICIOS ESPECIALIZADOS EN MEDIO AMBIENTE PARA LA COMISION DE INFRAESTRUCTURA DEL CONSEJO REGIONAL,318,18,2.3. 2  9. 1  1,LOCACION DE SERVICIOS REALIZADOS POR PERSONAS NATURALES RELACIONADAS AL ROL DE LA ENTIDAD,14000.00,Compromiso
2026,1028,02,S,197,18/02/2026 00:00:00,10713285914,LLERENA VILLACREZ DERIAN MANUEL,106,CONTRATO MENOR,CM,,SERVICIO ESPECIALIZADO EN INGENIERIA CIVIL PARA LA COMISION DE INFRAESTRUCTURA DEL CONSEJO REGIONAL,319,18,2.3. 2  9. 1  1,LOCACION DE SERVICIOS REALIZADOS POR PERSONAS NATURALES RELACIONADAS AL ROL DE LA ENTIDAD,14000.00,Compromiso
2026,1028,02,S,198,18/02/2026 00:00:00,10806504519,PAIVA SILVA KELY,106,CONTRATO MENOR,CM,,SERVICIO DE SEGUIMIENTO Y ASISTENCIA DE ACTIVIDADES ADMINISTRATIVAS PARA LA COMISION DE INFRAESTRUCT,320,18,2.3. 2  9. 1  1,LOCACION DE SERVICIOS REALIZADOS POR PERSONAS NATURALES RELACIONADAS AL ROL DE LA ENTIDAD,6000.00,Compromiso
2026,1028,02,S,199,18/02/2026 00:00:00,10741283102,GUERRERO CHINCHAY ELENA NICOLE,106,CONTRATO MENOR,CM,,SERVICIO DE AUXILIAR ADMINISTRATIVO PARA LA COMISION DE INFRAESTRUCTURA DEL CONSEJO REGIONAL,321,18,2.3. 2  9. 1  1,LOCACION DE SERVICIOS REALIZADOS POR PERSONAS NATURALES RELACIONADAS AL ROL DE LA ENTIDAD,7000.00,Compromiso
2026,1028,02,S,200,18/02/2026 00:00:00,10430947279,NEIRA GOLAC WILLIAM ABEL,106,CONTRATO MENOR,CM,,"SERVICIO DE RECEPCION, ELABORACION Y ARCHIVO DE DOCUMENTOS PARA LA COMISION DE INFRAESTRUCTURA",322,18,2.3. 2  9. 1  1,LOCACION DE SERVICIOS REALIZADOS POR PERSONAS NATURALES RELACIONADAS AL ROL DE LA ENTIDAD,9000.00,Compromiso
2026,1028,02,S,201,18/02/2026 00:00:00,10466377631,QUISPE CUBA JENNIFER MARGOTH,106,CONTRATO MENOR,CM,,SERVICIO DE ASISTENCIA TECNICA ADMINISTRATIVA PARA LA COMISION DE RECURSOS NATURALES DEL CONSEJO,323,18,2.3. 2  9. 1  1,LOCACION DE SERVICIOS REALIZADOS POR PERSONAS NATURALES RELACIONADAS AL ROL DE LA ENTIDAD,5000.00,Compromiso
2026,1028,02,S,202,18/02/2026 00:00:00,10478988686,BERROCAL CCALLASACA JUAN IGNASIO,106,CONTRATO MENOR,CM,,SERVICIO ESPECIALIZADO EN INGENIERIA AMBIENTAL PARA LA COMISION DE RECURSOS NATURALES DEL CONSEJO,324,18,2.3. 2  9. 1  1,LOCACION DE SERVICIOS REALIZADOS POR PERSONAS NATURALES RELACIONADAS AL ROL DE LA ENTIDAD,12000.00,Compromiso
2026,1028,02,S,203,18/02/2026 00:00:00,10256360581,ESPINOZA MU•ANTE CARLOS ANTONIO,106,CONTRATO MENOR,CM,,SERVICI ODE COORDINACION DE PROCESOS OPERATIVOS EN LA GESTION ADMINISTRATIVA PARA LA COMISION,325,18,2.3. 2  9. 1  1,LOCACION DE SERVICIOS REALIZADOS POR PERSONAS NATURALES RELACIONADAS AL ROL DE LA ENTIDAD,12000.00,Compromiso
2026,1028,02,S,204,18/02/2026 00:00:00,10704407446,OBREGON MORA MERCEDES BEATRIZ,106,CONTRATO MENOR,CM,,SERVICIO DE ASISTENCIA TECNICA Y MONITOREO DE ACTIVIDADES EN GESTION PARA LA COMISION DE RECURSOS NA,326,18,2.3. 2  9. 1  1,LOCACION DE SERVICIOS REALIZADOS POR PERSONAS NATURALES RELACIONADAS AL ROL DE LA ENTIDAD,12000.00,Compromiso
2026,1028,02,S,205,18/02/2026 00:00:00,10400326423,NORABUENA HEREDIA LUIS ALBERTO,106,CONTRATO MENOR,CM,,SERVICIO DE ASISTENCIA TECNICA LEGAL PARA LA COMISION DE RECURSOS NATURALES DEL CONSEJO REGIONAL,327,18,2.3. 2  9. 1  1,LOCACION DE SERVICIOS REALIZADOS POR PERSONAS NATURALES RELACIONADAS AL ROL DE LA ENTIDAD,9000.00,Compromiso
2026,1028,02,S,206,18/02/2026 00:00:00,10419741430,CAYA SALAZAR LUIS MIGUEL,106,CONTRATO MENOR,CM,,"SERVICIO ESPECIALIZADO EN TEMAS DE DERECHO PARA LA COMISION DE DEFENSA NACIONAL,  DEFENSA CIVIL",328,18,2.3. 2  9. 1  1,LOCACION DE SERVICIOS REALIZADOS POR PERSONAS NATURALES RELACIONADAS AL ROL DE LA ENTIDAD,14000.00,Compromiso
2026,1028,02,S,207,18/02/2026 00:00:00,10085124311,CORTEZ HEREDIA LILI CARLOTA,106,CONTRATO MENOR,CM,,"SERVICIO ESPECIALIZADO EN GESTI‡N DE PROCESOS ADMINISTRATIVOS  PARA LA COMISION DE DEFENSA NACIONAL,",329,18,2.3. 2  9. 1  1,LOCACION DE SERVICIOS REALIZADOS POR PERSONAS NATURALES RELACIONADAS AL ROL DE LA ENTIDAD,14000.00,Compromiso
2026,1028,02,S,208,18/02/2026 00:00:00,10433840629,CASTILLO OJEDA JOSE LUIS,106,CONTRATO MENOR,CM,,SERVICIO ESPECIALIZADO EN TEMAS DE SEGURIDAD CIUDADANA  PARA LA COMISION DE DEFENSA NACIONAL,330,18,2.3. 2  9. 1  1,LOCACION DE SERVICIOS REALIZADOS POR PERSONAS NATURALES RELACIONADAS AL ROL DE LA ENTIDAD,14000.00,Compromiso
2026,1028,02,S,209,18/02/2026 00:00:00,10432962259,CASTILLO ALATRISTA PAUL IVAN,106,CONTRATO MENOR,CM,,SERVICIO DE EJECUCI‡N Y MONITOREO DE LA GESTION ADMINISTRATIVA  PARA LA COMISION DE DEFENSA NACIONAL,331,18,2.3. 2  9. 1  1,LOCACION DE SERVICIOS REALIZADOS POR PERSONAS NATURALES RELACIONADAS AL ROL DE LA ENTIDAD,8000.00,Compromiso
2026,1028,02,S,210,18/02/2026 00:00:00,10062158323,AURAZO PEREZ EDILMAR,106,CONTRATO MENOR,CM,,"SERVICIO ESPECIALIZADO EN MATERIA LEGAL PARA LA COMISI‡N DE SALUD, TRANSPORTES Y COMUNICACIONES",332,18,2.3. 2  9. 1  1,LOCACION DE SERVICIOS REALIZADOS POR PERSONAS NATURALES RELACIONADAS AL ROL DE LA ENTIDAD,13000.00,Compromiso
2026,1028,02,S,211,18/02/2026 00:00:00,10725718271,AVILA GUIMA RICARDO MAZAKI,106,CONTRATO MENOR,CM,,"SERVICIO DE ASISTENCIA LEGAL EN PROCESOS ADMINISTRATIVOS PARA LA COMISI‡N DE SALUD, TRANSPORTES",333,18,2.3. 2  9. 1  1,LOCACION DE SERVICIOS REALIZADOS POR PERSONAS NATURALES RELACIONADAS AL ROL DE LA ENTIDAD,11000.00,Compromiso
2026,1028,02,S,212,18/02/2026 00:00:00,10210153719,PARIONA GALINDO FEDERICO,106,CONTRATO MENOR,CM,,"SERVICIO ESPECIALIZADO EN GESTI‡N PÈBLICA PARA LA COMISI‡N DE SALUD, TRANSPORTES Y COMUNICACIONES",334,18,2.3. 2  9. 1  1,LOCACION DE SERVICIOS REALIZADOS POR PERSONAS NATURALES RELACIONADAS AL ROL DE LA ENTIDAD,14000.00,Compromiso
2026,1028,02,S,213,18/02/2026 00:00:00,10473385223,DAVILA ROQUE RAFAEL,106,CONTRATO MENOR,CM,,"SERVICIO DE ASISTENCIA TECNICA LEGAL EN DOCUMENTOS DE GESTION PARA LA COMISI‡N DE SALUD, TRANSPORTES",335,18,2.3. 2  9. 1  1,LOCACION DE SERVICIOS REALIZADOS POR PERSONAS NATURALES RELACIONADAS AL ROL DE LA ENTIDAD,12000.00,Compromiso
2026,1028,02,S,214,18/02/2026 00:00:00,10108345727,ZU•IGA MORALES PATRICIA MARLENE,106,CONTRATO MENOR,CM,,SERVICIO ESPECIALIZADO EN CONTROL Y GESTION DE PROCESOS OPERATIVOS ADMINISTRATIVOS PARA LA COMISION,308,18,2.3. 2  9. 1  1,LOCACION DE SERVICIOS REALIZADOS POR PERSONAS NATURALES RELACIONADAS AL ROL DE LA ENTIDAD,16000.00,Compromiso
2026,1028,02,S,215,18/02/2026 00:00:00,10257754770,GARAY BRAVO LILIAN,106,CONTRATO MENOR,CM,,SERVICIO DE AUXILIAR ADMINISTRATIVO PARA LA COMISION DE DESARROLLO SOCIAL DEL CONSEJO REGIONAL,309,18,2.3. 2  9. 1  1,LOCACION DE SERVICIOS REALIZADOS POR PERSONAS NATURALES RELACIONADAS AL ROL DE LA ENTIDAD,6000.00,Compromiso
2026,1028,02,S,216,18/02/2026 00:00:00,10458770021,MAGUI•O CASAPINO RUTH ABIGAIL,106,CONTRATO MENOR,CM,,"SERVICIO DE RECEPCION, REGISTRO Y ORGANIZACI‡N DE DOCUMENTOS PARA LA COMISION DE DESARROLLO",310,18,2.3. 2  9. 1  1,LOCACION DE SERVICIOS REALIZADOS POR PERSONAS NATURALES RELACIONADAS AL ROL DE LA ENTIDAD,6000.00,Compromiso
2026,1028,02,S,217,18/02/2026 00:00:00,10708005393,COELLO RUEDA ANTHONY JEAN PIERRE,106,CONTRATO MENOR,CM,,SERVICIO DE COORDINACION DE ACTIVIDADES DE GESTION SOCIAL PARA LA COMISION DE DESARROLLO SOCIAL,307,18,2.3. 2  9. 1  1,LOCACION DE SERVICIOS REALIZADOS POR PERSONAS NATURALES RELACIONADAS AL ROL DE LA ENTIDAD,8000.00,Compromiso
2026,1028,02,S,218,18/02/2026 00:00:00,10429778196,GONZALES AVALOS SANDRA URSULA,106,CONTRATO MENOR,CM,,SERVICIO ESPECIALIZADO EN TEMAS DE PRESUPUESTO.,306,18,2.3. 2  9. 1  1,LOCACION DE SERVICIOS REALIZADOS POR PERSONAS NATURALES RELACIONADAS AL ROL DE LA ENTIDAD,14000.00,Compromiso
2026,1028,02,S,219,18/02/2026 00:00:00,10729657692,HERRERA CONTRERAS ANGELY XIOMARA MILAGROS,106,CONTRATO MENOR,CM,,SERVICIO DE ASISTENCIA TECNICA ADMINISTRATIVA.,305,18,2.3. 2  9. 1  1,LOCACION DE SERVICIOS REALIZADOS POR PERSONAS NATURALES RELACIONADAS AL ROL DE LA ENTIDAD,7600.00,Compromiso
2026,1028,02,S,220,18/02/2026 00:00:00,10417532906,OBREGON SILVA CECILIA MARCELA,106,CONTRATO MENOR,CM,,SERVICIO ESPECIALIZADO EN ADMINISTRACI‡N PÈBLICA.,304,18,2.3. 2  9. 1  1,LOCACION DE SERVICIOS REALIZADOS POR PERSONAS NATURALES RELACIONADAS AL ROL DE LA ENTIDAD,12000.00,Compromiso
2026,1028,02,S,221,18/02/2026 00:00:00,10484418182,PEREZ VELASQUEZ MARINA,106,CONTRATO MENOR,CM,,SERVICIO DE ANALISIS ADMINISTRATIVO.,303,18,2.3. 2  9. 1  1,LOCACION DE SERVICIOS REALIZADOS POR PERSONAS NATURALES RELACIONADAS AL ROL DE LA ENTIDAD,7600.00,Compromiso
2026,1028,02,S,222,18/02/2026 00:00:00,10255437921,GONZALES MELENDEZ BEATRIZ MARINA,106,CONTRATO MENOR,CM,,SERVICIO DE AUXILIAR ADMINISTRATIVO.,302,18,2.3. 2  9. 1  1,LOCACION DE SERVICIOS REALIZADOS POR PERSONAS NATURALES RELACIONADAS AL ROL DE LA ENTIDAD,6000.00,Compromiso
2026,1028,02,S,223,18/02/2026 00:00:00,10715306242,GONZALES TUANAMA GREYS,106,CONTRATO MENOR,CM,,SERVICIO DE ASISTENCIA ADMINISTRATIVA PARA EL SISTEMA DE GESTI‡N DOCUMENTAL CON EXPEDIENTE Y FIRMA D,301,18,2.3. 2  9. 1  1,LOCACION DE SERVICIOS REALIZADOS POR PERSONAS NATURALES RELACIONADAS AL ROL DE LA ENTIDAD,7600.00,Compromiso
2026,1028,02,S,224,18/02/2026 00:00:00,10712274030,ZAVALA JIMêNEZ LOANA NOEMI,106,CONTRATO MENOR,CM,,SERVICIO DE ASISTENCIA ADMINISTRATIVA PARA EL SISTEMA DE GESTI‡N DOCUMENTAL CON EXPEDIENTE Y FIRMA D,300,18,2.3. 2  9. 1  1,LOCACION DE SERVICIOS REALIZADOS POR PERSONAS NATURALES RELACIONADAS AL ROL DE LA ENTIDAD,9600.00,Compromiso
2026,1028,02,S,225,18/02/2026 00:00:00,10436984907,SILVA COLLAO DIEGO MAURICIO,106,CONTRATO MENOR,CM,,SERVICIO DE COORDINACI‡N EN TEMAS DE LOG÷STICA Y PRESUPUESTO210100010885,299,18,2.3. 2  9. 1  1,LOCACION DE SERVICIOS REALIZADOS POR PERSONAS NATURALES RELACIONADAS AL ROL DE LA ENTIDAD,13000.00,Compromiso
2026,1028,02,S,226,18/02/2026 00:00:00,10707464793,BARRIOS TORRES MIGUEL FERNANDO,106,CONTRATO MENOR,CM,,SERVICIO ESPECIALIZADO EN ESTAD÷STICA.,298,18,2.3. 2  9. 1  1,LOCACION DE SERVICIOS REALIZADOS POR PERSONAS NATURALES RELACIONADAS AL ROL DE LA ENTIDAD,8000.00,Compromiso
2026,1028,02,S,227,18/02/2026 00:00:00,10461377268,NARREA LAURA FRANCISCO MANUEL,106,CONTRATO MENOR,CM,,SERVICIO ESPECIALIZADO EN MODERNIZACI‡N DE LA GESTION PÈBLICA .,297,18,2.3. 2  9. 1  1,LOCACION DE SERVICIOS REALIZADOS POR PERSONAS NATURALES RELACIONADAS AL ROL DE LA ENTIDAD,13000.00,Compromiso
2026,1028,02,S,228,18/02/2026 00:00:00,10449451428,ZAVALA MORA ROBERTO ANTONIO,106,CONTRATO MENOR,CM,,SERVICIO ESPECIALIZADO EN DEMARCACI‡N Y ORGANIZACI‡N TERRITORIAL.,336,18,2.3. 2  9. 1  1,LOCACION DE SERVICIOS REALIZADOS POR PERSONAS NATURALES RELACIONADAS AL ROL DE LA ENTIDAD,13400.00,Compromiso
2026,1028,02,S,229,19/02/2026 00:00:00,20269985900,PLUZ ENERGﬁA PERÎ S.A.A.,14,ADJUDICACION SIN PROCEDIMIENTO,ASP,0,CONTRATACION DEL SERVICIO BASICO DE ENERGIA ELECTRICA PARA LA OFICINA DE ADMINISTRACI‡N DE VILLAS REGIONALES DEL GOBIERNO REGIONAL DEL CALLAO.,337,00,2.3. 2  2. 1  1,SERVICIO DE SUMINISTRO DE ENERGIA ELECTRICA,362433.00,Compromiso
2026,1028,02,S,230,19/02/2026 00:00:00,20100152356,SERV AGUA POTAB Y ALCANT DE LIMA-SEDAPAL,14,ADJUDICACION SIN PROCEDIMIENTO,ASP,0,CONTRATACION DEL SERVICIO BASICO DE AGUA POTABLE Y ALCANTARILLADO PARA LA OFICINA DE ADMINISTRACI‡N DE VILLAS REGIONALES DEL GOBIERNO REGIONAL DEL CALLAO.,338,00,2.3. 2  2. 1  2,SERVICIO DE AGUA Y DESAGUE,514865.00,Compromiso
2026,1028,02,S,231,19/02/2026 00:00:00,20517207331,PROTECTA S.A. COMPA•IA DE SEGUROS,106,CONTRATO MENOR,CM,,"CONTRATACI‡N DEL SERVICIO DE SEGURO OBLIGATORIO DE ACCIDENTES DE TRµNSITO ? ?SOAT?, PARA LA FLOTA VEHICULAR DEL GOBIERNO REGIONAL DEL CALLAO",339,18,2.3. 2  6. 3  3,SEGURO OBLIGATORIO ACCIDENTES DE TRANSITO (SOAT),5980.00,Compromiso
2026,1028,02,S,232,19/02/2026 00:00:00,10476420020,FRYE ESPINOZA ESTEFANI,106,CONTRATO MENOR,CM,,SERVICIO ESPECIALIZADO EN MATERIA LEGAL.,498,18,2.3. 2  9. 1  1,LOCACION DE SERVICIOS REALIZADOS POR PERSONAS NATURALES RELACIONADAS AL ROL DE LA ENTIDAD,-20000.00,Anulado
2026,1028,02,S,232,19/02/2026 00:00:00,10476420020,FRYE ESPINOZA ESTEFANI,106,CONTRATO MENOR,CM,,SERVICIO ESPECIALIZADO EN MATERIA LEGAL.,498,18,2.3. 2  9. 1  1,LOCACION DE SERVICIOS REALIZADOS POR PERSONAS NATURALES RELACIONADAS AL ROL DE LA ENTIDAD,20000.00,Compromiso
2026,1028,02,S,233,19/02/2026 00:00:00,10455152874,CASTILLO LARA MARIE ANTOINETTE LUCIANA,106,CONTRATO MENOR,CM,,SERVICIO ESPECIALIZADO EN MATERIA LEGAL EN GESTION PUBLICA.,499,18,2.3. 2  9. 1  1,LOCACION DE SERVICIOS REALIZADOS POR PERSONAS NATURALES RELACIONADAS AL ROL DE LA ENTIDAD,-18000.00,Anulado
2026,1028,02,S,233,19/02/2026 00:00:00,10455152874,CASTILLO LARA MARIE ANTOINETTE LUCIANA,106,CONTRATO MENOR,CM,,SERVICIO ESPECIALIZADO EN MATERIA LEGAL EN GESTION PUBLICA.,499,18,2.3. 2  9. 1  1,LOCACION DE SERVICIOS REALIZADOS POR PERSONAS NATURALES RELACIONADAS AL ROL DE LA ENTIDAD,18000.00,Compromiso
2026,1028,02,S,234,19/02/2026 00:00:00,10727446686,CASTILLO OLAYA XIOMARA ELIZABETH,106,CONTRATO MENOR,CM,,SERVICIO DE GESTION ADMINISTRATIVA.,500,18,2.3. 2  9. 1  1,LOCACION DE SERVICIOS REALIZADOS POR PERSONAS NATURALES RELACIONADAS AL ROL DE LA ENTIDAD,6000.00,Compromiso
2026,1028,02,S,234,19/02/2026 00:00:00,10727446686,CASTILLO OLAYA XIOMARA ELIZABETH,106,CONTRATO MENOR,CM,,SERVICIO DE GESTION ADMINISTRATIVA.,500,18,2.3. 2  9. 1  1,LOCACION DE SERVICIOS REALIZADOS POR PERSONAS NATURALES RELACIONADAS AL ROL DE LA ENTIDAD,-6000.00,Anulado
2026,1028,02,S,235,19/02/2026 00:00:00,10157641005,GRANADOS MEJIA EDWIN FAUSTINO,106,CONTRATO MENOR,CM,,SERVICIO ESPECIALIZADO DE UN GESTOR DE PROYECTOS DE INVERSION PUBLICA.,501,18,2.3. 2  9. 1  1,LOCACION DE SERVICIOS REALIZADOS POR PERSONAS NATURALES RELACIONADAS AL ROL DE LA ENTIDAD,-20000.00,Anulado
2026,1028,02,S,235,19/02/2026 00:00:00,10157641005,GRANADOS MEJIA EDWIN FAUSTINO,106,CONTRATO MENOR,CM,,SERVICIO ESPECIALIZADO DE UN GESTOR DE PROYECTOS DE INVERSION PUBLICA.,501,18,2.3. 2  9. 1  1,LOCACION DE SERVICIOS REALIZADOS POR PERSONAS NATURALES RELACIONADAS AL ROL DE LA ENTIDAD,20000.00,Compromiso
2026,1028,02,S,236,20/02/2026 00:00:00,10433342505,SABRERA CAMPOS ESPERANZA HILDAURA,106,CONTRATO MENOR,CM,,SERVICIO ESPECIALIZADO LEGAL EN PROCEDIMIENTOS ADMINISTRATIVOS..,352,18,2.3. 2  9. 1  1,LOCACION DE SERVICIOS REALIZADOS POR PERSONAS NATURALES RELACIONADAS AL ROL DE LA ENTIDAD,12000.00,Compromiso
2026,1028,02,S,237,20/02/2026 00:00:00,10730479307,SILVA GALVAN EDDIE JOSUE,106,CONTRATO MENOR,CM,,SERVICIO ESPECIALIZADO EN PLANEAMIENTO.,350,18,2.3. 2  9. 1  1,LOCACION DE SERVICIOS REALIZADOS POR PERSONAS NATURALES RELACIONADAS AL ROL DE LA ENTIDAD,12000.00,Compromiso
2026,1028,02,S,238,20/02/2026 00:00:00,10157624712,LEON ROCA RODOLFO GUILLERMO,106,CONTRATO MENOR,CM,,SERVICIO DE ASISTENCIA TêCNICA EN GESTI‡N Y PLANIFICACI‡N.,349,18,2.3. 2  9. 1  1,LOCACION DE SERVICIOS REALIZADOS POR PERSONAS NATURALES RELACIONADAS AL ROL DE LA ENTIDAD,12000.00,Compromiso
2026,1028,02,S,239,20/02/2026 00:00:00,10416410521,ROJAS GUEVARA FRANCIS EDUARDO,106,CONTRATO MENOR,CM,,SERVICIO ESPECIALIZADO EN PLANIFICACI‡N.,348,18,2.3. 2  9. 1  1,LOCACION DE SERVICIOS REALIZADOS POR PERSONAS NATURALES RELACIONADAS AL ROL DE LA ENTIDAD,12000.00,Compromiso
2026,1028,02,S,240,20/02/2026 00:00:00,10468548467,MONTALVO CESPEDES MILAGROS DEL ROSARIO JAQUELINE,106,CONTRATO MENOR,CM,,SERVICIO DE AUXILIAR ADMINISTRATIVO..,347,18,2.3. 2  9. 1  1,LOCACION DE SERVICIOS REALIZADOS POR PERSONAS NATURALES RELACIONADAS AL ROL DE LA ENTIDAD,6000.00,Compromiso
2026,1028,02,S,241,20/02/2026 00:00:00,10079723628,RIOS RENGIFO RUTH EMILIA,106,CONTRATO MENOR,CM,,SERVICIO DE GESTION ADMINISTRATIVA,357,18,2.3. 2  9. 1  1,LOCACION DE SERVICIOS REALIZADOS POR PERSONAS NATURALES RELACIONADAS AL ROL DE LA ENTIDAD,7800.00,Compromiso
2026,1028,02,S,242,20/02/2026 00:00:00,10774707668,TELLO LLAJA MABETH CATHERIN,106,CONTRATO MENOR,CM,,"SERVICIO DE REVISION, VERIFICACION Y CONTROL PREVIO DE DOCUMENTOS DEOPERACIONES ADMINISTRATIVAS",358,18,2.3. 2  9. 1  1,LOCACION DE SERVICIOS REALIZADOS POR PERSONAS NATURALES RELACIONADAS AL ROL DE LA ENTIDAD,6600.00,Compromiso
2026,1028,02,S,243,20/02/2026 00:00:00,10753621275,SOTO RAFAEL PIERINA KATIUSKA,106,CONTRATO MENOR,CM,,"SERVICIO DE REVISION, VERIFICACION Y CONTROL PREVIO DE DOCUMENTOS ADMINISTRATIVOS",359,18,2.3. 2  9. 1  1,LOCACION DE SERVICIOS REALIZADOS POR PERSONAS NATURALES RELACIONADAS AL ROL DE LA ENTIDAD,6300.00,Compromiso
2026,1028,02,S,244,20/02/2026 00:00:00,10092246421,LAVADO SINCHE MAXIMO ANTONIO,106,CONTRATO MENOR,CM,,SERVICIO ESPECIALIZADO EN MATERIA LEGAL PARA LA COMISION DE LA MUJER DEL CONSEJO REGIONAL ,353,18,2.3. 2  9. 1  1,LOCACION DE SERVICIOS REALIZADOS POR PERSONAS NATURALES RELACIONADAS AL ROL DE LA ENTIDAD,14000.00,Compromiso
2026,1028,02,S,245,20/02/2026 00:00:00,10401801362,RAMOS TIMOTEO SUSANA LISBET,106,CONTRATO MENOR,CM,,SERVICIO ESPECIALIZADO EN TEMAS DE DERECHO PARA LA COMISION DE LA MUJER DEL CONSEJO REGIONAL,354,18,2.3. 2  9. 1  1,LOCACION DE SERVICIOS REALIZADOS POR PERSONAS NATURALES RELACIONADAS AL ROL DE LA ENTIDAD,14000.00,Compromiso
2026,1028,02,S,246,20/02/2026 00:00:00,10435012995,DELLEPIANE VASQUEZ NATALIA BEATRIZ,106,CONTRATO MENOR,CM,,SERVICIO DE GESTION Y SEGUIMIENTO DE  ACTIVIDADES  ADMINISTRATIVAS PARA LA COMISION DE LA MUJER DEL,355,18,2.3. 2  9. 1  1,LOCACION DE SERVICIOS REALIZADOS POR PERSONAS NATURALES RELACIONADAS AL ROL DE LA ENTIDAD,16000.00,Compromiso
2026,1028,02,S,247,20/02/2026 00:00:00,10754470394,JIMENEZ MELENDEZ ALICIA KATHERINE,106,CONTRATO MENOR,CM,,SERVICIO DE SEGUIMIENTO Y ASISTENCIA DE ACTIVIDADES ADMINISTRATIVAS PARA LA COMISION DE LA MUJER DEL,356,18,2.3. 2  9. 1  1,LOCACION DE SERVICIOS REALIZADOS POR PERSONAS NATURALES RELACIONADAS AL ROL DE LA ENTIDAD,10000.00,Compromiso
2026,1028,02,S,248,23/02/2026 00:00:00,10099606831,PAREDES BRAVO RICARDO ARISTIDES,106,CONTRATO MENOR,CM,,SERVICIO ESPECIALIZADO EN PROYECTOS DE INVERSI‡N.,362,18,2.3. 2  9. 1  1,LOCACION DE SERVICIOS REALIZADOS POR PERSONAS NATURALES RELACIONADAS AL ROL DE LA ENTIDAD,16000.00,Compromiso
2026,1028,02,S,249,23/02/2026 00:00:00,10457576426,SONCO QUISPE SANDY HILDA,106,CONTRATO MENOR,CM,,SERVICIO DE GESTI‡N Y SEGUIMIENTO DE ACTIVIDADES ADMINISTRATIVAS.,361,18,2.3. 2  9. 1  1,LOCACION DE SERVICIOS REALIZADOS POR PERSONAS NATURALES RELACIONADAS AL ROL DE LA ENTIDAD,8000.00,Compromiso
2026,1028,02,S,250,23/02/2026 00:00:00,10627436705,FERNANDEZ ARBILDO KEVIN JESUS,106,CONTRATO MENOR,CM,,SERVICIO DE ORGANIZACION DE EVENTOS,364,18,2.3. 2  7. 9 99,OTROS RELACIONADOS A ORGANIZACION DE EVENTOS,15000.00,Compromiso
2026,1028,02,S,251,23/02/2026 00:00:00,10436420434,MORANTE VARGAS HILDA ELIZABETH,106,CONTRATO MENOR,CM,,SERVICIO ESPECIALIZADO EN ASUNTOS LEGALES ADMINISTRATIVOS,365,18,2.3. 2  9. 1  1,LOCACION DE SERVICIOS REALIZADOS POR PERSONAS NATURALES RELACIONADAS AL ROL DE LA ENTIDAD,4500.00,Compromiso
2026,1028,02,S,252,23/02/2026 00:00:00,10736220356,BUSTAMANTE SARAVIA OMAR ANTHONY,106,CONTRATO MENOR,CM,,SERVICIO ESPECIALIZADO EN CONTRATACIONES PÈBLICAS,366,18,2.3. 2  9. 1  1,LOCACION DE SERVICIOS REALIZADOS POR PERSONAS NATURALES RELACIONADAS AL ROL DE LA ENTIDAD,4500.00,Compromiso
2026,1028,02,S,253,23/02/2026 00:00:00,10438224608,SUAREZ SUAREZ JORGE LUIS,106,CONTRATO MENOR,CM,,"SERVICIO ESPECIALIZADO EN PROCESOS LOGISTICOS, PARA LA OFICINA DE AGRICULTURA Y PRODUCCION DE LA GERENCIA REGIONAL DE DESARROLLO ECONOMICO DEL GOBIERNO REGIONAL DEL CALLAO.",369,18,2.3. 2  9. 1  1,LOCACION DE SERVICIOS REALIZADOS POR PERSONAS NATURALES RELACIONADAS AL ROL DE LA ENTIDAD,28000.00,Compromiso
2026,1028,02,S,254,24/02/2026 00:00:00,10061097835,SAAVEDRA SABUCO DORA ROSA,106,CONTRATO MENOR,CM,,SERVICIO ESPECIALIZADO EN CONTROL GUBERNAMENTAL.,381,18,2.3. 2  9. 1  1,LOCACION DE SERVICIOS REALIZADOS POR PERSONAS NATURALES RELACIONADAS AL ROL DE LA ENTIDAD,13000.00,Compromiso
2026,1028,02,S,255,24/02/2026 00:00:00,10400293002,PALACIOS ROMERO CESAR ALBERTO,106,CONTRATO MENOR,CM,,"SERVICIO DE ANµLISIS, CONTROL Y REVISI‡N DE LAS ACTIVIDADES ADMINISTRATIVAS.",380,18,2.3. 2  9. 1  1,LOCACION DE SERVICIOS REALIZADOS POR PERSONAS NATURALES RELACIONADAS AL ROL DE LA ENTIDAD,13000.00,Compromiso
2026,1028,02,S,256,24/02/2026 00:00:00,10437712463,DELGADO BURGA ROMEL,106,CONTRATO MENOR,CM,,SERVICIO DE APOYO ADMINISTRATIVO PARA ACTIVIDAD D CONTROL GUBERNAMENTAL.,379,18,2.3. 2  9. 1  1,LOCACION DE SERVICIOS REALIZADOS POR PERSONAS NATURALES RELACIONADAS AL ROL DE LA ENTIDAD,10200.00,Compromiso
2026,1028,02,S,257,24/02/2026 00:00:00,10056419042,ARENAS FACUNDO KARLA GUILLIANA,106,CONTRATO MENOR,CM,,SERVICIO DE ASISTENCIA DE CONTROL GUBERNAMENTAL.,378,18,2.3. 2  9. 1  1,LOCACION DE SERVICIOS REALIZADOS POR PERSONAS NATURALES RELACIONADAS AL ROL DE LA ENTIDAD,9200.00,Compromiso
2026,1028,02,S,258,24/02/2026 00:00:00,10428580732,HUANCA TORRES EDY ELIAS,106,CONTRATO MENOR,CM,,SERVICIO DE REGISTRO DE INFORMACI‡N EN EL SISTEMA DE CONTROL GUBERNAMENTAL.,377,18,2.3. 2  9. 1  1,LOCACION DE SERVICIOS REALIZADOS POR PERSONAS NATURALES RELACIONADAS AL ROL DE LA ENTIDAD,14000.00,Compromiso
2026,1028,02,S,259,24/02/2026 00:00:00,10724060752,ORTIZ HUAMAN ROMEL DANIEL,106,CONTRATO MENOR,CM,,SERVICIO DE AUDITOR÷A GUBERNAMENTAL.,376,18,2.3. 2  9. 1  1,LOCACION DE SERVICIOS REALIZADOS POR PERSONAS NATURALES RELACIONADAS AL ROL DE LA ENTIDAD,13000.00,Compromiso
2026,1028,02,S,260,24/02/2026 00:00:00,10066996463,BELLIDO REYNA FERNANDO,106,CONTRATO MENOR,CM,,SERVICIO SERVICIO DE ASESORIA LEGAL PROFESIONAL ABOGADO PARA LA OFICINA DE MAQUINARIA PESADA DE LA GERENCIA REGIONAL DE INFRAESTRUCTURA DEL GOBIERNO REGIONAL DEL CALLAO,385,18,2.3. 2  9. 1  1,LOCACION DE SERVICIOS REALIZADOS POR PERSONAS NATURALES RELACIONADAS AL ROL DE LA ENTIDAD,11000.00,Compromiso
2026,1028,02,S,261,24/02/2026 00:00:00,10336631691,TORRES CABANILLAS EWUAR GEISER,106,CONTRATO MENOR,CM,,SERVICIO ESPECIALIZADO EN INGENIERIA MECANICA ELECTRICA PARA LA OFICINA DE MAQUINARIA PESADA DE LA GERENCIA REGIONAL DE INFRAESTRUCTURA DEL GOBIERNO REGIONAL DEL CALLAO.,386,18,2.3. 2  9. 1  1,LOCACION DE SERVICIOS REALIZADOS POR PERSONAS NATURALES RELACIONADAS AL ROL DE LA ENTIDAD,6000.00,Compromiso
2026,1028,02,S,262,24/02/2026 00:00:00,10257097256,LAVADO CANCAN NOEMI MIRTZA,106,CONTRATO MENOR,CM,,SERVICIO ESPECIALIZADO EN PROCESOS ADMINISTRATIVOS PARA LA OFICINA DE MAQUINARIA PESADA DE LA GERENCIA REGIONAL DE INFRAESTRUCTURA DEL GOBIERNO REGIONAL DEL CALLAO,387,18,2.3. 2  9. 1  1,LOCACION DE SERVICIOS REALIZADOS POR PERSONAS NATURALES RELACIONADAS AL ROL DE LA ENTIDAD,10000.00,Compromiso
2026,1028,02,S,263,24/02/2026 00:00:00,10460129058,GUERRA CHAMBERS LUIS ENRIQUE,106,CONTRATO MENOR,CM,,SERVICIO ESPECIALIZADO EN CONTROL PATRIMONIAL PARA LA OFICINA DE MAQUINARIA PESADA DE LA GERENCIA REGIONAL DE INFRAESTRUCTURA DEL GOBIERNO REGIONAL DEL CALLAO.,388,18,2.3. 2  9. 1  1,LOCACION DE SERVICIOS REALIZADOS POR PERSONAS NATURALES RELACIONADAS AL ROL DE LA ENTIDAD,10000.00,Compromiso
2026,1028,02,S,264,24/02/2026 00:00:00,10079766416,ESPINOZA REYES YERSON MIULER,106,CONTRATO MENOR,CM,,SERVICIO ADMINISTRATIVO CONTABLE PARA LA OFICINA DE MAQUINARIA PESADA DE LA GERENCIA REGIONAL DE INFRAESTRUCTURA DEL GOBIERNO REGIONAL DEL CALLAO.,389,18,2.3. 2  9. 1  1,LOCACION DE SERVICIOS REALIZADOS POR PERSONAS NATURALES RELACIONADAS AL ROL DE LA ENTIDAD,11000.00,Compromiso
2026,1028,02,S,265,24/02/2026 00:00:00,10099981526,RIVERA FIGUEROA JORGE ALBERTO RAMON,106,CONTRATO MENOR,CM,,SERVICIO ESPECIALIZADO EN INGENIERIA MECANICA ELECTRICA PARA LA OFICINA DE MAQUINARIA PESADA DE LA GERENCIA REGIONAL DE INFRAESTRUCTURA DEL GOBIERNO REGIONAL DEL CALLAO.,390,18,2.3. 2  9. 1  1,LOCACION DE SERVICIOS REALIZADOS POR PERSONAS NATURALES RELACIONADAS AL ROL DE LA ENTIDAD,8000.00,Compromiso
2026,1028,02,S,266,24/02/2026 00:00:00,10099523650,VASQUEZ NEYRA JOSE ANTONIO,106,CONTRATO MENOR,CM,,SERVICIO ESPECIALIZADO EN PROCESOS ADMINISTRATIVOS PARA LA OFICINA DE MAQUINARIA PESADA DE LA GERENCIA REGIONAL DE INFRAESTRUCTURA DEL GOBIERNO REGIONAL DEL CALLAO.,391,18,2.3. 2  9. 1  1,LOCACION DE SERVICIOS REALIZADOS POR PERSONAS NATURALES RELACIONADAS AL ROL DE LA ENTIDAD,11000.00,Compromiso
2026,1028,02,S,267,24/02/2026 00:00:00,10255711038,CAMPOS ORME•O LUIS WALBERTO,106,CONTRATO MENOR,CM,,SERVICIO DE OPERACION DE MAQUINARIA PESADA I PARA LA OFICINA DE MAQUINARIA PESADA DE LA GERENCIA REGIONAL DE INFRAESTRUCTURA DEL GOBIERNO REGIONAL DEL CALLAO.,392,18,2.3. 2  9. 1  1,LOCACION DE SERVICIOS REALIZADOS POR PERSONAS NATURALES RELACIONADAS AL ROL DE LA ENTIDAD,4000.00,Compromiso
2026,1028,02,S,268,24/02/2026 00:00:00,10236632003,CASTILLO FLORES ALEJANDRO,106,CONTRATO MENOR,CM,,SERVICIO DE OPERACION DE MAQUINARIA PESADA II PARA LA OFICINA DE MAQUINARIA PESADA DE LA GERENCIA REGIONAL DE INFRAESTRUCTURA DEL GOBIERNO REGIONAL DEL CALLAO.,393,18,2.3. 2  9. 1  1,LOCACION DE SERVICIOS REALIZADOS POR PERSONAS NATURALES RELACIONADAS AL ROL DE LA ENTIDAD,4000.00,Compromiso
2026,1028,02,S,269,24/02/2026 00:00:00,10402696341,GARCIA EGOAVIL ULISES MARIO,106,CONTRATO MENOR,CM,,SERVICIO DE OPERACION DE MAQUINARIA PESADA III PARA LA OFICINA DE MAQUINARIA PESADA DE LA GERENCIA REGIONAL DE INFRAESTRUCTURA DEL GOBIERNO REGIONAL DEL CALLAO.,394,18,2.3. 2  9. 1  1,LOCACION DE SERVICIOS REALIZADOS POR PERSONAS NATURALES RELACIONADAS AL ROL DE LA ENTIDAD,4400.00,Compromiso
2026,1028,02,S,270,24/02/2026 00:00:00,10094408704,PACHECO MOSCOSO ANGEL MIGUEL,106,CONTRATO MENOR,CM,,SERVICIO DE OPERACION DE MAQUINARIA PESADA ? VOLQUETE PARA LA OFICINA DE MAQUINARIA PESADA DE LA GERENCIA REGIONAL DE INFRAESTRUCTURA DELGOBIERNO REGIONAL DEL CALLAO,395,18,2.3. 2  9. 1  1,LOCACION DE SERVICIOS REALIZADOS POR PERSONAS NATURALES RELACIONADAS AL ROL DE LA ENTIDAD,4000.00,Compromiso
2026,1028,02,S,271,24/02/2026 00:00:00,10257028157,CUADROS CARPIO REYNALDO ROGER,106,CONTRATO MENOR,CM,,SERVICIO DE OPERACION DE MAQUINARIA PESADA - CAMION CISTERNA PARA LA OFICINA DE MAQUINARIA PESADA DE LA GERENCIA REGIONAL DE INFRAESTRUCTURA DEL GOBIERNO REGIONAL DEL CALLAO,396,18,2.3. 2  9. 1  1,LOCACION DE SERVICIOS REALIZADOS POR PERSONAS NATURALES RELACIONADAS AL ROL DE LA ENTIDAD,4000.00,Compromiso
2026,1028,02,S,272,24/02/2026 00:00:00,10416702735,JAUREGUI ALCARRAZ LIZANDRO,106,CONTRATO MENOR,CM,,SERVICIO DE OPERACION DE MAQUINARIA PESADA - RODILLO VIBRATORIO Y CAMION CISTERNA PARA LA OFICINA DE MAQUINARIA PESADA DE LA GERENCIA REGIONAL DE INFRAESTRUCTURA DEL GOBIERNO REGIONAL DEL CALLAO,397,18,2.3. 2  9. 1  1,LOCACION DE SERVICIOS REALIZADOS POR PERSONAS NATURALES RELACIONADAS AL ROL DE LA ENTIDAD,4000.00,Compromiso
2026,1028,02,S,273,24/02/2026 00:00:00,10108131492,LOPEZ ALCAHUAMAN YURI JAIME,106,CONTRATO MENOR,CM,,SERVICIO DE OPERACION DE MAQUINARIA PESADA IV PARA LA UNIDAD DE OPERACIONES DE LA OFICINA DE MAQUINARIA PESADA DE LA GERENCIA REGIONAL DE INFRAESTRUCTURA DEL GOBIERNO REGIONAL DEL CALLAO,398,18,2.3. 2  9. 1  1,LOCACION DE SERVICIOS REALIZADOS POR PERSONAS NATURALES RELACIONADAS AL ROL DE LA ENTIDAD,6000.00,Compromiso
2026,1028,02,S,274,24/02/2026 00:00:00,10256985492,BOSKOVICH BARRETO WILLY RICHARD,106,CONTRATO MENOR,CM,,SERVICIO DE SEGUIMIENTO DE OPERACIONES II PARA LA OFICINA DE MAQUINARIA PESADA DE LA GERENCIA REGIONAL DE INFRAESTRUCTURA DEL GOBIERNO REGIONAL DEL CALLAO,399,18,2.3. 2  9. 1  1,LOCACION DE SERVICIOS REALIZADOS POR PERSONAS NATURALES RELACIONADAS AL ROL DE LA ENTIDAD,6000.00,Compromiso
2026,1028,02,S,275,24/02/2026 00:00:00,10254802641,ARICA GUTIERREZ CARLOS ALBERTO,106,CONTRATO MENOR,CM,,SERVICIO DE SEGUIMIENTO DE OPERACIONES I PARA LA UNIDAD DE OPERACIONES DE LA OFICINA DE MAQUINARIA PESADA DE LA GERENCIA REGIONAL DE INFRAESTRUCTURA DEL GOBIERNO REGIONAL DEL CALLAO.,400,18,2.3. 2  9. 1  1,LOCACION DE SERVICIOS REALIZADOS POR PERSONAS NATURALES RELACIONADAS AL ROL DE LA ENTIDAD,3000.00,Compromiso
2026,1028,02,S,276,24/02/2026 00:00:00,10422489938,JAUREGUI ALCARRAZ HERIBERTO,106,CONTRATO MENOR,CM,,SERVICIO DE SEGUIMIENTO DE OPERACIONES III PARA LA OFICINA DE MAQUINARIA PESADA DE LA GERENCIA REGIONAL DE INFRAESTRUCTURA DEL GOBIERNO REGIONAL DEL CALLAO,401,18,2.3. 2  9. 1  1,LOCACION DE SERVICIOS REALIZADOS POR PERSONAS NATURALES RELACIONADAS AL ROL DE LA ENTIDAD,4000.00,Compromiso
2026,1028,02,S,277,24/02/2026 00:00:00,10404376522,GONZALES RAVELLO CARLOS DANIEL,106,CONTRATO MENOR,CM,,SERVICIO DE SEGUIMIENTO DE OPERACIONES II PARA LA UNIDAD DE OPERACIONES DE LA OFICINA DE MAQUINARIA PESADA DE LA GERENCIA REGIONAL DE INFRAESTRUCTURA DEL GOBIERNO REGIONAL DEL CALLAO.,402,18,2.3. 2  9. 1  1,LOCACION DE SERVICIOS REALIZADOS POR PERSONAS NATURALES RELACIONADAS AL ROL DE LA ENTIDAD,3400.00,Compromiso
2026,1028,02,S,278,24/02/2026 00:00:00,10256989064,MEZA HUAYANAY GUILLERMO ELIAS,106,CONTRATO MENOR,CM,,SERVICIO DE SEGUIMIENTO DE OPERACIONES III PARA LA UNIDAD DE OPERACIONES DE LA OFICINA DE MAQUINARIA PESADA DE LA GERENCIA REGIONAL DE INFRAESTRUCTURA DEL GOBIERNO REGIONAL DEL CALLAO.,403,18,2.3. 2  9. 1  1,LOCACION DE SERVICIOS REALIZADOS POR PERSONAS NATURALES RELACIONADAS AL ROL DE LA ENTIDAD,3600.00,Compromiso
2026,1028,02,S,279,24/02/2026 00:00:00,10102255076,SANCHEZ ESPINOZA NOE CESAR,106,CONTRATO MENOR,CM,,SERVICIO DE SEGUIMIENTO DE OPERACIONES IV PARA LA UNIDAD DE OPERACIONES DE LA OFICINA DE MAQUINARIA PESADA DE LA GERENCIA REGIONAL DE INFRAESTRUCTURA DEL GOBIERNO REGIONAL DEL CALLAO.,404,18,2.3. 2  9. 1  1,LOCACION DE SERVICIOS REALIZADOS POR PERSONAS NATURALES RELACIONADAS AL ROL DE LA ENTIDAD,3600.00,Compromiso
2026,1028,02,S,280,24/02/2026 00:00:00,10254421753,VILLANUEVA NEYRA MANUEL,106,CONTRATO MENOR,CM,,SERVICIO DESEGUIMIENTO DE OPERACIONES IV PARA LA OFICINA DE MAQUINARIA PESADA DE LA GERENCIA REGIONAL DE INFRAESTRUCTURA DEL GOBIERNO REGIONAL DEL CALLAO.,405,18,2.3. 2  9. 1  1,LOCACION DE SERVICIOS REALIZADOS POR PERSONAS NATURALES RELACIONADAS AL ROL DE LA ENTIDAD,4000.00,Compromiso
2026,1028,02,S,281,24/02/2026 00:00:00,10255740275,BALAREZO GIL BENITO ROMAN,106,CONTRATO MENOR,CM,,SERVICIO DE ORDENAMIENTO DE LOS BIENES DE ALMACEN II DE LA OFICINA DE MAQUINARIA PESADA DE LA GERENCIA REGIONAL DE INFRAESTRUCTURA DEL GOBIERNO REGIONAL DEL CALLAO.,406,18,2.3. 2  9. 1  1,LOCACION DE SERVICIOS REALIZADOS POR PERSONAS NATURALES RELACIONADAS AL ROL DE LA ENTIDAD,3600.00,Compromiso
2026,1028,02,S,282,24/02/2026 00:00:00,10255745960,RUA OLIVARES ELIAS JULIAN,106,CONTRATO MENOR,CM,,SERVICIO DE ORDENAMIENTO DE LOS BIENES DE ALMACEN I DE LA OFICINA DE MAQUINARIA PESADA DE LA GERENCIA REGIONAL DE INFRAESTRUCTURA DEL GOBIERNO REGIONAL DEL CALLAO.,407,18,2.3. 2  9. 1  1,LOCACION DE SERVICIOS REALIZADOS POR PERSONAS NATURALES RELACIONADAS AL ROL DE LA ENTIDAD,5000.00,Compromiso
2026,1028,02,S,283,24/02/2026 00:00:00,10080743438,CHAVEZ CORDERO VICTOR HUGO,106,CONTRATO MENOR,CM,,SERVICIO EN AUXILIAR DE MANTENIMIENTO I - LLANTERIA PARA LA OFICINA DE MAQUINARIA PESADA DE LA GERENCIA REGIONAL DE INFRAESTRUCTURA DEL GOBIERNO REGIONAL DEL CALLAO.,408,18,2.3. 2  9. 1  1,LOCACION DE SERVICIOS REALIZADOS POR PERSONAS NATURALES RELACIONADAS AL ROL DE LA ENTIDAD,5000.00,Compromiso
2026,1028,02,S,284,24/02/2026 00:00:00,10107325684,CUEVA MINA ROMUALDO,106,CONTRATO MENOR,CM,,SERVICIO DE AUXILIAR EN MANTENIMIENTO ? ELECTRICIDAD PARA LA UNIDAD DE MANTENIMIENTO DE LA OFICINA DE MAQUINARIA PESADA DE LA GERENCIA REGIONAL DE INFRAESTRUCTURA DEL GOBIERNO REGIONAL DEL CALLAO.,409,18,2.3. 2  9. 1  1,LOCACION DE SERVICIOS REALIZADOS POR PERSONAS NATURALES RELACIONADAS AL ROL DE LA ENTIDAD,3000.00,Compromiso
2026,1028,02,S,285,24/02/2026 00:00:00,10293518772,CUTIPA HUAYTA LUIS PERCY,106,CONTRATO MENOR,CM,,SERVICIO DE AUXILIO MECANICO AUTOMOTOR PARA LA OFICINA DE MAQUINARIA PESADA DE LA GERENCIA REGIONAL DE INFRAESTRUCTURA DEL GOBIERNO REGIONAL DEL CALLAO,410,18,2.3. 2  9. 1  1,LOCACION DE SERVICIOS REALIZADOS POR PERSONAS NATURALES RELACIONADAS AL ROL DE LA ENTIDAD,4000.00,Compromiso
2026,1028,02,S,286,24/02/2026 00:00:00,10257654813,QUINTANA CARRASCO CARLOS EDUARDO,106,CONTRATO MENOR,CM,,SERVICIO ESPECIALIZADO EN MECANICA PARA LA OFICINA DE MAQUINARIA PESADA DE LA GERENCIA REGIONAL DE INFRAESTRUCTURA DEL GOBIERNO REGIONAL DEL CALLAO.,411,18,2.3. 2  9. 1  1,LOCACION DE SERVICIOS REALIZADOS POR PERSONAS NATURALES RELACIONADAS AL ROL DE LA ENTIDAD,4000.00,Compromiso
2026,1028,02,S,287,24/02/2026 00:00:00,10159423765,OROZCO QUISPE JUAN TIMOTEO,106,CONTRATO MENOR,CM,,"SERVICIO DE AUXILIAR EN MANTENIMIENTO II ? LLANTERIA, PARA LA OFICINA DE MAQUINARIA PESADA DE LA GERENCIA REGIONAL DE INFRAESTRUCTURA DEL GOBIERNO REGIONAL DEL CALLAO.",412,18,2.3. 2  9. 1  1,LOCACION DE SERVICIOS REALIZADOS POR PERSONAS NATURALES RELACIONADAS AL ROL DE LA ENTIDAD,3600.00,Compromiso
2026,1028,02,S,288,24/02/2026 00:00:00,10462407144,VASQUEZ HERNANDEZ LUIS ORLANDO,106,CONTRATO MENOR,CM,,"SERVICIO DE COORDINACI‡N DE PROYECTOS DE INVERSI‡N  PARA LA GERENCIA REGIONAL DE EDUCACION, CULTURA",413,18,2.3. 2  9. 1  1,LOCACION DE SERVICIOS REALIZADOS POR PERSONAS NATURALES RELACIONADAS AL ROL DE LA ENTIDAD,36000.00,Compromiso
2026,1028,02,S,289,24/02/2026 00:00:00,10746007278,HURTADO PARDO LECHCOP,106,CONTRATO MENOR,CM,,"SERVICIO DE COORDINACI‡N, SEGUIMIENTO Y MONITOREO DE PROYECTO DE INVERSI‡N  PARA LA GERENCIA REGIONA",414,18,2.3. 2  9. 1  1,LOCACION DE SERVICIOS REALIZADOS POR PERSONAS NATURALES RELACIONADAS AL ROL DE LA ENTIDAD,36000.00,Compromiso
2026,1028,02,S,290,24/02/2026 00:00:00,10764755915,HUINCHO ORTEGA KATERIN MARIELA,106,CONTRATO MENOR,CM,,"SERVICIO ESPECIALIZADO EN CONTRATACIONES PUBLICAS PARA LA GERENCIA REGIONAL DE EDUCACI‡N, CULTURA",415,18,2.3. 2  9. 1  1,LOCACION DE SERVICIOS REALIZADOS POR PERSONAS NATURALES RELACIONADAS AL ROL DE LA ENTIDAD,36000.00,Compromiso
2026,1028,02,S,291,24/02/2026 00:00:00,10729301961,REBOSIO AGUILAR KEVIN JESUS ALEX,106,CONTRATO MENOR,CM,,SERVICIO DE GESTI‡N ADMINISTRATIVA PARA LA GERENCIA DE ASESOR÷A JUR÷DICA PARA EL GRC,383,18,2.3. 2  9. 1  1,LOCACION DE SERVICIOS REALIZADOS POR PERSONAS NATURALES RELACIONADAS AL ROL DE LA ENTIDAD,10000.00,Compromiso
2026,1028,02,S,292,24/02/2026 00:00:00,10450193718,GONGORA VALQUI ROSA MARBELI,106,CONTRATO MENOR,CM,,SERVICIO ESPECIALIZADO EN MATERIA LEGAL EN GESTI‡N PÈBLICA PARA LA GERENCIA DE ASESORIA JURIDICA DE LA GRC,384,18,2.3. 2  9. 1  1,LOCACION DE SERVICIOS REALIZADOS POR PERSONAS NATURALES RELACIONADAS AL ROL DE LA ENTIDAD,20000.00,Compromiso
2026,1028,02,S,293,24/02/2026 00:00:00,10097193024,FARFAN FLORIAN ZULLY ANTONIA,106,CONTRATO MENOR,CM,,SERVICIO DE ASISTENCIA ADMINISTRATIVA III PARA EL POOL DE VEHICULOS DE LA UNIDAD DE SERVICIOS,418,18,2.3. 2  9. 1  1,LOCACION DE SERVICIOS REALIZADOS POR PERSONAS NATURALES RELACIONADAS AL ROL DE LA ENTIDAD,6400.00,Compromiso
2026,1028,02,S,294,24/02/2026 00:00:00,10258169072,VILLALOBOS SAMPEN DANIEL JESUS,106,CONTRATO MENOR,CM,,SERVICIO DE GESTI‡N ADMINISTRATIVA PARA LA UNIDAD DE SERVICIOS GENERALES Y VEHICULOS LIVIANOS,419,18,2.3. 2  9. 1  1,LOCACION DE SERVICIOS REALIZADOS POR PERSONAS NATURALES RELACIONADAS AL ROL DE LA ENTIDAD,16000.00,Compromiso
2026,1028,02,S,295,24/02/2026 00:00:00,10258664171,TISNADO CHOQUE LOURDES LEONILDA,106,CONTRATO MENOR,CM,,"SERVICIO DE ASISTENCIA TECNICAˇADMINISTRATIVA PARA LA COMISI‡N DE EDUCACION, CULTURA Y DEPORTE",421,18,2.3. 2  9. 1  1,LOCACION DE SERVICIOS REALIZADOS POR PERSONAS NATURALES RELACIONADAS AL ROL DE LA ENTIDAD,7000.00,Compromiso
2026,1028,02,S,296,24/02/2026 00:00:00,10181118631,BLAS FLORIAN CESAR EDMUNDO,106,CONTRATO MENOR,CM,,SERVICIO ESPECIALIZADO EN CONTROL Y GESTION DE PROCESOS OPERATIVOS ADMINISTRATIVOS PARA LA COMISI‡N,422,18,2.3. 2  9. 1  1,LOCACION DE SERVICIOS REALIZADOS POR PERSONAS NATURALES RELACIONADAS AL ROL DE LA ENTIDAD,14000.00,Compromiso
2026,1028,02,S,297,24/02/2026 00:00:00,10425016224,BELAHONIA CAMPOS JOSE LUIS,106,CONTRATO MENOR,CM,,SERVICIO DE ASISTENCIA TECNICA EN GESTION DE PROCESOS ADMINISTRATIVOS PARA LA COMISI‡N DE EDUCACION,423,18,2.3. 2  9. 1  1,LOCACION DE SERVICIOS REALIZADOS POR PERSONAS NATURALES RELACIONADAS AL ROL DE LA ENTIDAD,10000.00,Compromiso
2026,1028,02,S,298,24/02/2026 00:00:00,10435254719,MEJIA PALOMINO RAQUEL MARIA,106,CONTRATO MENOR,CM,,SERVICIO DE SEGUIMIENTO Y ASISTENCIA DE ACTIVIDADES ADMINISTRATIVAS PARA LA COMISI‡N DE EDUCACION,424,18,2.3. 2  9. 1  1,LOCACION DE SERVICIOS REALIZADOS POR PERSONAS NATURALES RELACIONADAS AL ROL DE LA ENTIDAD,5000.00,Compromiso
2026,1028,02,S,299,24/02/2026 00:00:00,10258072478,CERNA ALCARRAZ RAFAEL RODOLFO,106,CONTRATO MENOR,CM,,"SERVICIO DE AUXILIAR ADMINISTRATIVO PARA LA COMISI‡N DE EDUCACION, CULTURA Y DEPORTE DEL CONSEJO REG",425,18,2.3. 2  9. 1  1,LOCACION DE SERVICIOS REALIZADOS POR PERSONAS NATURALES RELACIONADAS AL ROL DE LA ENTIDAD,6000.00,Compromiso
2026,1028,02,S,300,24/02/2026 00:00:00,10722551392,NU•EZ GUEVARA JHAN FRANCO,106,CONTRATO MENOR,CM,,SERVICIO DE COORDINACI‡N EN ACTIVIDADES DE PROMOCI‡N Y DIFUSI‡N PARA LA COMISI‡N DE EDUCACION,426,18,2.3. 2  9. 1  1,LOCACION DE SERVICIOS REALIZADOS POR PERSONAS NATURALES RELACIONADAS AL ROL DE LA ENTIDAD,4000.00,Compromiso
2026,1028,02,S,301,24/02/2026 00:00:00,10476388096,PONCE AUCAYAURI ELIZABETH DELIA,106,CONTRATO MENOR,CM,,"SERVICIO DE RECEPCION, REGISTRO Y ORGANIZACI‡N DE DOCUMENTOS PARA LA COMISI‡N DE EDUCACION",427,18,2.3. 2  9. 1  1,LOCACION DE SERVICIOS REALIZADOS POR PERSONAS NATURALES RELACIONADAS AL ROL DE LA ENTIDAD,4000.00,Compromiso
2026,1028,02,S,302,24/02/2026 00:00:00,10100557962,RICRA UMERES WILFREDO,106,CONTRATO MENOR,CM,,SERVICIO DE COORDINACION DE PROYECTOS DE INVERSION PARA LA UNIDAD EJECUTORA DE INVERSIONES DE LA GERENCIA REGIONAL DE DEFENSA CIVIL Y SEGURIDAD CIUDADANA,444,18,2.3. 2  9. 1  1,LOCACION DE SERVICIOS REALIZADOS POR PERSONAS NATURALES RELACIONADAS AL ROL DE LA ENTIDAD,14000.00,Compromiso
2026,1028,02,S,303,24/02/2026 00:00:00,10466809140,SANCHEZ SIPAN SUSAN SELENE,106,CONTRATO MENOR,CM,,SERVICIO DE ASISTENCIA ADMINISTRATIVA PARA LA GESTI‡N DE SERVICIOS Y TRµMITE DE DOCUMENTACI‡N I,428,18,2.3. 2  9. 1  1,LOCACION DE SERVICIOS REALIZADOS POR PERSONAS NATURALES RELACIONADAS AL ROL DE LA ENTIDAD,10000.00,Compromiso
2026,1028,02,S,304,24/02/2026 00:00:00,10258343161,CAMARGO CARDENAS CLORINDA,106,CONTRATO MENOR,CM,,SERVICIO DE ASISTENCIA TECNICA ADMINISTRATIVA I,429,18,2.3. 2  9. 1  1,LOCACION DE SERVICIOS REALIZADOS POR PERSONAS NATURALES RELACIONADAS AL ROL DE LA ENTIDAD,3500.00,Compromiso
2026,1028,02,S,305,24/02/2026 00:00:00,10462435334,MARTINEZ BACA ABRAHAM KEVIN,106,CONTRATO MENOR,CM,,SERVICIO DE ASISTENCIA TECNICA ADMINISTRATIVA II,430,18,2.3. 2  9. 1  1,LOCACION DE SERVICIOS REALIZADOS POR PERSONAS NATURALES RELACIONADAS AL ROL DE LA ENTIDAD,7000.00,Compromiso
2026,1028,02,S,306,24/02/2026 00:00:00,10255672741,MANTILLA BROWN MIGUEL SANTIAGO,106,CONTRATO MENOR,CM,,SERVICIO DE ASISTENCIA EN SERVICIOS GENERALES,431,18,2.3. 2  9. 1  1,LOCACION DE SERVICIOS REALIZADOS POR PERSONAS NATURALES RELACIONADAS AL ROL DE LA ENTIDAD,6000.00,Compromiso
2026,1028,02,S,307,24/02/2026 00:00:00,10430430942,ECHEVARRIA NATIVIDAD ALAN JESUS,106,CONTRATO MENOR,CM,,SERVICIO DE AUXILIAR EN MANTENIMIENTO I,432,18,2.3. 2  9. 1  1,LOCACION DE SERVICIOS REALIZADOS POR PERSONAS NATURALES RELACIONADAS AL ROL DE LA ENTIDAD,6000.00,Compromiso
2026,1028,02,S,308,24/02/2026 00:00:00,10762084738,CASTRO POLO ANGELES DIANA,106,CONTRATO MENOR,CM,,SERVICIO DE GESTI‡N ADMINISTRATIVA,433,18,2.3. 2  9. 1  1,LOCACION DE SERVICIOS REALIZADOS POR PERSONAS NATURALES RELACIONADAS AL ROL DE LA ENTIDAD,6000.00,Compromiso
2026,1028,02,S,309,24/02/2026 00:00:00,10437673298,PORTOCARRERO ROMAN PABLO ERNESTO,106,CONTRATO MENOR,CM,,SERVICIO DE MONITOREO DE SERVICIOS GENERALES,434,18,2.3. 2  9. 1  1,LOCACION DE SERVICIOS REALIZADOS POR PERSONAS NATURALES RELACIONADAS AL ROL DE LA ENTIDAD,6000.00,Compromiso
2026,1028,02,S,310,24/02/2026 00:00:00,10742919540,SABALU CORNEJO EDGAR EMIR,106,CONTRATO MENOR,CM,,SERVICIO  DE OPERARIOS,435,18,2.3. 2  9. 1  1,LOCACION DE SERVICIOS REALIZADOS POR PERSONAS NATURALES RELACIONADAS AL ROL DE LA ENTIDAD,6000.00,Compromiso
2026,1028,02,S,311,24/02/2026 00:00:00,10714254273,PINEDO ROMERO WALTER EDUARDO,106,CONTRATO MENOR,CM,,"SERVICIO DE PERSONAL ASISTENCIAL, ADMINISTRATIVO Y DE MANTENIMIENTO",436,18,2.3. 2  9. 1  1,LOCACION DE SERVICIOS REALIZADOS POR PERSONAS NATURALES RELACIONADAS AL ROL DE LA ENTIDAD,6000.00,Compromiso
2026,1028,02,S,312,24/02/2026 00:00:00,10608103584,PACHECO REBATTA AARON LEONARDO,106,CONTRATO MENOR,CM,,SERVICIO DE PINTADO DE MUROS,437,18,2.3. 2  9. 1  1,LOCACION DE SERVICIOS REALIZADOS POR PERSONAS NATURALES RELACIONADAS AL ROL DE LA ENTIDAD,6000.00,Compromiso
2026,1028,02,S,313,24/02/2026 00:00:00,10447982426,MARTINEZ ACU•A WALTER RAUL,106,CONTRATO MENOR,CM,,SERVICIO DE SEGUIMIENTO Y CONTROL DE ACTIVIDADES ADMINISTRATIVAS,438,18,2.3. 2  9. 1  1,LOCACION DE SERVICIOS REALIZADOS POR PERSONAS NATURALES RELACIONADAS AL ROL DE LA ENTIDAD,4000.00,Compromiso
2026,1028,02,S,314,24/02/2026 00:00:00,10455449893,GOMEZ OCHOA MARTIN ANDRES,106,CONTRATO MENOR,CM,,SERVICIO DE SEGUIMIENTO Y MONITOREO DE SERVICIOS GENERALES,439,18,2.3. 2  9. 1  1,LOCACION DE SERVICIOS REALIZADOS POR PERSONAS NATURALES RELACIONADAS AL ROL DE LA ENTIDAD,8000.00,Compromiso
2026,1028,02,S,315,24/02/2026 00:00:00,10736480609,"SANCHEZ FLORES JIMMY RUSSBEL",106,CONTRATO MENOR,CM,,SERVICIO ESPECIALIZADO EN GESTI‡N DE MANTENIMIENTO,440,18,2.3. 2  9. 1  1,LOCACION DE SERVICIOS REALIZADOS POR PERSONAS NATURALES RELACIONADAS AL ROL DE LA ENTIDAD,6000.00,Compromiso
2026,1028,02,S,316,24/02/2026 00:00:00,10774206774,SANTA CRUZ PRADO CHRISTIAN MAYKOL,106,CONTRATO MENOR,CM,,SERVICIO ESPECIALIZADO EN INSTALACIONES ELECTRICAS - OPERARIO,441,18,2.3. 2  9. 1  1,LOCACION DE SERVICIOS REALIZADOS POR PERSONAS NATURALES RELACIONADAS AL ROL DE LA ENTIDAD,6000.00,Compromiso
2026,1028,02,S,317,24/02/2026 00:00:00,10457146332,PE•A RIOS JEFFERSON JHONATAN,106,CONTRATO MENOR,CM,,SERVICIO DE COORDINACI‡N EN LOG÷STICA PARA CONTRATACIONES MENORES,442,18,2.3. 2  9. 1  1,LOCACION DE SERVICIOS REALIZADOS POR PERSONAS NATURALES RELACIONADAS AL ROL DE LA ENTIDAD,10000.00,Compromiso
2026,1028,02,S,318,25/02/2026 00:00:00,10466988907,CRUZ RUPAY KARLA VIOLETA,106,CONTRATO MENOR,CM,,SERVICIO ESPECIALIZADO EN ADMINISTRACI‡N PARA LA UNIDAD FUNCIONAL DE INTEGRIDAD INSTITUCIONAL DE LA GERENCIA GENERAL REGIONAL DEL GOBIERNO REGIONAL DEL CALLAO,445,18,2.3. 2  9. 1  1,LOCACION DE SERVICIOS REALIZADOS POR PERSONAS NATURALES RELACIONADAS AL ROL DE LA ENTIDAD,10000.00,Compromiso
2026,1028,02,S,319,25/02/2026 00:00:00,10455866079,SANCHEZ CAMPOS KRYSTEL ELENA,106,CONTRATO MENOR,CM,,SERVICIO ESPECIALIZADO EN CONTROL INTERNO PARA LA UNIDAD FUNCIONAL DE INTEGRIDAD INSTITUCIONAL DE LA GERENCIA GENERAL REGIONAL DEL GOBIERNO REGIONAL DEL CALLAO,446,18,2.3. 2  9. 1  1,LOCACION DE SERVICIOS REALIZADOS POR PERSONAS NATURALES RELACIONADAS AL ROL DE LA ENTIDAD,14000.00,Compromiso
2026,1028,02,S,320,25/02/2026 00:00:00,10099628079,PACHAS SAENZ LUIS ENRIQUE,106,CONTRATO MENOR,CM,,SERVICIO DE CONTROL Y REVISION DE EXPEDIENTES DE CONTRATACIONES DE BIENES Y SERVICIOS,474,18,2.3. 2  9. 1  1,LOCACION DE SERVICIOS REALIZADOS POR PERSONAS NATURALES RELACIONADAS AL ROL DE LA ENTIDAD,4000.00,Compromiso
2026,1028,02,S,321,25/02/2026 00:00:00,10416766547,HEBER MISAEL CASTA•EDA ALFARO,106,CONTRATO MENOR,CM,,SERVICIO DE SEGUIMIENTO DE DOCUMENTOS ADMINISTRATIVOS,475,18,2.3. 2  9. 1  1,LOCACION DE SERVICIOS REALIZADOS POR PERSONAS NATURALES RELACIONADAS AL ROL DE LA ENTIDAD,3000.00,Compromiso
2026,1028,02,S,322,25/02/2026 00:00:00,10720134697,ORE ATAUCUSI MAYKOL BRAYAM,106,CONTRATO MENOR,CM,,SERVICIO DE CONTROL Y REVISION DE EXPEDIENTES DE CONTRATACIONES DE BIENES Y SERVICIOS VII,476,18,2.3. 2  9. 1  1,LOCACION DE SERVICIOS REALIZADOS POR PERSONAS NATURALES RELACIONADAS AL ROL DE LA ENTIDAD,2000.00,Compromiso
2026,1028,02,S,323,25/02/2026 00:00:00,10459612748,MUSAYON BRAVO LIZBETH ANGIE,106,CONTRATO MENOR,CM,,SERVICIO ESPECIALIZADO EN MATERIA LEGAL PARA LA COMISION DE DESARROLLO ECONOMICO DEL CONSEJO REGIONA,447,18,2.3. 2  9. 1  1,LOCACION DE SERVICIOS REALIZADOS POR PERSONAS NATURALES RELACIONADAS AL ROL DE LA ENTIDAD,16000.00,Compromiso
2026,1028,02,S,324,25/02/2026 00:00:00,10456718065,LIMAS CARTY LUZ EUGENIA,106,CONTRATO MENOR,CM,,SERVICIO ESPECIALIZADO EN TEMAS DE DERECHO PARA LA COMISION DE DESARROLLO ECONOMICO DEL CONSEJO,448,18,2.3. 2  9. 1  1,LOCACION DE SERVICIOS REALIZADOS POR PERSONAS NATURALES RELACIONADAS AL ROL DE LA ENTIDAD,10000.00,Compromiso
2026,1028,02,S,325,25/02/2026 00:00:00,10453237660,ANGULO PALACIOS IRVIN ALEXANDER,106,CONTRATO MENOR,CM,,SERVICIO DE ASISTENCIA TECNICA LEGAL PARA LA COMISION DE DESARROLLO ECONOMICO DEL CONSEJO REGIONAL,449,18,2.3. 2  9. 1  1,LOCACION DE SERVICIOS REALIZADOS POR PERSONAS NATURALES RELACIONADAS AL ROL DE LA ENTIDAD,6000.00,Compromiso
2026,1028,02,S,326,25/02/2026 00:00:00,10062289428,BRAVO FUENTES MERCEDES AVELINA,106,CONTRATO MENOR,CM,,SERVICIO DE ORGANIZACI‡N Y DIGITALIZACION DE LA DOCUMENTACION DE ARCHIVOS PARA LA COMISION DE DESARR,450,18,2.3. 2  9. 1  1,LOCACION DE SERVICIOS REALIZADOS POR PERSONAS NATURALES RELACIONADAS AL ROL DE LA ENTIDAD,8000.00,Compromiso
2026,1028,02,S,327,25/02/2026 00:00:00,10452820639,FLORIAN GöIVIN SHIRLLEY DIANNE,106,CONTRATO MENOR,CM,,"SERVICIO DE ASISTENCIA LEGAL PARA LA EVALUACION, ATENCION Y SISTEMATIZACION DE CONSULTAS PARA LA GRE",451,18,2.3. 2  9. 1  1,LOCACION DE SERVICIOS REALIZADOS POR PERSONAS NATURALES RELACIONADAS AL ROL DE LA ENTIDAD,13500.00,Compromiso
2026,1028,02,S,328,25/02/2026 00:00:00,10472869821,PAIVA GIRON DORIS SOCORRO,106,CONTRATO MENOR,CM,,SERVICIO ESPECIALIZADO EN TEMAS DE PLANIFICACION Y PRESUPUESTO PARA LA GERENCIA REGIONAL DE EDUCACI‡,452,18,2.3. 2  9. 1  1,LOCACION DE SERVICIOS REALIZADOS POR PERSONAS NATURALES RELACIONADAS AL ROL DE LA ENTIDAD,22500.00,Compromiso
2026,1028,02,S,329,25/02/2026 00:00:00,10732064783,CARRION SANCHEZ KATHERINE BRIGITH,106,CONTRATO MENOR,CM,,"SERVICIO DE ASISTENCIA GERENCIAL PARA LA GERENCIA REGIONAL DE EDUCACI‡N, CULTURA Y DEPORTE DEL GOBIE",453,18,2.3. 2  9. 1  1,LOCACION DE SERVICIOS REALIZADOS POR PERSONAS NATURALES RELACIONADAS AL ROL DE LA ENTIDAD,12000.00,Compromiso
2026,1028,02,S,330,25/02/2026 00:00:00,10773757432,ACOSTA MESTRE KENYI MANUEL,106,CONTRATO MENOR,CM,,"SERVICIO ESPECIALIZADO EN INGENIERIA CIVIL  PARA LA GERENCIA REGIONAL DE EDUCACI‡N, CULTURA Y DEPORT",454,18,2.3. 2  9. 1  1,LOCACION DE SERVICIOS REALIZADOS POR PERSONAS NATURALES RELACIONADAS AL ROL DE LA ENTIDAD,24000.00,Compromiso
2026,1028,02,S,331,25/02/2026 00:00:00,10718340841,CALIXTO MARCA GERALD JEFFERSON,106,CONTRATO MENOR,CM,,"SERVICIO ESPECIALIZADO EN COSTOS Y PRESUPUESTO PARA LA GERENCIA REGIONAL DE EDUCACI‡N, CULTURA",455,18,2.3. 2  9. 1  1,LOCACION DE SERVICIOS REALIZADOS POR PERSONAS NATURALES RELACIONADAS AL ROL DE LA ENTIDAD,25500.00,Compromiso
2026,1028,02,S,332,25/02/2026 00:00:00,10475544027,TRUJILLO VIDAL ANDY STIVEN,106,CONTRATO MENOR,CM,,"SERVICIO DE ARQUITECTURA DE PROYECTOS PARA LA GERENCIA REGIONAL DE EDUCACI‡N, CULTURA Y DEPORTE",456,18,2.3. 2  9. 1  1,LOCACION DE SERVICIOS REALIZADOS POR PERSONAS NATURALES RELACIONADAS AL ROL DE LA ENTIDAD,25500.00,Compromiso
2026,1028,02,S,333,25/02/2026 00:00:00,10764063657,CERRON SALVATIERRA AIDEE JUDITH,106,CONTRATO MENOR,CM,,"SERVICIO ESPECIALIZADO EN INGENIERA AMBIENTAL PARA LA GERENCIA REGIONAL DE EDUCACION, CULTURA",457,18,2.3. 2  9. 1  1,LOCACION DE SERVICIOS REALIZADOS POR PERSONAS NATURALES RELACIONADAS AL ROL DE LA ENTIDAD,24000.00,Compromiso
2026,1028,02,S,334,25/02/2026 00:00:00,10467370231,GUTIERREZ SILVANO CARLOS ALFREDO,106,CONTRATO MENOR,CM,,SERVICIO DE SOPORTE INFORMATICO,465,18,2.3. 2  9. 1  1,LOCACION DE SERVICIOS REALIZADOS POR PERSONAS NATURALES RELACIONADAS AL ROL DE LA ENTIDAD,8000.00,Compromiso
2026,1028,02,S,335,25/02/2026 00:00:00,10465962181,DONATO CAMPOS MIGUEL ANGELO,106,CONTRATO MENOR,CM,,SERVICIO DE SOPORTE TECNICO DIAGNOSTICO DE LA INFRAESTRUCTURA TECNOLOGICA,466,18,2.3. 2  9. 1  1,LOCACION DE SERVICIOS REALIZADOS POR PERSONAS NATURALES RELACIONADAS AL ROL DE LA ENTIDAD,8000.00,Compromiso
2026,1028,02,S,336,25/02/2026 00:00:00,10430143471,BLAS BOCANGEL PEDRO FRANCISCO,106,CONTRATO MENOR,CM,,SERVICIO DE REGISTRO Y SEGUIMIENTO DE INCIDENTES DE SOPORTE TECNOLOGICO,467,18,2.3. 2  9. 1  1,LOCACION DE SERVICIOS REALIZADOS POR PERSONAS NATURALES RELACIONADAS AL ROL DE LA ENTIDAD,7800.00,Compromiso
2026,1028,02,S,337,25/02/2026 00:00:00,10439830463,ROJAS MIRANDA RICHARD ANTONY,106,CONTRATO MENOR,CM,,SERVICIO DE SOPORTE TECNICO Y GESTION DE LA INFRAESTRUCTURA TECNOLOGICA,468,18,2.3. 2  9. 1  1,LOCACION DE SERVICIOS REALIZADOS POR PERSONAS NATURALES RELACIONADAS AL ROL DE LA ENTIDAD,8000.00,Compromiso
2026,1028,02,S,338,25/02/2026 00:00:00,10076419251,RAMOS ENCINAS SOLEDAD ADELA,106,CONTRATO MENOR,CM,,SERVICIO DE ANALISIS ADMINISTRATIVO,469,18,2.3. 2  9. 1  1,LOCACION DE SERVICIOS REALIZADOS POR PERSONAS NATURALES RELACIONADAS AL ROL DE LA ENTIDAD,9200.00,Compromiso
2026,1028,02,S,339,25/02/2026 00:00:00,10458893093,FLORES GARAY ENEDINA,106,CONTRATO MENOR,CM,,SERVICIO DE ASISTENCIA TECNICA ADMINISTRATIVA,477,18,2.3. 2  9. 1  1,LOCACION DE SERVICIOS REALIZADOS POR PERSONAS NATURALES RELACIONADAS AL ROL DE LA ENTIDAD,8000.00,Compromiso
2026,1028,02,S,340,25/02/2026 00:00:00,10445910908,VµSQUEZ FLORES ANTONY GUILLERMO,106,CONTRATO MENOR,CM,,"SERVICIO ESPECIALIZADO DE INGENIER÷A EN ESTRUCTURAS PARA LA GERENCIA REGIONAL DE EDUCACI‡N, CULTURA",458,18,2.3. 2  9. 1  1,LOCACION DE SERVICIOS REALIZADOS POR PERSONAS NATURALES RELACIONADAS AL ROL DE LA ENTIDAD,25500.00,Compromiso
2026,1028,02,S,341,25/02/2026 00:00:00,10469817224,GALAN CUTIPA FRANK WILLIAMS,106,CONTRATO MENOR,CM,,SERVICIO ESPECIALIZADO EN INGENIERIA MECANICA ELECTRICA PARA LA GERENCIA REGIONAL DE EDUCACI‡N,459,18,2.3. 2  9. 1  1,LOCACION DE SERVICIOS REALIZADOS POR PERSONAS NATURALES RELACIONADAS AL ROL DE LA ENTIDAD,25500.00,Compromiso
2026,1028,02,S,342,25/02/2026 00:00:00,10414119293,HUAYLLA DIAZ EDWIN WILFREDO,106,CONTRATO MENOR,CM,,"SERVICIO ESPECIALIZADO EN INGENIERIA SANITARIA PARA LA GERENCIA REGIONAL DE EDUCACI‡N, CULTURA",460,18,2.3. 2  9. 1  1,LOCACION DE SERVICIOS REALIZADOS POR PERSONAS NATURALES RELACIONADAS AL ROL DE LA ENTIDAD,25500.00,Compromiso
2026,1028,02,S,343,25/02/2026 00:00:00,10256817361,PALACIOS COUCILLAS JORGE CARLOS,106,CONTRATO MENOR,CM,,"SERVICIO DE ASISTENCIA TêCNICA EN TEMAS DEPORTIVOS PARA LA GERENCIA REGIONAL DE EDUCACI‡N, CULTURA",461,18,2.3. 2  9. 1  1,LOCACION DE SERVICIOS REALIZADOS POR PERSONAS NATURALES RELACIONADAS AL ROL DE LA ENTIDAD,22500.00,Compromiso
2026,1028,02,S,344,25/02/2026 00:00:00,10726773080,RAMIREZ ROJAS NATALY MABEL,106,CONTRATO MENOR,CM,,"SERVICIO DE ORDENAMIENTO, FOLIACI‡N Y DISTRIBUCI‡N DE DOCUMENTOS PARA LA GERENCIA REGIONAL DE EDUCAC",462,18,2.3. 2  9. 1  1,LOCACION DE SERVICIOS REALIZADOS POR PERSONAS NATURALES RELACIONADAS AL ROL DE LA ENTIDAD,7500.00,Compromiso
2026,1028,02,S,345,25/02/2026 00:00:00,10079380739,SIFUENTES SOBRINO NIVIA MARIA,106,CONTRATO MENOR,CM,,SERVICIO DE CLASIFICACION Y DIGITALIZACION DE DOCUMENTOS PARA LA GERENCIA REGIONAL DE EDUCACI‡N,463,18,2.3. 2  9. 1  1,LOCACION DE SERVICIOS REALIZADOS POR PERSONAS NATURALES RELACIONADAS AL ROL DE LA ENTIDAD,10500.00,Compromiso
2026,1028,02,S,346,25/02/2026 00:00:00,10706066891,GONZALES TREBEJO ARNOLD JEANPIERE,106,CONTRATO MENOR,CM,,"SERVICIO DE ASISTENCIA TECNICA EN INGENIERIA  PARA LA GERENCIA REGIONAL DE EDUCACI‡N, CULTURA",473,18,2.3. 2  9. 1  1,LOCACION DE SERVICIOS REALIZADOS POR PERSONAS NATURALES RELACIONADAS AL ROL DE LA ENTIDAD,15000.00,Compromiso
2026,1028,02,S,347,25/02/2026 00:00:00,10257657731,VEGA ALARCON SALVADOR,106,CONTRATO MENOR,CM,,SERVICIO ESPECIALIZADO EN COMUNICACI‡N Y PROTOCOLO PARA LA GERENCIA REGIONAL DE DESARROLLO SOCIAL,470,18,2.3. 2  9. 1  1,LOCACION DE SERVICIOS REALIZADOS POR PERSONAS NATURALES RELACIONADAS AL ROL DE LA ENTIDAD,9000.00,Compromiso
2026,1028,02,S,348,25/02/2026 00:00:00,10258445479,MANCHEGO MORALES JOSE DANIEL,106,CONTRATO MENOR,CM,,SERVICIO ESPECIALIZADO EN PROCESOS ADMINISTRATIVOS Y LOGISTICOS PARA LA GERENCIA REGIONAL DE DESARRO,471,18,2.3. 2  9. 1  1,LOCACION DE SERVICIOS REALIZADOS POR PERSONAS NATURALES RELACIONADAS AL ROL DE LA ENTIDAD,14000.00,Compromiso
2026,1028,02,S,349,25/02/2026 00:00:00,10774312264,JACOBI ZAMORA ROSA MARIA,106,CONTRATO MENOR,CM,,SERVICIO ESPECIALIZADO EN GESTION DE PROCESOS ADMINISTRATIVOS PARA LA GERENCIA REGIONAL DE DESARROLL,472,18,2.3. 2  9. 1  1,LOCACION DE SERVICIOS REALIZADOS POR PERSONAS NATURALES RELACIONADAS AL ROL DE LA ENTIDAD,10000.00,Compromiso
2026,1028,02,S,350,26/02/2026 00:00:00,20548990841,CORPORACION TITUS S.A.C.,106,CONTRATO MENOR,CM,,SERVICIO DE ORGANIZACION DE EVENTOS,485,18,2.3. 2  7. 9 99,OTROS RELACIONADOS A ORGANIZACION DE EVENTOS,8000.00,Compromiso
2026,1028,02,S,351,26/02/2026 00:00:00,10440443627,VASQUEZ PEREZ DANNY DANIEL,106,CONTRATO MENOR,CM,,SERVICIO DE ASISTENCIA EN LA CLASIFICACION Y ORDENAMIENTO DE ARCHIVOS PARA LA SECRETARIA DE CONSEJO,484,18,2.3. 2  9. 1  1,LOCACION DE SERVICIOS REALIZADOS POR PERSONAS NATURALES RELACIONADAS AL ROL DE LA ENTIDAD,6000.00,Compromiso
2026,1028,02,S,352,26/02/2026 00:00:00,10087300779,URIBE ENRIQUEZ FRITZ ARNALDO,106,CONTRATO MENOR,CM,,SERVICIO DE ASISTENCIA TECNICA EN GESTION CULTURAL Y ARTISTICA  PARA LA GERENCIA REGIONAL,487,18,2.3. 2  9. 1  1,LOCACION DE SERVICIOS REALIZADOS POR PERSONAS NATURALES RELACIONADAS AL ROL DE LA ENTIDAD,12000.00,Compromiso
2026,1028,02,S,353,26/02/2026 00:00:00,10744906704,FLORES YANCAPALLO ASHLI LUZ,106,CONTRATO MENOR,CM,,SERVICIO DE ASISTENCIA LEGAL EN DERECHO ADMINISTRATIVO Y GESTI‡N PÈBLICA..,493,18,2.3. 2  9. 1  1,LOCACION DE SERVICIOS REALIZADOS POR PERSONAS NATURALES RELACIONADAS AL ROL DE LA ENTIDAD,10000.00,Compromiso
2026,1028,02,S,354,26/02/2026 00:00:00,10403083726,CASTILLO MECOLA CESAR CARLOS,106,CONTRATO MENOR,CM,,SERVICIO DE GESTION ADMINISTRATIVA.,494,18,2.3. 2  9. 1  1,LOCACION DE SERVICIOS REALIZADOS POR PERSONAS NATURALES RELACIONADAS AL ROL DE LA ENTIDAD,8000.00,Compromiso
2026,1028,02,S,355,26/02/2026 00:00:00,10429547151,CHEVEZ BAYONA ANGEL OSWALDO,106,CONTRATO MENOR,CM,,SERVICIO DE COORDINACI‡N Y ELABORACI‡N DE INFORMES EN GESTI‡N DE RIESGOS DE DESASTRES I.,495,18,2.3. 2  9. 1  1,LOCACION DE SERVICIOS REALIZADOS POR PERSONAS NATURALES RELACIONADAS AL ROL DE LA ENTIDAD,35000.00,Compromiso
2026,1028,02,S,356,26/02/2026 00:00:00,10485080860,BAUTISTA AGUERO KATHERIN JHOANA,106,CONTRATO MENOR,CM,,SERVICIO ESPECIALIZADO EN INGENIER÷A AMBIENTAL II.,496,18,2.3. 2  9. 1  1,LOCACION DE SERVICIOS REALIZADOS POR PERSONAS NATURALES RELACIONADAS AL ROL DE LA ENTIDAD,35000.00,Compromiso
2026,1028,02,S,357,26/02/2026 00:00:00,10717148083,VASQUEZ HERNANDEZ SANDRO RODRIGO,106,CONTRATO MENOR,CM,,SERVICIO DE COORDINACI‡N Y ELABORACI‡N DE INFORMES EN GESTI‡N DE RIESGOS DE DESASTRES II.,497,18,2.3. 2  9. 1  1,LOCACION DE SERVICIOS REALIZADOS POR PERSONAS NATURALES RELACIONADAS AL ROL DE LA ENTIDAD,35000.00,Compromiso
2026,1028,02,S,358,26/02/2026 00:00:00,10422175381,PEREZ ROCA AVALOS JUAN GABRIEL,106,CONTRATO MENOR,CM,,SERVICIO DE GESTION DE PROCESOS LOGISTICOS,506,18,2.3. 2  9. 1  1,LOCACION DE SERVICIOS REALIZADOS POR PERSONAS NATURALES RELACIONADAS AL ROL DE LA ENTIDAD,4000.00,Compromiso
2026,1028,02,S,359,26/02/2026 00:00:00,10102252336,SAENZ PACHECO LOURDES PATRICIA,106,CONTRATO MENOR,CM,,"SERVICIO DE REVISION, ANALISIS Y VERIFICACION DE DOCUMENTOS DE PAGOS",502,18,2.3. 2  9. 1  1,LOCACION DE SERVICIOS REALIZADOS POR PERSONAS NATURALES RELACIONADAS AL ROL DE LA ENTIDAD,6178.00,Compromiso
2026,1028,02,S,360,26/02/2026 00:00:00,10062821944,ALCA ZAVALA WILFREDO SIMON,106,CONTRATO MENOR,CM,,"SERVICIO DE AUXILIAR ADMINISTRATIVO PARA LA GERENCIA REGIONAL DE EDUCACI‡N, CULTURA Y DEPORTE",503,18,2.3. 2  9. 1  1,LOCACION DE SERVICIOS REALIZADOS POR PERSONAS NATURALES RELACIONADAS AL ROL DE LA ENTIDAD,8000.00,Compromiso
2026,1028,02,S,361,26/02/2026 00:00:00,10465216366,VERA ORTIZ THALIA GISVEL,106,CONTRATO MENOR,CM,,SERVICIO ASISTENCIA LEGAL EN DERECHO ADMINISTRATIVO Y GESTION PUBLICA.,504,18,2.3. 2  9. 1  1,LOCACION DE SERVICIOS REALIZADOS POR PERSONAS NATURALES RELACIONADAS AL ROL DE LA ENTIDAD,18000.00,Compromiso
2026,1028,02,S,362,26/02/2026 00:00:00,10442093593,RENGIFO ESCUDERO JOSEPH LEWIS,106,CONTRATO MENOR,CM,,SERVICIO DE ASISTENCIA ADMINISTRATIVA PARA LA GESTION DE SERVICIOS TRAMITE DE DOCUMENTACION,507,18,2.3. 2  9. 1  1,LOCACION DE SERVICIOS REALIZADOS POR PERSONAS NATURALES RELACIONADAS AL ROL DE LA ENTIDAD,13000.00,Compromiso
2026,1028,02,S,363,26/02/2026 00:00:00,10489859705,FLORES SANCHEZ MARCO ANTONIO,106,CONTRATO MENOR,CM,,SERVICIO DE SUPERVISION Y ASISTENCIA TECNICA DEL POOL DE VEHICULOS,508,18,2.3. 2  9. 1  1,LOCACION DE SERVICIOS REALIZADOS POR PERSONAS NATURALES RELACIONADAS AL ROL DE LA ENTIDAD,9000.00,Compromiso
2026,1028,02,S,364,26/02/2026 00:00:00,10090784884,ROJAS VILLALOBOS CESAR RICARDO,106,CONTRATO MENOR,CM,,SERVICIO DE AUXILIAR EN MANTENIMIENTO III,509,18,2.3. 2  9. 1  1,LOCACION DE SERVICIOS REALIZADOS POR PERSONAS NATURALES RELACIONADAS AL ROL DE LA ENTIDAD,3600.00,Compromiso
2026,1028,02,S,365,26/02/2026 00:00:00,10211402755,PAZ BALDEON NILOVNA GHERALDINE,106,CONTRATO MENOR,CM,,SERVICIO DE ASISTENCIA LEGAL EN PROCESOS ADMINISTRATIVOS.,505,18,2.3. 2  9. 1  1,LOCACION DE SERVICIOS REALIZADOS POR PERSONAS NATURALES RELACIONADAS AL ROL DE LA ENTIDAD,12000.00,Compromiso
2026,1028,02,S,366,26/02/2026 00:00:00,10255321183,SALAZAR CHIPULINA JULIO ARTURO,106,CONTRATO MENOR,CM,,SERVICIO DE AUXILIAR EN MANTENIMIENTO IV,510,18,2.3. 2  9. 1  1,LOCACION DE SERVICIOS REALIZADOS POR PERSONAS NATURALES RELACIONADAS AL ROL DE LA ENTIDAD,3600.00,Compromiso
2026,1028,02,S,367,26/02/2026 00:00:00,10095378922,DE TRAMONTANA BRE•A PIERO LUCAS,106,CONTRATO MENOR,CM,,SERVICIO DE CONDUCCION DE VEHICULO II,511,18,2.3. 2  9. 1  1,LOCACION DE SERVICIOS REALIZADOS POR PERSONAS NATURALES RELACIONADAS AL ROL DE LA ENTIDAD,6000.00,Compromiso
2026,1028,02,S,368,26/02/2026 00:00:00,10450384220,BELLO ESPINOZA CARLOS IVAN,106,CONTRATO MENOR,CM,,SERVICIO DE CONDUCCION DE VEHICULO IV,512,18,2.3. 2  9. 1  1,LOCACION DE SERVICIOS REALIZADOS POR PERSONAS NATURALES RELACIONADAS AL ROL DE LA ENTIDAD,6000.00,Compromiso
2026,1028,02,S,369,26/02/2026 00:00:00,10008227409,VASQUEZ RUIZ CESAR AUGUSTO,106,CONTRATO MENOR,CM,,SERVICIO DE CONDUCCION DE VEHICULO V,513,18,2.3. 2  9. 1  1,LOCACION DE SERVICIOS REALIZADOS POR PERSONAS NATURALES RELACIONADAS AL ROL DE LA ENTIDAD,6000.00,Compromiso
2026,1028,02,S,369,26/02/2026 00:00:00,10008227409,VASQUEZ RUIZ CESAR AUGUSTO,106,CONTRATO MENOR,CM,,SERVICIO DE CONDUCCION DE VEHICULO V,513,18,2.3. 2  9. 1  1,LOCACION DE SERVICIOS REALIZADOS POR PERSONAS NATURALES RELACIONADAS AL ROL DE LA ENTIDAD,400.00,Ampliaci¢n
2026,1028,02,S,370,26/02/2026 00:00:00,10077148880,CONTRERAS DURAND FROILAN ENRIQUE,106,CONTRATO MENOR,CM,,SERVICIO DE MONITOREO DE SERVICIOS GENERALES II,514,18,2.3. 2  9. 1  1,LOCACION DE SERVICIOS REALIZADOS POR PERSONAS NATURALES RELACIONADAS AL ROL DE LA ENTIDAD,6000.00,Compromiso
2026,1028,02,S,371,26/02/2026 00:00:00,10257483377,FLORES SILVA NOLBERTO RAMON,106,CONTRATO MENOR,CM,,SERVICIO DE OPERARIO II,515,18,2.3. 2  9. 1  1,LOCACION DE SERVICIOS REALIZADOS POR PERSONAS NATURALES RELACIONADAS AL ROL DE LA ENTIDAD,3500.00,Compromiso
2026,1028,02,S,372,26/02/2026 00:00:00,10468986669,MORALES MARTINEZ GIOVANNI BREINER,106,CONTRATO MENOR,CM,,"SERVICIO DE PERSONAL ASISTENCIAL, ADMINISTRATIVO Y DE MANTENIMIENTO II",516,18,2.3. 2  9. 1  1,LOCACION DE SERVICIOS REALIZADOS POR PERSONAS NATURALES RELACIONADAS AL ROL DE LA ENTIDAD,6000.00,Compromiso
2026,1028,02,S,373,26/02/2026 00:00:00,10254617844,MIRANDA CHANAME CARLOS MARTIN,106,CONTRATO MENOR,CM,,SERVICIO DE PINTADO DE MUROS II,517,18,2.3. 2  9. 1  1,LOCACION DE SERVICIOS REALIZADOS POR PERSONAS NATURALES RELACIONADAS AL ROL DE LA ENTIDAD,4114.00,Compromiso
2026,1028,02,S,374,26/02/2026 00:00:00,10254542771,CHAVEZ CABREJOS CLAUDIO ALEJANDRO,106,CONTRATO MENOR,CM,,SERVICIO DE SEGUIMIENTO Y MONITOREO DE SERVICIOS GENERALES I,518,18,2.3. 2  9. 1  1,LOCACION DE SERVICIOS REALIZADOS POR PERSONAS NATURALES RELACIONADAS AL ROL DE LA ENTIDAD,4600.00,Compromiso
2026,1028,02,S,375,26/02/2026 00:00:00,10254617585,ABRIL RAMIREZ TOMAS,106,CONTRATO MENOR,CM,,SERVICIO DE SUPERVISION Y ASISTENCIA TECNICA III,519,18,2.3. 2  9. 1  1,LOCACION DE SERVICIOS REALIZADOS POR PERSONAS NATURALES RELACIONADAS AL ROL DE LA ENTIDAD,5600.00,Compromiso
2026,1028,02,S,376,26/02/2026 00:00:00,10801897709,PACHECO VILLANUEVA ROBERTO AGUSTIN,106,CONTRATO MENOR,CM,,SERVICIO DE SUPERVISION Y ASISTENCIA TECNICA IV,520,18,2.3. 2  9. 1  1,LOCACION DE SERVICIOS REALIZADOS POR PERSONAS NATURALES RELACIONADAS AL ROL DE LA ENTIDAD,4400.00,Compromiso
2026,1028,02,S,377,26/02/2026 00:00:00,10802597857,JIMENEZ GRADOS JORGE LUIS,106,CONTRATO MENOR,CM,,SERVICIO ESPECIALIZADO EN GESTI‡N DE MANTENIMIENTO II,521,18,2.3. 2  9. 1  1,LOCACION DE SERVICIOS REALIZADOS POR PERSONAS NATURALES RELACIONADAS AL ROL DE LA ENTIDAD,6000.00,Compromiso
2026,1028,02,S,378,26/02/2026 00:00:00,10095992876,CASTRO GUERRA LUIS ANTONIO,106,CONTRATO MENOR,CM,,SERVICIO ESPECIALIZADO EN INSTALACIONES ELECTRICAS II,522,18,2.3. 2  9. 1  1,LOCACION DE SERVICIOS REALIZADOS POR PERSONAS NATURALES RELACIONADAS AL ROL DE LA ENTIDAD,9000.00,Compromiso
2026,1028,02,S,379,27/02/2026 00:00:00,10748238641,LEYVA RAMOS ROBERTO RODOLFO,106,CONTRATO MENOR,CM,,SERVICIO DE ELABORACI‡N DE INFORMES TêCNICOS EN TEMAS AMBIENTALES.,523,18,2.3. 2  9. 1  1,LOCACION DE SERVICIOS REALIZADOS POR PERSONAS NATURALES RELACIONADAS AL ROL DE LA ENTIDAD,-6000.00,Rebaja
2026,1028,02,S,379,27/02/2026 00:00:00,10748238641,LEYVA RAMOS ROBERTO RODOLFO,106,CONTRATO MENOR,CM,,SERVICIO DE ELABORACI‡N DE INFORMES TêCNICOS EN TEMAS AMBIENTALES.,523,18,2.3. 2  9. 1  1,LOCACION DE SERVICIOS REALIZADOS POR PERSONAS NATURALES RELACIONADAS AL ROL DE LA ENTIDAD,18000.00,Compromiso
2026,1028,02,S,380,27/02/2026 00:00:00,10752424026,SOLORZANO CONDEZO KAREN YURICO,106,CONTRATO MENOR,CM,,"SERVICIO DE COORDINACI‡N EN PROGRAMACI‡N LOG÷STICA, GESTI‡N ADMINISTRATIVA Y PRESUPUESTAL.",524,18,2.3. 2  9. 1  1,LOCACION DE SERVICIOS REALIZADOS POR PERSONAS NATURALES RELACIONADAS AL ROL DE LA ENTIDAD,18000.00,Compromiso
2026,1028,02,S,381,27/02/2026 00:00:00,10720166599,DIAZ SALAZAR YAZMIN YSABEL,106,CONTRATO MENOR,CM,,SERVICIO DE ELABORACI‡N DE CONTENIDOS DE MATERIALES DE COMUNICACI‡N .,525,18,2.3. 2  9. 1  1,LOCACION DE SERVICIOS REALIZADOS POR PERSONAS NATURALES RELACIONADAS AL ROL DE LA ENTIDAD,12000.00,Compromiso
2026,1028,02,S,381,27/02/2026 00:00:00,10720166599,DIAZ SALAZAR YAZMIN YSABEL,106,CONTRATO MENOR,CM,,SERVICIO DE ELABORACI‡N DE CONTENIDOS DE MATERIALES DE COMUNICACI‡N .,525,18,2.3. 2  9. 1  1,LOCACION DE SERVICIOS REALIZADOS POR PERSONAS NATURALES RELACIONADAS AL ROL DE LA ENTIDAD,-4000.00,Rebaja
2026,1028,02,S,382,27/02/2026 00:00:00,10727621330,TARRILLO SANCHEZ MILTON YOEL,106,CONTRATO MENOR,CM,,SERVICIO ESPECIALIZADO EN ECONOMIA.,526,18,2.3. 2  9. 1  1,LOCACION DE SERVICIOS REALIZADOS POR PERSONAS NATURALES RELACIONADAS AL ROL DE LA ENTIDAD,13500.00,Compromiso
2026,1028,02,S,383,27/02/2026 00:00:00,10702066234,PACHECO GARCIA YESSENIA IBHET,106,CONTRATO MENOR,CM,,"SERVICIO DE GESTI‡N LEGAL, ADMINISTRATIVA Y GESTION PUBLICA.",527,18,2.3. 2  9. 1  1,LOCACION DE SERVICIOS REALIZADOS POR PERSONAS NATURALES RELACIONADAS AL ROL DE LA ENTIDAD,18000.00,Compromiso
2026,1028,02,S,384,27/02/2026 00:00:00,10758445831,DE LA CRUZ MAMANI DAYANA STACY,106,CONTRATO MENOR,CM,,SERVICIO ESPECIALIZADO EN INGENIERIA AMBIENTAL I.,528,18,2.3. 2  9. 1  1,LOCACION DE SERVICIOS REALIZADOS POR PERSONAS NATURALES RELACIONADAS AL ROL DE LA ENTIDAD,18000.00,Compromiso
2026,1028,02,S,385,27/02/2026 00:00:00,10400396936,PLACIDO NAVARRETE RICARDO ALEXI,106,CONTRATO MENOR,CM,,SERVICIO DE CONTROL Y SEGUIMIENTO DE INGRESO Y SALIDA DE BIENES DE ALMACEN .,529,18,2.3. 2  9. 1  1,LOCACION DE SERVICIOS REALIZADOS POR PERSONAS NATURALES RELACIONADAS AL ROL DE LA ENTIDAD,7500.00,Compromiso
2026,1028,02,S,386,27/02/2026 00:00:00,10102068985,CERNA ROJAS CARLOS ENRIQUE,106,CONTRATO MENOR,CM,,SERVICIO DE SEGUIMIENTO Y COORDINACION DE ACTIVIDADES TECNICAS Y OPERATIVAS.,530,18,2.3. 2  9. 1  1,LOCACION DE SERVICIOS REALIZADOS POR PERSONAS NATURALES RELACIONADAS AL ROL DE LA ENTIDAD,21000.00,Compromiso
2026,1028,02,S,387,27/02/2026 00:00:00,10745109727,ESPINO DE LA CRUZ AARON RICKY MAX,106,CONTRATO MENOR,CM,,SERVICIO DE GESTI‡N EN ACTIVIDADES DEL MEDIO AMBIENTE.,531,18,2.3. 2  9. 1  1,LOCACION DE SERVICIOS REALIZADOS POR PERSONAS NATURALES RELACIONADAS AL ROL DE LA ENTIDAD,10500.00,Compromiso
2026,1028,02,S,388,27/02/2026 00:00:00,10705521927,CUBAS MEGO LAURY LISBETH,106,CONTRATO MENOR,CM,,SERVICIO DE ASISTENCIA GERENCIAL.,532,18,2.3. 2  9. 1  1,LOCACION DE SERVICIOS REALIZADOS POR PERSONAS NATURALES RELACIONADAS AL ROL DE LA ENTIDAD,10500.00,Compromiso
2026,1028,02,S,389,27/02/2026 00:00:00,10402164072,PULACHE GONZAGA GLORIA ISABEL,106,CONTRATO MENOR,CM,,SERVICIO ADMINISTRATIVO EN LOGISTICA.,533,18,2.3. 2  9. 1  1,LOCACION DE SERVICIOS REALIZADOS POR PERSONAS NATURALES RELACIONADAS AL ROL DE LA ENTIDAD,7500.00,Compromiso
2026,1028,02,S,390,27/02/2026 00:00:00,10471010311,CASTILLO CASTILLO JOSE MARCELLO,106,CONTRATO MENOR,CM,,SERVICIO ESPECIALIZADO EN MATERIA LEGAL .,534,18,2.3. 2  9. 1  1,LOCACION DE SERVICIOS REALIZADOS POR PERSONAS NATURALES RELACIONADAS AL ROL DE LA ENTIDAD,21000.00,Compromiso
2026,1028,02,S,391,27/02/2026 00:00:00,20600098633,CRECER SEGUROS S.A. COMPA•IA DE SEGUROS,106,CONTRATO MENOR,CM,,CONTRATACI‡N DEL SERVICIO DE POLIZA DE SEGURO DE VIDA LEY Y SEGURO COMPLEMENTARIO DE TRABAJO DE RIESGO - PENSION PARA LOS TRABAJADORES DEL GOBIERNO REGIONAL DEL CALLAO,535,18,2.1. 3  1. 1  6,OTRAS CONTRIBUCIONES DEL EMPLEADOR,19323.99,Compromiso
2026,1028,02,S,391,27/02/2026 00:00:00,20600098633,CRECER SEGUROS S.A. COMPA•IA DE SEGUROS,106,CONTRATO MENOR,CM,,CONTRATACI‡N DEL SERVICIO DE POLIZA DE SEGURO DE VIDA LEY Y SEGURO COMPLEMENTARIO DE TRABAJO DE RIESGO - PENSION PARA LOS TRABAJADORES DEL GOBIERNO REGIONAL DEL CALLAO,535,18,2.1. 3  1. 1 12,CONTRIBUCIONES POR EL SEGURO COMPLEMENTARIO DE TRABAJO DE RIESGO,9974.99,Compromiso
2026,1028,02,S,392,27/02/2026 00:00:00,20523470761,SANITAS PERU S.A. - EPS,106,CONTRATO MENOR,CM,,CONTRATACI‡N DEL SERVICIO DE POLIZA DE SEGURO COMPLEMENTARIO DE TRABAJO DE RIESGO - SALUD PARA LOS TRABAJADORES DEL GOBIERNO REGIONAL DEL CALLAO,536,18,2.1. 3  1. 1 12,CONTRIBUCIONES POR EL SEGURO COMPLEMENTARIO DE TRABAJO DE RIESGO,13299.98,Compromiso
2026,1028,02,S,393,27/02/2026 00:00:00,10469267305,HUAMAN SANCHEZ EDGAR LEONARDO,106,CONTRATO MENOR,CM,,SERVICIO DE TOPOGRAFIA.,537,18,2.3. 2  9. 1  1,LOCACION DE SERVICIOS REALIZADOS POR PERSONAS NATURALES RELACIONADAS AL ROL DE LA ENTIDAD,8000.00,Compromiso
2026,1028,02,S,394,27/02/2026 00:00:00,10754198490,CASTA•EDA VIA VICTOR,106,CONTRATO MENOR,CM,,SERVICIO DE COORDINACION DE PROYECTOS .,538,18,2.3. 2  9. 1  1,LOCACION DE SERVICIOS REALIZADOS POR PERSONAS NATURALES RELACIONADAS AL ROL DE LA ENTIDAD,18000.00,Compromiso
2026,1028,02,S,395,27/02/2026 00:00:00,20269985900,PLUZ ENERGﬁA PERÎ S.A.A.,14,ADJUDICACION SIN PROCEDIMIENTO,ASP,0,SERVICIO BASICO DE ENERGIA ELECTRICA PARA LA DIRECCION REGIONAL DEL TRABAJO Y PROMOCION DEL EMPLEO DEL GOBIERNO REGIONAL DEL CALLAO,540,00,2.3. 2  2. 1  1,SERVICIO DE SUMINISTRO DE ENERGIA ELECTRICA,16700.00,Compromiso
2026,1028,02,S,396,27/02/2026 00:00:00,20603732945,GG PUBLICIDAD & INGENIERIA S.A.C.,106,CONTRATO MENOR,CM,,CONTRATACI‡N DEL SERVICIO DE PUBLICACIONES OFICIALES DE NORMAS REGIONALES DE LA SECRETAR÷A DEL CONSEJO REGIONAL DEL GOBIERNO REGIONAL DEL CALLAO EN DIARIO DE ALCANCE REGIONAL,541,18,2.3. 2  2. 4  1,SERVICIO DE PUBLICIDAD,29750.00,Compromiso
2026,1028,02,S,397,27/02/2026 00:00:00,20513669560,MALL PLAZA PERU S.A,14,ADJUDICACION SIN PROCEDIMIENTO,ASP,,"PAGO DEL COMODATO DEL LOCAL CENTRO MAC CALLAO, CORRESPONDIENTE AL A•O 2026, SOLICITADO POR LA GERENCIA REGIONAL DE DESARROLLO ECONOMICO DEL GOBIERNO REGIONAL DEL CALLAO",539,18,2.3. 2  7.11 99,SERVICIOS DIVERSOS,490448.00,Compromiso
2026,1028,03,S,398,02/03/2026 00:00:00,10490681511,MARQUEZ ZU•IGA EDUARDO MATIAS,106,CONTRATO MENOR,CM,,SERVICIO ESPECIALIZADO EN COORDINACIONES DE ASUNTOS SOCIO AMBIENTALES .,542,18,2.3. 2  9. 1  1,LOCACION DE SERVICIOS REALIZADOS POR PERSONAS NATURALES RELACIONADAS AL ROL DE LA ENTIDAD,42000.00,Compromiso
2026,1028,03,S,399,02/03/2026 00:00:00,10435270463,RAMIREZ QUISPE YESENIA,106,CONTRATO MENOR,CM,,SERVICIO DE GESTION ADMINISTRATIVA.,543,18,2.3. 2  9. 1  1,LOCACION DE SERVICIOS REALIZADOS POR PERSONAS NATURALES RELACIONADAS AL ROL DE LA ENTIDAD,17500.00,Compromiso
2026,1028,03,S,400,02/03/2026 00:00:00,10737784938,VALERIO MEZA LEYDI JAZMIN,106,CONTRATO MENOR,CM,,SERVICIO DE FACILITADOR EN GESTION AMBIENTAL.,544,18,2.3. 2  9. 1  1,LOCACION DE SERVICIOS REALIZADOS POR PERSONAS NATURALES RELACIONADAS AL ROL DE LA ENTIDAD,17500.00,Compromiso
2026,1028,03,S,401,03/03/2026 00:00:00,10258163686,PAZ LA ROSA YESABEL NATALIA,106,CONTRATO MENOR,CM,,SERVICIO DE RECEPCION Y VERIFICACION DE BIENES EN ALMACEN DE LA UNIDAD DE SERVICIOS GENERALES,545,18,2.3. 2  9. 1  1,LOCACION DE SERVICIOS REALIZADOS POR PERSONAS NATURALES RELACIONADAS AL ROL DE LA ENTIDAD,3600.00,Compromiso
2026,1028,03,S,402,03/03/2026 00:00:00,10256731113,CANALES GOGIN ROSARIO CONSUELO,106,CONTRATO MENOR,CM,,SERVICIO DE LIMPIEZA DE LOCALES I PARA LA UNIDAD DE SERVICIOS GENERALES Y VEHICULOS LIVIANOS .,546,18,2.3. 2  9. 1  1,LOCACION DE SERVICIOS REALIZADOS POR PERSONAS NATURALES RELACIONADAS AL ROL DE LA ENTIDAD,2700.00,Compromiso
2026,1028,03,S,403,03/03/2026 00:00:00,10258102458,BEDON PANTOJA MARIA MAGDALENA,106,CONTRATO MENOR,CM,,SERVICIO DE LIMPIEZA DE LOCALES II PARA LA UNIDAD DE SERVICIOS GENERALES Y VEHICULOS LIVIANOS .,547,18,2.3. 2  9. 1  1,LOCACION DE SERVICIOS REALIZADOS POR PERSONAS NATURALES RELACIONADAS AL ROL DE LA ENTIDAD,2000.00,Compromiso
2026,1028,03,S,404,03/03/2026 00:00:00,10081452399,LAHURA SENCI SANDRO MARTIN,106,CONTRATO MENOR,CM,,SERVICIO ESPECIALIZADO EN MECANICA PARA LA UNIDAD DE SERVICIOS GENERALES Y VEHICULOS LIVIANOS.,548,18,2.3. 2  9. 1  1,LOCACION DE SERVICIOS REALIZADOS POR PERSONAS NATURALES RELACIONADAS AL ROL DE LA ENTIDAD,8600.00,Compromiso
2026,1028,03,S,405,03/03/2026 00:00:00,10257030992,ROMAN CARDENAS GUILLERMO,106,CONTRATO MENOR,CM,,SERVICIO ESPECIALIZADO EN GESTI‡N DE MANTENIMIENTO PARA LA UNIDAD DE SERVICIOS GENERALES Y VEHICULOS,549,18,2.3. 2  9. 1  1,LOCACION DE SERVICIOS REALIZADOS POR PERSONAS NATURALES RELACIONADAS AL ROL DE LA ENTIDAD,7000.00,Compromiso
2026,1028,03,S,406,03/03/2026 00:00:00,10417006791,FLORES LINARES CHRISTOPHER,106,CONTRATO MENOR,CM,,SERVICIO DE CONDUCCION DE VEHICULO VI PARA LA UNIDAD DE SERVICIOS GENERALES Y VEHICULOS LIVIANOS.,550,18,2.3. 2  9. 1  1,LOCACION DE SERVICIOS REALIZADOS POR PERSONAS NATURALES RELACIONADAS AL ROL DE LA ENTIDAD,6400.00,Compromiso
2026,1028,03,S,407,03/03/2026 00:00:00,10255646864,CARTAGENA ZU•IGA ANDRES OSWALDO,106,CONTRATO MENOR,CM,,SERVICIO DE CONDUCCION DE VEHICULO VII PARA LA UNIDAD DE SERVICIOS GENERALES Y VEHICULOS LIVIANOS.,551,18,2.3. 2  9. 1  1,LOCACION DE SERVICIOS REALIZADOS POR PERSONAS NATURALES RELACIONADAS AL ROL DE LA ENTIDAD,6400.00,Compromiso
2026,1028,03,S,408,03/03/2026 00:00:00,10258660132,SAAVEDRA SALINAS DANY WILFREDO,106,CONTRATO MENOR,CM,,SERVICIO DE CONDUCCION DE VEHICULO VIII PARA LA UNIDAD DE SERVICIOS GENERALES Y VEHICULOS LIVIANOS.,552,18,2.3. 2  9. 1  1,LOCACION DE SERVICIOS REALIZADOS POR PERSONAS NATURALES RELACIONADAS AL ROL DE LA ENTIDAD,6400.00,Compromiso
2026,1028,03,S,409,03/03/2026 00:00:00,10405579401,REYES ESCATE AUGUSTO MARTIN,106,CONTRATO MENOR,CM,,SERVICIO DE CONDUCCION DE VEHICULO IX PARA LA UNIDAD DE SERVICIOS GENERALES Y VEHICULOS LIVIANOS.,553,18,2.3. 2  9. 1  1,LOCACION DE SERVICIOS REALIZADOS POR PERSONAS NATURALES RELACIONADAS AL ROL DE LA ENTIDAD,6400.00,Compromiso
2026,1028,03,S,410,03/03/2026 00:00:00,10258283614,RIVERA PEREZ WILLIAM,106,CONTRATO MENOR,CM,,SERVICIO DE CONDUCCION DE VEHICULO X PARA LA UNIDAD DE SERVICIOS GENERALES Y VEHICULOS LIVIANOS.,554,18,2.3. 2  9. 1  1,LOCACION DE SERVICIOS REALIZADOS POR PERSONAS NATURALES RELACIONADAS AL ROL DE LA ENTIDAD,6400.00,Compromiso
2026,1028,03,S,411,03/03/2026 00:00:00,10069402858,OBLITAS VILLANUEVA DANIEL SANTOS,106,CONTRATO MENOR,CM,,SERVICIO DE CONDUCCION DE VEHICULO XI PARA LA UNIDAD DE SERVICIOS GENERALES Y VEHICULOS LIVIANOS.,555,18,2.3. 2  9. 1  1,LOCACION DE SERVICIOS REALIZADOS POR PERSONAS NATURALES RELACIONADAS AL ROL DE LA ENTIDAD,6400.00,Compromiso
2026,1028,03,S,412,03/03/2026 00:00:00,10086872795,ARREDONDO GARCIA PEDRO ANTONIO,106,CONTRATO MENOR,CM,,SERVICIO DE CONDUCCION DE VEHICULO XII PARA LA UNIDAD DE SERVICIOS GENERALES Y VEHICULOS LIVIANOS.,556,18,2.3. 2  9. 1  1,LOCACION DE SERVICIOS REALIZADOS POR PERSONAS NATURALES RELACIONADAS AL ROL DE LA ENTIDAD,6400.00,Compromiso
2026,1028,03,S,413,03/03/2026 00:00:00,10256452524,RODA MEDRANO GUSTAVO,106,CONTRATO MENOR,CM,,SERVICIO DE CONDUCCION DE VEHICULO XIII PARA LA UNIDAD DE SERVICIOS GENERALES Y VEHICULOS LIVIANOS.,557,18,2.3. 2  9. 1  1,LOCACION DE SERVICIOS REALIZADOS POR PERSONAS NATURALES RELACIONADAS AL ROL DE LA ENTIDAD,6400.00,Compromiso
2026,1028,03,S,414,03/03/2026 00:00:00,10255380163,SERRANO CARBAJAL JULIO LORENZO,106,CONTRATO MENOR,CM,,SERVICIO DE CONDUCCION DE VEHICULO XIV PARA LA UNIDAD DE SERVICIOS GENERALES Y VEHICULOS LIVIANOS.,558,18,2.3. 2  9. 1  1,LOCACION DE SERVICIOS REALIZADOS POR PERSONAS NATURALES RELACIONADAS AL ROL DE LA ENTIDAD,6400.00,Compromiso
2026,1028,03,S,415,03/03/2026 00:00:00,10100889914,ROJAS MOGOLLON ENRIQUE,106,CONTRATO MENOR,CM,,SERVICIO DE CONDUCCION DE VEHICULO XV PARA LA UNIDAD DE SERVICIOS GENERALES Y VEHICULOS LIVIANOS.,559,18,2.3. 2  9. 1  1,LOCACION DE SERVICIOS REALIZADOS POR PERSONAS NATURALES RELACIONADAS AL ROL DE LA ENTIDAD,6400.00,Compromiso
2026,1028,03,S,416,03/03/2026 00:00:00,10211174485,LINO ROJAS HILARIO DONATO,106,CONTRATO MENOR,CM,,SERVICIO DE CONDUCCION DE VEHICULO XVI PARA LA UNIDAD DE SERVICIOS GENERALES Y VEHICULOS LIVIANOS.,560,18,2.3. 2  9. 1  1,LOCACION DE SERVICIOS REALIZADOS POR PERSONAS NATURALES RELACIONADAS AL ROL DE LA ENTIDAD,6400.00,Compromiso
2026,1028,03,S,417,03/03/2026 00:00:00,10094420739,CHAVARRY ESPINAL ELIO MODESTO,106,CONTRATO MENOR,CM,,SERVICIO DE CONDUCCION DE VEHICULO XVII PARA LA UNIDAD DE SERVICIOS GENERALES Y VEHICULOS LIVIANOS.,561,18,2.3. 2  9. 1  1,LOCACION DE SERVICIOS REALIZADOS POR PERSONAS NATURALES RELACIONADAS AL ROL DE LA ENTIDAD,5000.00,Compromiso
2026,1028,03,S,418,03/03/2026 00:00:00,10087011793,PUCH ALMONTE ELLIOT EDUARDO,106,CONTRATO MENOR,CM,,SERVICIO DE CONDUCCION DE VEHICULO XVIII PARA LA UNIDAD DE SERVICIOS GENERALES Y VEHICULOS LIVIANOS,562,18,2.3. 2  9. 1  1,LOCACION DE SERVICIOS REALIZADOS POR PERSONAS NATURALES RELACIONADAS AL ROL DE LA ENTIDAD,6400.00,Compromiso
2026,1028,03,S,419,03/03/2026 00:00:00,10413762931,MIRANDA RIEGA JEFFERSON JESUS,106,CONTRATO MENOR,CM,,SERVICIO DE CONDUCCI‡N DE VEH÷CULO XIX DE LA UNIDAD DE SERVICIOS GENERALES Y VEHICULOS LIVIANOS .,563,18,2.3. 2  9. 1  1,LOCACION DE SERVICIOS REALIZADOS POR PERSONAS NATURALES RELACIONADAS AL ROL DE LA ENTIDAD,6400.00,Compromiso
2026,1028,03,S,420,03/03/2026 00:00:00,10070448594,GOMEZ INFANTAS CLAUDIO ROBERTO,106,CONTRATO MENOR,CM,,SERVICIO DE CONDUCCI‡N DE VEH÷CULO XX DE LA UNIDAD DE SERVICIOS GENERALES Y VEHICULOS LIVIANOS .,564,18,2.3. 2  9. 1  1,LOCACION DE SERVICIOS REALIZADOS POR PERSONAS NATURALES RELACIONADAS AL ROL DE LA ENTIDAD,6400.00,Compromiso
2026,1028,03,S,421,03/03/2026 00:00:00,10067921670,VASQUEZ SALDA•A CARLOS ALBERTO,106,CONTRATO MENOR,CM,,SERVICIO DE CONDUCCI‡N DE VEH÷CULO XXI DE LA UNIDAD DE SERVICIOS GENERALES Y VEHICULOS LIVIANOS .,565,18,2.3. 2  9. 1  1,LOCACION DE SERVICIOS REALIZADOS POR PERSONAS NATURALES RELACIONADAS AL ROL DE LA ENTIDAD,6400.00,Compromiso
2026,1028,03,S,422,03/03/2026 00:00:00,10476382837,CAJAS ESPINOZA YESSY YOANA,106,CONTRATO MENOR,CM,,SERVICIO DE ASISTENCIA TECNICA ADMINISTRATIVA,566,18,2.3. 2  9. 1  1,LOCACION DE SERVICIOS REALIZADOS POR PERSONAS NATURALES RELACIONADAS AL ROL DE LA ENTIDAD,12000.00,Compromiso
2026,1028,03,S,423,03/03/2026 00:00:00,10400494261,LEON PRIETO JOSE ALBERTO,106,CONTRATO MENOR,CM,,SERVICIO ESPECIALIZADO EN INGENIERIA PESQUERA .,567,18,2.3. 2  9. 1  1,LOCACION DE SERVICIOS REALIZADOS POR PERSONAS NATURALES RELACIONADAS AL ROL DE LA ENTIDAD,11000.00,Compromiso
2026,1028,03,S,424,03/03/2026 00:00:00,10096021424,BELAHONIA TORRES JOSE LUIS,106,CONTRATO MENOR,CM,,SERVICIO DE GESTI‡N Y SEGUIMIENTO DE ACTIVIDADES ADMINISTRATIVAS.,568,18,2.3. 2  9. 1  1,LOCACION DE SERVICIOS REALIZADOS POR PERSONAS NATURALES RELACIONADAS AL ROL DE LA ENTIDAD,8000.00,Compromiso
2026,1028,03,S,425,03/03/2026 00:00:00,10469023643,UTRILLA FERNANDEZ GIOVANNI,106,CONTRATO MENOR,CM,,SERVICIO DE ESPECIALIZADO EN  SISTEMA DE INFORMACION GEOGRAFICA.,569,18,2.3. 2  9. 1  1,LOCACION DE SERVICIOS REALIZADOS POR PERSONAS NATURALES RELACIONADAS AL ROL DE LA ENTIDAD,13000.00,Compromiso
2026,1028,03,S,426,03/03/2026 00:00:00,10710848098,HERNANDEZ CHECA GENESIS JOSSELYN,106,CONTRATO MENOR,CM,,SERVICIO DE GESTI‡N ADMINISTRATIVA.,570,18,2.3. 2  9. 1  1,LOCACION DE SERVICIOS REALIZADOS POR PERSONAS NATURALES RELACIONADAS AL ROL DE LA ENTIDAD,12000.00,Compromiso
2026,1028,03,S,427,03/03/2026 00:00:00,10416348681,BELLODAS TAVARA ARMENIA,106,CONTRATO MENOR,CM,,SERVICIO ESPECIALIZADO DE INGENIERIA INDUSTRIAL.,571,18,2.3. 2  9. 1  1,LOCACION DE SERVICIOS REALIZADOS POR PERSONAS NATURALES RELACIONADAS AL ROL DE LA ENTIDAD,12000.00,Compromiso
2026,1028,03,S,428,03/03/2026 00:00:00,10099325718,PALACIOS GIANNONI FIORELLA ANTUANET,106,CONTRATO MENOR,CM,,SERVICIO DE ASISTENCIA TêCNICA ADMINISTRATIVA LEGAL.,572,18,2.3. 2  9. 1  1,LOCACION DE SERVICIOS REALIZADOS POR PERSONAS NATURALES RELACIONADAS AL ROL DE LA ENTIDAD,13000.00,Compromiso
2026,1028,03,S,429,03/03/2026 00:00:00,10295847510,ZAMATA YUCRA JAVIER EDUARDO,106,CONTRATO MENOR,CM,,SERVICIO DE ANALISIS EN GESTION DE PROCESOS ADMINISTRATIVOS.,573,18,2.3. 2  9. 1  1,LOCACION DE SERVICIOS REALIZADOS POR PERSONAS NATURALES RELACIONADAS AL ROL DE LA ENTIDAD,11000.00,Compromiso
2026,1028,03,S,430,03/03/2026 00:00:00,10419520867,MOSCOSO ZARATE JULIA ERICA,106,CONTRATO MENOR,CM,,SERVICIO DE SEGUIMIENTO Y ASISTENCIA DE ACTIVIDADES ADMINISTRATIVAS.,574,18,2.3. 2  9. 1  1,LOCACION DE SERVICIOS REALIZADOS POR PERSONAS NATURALES RELACIONADAS AL ROL DE LA ENTIDAD,7000.00,Compromiso
2026,1028,03,S,431,04/03/2026 00:00:00,10412431010,CALDERON ORELLANA DENNIS RAUL,106,CONTRATO MENOR,CM,,SERVICIO DE DEFENSA LEGAL EN MATERIA PENAL A FAVOR DEL SR. CIRO RONALD CASTILLO ROJO SALAS - ACTUALIZADA OS 2024-6468,586,18,2.3. 2  7.14  5,ASESOR÷A LEGAL PARA SERVIDORES Y EX-SERVIDORES CIVILES,12500.00,Compromiso
2026,1028,03,S,432,04/03/2026 00:00:00,10437146972,GUERRERO ARAUJO KARIN JANET,106,CONTRATO MENOR,CM,,"SERVICIO ESPECIALIZADO EN GESTION DE PROCESOS ADMINISTRATIVOS, PARA LA OFICINA DE IMAGEN INSTITUCIONAL Y PROTOCOLO DE LA GERENCIA GENERAL REGIONAL DEL GOBIERNO REGIONAL DEL CALLAO",593,18,2.3. 2  9. 1  1,LOCACION DE SERVICIOS REALIZADOS POR PERSONAS NATURALES RELACIONADAS AL ROL DE LA ENTIDAD,22000.00,Compromiso
2026,1028,03,S,433,04/03/2026 00:00:00,10095643375,RUIZ ROJAS JANETTE BEATRIZ,106,CONTRATO MENOR,CM,,"SERVICIO DE SEGUIMIENTO, EMISION Y ELABORACION DE DOCUMENTOS ADMINISTRATIVOS, PARA LA OFICINA DE IMAGEN INSTITUCIONAL Y PROTOCOLO DE LA GERENCIA GENERAL REGIONAL DEL GOBIERNO REGIONAL DEL CALLAO",594,18,2.3. 2  9. 1  1,LOCACION DE SERVICIOS REALIZADOS POR PERSONAS NATURALES RELACIONADAS AL ROL DE LA ENTIDAD,14000.00,Compromiso
2026,1028,03,S,434,04/03/2026 00:00:00,10434720481,RODRIGUEZ OLIVA JUAN CARLOS,106,CONTRATO MENOR,CM,,"SERVICIO DE GRABACION, EDICION DE VIDEO Y REGISTRO FOTOGRAFICO, PARA LA OFICINA DE IMAGEN INSTITUCIONAL Y PROTOCOLO DE LA GERENCIA GENERAL REGIONAL DEL GOBIERNO REGIONAL DEL CALLAO",595,18,2.3. 2  9. 1  1,LOCACION DE SERVICIOS REALIZADOS POR PERSONAS NATURALES RELACIONADAS AL ROL DE LA ENTIDAD,24000.00,Compromiso
2026,1028,03,S,435,04/03/2026 00:00:00,10468754466,YANCAN RIVA OSWIN CEMAT HEGIDIO,106,CONTRATO MENOR,CM,,"SERVICIO DE FILMACION Y EDICION DE VIDEOS, PARA LA OFICINA DE IMAGEN INSTITUCIONAL Y PROTOCOLO DE LA GERENCIA GENERAL REGIONAL DEL GOBIERNO REGIONAL DEL CALLAO",596,18,2.3. 2  9. 1  1,LOCACION DE SERVICIOS REALIZADOS POR PERSONAS NATURALES RELACIONADAS AL ROL DE LA ENTIDAD,22000.00,Compromiso
2026,1028,03,S,436,04/03/2026 00:00:00,10094623036,TELLO SAENZ JORGE GERMAIN,106,CONTRATO MENOR,CM,,"SERVICIO DE REGISTRO FOTOGRAFICO, PARA LA OFICINA DE IMAGEN INSTITUCIONAL Y PROTOCOLO DE LA GERENCIA GENERAL REGIONAL DEL GOBIERNO REGIONAL DEL CALLAO",597,18,2.3. 2  9. 1  1,LOCACION DE SERVICIOS REALIZADOS POR PERSONAS NATURALES RELACIONADAS AL ROL DE LA ENTIDAD,22000.00,Compromiso
2026,1028,03,S,437,04/03/2026 00:00:00,10258486230,ANTON HUAMANCHUMO JESSICA LISETTE,106,CONTRATO MENOR,CM,,"SERVICIO DE ORIENTACION Y REGISTRO DE VISITAS EN LINEA I, PARA LA OFICINA DE IMAGEN INSTITUCIONAL Y PROTOCOLO DE LA GERENCIA GENERAL REGIONAL DEL GOBIERNO REGIONAL DEL CALLAO",598,18,2.3. 2  9. 1  1,LOCACION DE SERVICIOS REALIZADOS POR PERSONAS NATURALES RELACIONADAS AL ROL DE LA ENTIDAD,18000.00,Compromiso
2026,1028,03,S,438,04/03/2026 00:00:00,10467160597,LAVALLE ACEVEDO KATHERIN ZULAY,106,CONTRATO MENOR,CM,,"SERVICIO DE ORIENTACION Y REGISTRO DE VISITAS EN LINEA II, PARA LA OFICINA DE IMAGEN INSTITUCIONAL Y PROTOCOLO DE LA GERENCIA GENERAL REGIONAL DEL GOBIERNO REGIONAL DEL CALLAO",599,18,2.3. 2  9. 1  1,LOCACION DE SERVICIOS REALIZADOS POR PERSONAS NATURALES RELACIONADAS AL ROL DE LA ENTIDAD,12000.00,Compromiso
2026,1028,03,S,439,04/03/2026 00:00:00,10735402329,DIAZ ARCE JESUS ALONSO,106,CONTRATO MENOR,CM,,"SERVICIO DE COORDINACION EN IMAGEN INSTITUCIONAL, PARA LA OFICINA DE IMAGEN INSTITUCIONAL Y PROTOCOLO DE LA GERENCIA GENERAL REGIONAL DEL GOBIERNO REGIONAL DEL CALLAO",600,18,2.3. 2  9. 1  1,LOCACION DE SERVICIOS REALIZADOS POR PERSONAS NATURALES RELACIONADAS AL ROL DE LA ENTIDAD,26000.00,Compromiso
2026,1028,03,S,440,04/03/2026 00:00:00,10077664861,PARDAVE VALVERDE CRISTIAN NICANOR,106,CONTRATO MENOR,CM,,"SERVICIO DE ORGANIZACI‡N Y EJECUCION DE PROTOCOLO INSTITUCIONAL, PARA LA OFICINA DE IMAGEN INSTITUCIONAL Y PROTOCOLO DE LA GERENCIA GENERAL REGIONAL DEL GOBIERNO REGIONAL DEL CALLAO",601,18,2.3. 2  9. 1  1,LOCACION DE SERVICIOS REALIZADOS POR PERSONAS NATURALES RELACIONADAS AL ROL DE LA ENTIDAD,24000.00,Compromiso
2026,1028,03,S,441,04/03/2026 00:00:00,10722266876,BOGGIANO JIMENEZ FABIANA FRANCESCA,106,CONTRATO MENOR,CM,,"SERVICIO DE GESTION DE CONTENIDOS EN REDES SOCIALES, PARA LA OFICINA DE IMAGEN INSTITUCIONAL Y PROTOCOLO DE LA GERENCIA GENERAL REGIONAL DEL GOBIERNO REGIONAL DEL CALLAO",602,18,2.3. 2  9. 1  1,LOCACION DE SERVICIOS REALIZADOS POR PERSONAS NATURALES RELACIONADAS AL ROL DE LA ENTIDAD,20000.00,Compromiso
2026,1028,03,S,442,04/03/2026 00:00:00,10723729063,ROJAS PAREDES DARA,106,CONTRATO MENOR,CM,,"SERVICIO DE ASISTENCIA EN LA ELABORACION DE CONTENIDOS EN REDES SOCIALES, PARA LA OFICINA DE IMAGEN INSTITUCIONAL Y PROTOCOLO DE LA GERENCIA GENERAL REGIONAL DEL GOBIERNO REGIONAL DEL CALLAO",603,18,2.3. 2  9. 1  1,LOCACION DE SERVICIOS REALIZADOS POR PERSONAS NATURALES RELACIONADAS AL ROL DE LA ENTIDAD,12000.00,Compromiso
2026,1028,03,S,443,04/03/2026 00:00:00,10733685358,ORME•O CELESTINO FIORELLA KARINA,106,CONTRATO MENOR,CM,,"SERVICIO DE PROTOCOLO II, PARA LA OFICINA DE IMAGEN INSTITUCIONAL Y PROTOCOLO DE LA GERENCIA GENERAL REGIONAL DEL GOBIERNO REGIONAL DEL CALLAO",604,18,2.3. 2  9. 1  1,LOCACION DE SERVICIOS REALIZADOS POR PERSONAS NATURALES RELACIONADAS AL ROL DE LA ENTIDAD,20000.00,Compromiso
2026,1028,03,S,444,04/03/2026 00:00:00,10257955821,CUYA CORONADO AMERICO,106,CONTRATO MENOR,CM,,"SERVICIO DE ASISTENCIA EN ORIENTACION Y ATENCION A USUSARIOS, PARA LA OFICINA DE IMAGEN INSTITUCIONAL Y PROTOCOLO DE LA GERENCIA GENERAL REGIONAL DEL GOBIERNO REGIONAL DEL CALLAO",605,18,2.3. 2  9. 1  1,LOCACION DE SERVICIOS REALIZADOS POR PERSONAS NATURALES RELACIONADAS AL ROL DE LA ENTIDAD,10000.00,Compromiso
2026,1028,03,S,445,04/03/2026 00:00:00,10741328769,JARA RIVADENEYRA VALERY BRIGIT,106,CONTRATO MENOR,CM,,"SERVICIO DE ASITENCIA TECNICA EN COMUNICACI‡N, PROTOCOLO Y ACTIVIDADES INSTITUCIONALES, PARA LA OFICINA DE IMAGEN INSTITUCIONAL Y PROTOCOLO DE LA GERENCIA GENERAL REGIONAL DEL GOBIERNO REGIONAL DEL CALLAO",606,18,2.3. 2  9. 1  1,LOCACION DE SERVICIOS REALIZADOS POR PERSONAS NATURALES RELACIONADAS AL ROL DE LA ENTIDAD,18000.00,Compromiso
2026,1028,03,S,446,04/03/2026 00:00:00,10421781911,ROQUE CHUMACERO DEIVY DOMINGO,106,CONTRATO MENOR,CM,,"SERVICIO DE PRODUCCION DE AUDIOVISUAL Y IMAGENES, PARA LA OFICINA DE IMAGEN INSTITUCIONAL Y PROTOCOLO DE LA GERENCIA GENERAL REGIONAL DEL GOBIERNO REGIONAL DEL CALLAO",607,18,2.3. 2  9. 1  1,LOCACION DE SERVICIOS REALIZADOS POR PERSONAS NATURALES RELACIONADAS AL ROL DE LA ENTIDAD,24000.00,Compromiso
2026,1028,03,S,447,04/03/2026 00:00:00,10726770293,RODRIGUEZ VALLADARES JHONATAN TOMAS,106,CONTRATO MENOR,CM,,"SERVICIO DE EDICI‡N Y POST PRODUCCI‡N DE VIDEO, PARA LA OFICINA DE IMAGEN INSTITUCIONAL Y PROTOCOLO DE LA GERENCIA GENERAL REGIONAL DEL GOBIERNO REGIONAL DEL CALLAO",608,18,2.3. 2  9. 1  1,LOCACION DE SERVICIOS REALIZADOS POR PERSONAS NATURALES RELACIONADAS AL ROL DE LA ENTIDAD,12000.00,Compromiso
2026,1028,03,S,448,04/03/2026 00:00:00,10744533061,TRIVI•O GONZALES BRUNO ALONSO,106,CONTRATO MENOR,CM,,"SERVICIO DE REDACCION DE NOTAS DE PRENSA, PARA LA OFICINA DE IMAGEN INSTITUCIONAL Y PROTOCOLO DE LA GERENCIA GENERAL REGIONAL DEL GOBIERNO REGIONAL DEL CALLAO",609,18,2.3. 2  9. 1  1,LOCACION DE SERVICIOS REALIZADOS POR PERSONAS NATURALES RELACIONADAS AL ROL DE LA ENTIDAD,24000.00,Compromiso
2026,1028,03,S,449,04/03/2026 00:00:00,15608259446,HERNANDEZ SEVERO MARCELO EDUARDO,106,CONTRATO MENOR,CM,,"SERVICIO DE COBERTURA Y REDACCION DE CONTENIDOS PERIODISTICOS, PARA LA OFICINA DE IMAGEN INSTITUCIONAL Y PROTOCOLO DE LA GERENCIA GENERAL REGIONAL DEL GOBIERNO REGIONAL DEL CALLAO",610,18,2.3. 2  9. 1  1,LOCACION DE SERVICIOS REALIZADOS POR PERSONAS NATURALES RELACIONADAS AL ROL DE LA ENTIDAD,20000.00,Compromiso
2026,1028,03,S,450,04/03/2026 00:00:00,10257184124,RIVERA PEREZ MANUEL HUSSEIN,106,CONTRATO MENOR,CM,,"SERVICIO DE ASISTENCIA DE PRENSA, PARA LA OFICINA DE IMAGEN INSTITUCIONAL Y PROTOCOLO DE LA GERENCIA GENERAL REGIONAL DEL GOBIERNO REGIONAL DEL CALLAO",611,18,2.3. 2  9. 1  1,LOCACION DE SERVICIOS REALIZADOS POR PERSONAS NATURALES RELACIONADAS AL ROL DE LA ENTIDAD,22000.00,Compromiso
2026,1028,03,S,451,04/03/2026 00:00:00,10097239172,MALPARTIDA AVILA GREGORIO NICOLAS,106,CONTRATO MENOR,CM,,SERVICIO ESPECIALIZADO EN TEMAS DE TELECOMUNICACIONES,612,18,2.3. 2  9. 1  1,LOCACION DE SERVICIOS REALIZADOS POR PERSONAS NATURALES RELACIONADAS AL ROL DE LA ENTIDAD,5000.00,Compromiso
2026,1028,03,S,452,04/03/2026 00:00:00,10400645472,FERNANDEZ PARDO WALTER WILLIAM,106,CONTRATO MENOR,CM,,SERVICIO DE ASISTENCIA EN LA GESTI‡N DE CONTRATACIONES PÈBLICAS,621,18,2.3. 2  9. 1  1,LOCACION DE SERVICIOS REALIZADOS POR PERSONAS NATURALES RELACIONADAS AL ROL DE LA ENTIDAD,36000.00,Compromiso
2026,1028,03,S,453,04/03/2026 00:00:00,10422321239,CHOQUE HUAMANI MARTHA LILIANA,106,CONTRATO MENOR,CM,,SERVICIO ESPECIALIZADO EN MATERIA LABORAL DE RECURSOS HUMANOS,622,18,2.3. 2  9. 1  1,LOCACION DE SERVICIOS REALIZADOS POR PERSONAS NATURALES RELACIONADAS AL ROL DE LA ENTIDAD,34000.00,Compromiso
2026,1028,03,S,454,04/03/2026 00:00:00,10450223749,MAMANI GUILLERMO ABDIEL,106,CONTRATO MENOR,CM,,SERVICIO ESPECIALIZADO EN PROCESOS CONTABLES Y FINANCIEROS,623,18,2.3. 2  9. 1  1,LOCACION DE SERVICIOS REALIZADOS POR PERSONAS NATURALES RELACIONADAS AL ROL DE LA ENTIDAD,30000.00,Compromiso
2026,1028,03,S,455,04/03/2026 00:00:00,10258520390,ARIAS RIOS ROSA ELENA,106,CONTRATO MENOR,CM,,SERVICIO DE DIGITALIZACI‡N Y ORGANIZACI‡N DE DOCUMENTACION.,669,18,2.3. 2  9. 1  1,LOCACION DE SERVICIOS REALIZADOS POR PERSONAS NATURALES RELACIONADAS AL ROL DE LA ENTIDAD,7000.00,Compromiso
2026,1028,03,S,456,04/03/2026 00:00:00,10099564810,SANTAMARIA SANCHEZ MANUEL,106,CONTRATO MENOR,CM,,"SERVICIO DE DIGITALIZACI‡N, ORGANIZACI‡N Y BACK UP DE DOCUMENTACI‡N.",670,18,2.3. 2  9. 1  1,LOCACION DE SERVICIOS REALIZADOS POR PERSONAS NATURALES RELACIONADAS AL ROL DE LA ENTIDAD,5000.00,Compromiso
2026,1028,03,S,457,04/03/2026 00:00:00,10459887348,POMA LIMAS EDITH,106,CONTRATO MENOR,CM,,SERVICIO DE DIAGNOSTICO LEGAL DE PREDIOS.,671,18,2.3. 2  9. 1  1,LOCACION DE SERVICIOS REALIZADOS POR PERSONAS NATURALES RELACIONADAS AL ROL DE LA ENTIDAD,10600.00,Compromiso
2026,1028,03,S,458,04/03/2026 00:00:00,10154253993,QUISPE CHUMPITAZ DORA MARIA,106,CONTRATO MENOR,CM,,SERVICIO DE ASISTENCIA TECNICA ADMINISTRATIVA.,672,18,2.3. 2  9. 1  1,LOCACION DE SERVICIOS REALIZADOS POR PERSONAS NATURALES RELACIONADAS AL ROL DE LA ENTIDAD,6000.00,Compromiso
2026,1028,03,S,459,04/03/2026 00:00:00,10257107961,TORRES RODRIGUEZ ALFREDO RAYMUNDO,106,CONTRATO MENOR,CM,,"SERVICIO DE CLASIFICACI‡N, CONCILIACI‡N, VERIFICACI‡N Y SANEAMIENTO DE BIENES MUEBLES.",673,18,2.3. 2  9. 1  1,LOCACION DE SERVICIOS REALIZADOS POR PERSONAS NATURALES RELACIONADAS AL ROL DE LA ENTIDAD,5000.00,Compromiso
2026,1028,03,S,460,04/03/2026 00:00:00,10732623626,RUIZ VASQUEZ HENRY GUSTAVO,106,CONTRATO MENOR,CM,,SERVICIO DE ANALISIS LEGAL DE PARTIDAS ELECTRONICAS DE PREDIOS.,674,18,2.3. 2  9. 1  1,LOCACION DE SERVICIOS REALIZADOS POR PERSONAS NATURALES RELACIONADAS AL ROL DE LA ENTIDAD,8000.00,Compromiso
2026,1028,03,S,461,04/03/2026 00:00:00,10419056869,SANCHEZ MEDINA DE MENACHO VANESSA,106,CONTRATO MENOR,CM,,SERVICIO ESPECIALIZADO EN GESTI‡N PÈBLICA.,675,18,2.3. 2  9. 1  1,LOCACION DE SERVICIOS REALIZADOS POR PERSONAS NATURALES RELACIONADAS AL ROL DE LA ENTIDAD,10000.00,Compromiso
2026,1028,03,S,462,04/03/2026 00:00:00,10067854328,LLACSA LOPEZ PRICILIA MERCEDES,106,CONTRATO MENOR,CM,,SERVICIO DE PROCESAMIENTO ORDENAMIENTO Y CLASIFICACION DE DOCUMENTOS ADMINISTRATIVOS.,676,18,2.3. 2  9. 1  1,LOCACION DE SERVICIOS REALIZADOS POR PERSONAS NATURALES RELACIONADAS AL ROL DE LA ENTIDAD,5000.00,Compromiso
2026,1028,03,S,463,04/03/2026 00:00:00,10405848550,PAJUELO CHUMBES MARIA DEL PILAR,106,CONTRATO MENOR,CM,,SERVICIO ESPECIALIZADO EN ASUNTOS LEGALES ADMINISTRATIVOS.,677,18,2.3. 2  9. 1  1,LOCACION DE SERVICIOS REALIZADOS POR PERSONAS NATURALES RELACIONADAS AL ROL DE LA ENTIDAD,10000.00,Compromiso
2026,1028,03,S,464,04/03/2026 00:00:00,10254509448,MELENDEZ QUIROZ CARMELA LUZ,106,CONTRATO MENOR,CM,,SERVICIO DE DIGITALIZACION Y CLASIFICACION DE DOCUMENTOS .,678,18,2.3. 2  9. 1  1,LOCACION DE SERVICIOS REALIZADOS POR PERSONAS NATURALES RELACIONADAS AL ROL DE LA ENTIDAD,5000.00,Compromiso
2026,1028,03,S,465,04/03/2026 00:00:00,10403625812,ECHE QUISPE PAOLA RUTH,106,CONTRATO MENOR,CM,,SERVICIO DE AUXILIAR ADMINISTRATIVO .,679,18,2.3. 2  9. 1  1,LOCACION DE SERVICIOS REALIZADOS POR PERSONAS NATURALES RELACIONADAS AL ROL DE LA ENTIDAD,5000.00,Compromiso
2026,1028,03,S,466,04/03/2026 00:00:00,10258004375,SALAS RUIZ YESSENIA ANGELICA,106,CONTRATO MENOR,CM,,SERVICIO DE MONITOREO DE INDICADORES Y PROCESOS OPERATIVOS.,680,18,2.3. 2  9. 1  1,LOCACION DE SERVICIOS REALIZADOS POR PERSONAS NATURALES RELACIONADAS AL ROL DE LA ENTIDAD,4000.00,Compromiso
2026,1028,03,S,467,04/03/2026 00:00:00,10460182676,AGUILAR SILVERA LEONARDO DAVIS,106,CONTRATO MENOR,CM,,SERVICIO DE CONTROL TOPOGRAFICO.,681,18,2.3. 2  9. 1  1,LOCACION DE SERVICIOS REALIZADOS POR PERSONAS NATURALES RELACIONADAS AL ROL DE LA ENTIDAD,8600.00,Compromiso
2026,1028,03,S,468,04/03/2026 00:00:00,10455311816,VASQUEZ LICHARDO DAYHAN ELIZABETH,106,CONTRATO MENOR,CM,,SERVICIO ESPECIALIZADO EN CONTROL PATRIMONIAL .,682,18,2.3. 2  9. 1  1,LOCACION DE SERVICIOS REALIZADOS POR PERSONAS NATURALES RELACIONADAS AL ROL DE LA ENTIDAD,11700.00,Compromiso
2026,1028,03,S,469,04/03/2026 00:00:00,10454550060,MIRANDA NINAPAYTAN MARIA DEL CARMEN,106,CONTRATO MENOR,CM,,SERVICIO ESPECIALIZADO EN INGENIER÷A GEOGRµFICA.,683,18,2.3. 2  9. 1  1,LOCACION DE SERVICIOS REALIZADOS POR PERSONAS NATURALES RELACIONADAS AL ROL DE LA ENTIDAD,10000.00,Compromiso
2026,1028,03,S,470,04/03/2026 00:00:00,10096375072,HUERTA OSORIO JHON GERMANY,106,CONTRATO MENOR,CM,,SERVICIO DE ASISTENCIA TêCNICA LEGAL EN DOCUMENTOS DE GESTI‡N.,684,18,2.3. 2  9. 1  1,LOCACION DE SERVICIOS REALIZADOS POR PERSONAS NATURALES RELACIONADAS AL ROL DE LA ENTIDAD,10000.00,Compromiso
2026,1028,03,S,471,04/03/2026 00:00:00,10258163732,LOPEZ VENDIVES DIANA VERONICA,106,CONTRATO MENOR,CM,,SERVICIO DE ANALISIS DE PROCESOS ADMINISTRATIVOS EN GESTION DOCUMENTAL .,685,18,2.3. 2  9. 1  1,LOCACION DE SERVICIOS REALIZADOS POR PERSONAS NATURALES RELACIONADAS AL ROL DE LA ENTIDAD,7000.00,Compromiso
2026,1028,03,S,472,04/03/2026 00:00:00,10724463911,BEUNZA SUEROS ALEJANDRA CECILIA,106,CONTRATO MENOR,CM,,SERVICIO DE REVISION DIGITACION Y SISTEMATIZACION DE INFORMACION .,686,18,2.3. 2  9. 1  1,LOCACION DE SERVICIOS REALIZADOS POR PERSONAS NATURALES RELACIONADAS AL ROL DE LA ENTIDAD,5000.00,Compromiso
2026,1028,03,S,473,04/03/2026 00:00:00,10486484239,MEDINA LIRA KAREN MILAGROS,106,CONTRATO MENOR,CM,,SERVICIO DE REVISION Y ACTUALIZACION DE DOCUMENTOS.,687,18,2.3. 2  9. 1  1,LOCACION DE SERVICIOS REALIZADOS POR PERSONAS NATURALES RELACIONADAS AL ROL DE LA ENTIDAD,6000.00,Compromiso
2026,1028,03,S,474,04/03/2026 00:00:00,10423440690,SIMON YUMBATO WILLIAN ROBINSON,106,CONTRATO MENOR,CM,,SERVICIO DE ASISTENCIA LEGAL EN PROCESOS ADMINISTRATIVOS.,688,18,2.3. 2  9. 1  1,LOCACION DE SERVICIOS REALIZADOS POR PERSONAS NATURALES RELACIONADAS AL ROL DE LA ENTIDAD,8000.00,Compromiso
2026,1028,03,S,475,04/03/2026 00:00:00,10468522522,CASTILLO PARDO KENYO JERZY,106,CONTRATO MENOR,CM,,SERVICIO DE LEVANTAMIENTO DE INFORMACI‡N DE CAMPO PARA SANEAMIENTO FISICO LEGAL .,689,18,2.3. 2  9. 1  1,LOCACION DE SERVICIOS REALIZADOS POR PERSONAS NATURALES RELACIONADAS AL ROL DE LA ENTIDAD,8800.00,Compromiso
2026,1028,03,S,476,04/03/2026 00:00:00,10053297132,PRADA GRANDEZ ROY,106,CONTRATO MENOR,CM,,SERVICIO DE NOTIFICADOR.,690,18,2.3. 2  9. 1  1,LOCACION DE SERVICIOS REALIZADOS POR PERSONAS NATURALES RELACIONADAS AL ROL DE LA ENTIDAD,5400.00,Compromiso
2026,1028,03,S,477,04/03/2026 00:00:00,10067762458,CORDOVA LLACSA JUAN CARLOS,106,CONTRATO MENOR,CM,,SERVICIO DE COORDINACION EN PROGRAMACION Y PRESUPUESTO .,691,18,2.3. 2  9. 1  1,LOCACION DE SERVICIOS REALIZADOS POR PERSONAS NATURALES RELACIONADAS AL ROL DE LA ENTIDAD,10600.00,Compromiso
2026,1028,03,S,478,04/03/2026 00:00:00,10407281620,SANCHEZ TORRES SOLEDAD,106,CONTRATO MENOR,CM,,SERVICIO ADMINISTRATIVO CONTABLE I PARA LA OFICINA DE CONTABILIDAD..,639,18,2.3. 2  9. 1  1,LOCACION DE SERVICIOS REALIZADOS POR PERSONAS NATURALES RELACIONADAS AL ROL DE LA ENTIDAD,7000.00,Compromiso
2026,1028,03,S,479,04/03/2026 00:00:00,10731109571,CAMPA•A OLIVA CARLOS EDUARDO,106,CONTRATO MENOR,CM,,SERVICIO ADMINISTRATIVO CONTABLE II PARA LA OFICINA DE CONTABILIDAD..,640,18,2.3. 2  9. 1  1,LOCACION DE SERVICIOS REALIZADOS POR PERSONAS NATURALES RELACIONADAS AL ROL DE LA ENTIDAD,6000.00,Compromiso
2026,1028,03,S,480,04/03/2026 00:00:00,10719141965,PALACIOS FLORES DEISY PAMELA,106,CONTRATO MENOR,CM,,SERVICIO ADMINISTRATIVO CONTABLE III PARA LA OFICINA DE CONTABILIDAD..,641,18,2.3. 2  9. 1  1,LOCACION DE SERVICIOS REALIZADOS POR PERSONAS NATURALES RELACIONADAS AL ROL DE LA ENTIDAD,3000.00,Compromiso
2026,1028,03,S,481,04/03/2026 00:00:00,10470094422,MENDOZA CHUQUIMANGO KATHERINE,106,CONTRATO MENOR,CM,,SERVICIO ESPECIALIZADO EN PROCESOS ADMINISTRATIVOS Y LOGISTICOS PARA LA OFICINA DE CONTABILIDAD.,642,18,2.3. 2  9. 1  1,LOCACION DE SERVICIOS REALIZADOS POR PERSONAS NATURALES RELACIONADAS AL ROL DE LA ENTIDAD,7000.00,Compromiso
2026,1028,03,S,482,04/03/2026 00:00:00,10107136890,RAMIREZ TENORIO ROSAURA LINDAURA,106,CONTRATO MENOR,CM,,SERVICIO ESPECIALIZADO EN REVISI‡N DE EXPEDIENTES DE PAGO I PARA LA OFICINA DE CONTABILIDAD..,643,18,2.3. 2  9. 1  1,LOCACION DE SERVICIOS REALIZADOS POR PERSONAS NATURALES RELACIONADAS AL ROL DE LA ENTIDAD,8000.00,Compromiso
2026,1028,03,S,483,04/03/2026 00:00:00,10432718161, YATACO MARCOS ENRIQUE GEOANNI,106,CONTRATO MENOR,CM,,SERVICIO ESPECIALIZADO EN REVISI‡N DE EXPEDIENTES DE PAGO II PARA LA OFICINA DE CONTABILIDAD..,644,18,2.3. 2  9. 1  1,LOCACION DE SERVICIOS REALIZADOS POR PERSONAS NATURALES RELACIONADAS AL ROL DE LA ENTIDAD,8000.00,Compromiso
2026,1028,03,S,484,04/03/2026 00:00:00,10426921176,CHUMBIAUCA CORDOVA HENRY ALFONSO,106,CONTRATO MENOR,CM,,SERVICIO ESPECIALIZADO EN REVISI‡N DE EXPEDIENTES DE PAGO III PARA LA OFICINA DE CONTABILIDAD..,645,18,2.3. 2  9. 1  1,LOCACION DE SERVICIOS REALIZADOS POR PERSONAS NATURALES RELACIONADAS AL ROL DE LA ENTIDAD,8000.00,Compromiso
2026,1028,03,S,485,04/03/2026 00:00:00,10421843762,MACEDO SANGAMA ABNER IGOR,106,CONTRATO MENOR,CM,,SERVICIO DE RECOLECCION DE DATOS EN CAMPO .,728,18,2.3. 2  9. 1  1,LOCACION DE SERVICIOS REALIZADOS POR PERSONAS NATURALES RELACIONADAS AL ROL DE LA ENTIDAD,7000.00,Compromiso
2026,1028,03,S,486,04/03/2026 00:00:00,10482573229,CASTILLO OLAYA JORDAN YEISON,106,CONTRATO MENOR,CM,,SERVICIO ESPECIALIZADO EN ANµLISIS DE CUENTAS CONTABLES PARA LA OFICINA DE CONTABILIDAD..,646,18,2.3. 2  9. 1  1,LOCACION DE SERVICIOS REALIZADOS POR PERSONAS NATURALES RELACIONADAS AL ROL DE LA ENTIDAD,4500.00,Compromiso
2026,1028,03,S,487,04/03/2026 00:00:00,10480284726,VILLANUEVA TOLEDO ELBER SAUL,106,CONTRATO MENOR,CM,,SERVICIO DE MONITOREO Y GESTION DE LA INFRAESTRUCTURA TECNOLOGICA,652,18,2.3. 2  9. 1  1,LOCACION DE SERVICIOS REALIZADOS POR PERSONAS NATURALES RELACIONADAS AL ROL DE LA ENTIDAD,25000.00,Compromiso
2026,1028,03,S,488,04/03/2026 00:00:00,10727647657,PALOMINO FIESTAS SERGIO ALONSO,106,CONTRATO MENOR,CM,,SERVICIO DE GESTION DE SERVICIO TECNOLOGIAS DE LA INFORMACION Y EQUIPAMIENTO TECNOLOGICO,657,18,2.3. 2  9. 1  1,LOCACION DE SERVICIOS REALIZADOS POR PERSONAS NATURALES RELACIONADAS AL ROL DE LA ENTIDAD,22500.00,Compromiso
2026,1028,03,S,489,04/03/2026 00:00:00,10770900706,MENDOZA ESPINOZA JIM OSCAR,106,CONTRATO MENOR,CM,,SERVICIO DE ASISTENCIA TECNICA DE APLICACIONES INFORMATICOS.,658,18,2.3. 2  9. 1  1,LOCACION DE SERVICIOS REALIZADOS POR PERSONAS NATURALES RELACIONADAS AL ROL DE LA ENTIDAD,25000.00,Compromiso
2026,1028,03,S,490,04/03/2026 00:00:00,10742308478,SALVADOR ARIAS JUAN GUSTAVO,106,CONTRATO MENOR,CM,,SERVICIO DE SOPORTE Y MANTENIMIENTO DE SOFTWARE DE GESTION DE INFORMACION,659,18,2.3. 2  9. 1  1,LOCACION DE SERVICIOS REALIZADOS POR PERSONAS NATURALES RELACIONADAS AL ROL DE LA ENTIDAD,25000.00,Compromiso
2026,1028,03,S,491,04/03/2026 00:00:00,10075367983,BRACAMONTE GONZALES FELIX EDUARDO,106,CONTRATO MENOR,CM,,SERVICIO DE SOPORTE TECNICO DE EQUIPOS DE COMPUTO Y ATENCI‡N A INCIDENCIAS,660,18,2.3. 2  9. 1  1,LOCACION DE SERVICIOS REALIZADOS POR PERSONAS NATURALES RELACIONADAS AL ROL DE LA ENTIDAD,20000.00,Compromiso
2026,1028,03,S,492,04/03/2026 00:00:00,10461564611,PI•ASHCA HUERTA ROGER JHOEL,106,CONTRATO MENOR,CM,,SERVICIO DE ADMINISTRACION Y MONITOREO DE REDES,662,18,2.3. 2  9. 1  1,LOCACION DE SERVICIOS REALIZADOS POR PERSONAS NATURALES RELACIONADAS AL ROL DE LA ENTIDAD,36000.00,Compromiso
2026,1028,03,S,493,04/03/2026 00:00:00,10475941565,PAMPA VARA ELVIS KENYO,106,CONTRATO MENOR,CM,,SERVICIO DE ANALISIS DE FUNCIONALIDADES EN SISTEMA INFORMATICO,663,18,2.3. 2  9. 1  1,LOCACION DE SERVICIOS REALIZADOS POR PERSONAS NATURALES RELACIONADAS AL ROL DE LA ENTIDAD,20000.00,Compromiso
2026,1028,03,S,494,04/03/2026 00:00:00,10415669670,RODRIGUEZ REVILLA VIVIANA DIANA,106,CONTRATO MENOR,CM,,SERVICIO DE AUXILIAR ADMINISTRATIVO,664,18,2.3. 2  9. 1  1,LOCACION DE SERVICIOS REALIZADOS POR PERSONAS NATURALES RELACIONADAS AL ROL DE LA ENTIDAD,8000.00,Compromiso
2026,1028,03,S,495,04/03/2026 00:00:00,10103171186,VARGAS SOPLIN ADALBERTO ENRIQUE,106,CONTRATO MENOR,CM,,SERVICIO DE COORDINACION EN SERVICIOS GENERALES PARA LA UNIDAD DE SERVICIOS GENERALES Y VEHICULOS,647,18,2.3. 2  9. 1  1,LOCACION DE SERVICIOS REALIZADOS POR PERSONAS NATURALES RELACIONADAS AL ROL DE LA ENTIDAD,27000.00,Compromiso
2026,1028,03,S,496,04/03/2026 00:00:00,10447982426,MARTINEZ ACU•A WALTER RAUL,106,CONTRATO MENOR,CM,,SERVICIO DE SEGUIMIENTO Y CONTROL DE ACTIVIDADES ADMINISTRATIVAS PARA LA UNIDAD DE SERVICIOS GENERAL,648,18,2.3. 2  9. 1  1,LOCACION DE SERVICIOS REALIZADOS POR PERSONAS NATURALES RELACIONADAS AL ROL DE LA ENTIDAD,13500.00,Compromiso
2026,1028,03,S,497,04/03/2026 00:00:00,10077623081,ALVARO ESCALANTE CARLA JENNY,106,CONTRATO MENOR,CM,,SERVICIO DE GESTI‡N ADMINISTRATIVA I PARA LA UNIDAD DE SERVICIOS GENERALES Y VEHICULOS LIVIANOS .,649,18,2.3. 2  9. 1  1,LOCACION DE SERVICIOS REALIZADOS POR PERSONAS NATURALES RELACIONADAS AL ROL DE LA ENTIDAD,15000.00,Compromiso
2026,1028,03,S,498,04/03/2026 00:00:00,10103014498,CASTILLO ABURTO CAROLINA,106,CONTRATO MENOR,CM,,SERVICIO DE GESTI‡N ADMINISTRATIVA II PARA LA UNIDAD DE SERVICIOS GENERALES Y VEHICULOS LIVIANOS .,650,18,2.3. 2  9. 1  1,LOCACION DE SERVICIOS REALIZADOS POR PERSONAS NATURALES RELACIONADAS AL ROL DE LA ENTIDAD,15000.00,Compromiso
2026,1028,03,S,499,04/03/2026 00:00:00,10258343161,CAMARGO CARDENAS CLORINDA,106,CONTRATO MENOR,CM,,SERVICIO DE ASISTENCIA ADMINISTRATIVA PARA LA GESTION DE SERVICIOS Y BIENES DEL POOL DE VEHICULOS,651,18,2.3. 2  9. 1  1,LOCACION DE SERVICIOS REALIZADOS POR PERSONAS NATURALES RELACIONADAS AL ROL DE LA ENTIDAD,10500.00,Compromiso
2026,1028,03,S,500,04/03/2026 00:00:00,10416335791,CASTRO OJEDA MARIELA SARAHY,106,CONTRATO MENOR,CM,,SERVICIO DE MANTENIMIENTO Y LIMPIEZA DE INMUEBLES PARA LA UNIDAD DE SERVICIOS GENERALES Y VEHICULOS,653,18,2.3. 2  9. 1  1,LOCACION DE SERVICIOS REALIZADOS POR PERSONAS NATURALES RELACIONADAS AL ROL DE LA ENTIDAD,7500.00,Compromiso
2026,1028,03,S,501,04/03/2026 00:00:00,10459047412,TALLEDO NAZAR ENRIC GILBERT,106,CONTRATO MENOR,CM,,SERVICIO DE CONDUCCION DE VEHICULO XXII PARA LA UNIDAD DE SERVICIOS GENERALES Y VEHICULOS LIVIANOS.,654,18,2.3. 2  9. 1  1,LOCACION DE SERVICIOS REALIZADOS POR PERSONAS NATURALES RELACIONADAS AL ROL DE LA ENTIDAD,9000.00,Compromiso
2026,1028,03,S,502,04/03/2026 00:00:00,10258597422,SALLUCA SALLUCA JUAN ALBERTO,106,CONTRATO MENOR,CM,,SERVICIO DE CONDUCCION DE VEHICULO XXIII PARA LA UNIDAD DE SERVICIOS GENERALES Y VEHICULOS LIVIANOS,655,18,2.3. 2  9. 1  1,LOCACION DE SERVICIOS REALIZADOS POR PERSONAS NATURALES RELACIONADAS AL ROL DE LA ENTIDAD,10500.00,Compromiso
2026,1028,03,S,503,04/03/2026 00:00:00,10468649956,CASTREJON PEREZ CARLOS,106,CONTRATO MENOR,CM,,SERVICIO DE CONDUCCION DE VEHICULO XXIV PARA LA UNIDAD DE SERVICIOS GENERALES Y VEHICULOS LIVIANOS.,656,18,2.3. 2  9. 1  1,LOCACION DE SERVICIOS REALIZADOS POR PERSONAS NATURALES RELACIONADAS AL ROL DE LA ENTIDAD,6000.00,Compromiso
2026,1028,03,S,504,04/03/2026 00:00:00,10416505921,AVILA ARMAS YONEL,106,CONTRATO MENOR,CM,,SERVICIO DE SEGUIMIENTO Y MONITOREO DE PROYECTOS DE INVERSION PUBLICA .,693,18,2.3. 2  9. 1  1,LOCACION DE SERVICIOS REALIZADOS POR PERSONAS NATURALES RELACIONADAS AL ROL DE LA ENTIDAD,40000.00,Compromiso
2026,1028,03,S,505,04/03/2026 00:00:00,10426985824,CARDENAS SALAZAR MARCO ANTONIO,106,CONTRATO MENOR,CM,,SERVICIO DE AUXILIAR EN MANTENIMIENTO I,624,18,2.3. 2  9. 1  1,LOCACION DE SERVICIOS REALIZADOS POR PERSONAS NATURALES RELACIONADAS AL ROL DE LA ENTIDAD,7000.00,Compromiso
2026,1028,03,S,506,04/03/2026 00:00:00,10254864531,CUEVA CABREJOS CARLOS CIRO,106,CONTRATO MENOR,CM,,SERVICIO DE SUPERVISION DE PROCESOS LOG÷STICOS I,625,18,2.3. 2  9. 1  1,LOCACION DE SERVICIOS REALIZADOS POR PERSONAS NATURALES RELACIONADAS AL ROL DE LA ENTIDAD,5000.00,Compromiso
2026,1028,03,S,507,04/03/2026 00:00:00,10077444977,DEL AGUILA PEREZ FLUCKER,106,CONTRATO MENOR,CM,,SERVICIO DE AUXILIO MECANICO AUTOMOTOR I.,626,18,2.3. 2  9. 1  1,LOCACION DE SERVICIOS REALIZADOS POR PERSONAS NATURALES RELACIONADAS AL ROL DE LA ENTIDAD,4600.00,Compromiso
2026,1028,03,S,508,04/03/2026 00:00:00,10095960834,FLORES DELGADO LEANDRO,106,CONTRATO MENOR,CM,,SERVICIO ESPECIALIZADO EN TEMAS DE SEGURIDAD CIUDADANA.,627,18,2.3. 2  9. 1  1,LOCACION DE SERVICIOS REALIZADOS POR PERSONAS NATURALES RELACIONADAS AL ROL DE LA ENTIDAD,12100.00,Compromiso
2026,1028,03,S,509,04/03/2026 00:00:00,10106830423,FLORES PONTE MARLENE PATROCINIA,106,CONTRATO MENOR,CM,,SERVICIO DE SUPERVISION DE PROCESOS LOG÷STICOS II,628,18,2.3. 2  9. 1  1,LOCACION DE SERVICIOS REALIZADOS POR PERSONAS NATURALES RELACIONADAS AL ROL DE LA ENTIDAD,3550.00,Compromiso
2026,1028,03,S,510,04/03/2026 00:00:00,10257755059,BARRIONUEVO FLORES JORGE LUIS,106,CONTRATO MENOR,CM,,SERVICIO DE SEGUIMIENTO Y MONITOREO DE PROYECTOS DE INVERSION PUBLICA I PARA LA OFICINA DE CONSTRUCC,694,18,2.3. 2  9. 1  1,LOCACION DE SERVICIOS REALIZADOS POR PERSONAS NATURALES RELACIONADAS AL ROL DE LA ENTIDAD,36000.00,Compromiso
2026,1028,03,S,511,04/03/2026 00:00:00,10472000379,JIMENEZ RAMOS DAVIS MARTIN,106,CONTRATO MENOR,CM,,SERVICIO DE CONDUCCI‡N DE VEHICULO III.,629,18,2.3. 2  9. 1  1,LOCACION DE SERVICIOS REALIZADOS POR PERSONAS NATURALES RELACIONADAS AL ROL DE LA ENTIDAD,6200.00,Compromiso
2026,1028,03,S,512,04/03/2026 00:00:00,10257501219,LAOS OLIVA MORAYMA ALICIA,106,CONTRATO MENOR,CM,,SERVICIO DE ASISTENCIA TECNICA ADMINISTRATIVA.,630,18,2.3. 2  9. 1  1,LOCACION DE SERVICIOS REALIZADOS POR PERSONAS NATURALES RELACIONADAS AL ROL DE LA ENTIDAD,6000.00,Compromiso
2026,1028,03,S,513,04/03/2026 00:00:00,10254356935,MACEDO NARAZA JANET TERESA,106,CONTRATO MENOR,CM,,SERVICIO ESPECIALIZADO EN PROCESOS ADMINISTRATIVOS.,631,18,2.3. 2  9. 1  1,LOCACION DE SERVICIOS REALIZADOS POR PERSONAS NATURALES RELACIONADAS AL ROL DE LA ENTIDAD,10000.00,Compromiso
2026,1028,03,S,514,04/03/2026 00:00:00,10257635401,MENDOZA ARROYO DE CAJO LEONCIA,106,CONTRATO MENOR,CM,,SERVICIO DE ORIENTACI‡N Y REGISTRO DE VISITAS.,632,18,2.3. 2  9. 1  1,LOCACION DE SERVICIOS REALIZADOS POR PERSONAS NATURALES RELACIONADAS AL ROL DE LA ENTIDAD,2400.00,Compromiso
2026,1028,03,S,515,04/03/2026 00:00:00,10254621272,MORON DIAZ JAIME ALBERTO,106,CONTRATO MENOR,CM,,SERVICIO DE ASISTENCIA EN SEGURIDAD,633,18,2.3. 2  9. 1  1,LOCACION DE SERVICIOS REALIZADOS POR PERSONAS NATURALES RELACIONADAS AL ROL DE LA ENTIDAD,5400.00,Compromiso
2026,1028,03,S,516,04/03/2026 00:00:00,10419111185,PANDURO DOMINGUEZ PAQUITA,106,CONTRATO MENOR,CM,,SERVICIO DE ASISTENCIA TECNICA ADMINISTRATIVA.,634,18,2.3. 2  9. 1  1,LOCACION DE SERVICIOS REALIZADOS POR PERSONAS NATURALES RELACIONADAS AL ROL DE LA ENTIDAD,6000.00,Compromiso
2026,1028,03,S,517,04/03/2026 00:00:00,10257569123,SALLUCA TITO ALBERTO,106,CONTRATO MENOR,CM,,SERVICIO DE ORDENAMIENTO DE LOS BIENES DE ALMACEN I..,635,18,2.3. 2  9. 1  1,LOCACION DE SERVICIOS REALIZADOS POR PERSONAS NATURALES RELACIONADAS AL ROL DE LA ENTIDAD,5400.00,Compromiso
2026,1028,03,S,518,04/03/2026 00:00:00,10802411087,SILUPU GUILLEN SARA MASHYEL,106,CONTRATO MENOR,CM,,SEGUIMIENTO Y MONITOREO DEL SERVICIO DE SEGURIDAD Y VIGILANCIA V.,636,18,2.3. 2  9. 1  1,LOCACION DE SERVICIOS REALIZADOS POR PERSONAS NATURALES RELACIONADAS AL ROL DE LA ENTIDAD,2400.00,Compromiso
2026,1028,03,S,519,04/03/2026 00:00:00,10068151649,SUAREZ HERRERA OSCAR TEOFILO,106,CONTRATO MENOR,CM,,SERVICIO DE AUXILIAR EN MANTENIMIENTO II.,637,18,2.3. 2  9. 1  1,LOCACION DE SERVICIOS REALIZADOS POR PERSONAS NATURALES RELACIONADAS AL ROL DE LA ENTIDAD,7000.00,Compromiso
2026,1028,03,S,520,04/03/2026 00:00:00,10761263663,QUEZADA RAMOS EDER NEL,106,CONTRATO MENOR,CM,,SERVICIO DE SEGUIMIENTO Y MONITOREO DE PROYECTOS DE INVERSION PUBLICA II PARA LA OFICINA DE CONSTRUC,695,18,2.3. 2  9. 1  1,LOCACION DE SERVICIOS REALIZADOS POR PERSONAS NATURALES RELACIONADAS AL ROL DE LA ENTIDAD,32000.00,Compromiso
2026,1028,03,S,521,04/03/2026 00:00:00,10008456106,ZORRILLA GALICIA CARLOS ENRIQUE,106,CONTRATO MENOR,CM,,SERVICIO DE CONDUCCI‡N DE VEHICULO VII.,638,18,2.3. 2  9. 1  1,LOCACION DE SERVICIOS REALIZADOS POR PERSONAS NATURALES RELACIONADAS AL ROL DE LA ENTIDAD,7000.00,Compromiso
2026,1028,03,S,522,04/03/2026 00:00:00,10727405751,ALBA SANTA CRUZ BELLA FLOR,106,CONTRATO MENOR,CM,,SERVICIO DE SEGUIMIENTO Y MONITOREO DE LAS OBRAS I PARA COORDINACION DE LA EJECUCI‡N DE INVERSIONES,696,18,2.3. 2  9. 1  1,LOCACION DE SERVICIOS REALIZADOS POR PERSONAS NATURALES RELACIONADAS AL ROL DE LA ENTIDAD,22500.00,Compromiso
2026,1028,03,S,523,04/03/2026 00:00:00,10258397954,ALVARADO DA•INO MARCO ANTONIO,106,CONTRATO MENOR,CM,,SERVICIO DE COORDINACI‡N DE TOMA DE INVENTARIO FISICO DE BIENES PATRIMONIALES .,742,18,2.3. 2  9. 1  1,LOCACION DE SERVICIOS REALIZADOS POR PERSONAS NATURALES RELACIONADAS AL ROL DE LA ENTIDAD,5000.00,Compromiso
2026,1028,03,S,524,04/03/2026 00:00:00,10461147998,ALCOSER LLACTA FARLY BORIS,106,CONTRATO MENOR,CM,,SERVICIO DE SUPERVISI‡N PARA LA TOMA DE INVENTARIO .,744,18,2.3. 2  9. 1  1,LOCACION DE SERVICIOS REALIZADOS POR PERSONAS NATURALES RELACIONADAS AL ROL DE LA ENTIDAD,5500.00,Compromiso
2026,1028,03,S,525,04/03/2026 00:00:00,10714579890,CAMPOS PURIZAGA  ALEJANDRA,106,CONTRATO MENOR,CM,,SERVICIO ADMINISTRATIVO EN CONTROL PATRIMONIAL .,745,18,2.3. 2  9. 1  1,LOCACION DE SERVICIOS REALIZADOS POR PERSONAS NATURALES RELACIONADAS AL ROL DE LA ENTIDAD,5000.00,Compromiso
2026,1028,03,S,526,04/03/2026 00:00:00,10748343933,LOZANO BAUTISTA BRENDA GERALDINE,106,CONTRATO MENOR,CM,,SERVICIO DE PROCESAMIENTO DE INFORMACI‡N DE INVENTARIOS  I .,746,18,2.3. 2  9. 1  1,LOCACION DE SERVICIOS REALIZADOS POR PERSONAS NATURALES RELACIONADAS AL ROL DE LA ENTIDAD,4500.00,Compromiso
2026,1028,03,S,527,04/03/2026 00:00:00,10421303032,PONCE ASENCIOS JUAN MANUEL,106,CONTRATO MENOR,CM,,SERVICIO DE PROCESAMIENTO DE INFORMACI‡N DE INVENTARIOS  II .,747,18,2.3. 2  9. 1  1,LOCACION DE SERVICIOS REALIZADOS POR PERSONAS NATURALES RELACIONADAS AL ROL DE LA ENTIDAD,4500.00,Compromiso
2026,1028,03,S,528,04/03/2026 00:00:00,10730127770,LOZANO TELLO MARIELA NICOL,106,CONTRATO MENOR,CM,,SERVICIO DE SEGUIMIENTO DE ACTIVIDADES ADMINISTRATIVOS.,748,18,2.3. 2  9. 1  1,LOCACION DE SERVICIOS REALIZADOS POR PERSONAS NATURALES RELACIONADAS AL ROL DE LA ENTIDAD,4000.00,Compromiso
2026,1028,03,S,529,04/03/2026 00:00:00,10702292889,LLAGAS REYNA GABRIEL ALEJANDRO,106,CONTRATO MENOR,CM,,SERVICIO DE BUSQUEDA DE BIENES FALTANTES DE INVENTARIO FISICO.,749,18,2.3. 2  9. 1  1,LOCACION DE SERVICIOS REALIZADOS POR PERSONAS NATURALES RELACIONADAS AL ROL DE LA ENTIDAD,4000.00,Compromiso
2026,1028,03,S,530,04/03/2026 00:00:00,10747621522,MU•OZ CARRILLO JOHN STEVEN RICARDO,106,CONTRATO MENOR,CM,,SERVICIO DE ASISTENCIA EN PROCESAMIENTO DE BASE DE DATOS.,750,18,2.3. 2  9. 1  1,LOCACION DE SERVICIOS REALIZADOS POR PERSONAS NATURALES RELACIONADAS AL ROL DE LA ENTIDAD,4000.00,Compromiso
2026,1028,03,S,531,04/03/2026 00:00:00,10764379166,URBANO ROMAN JUNIOR FRANCISCO VICTOR,106,CONTRATO MENOR,CM,,SERVICIO DE INVENTARIO DE EXISTENCIAS DE ALMACEN I .,751,18,2.3. 2  9. 1  1,LOCACION DE SERVICIOS REALIZADOS POR PERSONAS NATURALES RELACIONADAS AL ROL DE LA ENTIDAD,3500.00,Compromiso
2026,1028,03,S,532,04/03/2026 00:00:00,10467318158,VEGA REATEGUI JUANA  AURORA,106,CONTRATO MENOR,CM,,SERVICIO DE INVENTARIO DE EXISTENCIAS DE ALMACEN II.,752,18,2.3. 2  9. 1  1,LOCACION DE SERVICIOS REALIZADOS POR PERSONAS NATURALES RELACIONADAS AL ROL DE LA ENTIDAD,3500.00,Compromiso
2026,1028,03,S,533,04/03/2026 00:00:00,10452694340,VALVERDE ALIAGA DENNIS COOPER,106,CONTRATO MENOR,CM,,.SERVICIO INVENTARIADOR P/TOMA DE INVENTARIO FISICO DE BIENES PATRIM.Y EXIST. ALMACEN I .,753,18,2.3. 2  9. 1  1,LOCACION DE SERVICIOS REALIZADOS POR PERSONAS NATURALES RELACIONADAS AL ROL DE LA ENTIDAD,3000.00,Compromiso
2026,1028,03,S,534,04/03/2026 00:00:00,10776910142,CAMASCA ECHEVARRIA ROBERTO DAVID,106,CONTRATO MENOR,CM,,SERVICIO INVENTARIADOR P/TOMA DE INVENTARIO FISICO DE BIENES PATRIM.Y EXIST. ALMACEN II .,754,18,2.3. 2  9. 1  1,LOCACION DE SERVICIOS REALIZADOS POR PERSONAS NATURALES RELACIONADAS AL ROL DE LA ENTIDAD,3000.00,Compromiso
2026,1028,03,S,535,04/03/2026 00:00:00,10401591406,PRADO TORRES JOSE MARTIN,106,CONTRATO MENOR,CM,,SERVICIO INVENTARIADOR P/TOMA DE INVENTARIO FISICO DE BIENES PATRIM.Y EXIST. ALMACEN III.,755,18,2.3. 2  9. 1  1,LOCACION DE SERVICIOS REALIZADOS POR PERSONAS NATURALES RELACIONADAS AL ROL DE LA ENTIDAD,3000.00,Compromiso
2026,1028,03,S,536,04/03/2026 00:00:00,10403874421,MANCHEGO MORALES JOSE OMAR,106,CONTRATO MENOR,CM,,SERVICIO DE INVENTARIO DE PREDIOS.,756,18,2.3. 2  9. 1  1,LOCACION DE SERVICIOS REALIZADOS POR PERSONAS NATURALES RELACIONADAS AL ROL DE LA ENTIDAD,3000.00,Compromiso
2026,1028,03,S,537,04/03/2026 00:00:00,10753619955,BALCAZAR TRUJILLO YAZMIN ALEXA,106,CONTRATO MENOR,CM,,SERVICIO DE DIGITACI‡N I .,757,18,2.3. 2  9. 1  1,LOCACION DE SERVICIOS REALIZADOS POR PERSONAS NATURALES RELACIONADAS AL ROL DE LA ENTIDAD,3000.00,Compromiso
2026,1028,03,S,538,04/03/2026 00:00:00,10166935437,FERNANDEZ RIOJA DANY DANIA,106,CONTRATO MENOR,CM,,SERVICIO DE DIGITACI‡N II.,758,18,2.3. 2  9. 1  1,LOCACION DE SERVICIOS REALIZADOS POR PERSONAS NATURALES RELACIONADAS AL ROL DE LA ENTIDAD,3000.00,Compromiso
2026,1028,03,S,539,04/03/2026 00:00:00,10094469835,SOLIS MAITA LUIS JESUS,106,CONTRATO MENOR,CM,,SERVICIO DE DIGITACI‡N III .,759,18,2.3. 2  9. 1  1,LOCACION DE SERVICIOS REALIZADOS POR PERSONAS NATURALES RELACIONADAS AL ROL DE LA ENTIDAD,3000.00,Compromiso
2026,1028,03,S,540,04/03/2026 00:00:00,10099319203,MU•OZ MONCADA ANA CECILIA,106,CONTRATO MENOR,CM,,SERVICIO DE DIGITACI‡N IV .,760,18,2.3. 2  9. 1  1,LOCACION DE SERVICIOS REALIZADOS POR PERSONAS NATURALES RELACIONADAS AL ROL DE LA ENTIDAD,3000.00,Compromiso
2026,1028,03,S,541,04/03/2026 00:00:00,10717444341,CORDOVA FLORES JOSUE PEDRO,106,CONTRATO MENOR,CM,,SERVICIO DE INVENTARIO DE BIENES MUEBLES I .,761,18,2.3. 2  9. 1  1,LOCACION DE SERVICIOS REALIZADOS POR PERSONAS NATURALES RELACIONADAS AL ROL DE LA ENTIDAD,2500.00,Compromiso
2026,1028,03,S,542,04/03/2026 00:00:00,10719179971,FUENTES MEDINA NICOLE FRANCCESCA,106,CONTRATO MENOR,CM,,SERVICIO DE INVENTARIO DE BIENES MUEBLES II .,762,18,2.3. 2  9. 1  1,LOCACION DE SERVICIOS REALIZADOS POR PERSONAS NATURALES RELACIONADAS AL ROL DE LA ENTIDAD,2500.00,Compromiso
2026,1028,03,S,543,04/03/2026 00:00:00,10253304583,MU•OZ REFORME MARCOS JOHNNY,106,CONTRATO MENOR,CM,,SERVICIO DE INVENTARIO DE BIENES MUEBLES III .,763,18,2.3. 2  9. 1  1,LOCACION DE SERVICIOS REALIZADOS POR PERSONAS NATURALES RELACIONADAS AL ROL DE LA ENTIDAD,2500.00,Compromiso
2026,1028,03,S,544,04/03/2026 00:00:00,10067497827,GONZALES EFIO GRACIANO DEMETRIO,106,CONTRATO MENOR,CM,,SERVICIO DE INVENTARIO DE BIENES MUEBLES IV .,764,18,2.3. 2  9. 1  1,LOCACION DE SERVICIOS REALIZADOS POR PERSONAS NATURALES RELACIONADAS AL ROL DE LA ENTIDAD,2500.00,Compromiso
2026,1028,03,S,545,04/03/2026 00:00:00,10403413441,PALACIOS OCA•A MIGUELINA DOMINGA,106,CONTRATO MENOR,CM,,SERVICIO DE INVENTARIO DE BIENES MUEBLES V .,765,18,2.3. 2  9. 1  1,LOCACION DE SERVICIOS REALIZADOS POR PERSONAS NATURALES RELACIONADAS AL ROL DE LA ENTIDAD,2500.00,Compromiso
2026,1028,03,S,546,04/03/2026 00:00:00,10800997785,GUERRERO CASTRO CARLOS ALFONSO,106,CONTRATO MENOR,CM,,SERVICIO DE LEVANTAMIENTO DE INFORMACI‡N DE BIENES MUEBLES I .,766,18,2.3. 2  9. 1  1,LOCACION DE SERVICIOS REALIZADOS POR PERSONAS NATURALES RELACIONADAS AL ROL DE LA ENTIDAD,2500.00,Compromiso
2026,1028,03,S,547,04/03/2026 00:00:00,10257010487,OLAYA PIMENTEL MARCO ANTONIO,106,CONTRATO MENOR,CM,,SERVICIO DE LEVANTAMIENTO DE INFORMACI‡N DE BIENES MUEBLES II .,767,18,2.3. 2  9. 1  1,LOCACION DE SERVICIOS REALIZADOS POR PERSONAS NATURALES RELACIONADAS AL ROL DE LA ENTIDAD,2500.00,Compromiso
2026,1028,03,S,548,04/03/2026 00:00:00,10721927216,JIMENEZ DIAZ EMANUEL,106,CONTRATO MENOR,CM,,SERVICIO DE LEVANTAMIENTO DE INFORMACI‡N DE BIENES MUEBLES III.,768,18,2.3. 2  9. 1  1,LOCACION DE SERVICIOS REALIZADOS POR PERSONAS NATURALES RELACIONADAS AL ROL DE LA ENTIDAD,2500.00,Compromiso
2026,1028,03,S,549,04/03/2026 00:00:00,10727797764,AVILES ASALDE JIMENA PATRICIA,106,CONTRATO MENOR,CM,,SERVICIO DE INVENTARIO I.,769,18,2.3. 2  9. 1  1,LOCACION DE SERVICIOS REALIZADOS POR PERSONAS NATURALES RELACIONADAS AL ROL DE LA ENTIDAD,2000.00,Compromiso
2026,1028,03,S,550,04/03/2026 00:00:00,10405792155,LOPEZ FLORES GLENY,106,CONTRATO MENOR,CM,,SERVICIO DE INVENTARIO II.,770,18,2.3. 2  9. 1  1,LOCACION DE SERVICIOS REALIZADOS POR PERSONAS NATURALES RELACIONADAS AL ROL DE LA ENTIDAD,2000.00,Compromiso
2026,1028,03,S,551,04/03/2026 00:00:00,10704556549,NIKER BELLIDO MARTINEZ,106,CONTRATO MENOR,CM,,SERVICIO DE CONDUCCION DE VEHICULO.,743,18,2.3. 2  9. 1  1,LOCACION DE SERVICIOS REALIZADOS POR PERSONAS NATURALES RELACIONADAS AL ROL DE LA ENTIDAD,3000.00,Compromiso
2026,1028,03,S,552,04/03/2026 00:00:00,10418767664,TERRONES MARI•OS CESAR ALBERTO,106,CONTRATO MENOR,CM,,SERVICIO DE SEGUIMIENTO Y MONITOREO DE LAS OBRAS II PARA COORDINACION DE LA EJECUCI‡N DE INVERSIONES,697,18,2.3. 2  9. 1  1,LOCACION DE SERVICIOS REALIZADOS POR PERSONAS NATURALES RELACIONADAS AL ROL DE LA ENTIDAD,21000.00,Compromiso
2026,1028,03,S,553,04/03/2026 00:00:00,10401112737,PINTO ARMAS VANESSA PAOLA,106,CONTRATO MENOR,CM,,"SERVICIO DE AMBIENTACI‡N, DECORACI‡N E IMPLEMENTACI‡N DE ESCENARIO EN AUDITORIO PARA EL DESARROLLO",661,18,2.3. 2  7. 9 99,OTROS RELACIONADOS A ORGANIZACION DE EVENTOS,40000.00,Compromiso
2026,1028,03,S,554,04/03/2026 00:00:00,10726383729,ESPINO RODRIGUEZ RICHARD STEPHEN,106,CONTRATO MENOR,CM,,SERVICIO DE SEGUIMIENTO Y MONITOREO DE LAS OBRAS III PARA COORDINACION DE LA EJECUCI‡N DE INVERSIONE,698,18,2.3. 2  9. 1  1,LOCACION DE SERVICIOS REALIZADOS POR PERSONAS NATURALES RELACIONADAS AL ROL DE LA ENTIDAD,28000.00,Compromiso
2026,1028,03,S,555,04/03/2026 00:00:00,10316762862,HENRY FREDERYCK ROSALES VELASQUEZ,106,CONTRATO MENOR,CM,,SERVICIO DE SEGUIMIENTO Y MONITOREO DE LAS OBRAS PARA COORDINACION DE LA EJECUCI‡N DE INVERSIONES DE,699,18,2.3. 2  9. 1  1,LOCACION DE SERVICIOS REALIZADOS POR PERSONAS NATURALES RELACIONADAS AL ROL DE LA ENTIDAD,24000.00,Compromiso
2026,1028,03,S,556,04/03/2026 00:00:00,10102507725,RUJEL TAVARA DAVID BENJAMIN,106,CONTRATO MENOR,CM,,SERVICIO DE ALIMENTACI‡N DE PERSONAS - CATERING PARA EL DESARROLLO,665,18,2.3. 2  7.11  5,SERVICIOS DE ALIMENTACION DE CONSUMO HUMANO,28000.00,Compromiso
2026,1028,03,S,557,04/03/2026 00:00:00,10084777078,OROSCO LEON JOSE LUIS,106,CONTRATO MENOR,CM,,SERVICIO ESPECIALIZADO EN LIQUIDACION DE PROYECTOS DE INVERSION PARA LA OFICINA DE CONSTRUCCION Y VI,700,18,2.3. 2  9. 1  1,LOCACION DE SERVICIOS REALIZADOS POR PERSONAS NATURALES RELACIONADAS AL ROL DE LA ENTIDAD,24000.00,Compromiso
2026,1028,03,S,558,04/03/2026 00:00:00,20608136691,EFICASERVIX E.I.R.L.,106,CONTRATO MENOR,CM,,SERVICIO DE ALQUILER DE MOBILIARIO Y ESTRUCTURAS METµLICAS PARA EL DESARROLLO,666,18,2.3. 2  5. 1  3,DE MOBILIARIO Y SIMILARES,43000.00,Compromiso
2026,1028,03,S,559,04/03/2026 00:00:00,10466310064,CANTORAL DELGADILLO CATHERINE SARA,106,CONTRATO MENOR,CM,,SERVICIO ESPECIALIZADO EN LIQUIDACION DE PROYECTOS DE INVERSION I PARA LA OFICINA DE CONSTRUCCION,701,18,2.3. 2  9. 1  1,LOCACION DE SERVICIOS REALIZADOS POR PERSONAS NATURALES RELACIONADAS AL ROL DE LA ENTIDAD,24000.00,Compromiso
2026,1028,03,S,560,04/03/2026 00:00:00,10077733804,CECILIA ELISA MONTENEGRO JOO,106,CONTRATO MENOR,CM,,SERVICIO DE ARQUITECTURA DE PROYECTOS DE INVERSION PARA LA OFICINA DE CONSTRUCCION Y VIALIDAD DE LA,702,18,2.3. 2  9. 1  1,LOCACION DE SERVICIOS REALIZADOS POR PERSONAS NATURALES RELACIONADAS AL ROL DE LA ENTIDAD,24000.00,Compromiso
2026,1028,03,S,561,04/03/2026 00:00:00,20610253882,MISAICO PRODUCCIONES S.A.C.,106,CONTRATO MENOR,CM,,SERVICIO DE ALQUILER DE EQUIPOS AUDIOVISUALES PARA EL DESARROLLO,667,18,2.3. 2  5. 1  4,DE MAQUINARIAS Y EQUIPOS,43500.00,Compromiso
2026,1028,03,S,562,04/03/2026 00:00:00,20601273391,CRIVER NEGOCIOS INTEGRALES SOCIEDAD ANONIMA CERRADA - CRIVER NEGOCIOS INTEGRALES S.A.C.,106,CONTRATO MENOR,CM,,SERVICIO DE ALQUILER DE EQUIPO ELECTR‡GENO PARA EL DESARROLLO,668,18,2.3. 2  5. 1  4,DE MAQUINARIAS Y EQUIPOS,12000.00,Compromiso
2026,1028,03,S,563,04/03/2026 00:00:00,10086566805,MIRANDA BUENO SANTOS RAFAEL,106,CONTRATO MENOR,CM,,SERVICIO ESPECIALIZADO EN INGENIERIA ELECTRICA PARA LA OFICINA DE CONSTRUCCION Y VIALIDAD DE LA GERE,703,18,2.3. 2  9. 1  1,LOCACION DE SERVICIOS REALIZADOS POR PERSONAS NATURALES RELACIONADAS AL ROL DE LA ENTIDAD,24000.00,Compromiso
2026,1028,03,S,564,04/03/2026 00:00:00,10476916114,LEON ANAYA LARISSA KATERING,106,CONTRATO MENOR,CM,,SERVICIO DE ELABORACION DE EXPEDIENTES TECNICOS PARA INSTALACIONES SANITARIAS DE LOS PROYECTOS DE ED,704,18,2.3. 2  9. 1  1,LOCACION DE SERVICIOS REALIZADOS POR PERSONAS NATURALES RELACIONADAS AL ROL DE LA ENTIDAD,32000.00,Compromiso
2026,1028,03,S,565,04/03/2026 00:00:00,10723543709,REDUCINDO TORRES JEANNPIERR JAINER,106,CONTRATO MENOR,CM,,SERVICIO ESPECIALIZADO EN MATERIA LEGAL EN GESTION PUBLICA PARA LA OFICINA DE CONSTRUCCION Y VIALIDA,705,18,2.3. 2  9. 1  1,LOCACION DE SERVICIOS REALIZADOS POR PERSONAS NATURALES RELACIONADAS AL ROL DE LA ENTIDAD,40000.00,Compromiso
2026,1028,03,S,566,04/03/2026 00:00:00,10701894958,LUIS ALBERTO LLANOS JULCARIMA,106,CONTRATO MENOR,CM,,SERVICIO DE COORDINACION DE PROYECTOS DE INVERSION PARA LA OFICINA DE CONSTRUCCI‡N Y VIALIDAD DE LA,706,18,2.3. 2  9. 1  1,LOCACION DE SERVICIOS REALIZADOS POR PERSONAS NATURALES RELACIONADAS AL ROL DE LA ENTIDAD,14000.00,Compromiso
2026,1028,03,S,567,04/03/2026 00:00:00,10468409572,MELISSA MARCELINA CORZO PENADILLO,106,CONTRATO MENOR,CM,,SERVICIO DE ASISTENCIA PARA DESPACHO DE DOCUMENTOS DE SECRETARIA DE LA OFICINA DE CONSTRUCCION Y VIA,707,18,2.3. 2  9. 1  1,LOCACION DE SERVICIOS REALIZADOS POR PERSONAS NATURALES RELACIONADAS AL ROL DE LA ENTIDAD,14000.00,Compromiso
2026,1028,03,S,568,04/03/2026 00:00:00,10477078163,VILELA OJEDA GABRIELA DEL PILAR,106,CONTRATO MENOR,CM,,SERVICIO DE ASISTENCIA TECNICA ADMINISTRATIVA PARA LA OFICINA DE CONSTRUCCION Y VIALIDAD DE LA GEREN,708,18,2.3. 2  9. 1  1,LOCACION DE SERVICIOS REALIZADOS POR PERSONAS NATURALES RELACIONADAS AL ROL DE LA ENTIDAD,10500.00,Compromiso
2026,1028,03,S,569,04/03/2026 00:00:00,10465897444,MEDINA PERALTA CHRISTIAN DANIEL,106,CONTRATO MENOR,CM,,SERVICIO DE ARQUITECTURA DE PROYECTOS PARA EL PLAN DE CONTINGENCIA DE LA OFICINA DE CONSTRUCCION Y V,709,18,2.3. 2  9. 1  1,LOCACION DE SERVICIOS REALIZADOS POR PERSONAS NATURALES RELACIONADAS AL ROL DE LA ENTIDAD,14000.00,Compromiso
2026,1028,03,S,570,04/03/2026 00:00:00,10763147083,CROSBY TINUCO MARYCIELO,106,CONTRATO MENOR,CM,,SERVICIO DE ARQUITECTURA DE PROYECTOS II DE INVERSION PARA LA OFICINA DE CONSTRUCCION Y VIALIDAD DE,710,18,2.3. 2  9. 1  1,LOCACION DE SERVICIOS REALIZADOS POR PERSONAS NATURALES RELACIONADAS AL ROL DE LA ENTIDAD,15000.00,Compromiso
2026,1028,03,S,571,04/03/2026 00:00:00,10403466803,RODRIGUEZ RIVAS ROLANDO JOHAN,106,CONTRATO MENOR,CM,,SERVICIO ESPECIALIZADO EN INGENIERIA ELECTRONICA EN AUTOMATIZACION Y CONTROL PARA LA OFICINA DE CONS,711,18,2.3. 2  9. 1  1,LOCACION DE SERVICIOS REALIZADOS POR PERSONAS NATURALES RELACIONADAS AL ROL DE LA ENTIDAD,24000.00,Compromiso
2026,1028,03,S,572,04/03/2026 00:00:00,10455152874,CASTILLO LARA MARIE ANTOINETTE LUCIANA,106,CONTRATO MENOR,CM,,SERVICIO ESPECIALIZADO EN MATERIA LEGAL PARA LA OFICINA DE CONSTRUCCION Y VIALIDAD DE LA GERENCIA RE,712,18,2.3. 2  9. 1  1,LOCACION DE SERVICIOS REALIZADOS POR PERSONAS NATURALES RELACIONADAS AL ROL DE LA ENTIDAD,32000.00,Compromiso
2026,1028,03,S,573,04/03/2026 00:00:00,10404918015,BARDON RAMOS MARIO FRANCISCO,106,CONTRATO MENOR,CM,,SERVICIO DE ASISTENCIA TECNICA EN PROYECTOS DE INVERSION PUBLICA PARA LA OFICINA DE CONSTRUCCION Y V,713,18,2.3. 2  9. 1  1,LOCACION DE SERVICIOS REALIZADOS POR PERSONAS NATURALES RELACIONADAS AL ROL DE LA ENTIDAD,26000.00,Compromiso
2026,1028,03,S,574,04/03/2026 00:00:00,10707927530,RAMOS DIAZ JHULIANA,106,CONTRATO MENOR,CM,,SERVICIO DE GESTION ADMINISTRATIVA PARA LA OFICINA DE CONSTRUCCION Y VIALIDAD DE LA GERENCIA REGIONA,714,18,2.3. 2  9. 1  1,LOCACION DE SERVICIOS REALIZADOS POR PERSONAS NATURALES RELACIONADAS AL ROL DE LA ENTIDAD,14000.00,Compromiso
2026,1028,03,S,575,04/03/2026 00:00:00,10718313665,DIAZ HUERTA STEPHANIE SHARON,106,CONTRATO MENOR,CM,,SERVICIO ADMINISTRATIVO EN LOGISTICA.,715,18,2.3. 2  9. 1  1,LOCACION DE SERVICIOS REALIZADOS POR PERSONAS NATURALES RELACIONADAS AL ROL DE LA ENTIDAD,18000.00,Compromiso
2026,1028,03,S,576,04/03/2026 00:00:00,10736554033,CHRISTIAN MANUEL CANALES GARCIA,106,CONTRATO MENOR,CM,,SERVICIO DE ELABORACON DE CONTENIDOS COMUNICACIONALES.,716,18,2.3. 2  9. 1  1,LOCACION DE SERVICIOS REALIZADOS POR PERSONAS NATURALES RELACIONADAS AL ROL DE LA ENTIDAD,5500.00,Compromiso
2026,1028,03,S,577,04/03/2026 00:00:00,10700228571,LAZO PACHECO DANITZA TRINIDAD.,106,CONTRATO MENOR,CM,,SERVICIO DE GESTI‡N EN ACTIVIDADES DEL MEDIO AMBIENTE .,717,18,2.3. 2  9. 1  1,LOCACION DE SERVICIOS REALIZADOS POR PERSONAS NATURALES RELACIONADAS AL ROL DE LA ENTIDAD,6000.00,Compromiso
2026,1028,03,S,578,04/03/2026 00:00:00,10470878016,SACRAVILCA CASANOVA AMPARO MARILYN,106,CONTRATO MENOR,CM,,SERVICIO ESPECIALIZADO EN INGENIERIA AMBIENTAL.,718,18,2.3. 2  9. 1  1,LOCACION DE SERVICIOS REALIZADOS POR PERSONAS NATURALES RELACIONADAS AL ROL DE LA ENTIDAD,6000.00,Compromiso
2026,1028,03,S,579,04/03/2026 00:00:00,10728439004,ALIAGA ORTIZ MIRLA GERALDIN,106,CONTRATO MENOR,CM,,SERVICIO ESPECIALIZADO EN MATERIA LEGAL EN GESTI‡N PÈBLICA.,719,18,2.3. 2  9. 1  1,LOCACION DE SERVICIOS REALIZADOS POR PERSONAS NATURALES RELACIONADAS AL ROL DE LA ENTIDAD,18000.00,Compromiso
2026,1028,03,S,580,04/03/2026 00:00:00,10454976059,MEDINA OROPEZA CHRISTIAN ALBERT,106,CONTRATO MENOR,CM,,SERVICIO DE ASISTENCIA TECNICA EN INGENIER÷A.,720,18,2.3. 2  9. 1  1,LOCACION DE SERVICIOS REALIZADOS POR PERSONAS NATURALES RELACIONADAS AL ROL DE LA ENTIDAD,21000.00,Compromiso
2026,1028,03,S,581,04/03/2026 00:00:00,10433181412,MIRANDA VELARDE SILA GABRIELA,106,CONTRATO MENOR,CM,,"SERVICIO DE GESTI‡N, ANµLISIS Y ATENCI‡N ADMINISTRATIVA.",721,18,2.3. 2  9. 1  1,LOCACION DE SERVICIOS REALIZADOS POR PERSONAS NATURALES RELACIONADAS AL ROL DE LA ENTIDAD,12000.00,Compromiso
2026,1028,03,S,582,04/03/2026 00:00:00,10468940031,CRUZ VEGA SUSY BEATRIZ,106,CONTRATO MENOR,CM,,SERVICIO DE EVALUACION EN TEMAS AMBIENTALES.,722,18,2.3. 2  9. 1  1,LOCACION DE SERVICIOS REALIZADOS POR PERSONAS NATURALES RELACIONADAS AL ROL DE LA ENTIDAD,19500.00,Compromiso
2026,1028,03,S,583,04/03/2026 00:00:00,10705041739,JIMENEZ VASQUEZ ALEX RAUL,106,CONTRATO MENOR,CM,,SERVICIO ESPECIALIZADO EN SISTEMAS DE INFORMACION GEOGRAFICA II.,723,18,2.3. 2  9. 1  1,LOCACION DE SERVICIOS REALIZADOS POR PERSONAS NATURALES RELACIONADAS AL ROL DE LA ENTIDAD,16500.00,Compromiso
2026,1028,03,S,583,04/03/2026 00:00:00,10705041739,JIMENEZ VASQUEZ ALEX RAUL,106,CONTRATO MENOR,CM,,SERVICIO ESPECIALIZADO EN SISTEMAS DE INFORMACION GEOGRAFICA II.,723,18,2.3. 2  9. 1  1,LOCACION DE SERVICIOS REALIZADOS POR PERSONAS NATURALES RELACIONADAS AL ROL DE LA ENTIDAD,-5500.00,Rebaja
2026,1028,03,S,584,04/03/2026 00:00:00,10480367532,PESCETTO CHAVEZ CESAR JOSEPH,106,CONTRATO MENOR,CM,,SERVICIOS ESPECIALIZADOS EN MEDIO AMBIENTE.,724,18,2.3. 2  9. 1  1,LOCACION DE SERVICIOS REALIZADOS POR PERSONAS NATURALES RELACIONADAS AL ROL DE LA ENTIDAD,7000.00,Compromiso
2026,1028,03,S,585,05/03/2026 00:00:00,20553556903,JP GROUP SOLUTIONS S.A.C.,106,CONTRATO MENOR,CM,,SERVICIO DE SHOW ART÷STICO PARA EL DESARROLLO,730,18,2.3. 2  7.10  1,"SEMINARIOS ,TALLERES Y SIMILARES ORGANIZADOS POR LA  INSTITUCION",43000.00,Compromiso
2026,1028,03,S,586,05/03/2026 00:00:00,20601273391,CRIVER NEGOCIOS INTEGRALES SOCIEDAD ANONIMA CERRADA - CRIVER NEGOCIOS INTEGRALES S.A.C.,106,CONTRATO MENOR,CM,,ALQUILER DE JUEGOS INFANTILES,731,18,2.3. 2  5. 1 99,DE OTROS BIENES Y ACTIVOS,10000.00,Compromiso
2026,1028,03,S,587,05/03/2026 00:00:00,20606535679,REPRESENTACIONES AYLLU E.I.R.L.,106,CONTRATO MENOR,CM,,ALQUILER DE SANITARIO QU÷MICO PORTµTIL,732,18,2.3. 2  5. 1 99,DE OTROS BIENES Y ACTIVOS,10000.00,Compromiso
2026,1028,03,S,588,05/03/2026 00:00:00,20612254771,NEGOCIOS & INVERSIONES TRADING M E.I.R.L,106,CONTRATO MENOR,CM,,SERVICIO DE PRODUCCI‡N FOTOGRµFICA,733,18,2.3. 2  7.10  1,"SEMINARIOS ,TALLERES Y SIMILARES ORGANIZADOS POR LA  INSTITUCION",20000.00,Compromiso
2026,1028,03,S,589,05/03/2026 00:00:00,20522337804,A MARELO PRODUCCIONES S.R.L,106,CONTRATO MENOR,CM,,SERVICIO DE ALQUILER DE ‡MNIBUS PARA EL DESARROLLO,734,18,2.3. 2  5. 1  2,DE VEHICULOS,20000.00,Compromiso
2026,1028,03,S,590,05/03/2026 00:00:00,20566537673,INVERSIONES MATVEN S.A.C,106,CONTRATO MENOR,CM,,SERVICIO DE ORGANIZACION DE EVENTO VIVA LA MUJER CHALACA,736,18,2.3. 2  7. 9 99,OTROS RELACIONADOS A ORGANIZACION DE EVENTOS,35100.00,Compromiso
2026,1028,03,S,591,05/03/2026 00:00:00,10717969133,PAREDES LAGOS ANTHONY JAVIER,106,CONTRATO MENOR,CM,,SERVICIO DE ENSE•ANZA DE ACTIVIDADES DEPORTIVAS DE AJEDREZ: ?INCREMENTO DE ACTIVIDADES DEPORTIVAS Y RECREATIVAS EN LA POBLACI‡N CHALACA?,771,18,2.3. 2  9. 1  1,LOCACION DE SERVICIOS REALIZADOS POR PERSONAS NATURALES RELACIONADAS AL ROL DE LA ENTIDAD,2400.00,Compromiso
2026,1028,03,S,592,05/03/2026 00:00:00,10438886872,SILVA MONDRAGON SUSANA JANETH,106,CONTRATO MENOR,CM,,SERVICIO DE ENSE•ANZA DE ACTIVIDADES DEPORTIVAS DE BAILE Y AEROBICOS: ?INCREMENTO DE ACTIVIDADES DEPORTIVAS Y RECREATIVAS EN LA POBLACI‡N CHALACA?,1013,18,2.3. 2  9. 1  1,LOCACION DE SERVICIOS REALIZADOS POR PERSONAS NATURALES RELACIONADAS AL ROL DE LA ENTIDAD,3600.00,Compromiso
2026,1028,03,S,593,05/03/2026 00:00:00,10440273292,AGUIRRE BELTRAN PEDRO FERNANDO,106,CONTRATO MENOR,CM,,SERVICIO DE ENSE•ANZA DE ACTIVIDADES DEPORTIVAS DE ATLETISMO I: ?INCREMENTO DE ACTIVIDADES DEPORTIVAS Y RECREATIVAS EN LA POBLACI‡N CHALACA?,1014,18,2.3. 2  9. 1  1,LOCACION DE SERVICIOS REALIZADOS POR PERSONAS NATURALES RELACIONADAS AL ROL DE LA ENTIDAD,2700.00,Compromiso
2026,1028,03,S,594,05/03/2026 00:00:00,10702474731,MORALES BENDEZU KEVIN JOSE,106,CONTRATO MENOR,CM,,SERVICIO DE ENSE•ANZA DE ACTIVIDADES DEPORTIVAS DE ATLETISMO II: ?INCREMENTO DE ACTIVIDADES DEPORTIVAS Y RECREATIVAS EN LA POBLACI‡N CHALACA?,1015,18,2.3. 2  9. 1  1,LOCACION DE SERVICIOS REALIZADOS POR PERSONAS NATURALES RELACIONADAS AL ROL DE LA ENTIDAD,2700.00,Compromiso
2026,1028,03,S,595,05/03/2026 00:00:00,10713860218,ARCOS MIGUEL NIXON LUIS,106,CONTRATO MENOR,CM,,SERVICIO DE ENSE•ANZA DE ACTIVIDADES DEPORTIVAS DE BASQUETBOL I: ?INCREMENTO DE ACTIVIDADES DEPORTIVAS Y RECREATIVAS EN LA POBLACI‡N CHALACA?,1016,18,2.3. 2  9. 1  1,LOCACION DE SERVICIOS REALIZADOS POR PERSONAS NATURALES RELACIONADAS AL ROL DE LA ENTIDAD,2400.00,Compromiso
2026,1028,03,S,596,05/03/2026 00:00:00,10093132225,PIPA SANCHEZ ROBERTO CARLOS,106,CONTRATO MENOR,CM,,SERVICIO DE ENSE•ANZA DE ACTIVIDADES DEPORTIVAS DE BASQUETBOL II: ?INCREMENTO DE ACTIVIDADES DEPORTIVAS Y RECREATIVAS EN LA POBLACI‡N CHALACA?,1017,18,2.3. 2  9. 1  1,LOCACION DE SERVICIOS REALIZADOS POR PERSONAS NATURALES RELACIONADAS AL ROL DE LA ENTIDAD,2700.00,Compromiso
2026,1028,03,S,597,05/03/2026 00:00:00,10401847257,PERALTA EGUIZABAL SHEYLA KATIUSHKA,106,CONTRATO MENOR,CM,,SERVICIO DE ENSE•ANZA DE ACTIVIDADES DEPORTIVAS DE BASQUETBOL III: ?INCREMENTO DE ACTIVIDADES DEPORTIVAS Y RECREATIVAS EN LA POBLACI‡N CHALACA?,1018,18,2.3. 2  9. 1  1,LOCACION DE SERVICIOS REALIZADOS POR PERSONAS NATURALES RELACIONADAS AL ROL DE LA ENTIDAD,2700.00,Compromiso
2026,1028,03,S,598,05/03/2026 00:00:00,10254669488,HERRERA SAUCEDO JOSE ANTONIO,106,CONTRATO MENOR,CM,,SERVICIO DE ENSE•ANZA DE ACTIVIDADES DEPORTIVAS DE BEISBOL: ?INCREMENTO DE ACTIVIDADES DEPORTIVAS Y RECREATIVAS EN LA POBLACI‡N CHALACA?,1019,18,2.3. 2  9. 1  1,LOCACION DE SERVICIOS REALIZADOS POR PERSONAS NATURALES RELACIONADAS AL ROL DE LA ENTIDAD,1800.00,Compromiso
2026,1028,03,S,599,05/03/2026 00:00:00,10727336031,ROA SANDOVAL DAVID JONATHAN,106,CONTRATO MENOR,CM,,SERVICIO DE ENSE•ANZA DE ACTIVIDADES DEPORTIVAS DE BOXEO I: ?INCREMENTO DE ACTIVIDADES DEPORTIVAS Y RECREATIVAS EN LA POBLACI‡N CHALACA?,1020,18,2.3. 2  9. 1  1,LOCACION DE SERVICIOS REALIZADOS POR PERSONAS NATURALES RELACIONADAS AL ROL DE LA ENTIDAD,2700.00,Compromiso
2026,1028,03,S,600,05/03/2026 00:00:00,10716566248,TAMAY REVILLA RICARDO,106,CONTRATO MENOR,CM,,SERVICIO DE ENSE•ANZA DE ACTIVIDADES DEPORTIVAS DE BOXEO II: ?INCREMENTO DE ACTIVIDADES DEPORTIVAS Y RECREATIVAS EN LA POBLACI‡N CHALACA?,1021,18,2.3. 2  9. 1  1,LOCACION DE SERVICIOS REALIZADOS POR PERSONAS NATURALES RELACIONADAS AL ROL DE LA ENTIDAD,2700.00,Compromiso
2026,1028,03,S,601,05/03/2026 00:00:00,10717296635,CABRERA VILLACORTA SERGIO JESUS,106,CONTRATO MENOR,CM,,SERVICIO DE ENSE•ANZA DE ACTIVIDADES DEPORTIVAS DE CAPOEIRA: ?INCREMENTO DE ACTIVIDADES DEPORTIVAS Y RECREATIVAS EN LA POBLACI‡N CHALACA?,1022,18,2.3. 2  9. 1  1,LOCACION DE SERVICIOS REALIZADOS POR PERSONAS NATURALES RELACIONADAS AL ROL DE LA ENTIDAD,1800.00,Compromiso
2026,1028,03,S,602,05/03/2026 00:00:00,10705986873,FIGUEROA COLONIA MANUEL OSCAR,106,CONTRATO MENOR,CM,,SERVICIO DE ENSE•ANZA DE ACTIVIDADES DEPORTIVAS DE FITNESS TRAINING I: ?INCREMENTO DE ACTIVIDADES DEPORTIVAS Y RECREATIVAS EN LA POBLACI‡N CHALACA?,1023,18,2.3. 2  9. 1  1,LOCACION DE SERVICIOS REALIZADOS POR PERSONAS NATURALES RELACIONADAS AL ROL DE LA ENTIDAD,1800.00,Compromiso
2026,1028,03,S,603,05/03/2026 00:00:00,10717618012,SEGURA CAJACHAGUA FRANCISCO SALVADOR,106,CONTRATO MENOR,CM,,SERVICIO DE ENSE•ANZA DE ACTIVIDADES DEPORTIVAS DE FITNESS TRAINING II: ?INCREMENTO DE ACTIVIDADES DEPORTIVAS Y RECREATIVAS EN LA POBLACI‡N CHALACA?,1024,18,2.3. 2  9. 1  1,LOCACION DE SERVICIOS REALIZADOS POR PERSONAS NATURALES RELACIONADAS AL ROL DE LA ENTIDAD,2700.00,Compromiso
2026,1028,03,S,604,05/03/2026 00:00:00,10086879102,AGUI REYNOSO FEDERICO,106,CONTRATO MENOR,CM,,SERVICIO DE ENSE•ANZA DE ACTIVIDADES DEPORTIVAS DE FÈTBOL I: ?INCREMENTO DE ACTIVIDADES DEPORTIVAS Y RECREATIVAS EN LA POBLACI‡N CHALACA?,1025,18,2.3. 2  9. 1  1,LOCACION DE SERVICIOS REALIZADOS POR PERSONAS NATURALES RELACIONADAS AL ROL DE LA ENTIDAD,2700.00,Compromiso
2026,1028,03,S,605,05/03/2026 00:00:00,10704512347,CRUZ ARROYO PAOLO ALDAIR,106,CONTRATO MENOR,CM,,SERVICIO DE ENSE•ANZA DE ACTIVIDADES DEPORTIVAS DE FÈTBOL II: ?INCREMENTO DE ACTIVIDADES DEPORTIVAS Y RECREATIVAS EN LA POBLACI‡N CHALACA?,1026,18,2.3. 2  9. 1  1,LOCACION DE SERVICIOS REALIZADOS POR PERSONAS NATURALES RELACIONADAS AL ROL DE LA ENTIDAD,2700.00,Compromiso
2026,1028,03,S,606,05/03/2026 00:00:00,10103029843,AQUIJE ESTRADA DANNY EDU,106,CONTRATO MENOR,CM,,SERVICIO DE ENSE•ANZA DE ACTIVIDADES DEPORTIVAS DE FÈTBOL III: ?INCREMENTO DE ACTIVIDADES DEPORTIVAS Y RECREATIVAS EN LA POBLACI‡N CHALACA?,1027,18,2.3. 2  9. 1  1,LOCACION DE SERVICIOS REALIZADOS POR PERSONAS NATURALES RELACIONADAS AL ROL DE LA ENTIDAD,3000.00,Compromiso
2026,1028,03,S,607,05/03/2026 00:00:00,10740530106,GARRIDO LUYO HATZHAINM RULVENMERTH YASSETH,106,CONTRATO MENOR,CM,,SERVICIO DE ENSE•ANZA DE ACTIVIDADES DEPORTIVAS DE FÈTBOL IV: ?INCREMENTO DE ACTIVIDADES DEPORTIVAS Y RECREATIVAS EN LA POBLACI‡N CHALACA?,1028,18,2.3. 2  9. 1  1,LOCACION DE SERVICIOS REALIZADOS POR PERSONAS NATURALES RELACIONADAS AL ROL DE LA ENTIDAD,3000.00,Compromiso
2026,1028,03,S,608,05/03/2026 00:00:00,10734747101,NIETO HUAMAN ANA VALENTINA,106,CONTRATO MENOR,CM,,SERVICIO DE ENSE•ANZA DE ACTIVIDADES DEPORTIVAS DE GIMNASIA I: ?INCREMENTO DE ACTIVIDADES DEPORTIVAS Y RECREATIVAS EN LA POBLACI‡N CHALACA?,1029,18,2.3. 2  9. 1  1,LOCACION DE SERVICIOS REALIZADOS POR PERSONAS NATURALES RELACIONADAS AL ROL DE LA ENTIDAD,2250.00,Compromiso
2026,1028,03,S,609,05/03/2026 00:00:00,10098502284,HUAMAN JARA GLADYS ROXANA,106,CONTRATO MENOR,CM,,SERVICIO DE ENSE•ANZA DE ACTIVIDADES DEPORTIVAS DE GIMNASIA II: ?INCREMENTO DE ACTIVIDADES DEPORTIVAS Y RECREATIVAS EN LA POBLACI‡N CHALACA?,1030,18,2.3. 2  9. 1  1,LOCACION DE SERVICIOS REALIZADOS POR PERSONAS NATURALES RELACIONADAS AL ROL DE LA ENTIDAD,2250.00,Compromiso
2026,1028,03,S,610,05/03/2026 00:00:00,10742535831,TUME BUGARIN DELIA CARMEN,106,CONTRATO MENOR,CM,,SERVICIO DE ENSE•ANZA DE ACTIVIDADES DEPORTIVAS DE GIMNASIA III: ?INCREMENTO DE ACTIVIDADES DEPORTIVAS Y RECREATIVAS EN LA POBLACI‡N CHALACA?,1031,18,2.3. 2  9. 1  1,LOCACION DE SERVICIOS REALIZADOS POR PERSONAS NATURALES RELACIONADAS AL ROL DE LA ENTIDAD,3000.00,Compromiso
2026,1028,03,S,611,05/03/2026 00:00:00,10442479831,HUAMAN CHAGUA HILDA SILVIA,106,CONTRATO MENOR,CM,,SERVICIO DE ENSE•ANZA DE ACTIVIDADES DEPORTIVAS DE GIMNASIA IV: ?INCREMENTO DE ACTIVIDADES DEPORTIVAS Y RECREATIVAS EN LA POBLACI‡N CHALACA?,1032,18,2.3. 2  9. 1  1,LOCACION DE SERVICIOS REALIZADOS POR PERSONAS NATURALES RELACIONADAS AL ROL DE LA ENTIDAD,2250.00,Compromiso
2026,1028,03,S,612,05/03/2026 00:00:00,10433155004,NODA MORE GLENN ROBERT,106,CONTRATO MENOR,CM,,SERVICIO DE ENSE•ANZA DE ACTIVIDADES DEPORTIVAS DE GIMNASIA V: ?INCREMENTO DE ACTIVIDADES DEPORTIVAS Y RECREATIVAS EN LA POBLACI‡N CHALACA?,1033,18,2.3. 2  9. 1  1,LOCACION DE SERVICIOS REALIZADOS POR PERSONAS NATURALES RELACIONADAS AL ROL DE LA ENTIDAD,2250.00,Compromiso
2026,1028,03,S,613,05/03/2026 00:00:00,10801411547,ENCISO HUAMAN JORGE ANTONIO,106,CONTRATO MENOR,CM,,SERVICIO DE ENSE•ANZA DE ACTIVIDADES DEPORTIVAS DE JUDO: ?INCREMENTO DE ACTIVIDADES DEPORTIVAS Y RECREATIVAS EN LA POBLACI‡N CHALACA?,1034,18,2.3. 2  9. 1  1,LOCACION DE SERVICIOS REALIZADOS POR PERSONAS NATURALES RELACIONADAS AL ROL DE LA ENTIDAD,1800.00,Compromiso
2026,1028,03,S,614,05/03/2026 00:00:00,10442859847,ROJAS CABRERA EDWARST ENRIQUE,106,CONTRATO MENOR,CM,,SERVICIO DE ENSE•ANZA DE ACTIVIDADES DEPORTIVAS DE KARATE: ?INCREMENTO DE ACTIVIDADES DEPORTIVAS Y RECREATIVAS EN LA POBLACI‡N CHALACA?,1035,18,2.3. 2  9. 1  1,LOCACION DE SERVICIOS REALIZADOS POR PERSONAS NATURALES RELACIONADAS AL ROL DE LA ENTIDAD,2700.00,Compromiso
2026,1028,03,S,615,05/03/2026 00:00:00,10439899706,ROJAS QUISPE YANH FRANCO,106,CONTRATO MENOR,CM,,SERVICIO DE ENSE•ANZA DE ACTIVIDADES DEPORTIVAS DE LUCHA OLIMPICA: ?INCREMENTO DE ACTIVIDADES DEPORTIVAS Y RECREATIVAS EN LA POBLACI‡N CHALACA?,1036,18,2.3. 2  9. 1  1,LOCACION DE SERVICIOS REALIZADOS POR PERSONAS NATURALES RELACIONADAS AL ROL DE LA ENTIDAD,2700.00,Compromiso
2026,1028,03,S,616,05/03/2026 00:00:00,10293370449,CALCINA VERA MARLENI YNES,106,CONTRATO MENOR,CM,,SERVICIO DE ENSE•ANZA DE ACTIVIDADES DEPORTIVAS DE TAICHI: ?INCREMENTO DE ACTIVIDADES DEPORTIVAS Y RECREATIVAS EN LA POBLACI‡N CHALACA?,1037,18,2.3. 2  9. 1  1,LOCACION DE SERVICIOS REALIZADOS POR PERSONAS NATURALES RELACIONADAS AL ROL DE LA ENTIDAD,1500.00,Compromiso
2026,1028,03,S,617,05/03/2026 00:00:00,10081728246,MIRANDA NEYRA CESAR JESUS,106,CONTRATO MENOR,CM,,SERVICIO DE ENSE•ANZA DE ACTIVIDADES DEPORTIVAS DE TAEKWONDO: ?INCREMENTO DE ACTIVIDADES DEPORTIVAS Y RECREATIVAS EN LA POBLACI‡N CHALACA?,1038,18,2.3. 2  9. 1  1,LOCACION DE SERVICIOS REALIZADOS POR PERSONAS NATURALES RELACIONADAS AL ROL DE LA ENTIDAD,2700.00,Compromiso
2026,1028,03,S,618,05/03/2026 00:00:00,10759581259,SOLIS QUISPE JHONATAN JESUS,106,CONTRATO MENOR,CM,,SERVICIO DE ENSE•ANZA DE ACTIVIDADES DEPORTIVAS DE TENIS I: ?INCREMENTO DE ACTIVIDADES DEPORTIVAS Y RECREATIVAS EN LA POBLACI‡N CHALACA?,1039,18,2.3. 2  9. 1  1,LOCACION DE SERVICIOS REALIZADOS POR PERSONAS NATURALES RELACIONADAS AL ROL DE LA ENTIDAD,3000.00,Compromiso
2026,1028,03,S,619,05/03/2026 00:00:00,10705724372,SEGOBIA TEJEDA SHENLI,106,CONTRATO MENOR,CM,,SERVICIO DE ENSE•ANZA DE ACTIVIDADES DEPORTIVAS DE TENIS II: ?INCREMENTO DE ACTIVIDADES DEPORTIVAS Y RECREATIVAS EN LA POBLACI‡N CHALACA?,1040,18,2.3. 2  9. 1  1,LOCACION DE SERVICIOS REALIZADOS POR PERSONAS NATURALES RELACIONADAS AL ROL DE LA ENTIDAD,3000.00,Compromiso
2026,1028,03,S,620,05/03/2026 00:00:00,10092790601,ESCOBEDO ABARCA VIOLETA JESUS,106,CONTRATO MENOR,CM,,SERVICIO DE ENSE•ANZA DE ACTIVIDADES DEPORTIVAS DE TIRO CON ARCO: ?INCREMENTO DE ACTIVIDADES DEPORTIVAS Y RECREATIVAS EN LA POBLACI‡N CHALACA?,1042,18,2.3. 2  9. 1  1,LOCACION DE SERVICIOS REALIZADOS POR PERSONAS NATURALES RELACIONADAS AL ROL DE LA ENTIDAD,2400.00,Compromiso
2026,1028,03,S,621,05/03/2026 00:00:00,10710810261,CHUQUIPUL VALQUI MERCY MARGOT,106,CONTRATO MENOR,CM,,SERVICIO DE ENSE•ANZA DE ACTIVIDADES DEPORTIVAS DE VOLEIBOL I: ?INCREMENTO DE ACTIVIDADES DEPORTIVAS Y RECREATIVAS EN LA POBLACI‡N CHALACA?,1041,18,2.3. 2  9. 1  1,LOCACION DE SERVICIOS REALIZADOS POR PERSONAS NATURALES RELACIONADAS AL ROL DE LA ENTIDAD,2250.00,Compromiso
2026,1028,03,S,622,05/03/2026 00:00:00,10414108721,CABRERA RIVAS CELIA ANALI,106,CONTRATO MENOR,CM,,SERVICIO DE ENSE•ANZA DE ACTIVIDADES DEPORTIVAS DE VOLEIBOL II: ?INCREMENTO DE ACTIVIDADES DEPORTIVAS Y RECREATIVAS EN LA POBLACI‡N CHALACA?,1043,18,2.3. 2  9. 1  1,LOCACION DE SERVICIOS REALIZADOS POR PERSONAS NATURALES RELACIONADAS AL ROL DE LA ENTIDAD,2700.00,Compromiso
2026,1028,03,S,623,05/03/2026 00:00:00,10257136154,FRANCIA PESAQUE ANGELICA GIANNINA,106,CONTRATO MENOR,CM,,SERVICIO DE ENSE•ANZA DE ACTIVIDADES DEPORTIVAS DE VOLEIBOL III: ?INCREMENTO DE ACTIVIDADES DEPORTIVAS Y RECREATIVAS EN LA POBLACI‡N CHALACA?,1044,18,2.3. 2  9. 1  1,LOCACION DE SERVICIOS REALIZADOS POR PERSONAS NATURALES RELACIONADAS AL ROL DE LA ENTIDAD,2850.00,Compromiso
2026,1028,03,S,624,05/03/2026 00:00:00,10743850829,OBISPO NIETO DIEGO ARMANDO,106,CONTRATO MENOR,CM,,SERVICIO DE ENSE•ANZA DE ACTIVIDADES DEPORTIVAS DE VOLEIBOL IV: ?INCREMENTO DE ACTIVIDADES DEPORTIVAS Y RECREATIVAS EN LA POBLACI‡N CHALACA?,1045,18,2.3. 2  9. 1  1,LOCACION DE SERVICIOS REALIZADOS POR PERSONAS NATURALES RELACIONADAS AL ROL DE LA ENTIDAD,2850.00,Compromiso
2026,1028,03,S,625,05/03/2026 00:00:00,10066713160,ARAOZ LAINES ANTONIO WARREN,106,CONTRATO MENOR,CM,,SERVICIO DE ENSE•ANZA DE ACTIVIDADES DEPORTIVAS PARA HABILIDADES ESPECIALES: ?INCREMENTO DE ACTIVIDADES DEPORTIVAS Y RECREATIVAS EN LA POBLACI‡N CHALACA?,1046,18,2.3. 2  9. 1  1,LOCACION DE SERVICIOS REALIZADOS POR PERSONAS NATURALES RELACIONADAS AL ROL DE LA ENTIDAD,2100.00,Compromiso
2026,1028,03,S,626,05/03/2026 00:00:00,10778080015,ALVARO ROJAS JIM EDWARD,106,CONTRATO MENOR,CM,,SERVICIO DE ENSE•ANZA DE ACTIVIDADES DEPORTIVAS I: ?INCREMENTO DE ACTIVIDADES DEPORTIVAS Y RECREATIVAS EN LA POBLACI‡N CHALACA?,1047,18,2.3. 2  9. 1  1,LOCACION DE SERVICIOS REALIZADOS POR PERSONAS NATURALES RELACIONADAS AL ROL DE LA ENTIDAD,3000.00,Compromiso
2026,1028,03,S,627,05/03/2026 00:00:00,10748228948,MEREGILDO REYES LUIS MIGUEL,106,CONTRATO MENOR,CM,,SERVICIO DE ENSE•ANZA DE ACTIVIDADES DEPORTIVAS II PARA LA ACTIVIDAD: ?INCREMENTO DE ACTIVIDADES DEPORTIVAS Y RECREATIVAS EN LA POBLACI‡N CHALACA?,1048,18,2.3. 2  9. 1  1,LOCACION DE SERVICIOS REALIZADOS POR PERSONAS NATURALES RELACIONADAS AL ROL DE LA ENTIDAD,3000.00,Compromiso
2026,1028,03,S,628,05/03/2026 00:00:00,10437208153,SCHENONE BROMLEY JOSE LUIS,106,CONTRATO MENOR,CM,,SERVICIO DE ENSE•ANZA DE ACTIVIDADES DEPORTIVAS III PARA LA ACTIVIDAD: ?INCREMENTO DE ACTIVIDADES DEPORTIVAS Y RECREATIVAS EN LA POBLACI‡N CHALACA?,1049,18,2.3. 2  9. 1  1,LOCACION DE SERVICIOS REALIZADOS POR PERSONAS NATURALES RELACIONADAS AL ROL DE LA ENTIDAD,3000.00,Compromiso
2026,1028,03,S,629,05/03/2026 00:00:00,10095402718,GARCIA BENAVIDES OMAR ANTONIO,106,CONTRATO MENOR,CM,,SERVICIO DE ASISTENCIA TECNICA EN TEMAS DEPORTIVOS DE AJEDREZ PARA LA ACTIVIDAD: ?INCREMENTO DE ACTIVIDADES DEPORTIVAS Y RECREATIVAS EN LA POBLACI‡N CHALACA?,1050,18,2.3. 2  9. 1  1,LOCACION DE SERVICIOS REALIZADOS POR PERSONAS NATURALES RELACIONADAS AL ROL DE LA ENTIDAD,1920.00,Compromiso
2026,1028,03,S,630,05/03/2026 00:00:00,10104547554,CABALLERO LOZANO ELKA NURITH,106,CONTRATO MENOR,CM,,SERVICIO DE ASISTENCIA TECNICA EN TEMAS DEPORTIVOS DE BAILE Y AEROBICOS: ?INCREMENTO DE ACTIVIDADES DEPORTIVAS Y RECREATIVAS EN LA POBLACI‡N CHALACA?,1051,18,2.3. 2  9. 1  1,LOCACION DE SERVICIOS REALIZADOS POR PERSONAS NATURALES RELACIONADAS AL ROL DE LA ENTIDAD,2880.00,Compromiso
2026,1028,03,S,631,05/03/2026 00:00:00,10774940893,MEDINA SALGUERO JEREMY JEPTE,106,CONTRATO MENOR,CM,,SERVICIO DE ASISTENCIA TECNICA EN TEMAS DEPORTIVOS DE ATLETISMO I: ?INCREMENTO DE ACTIVIDADES DEPORTIVAS Y RECREATIVAS EN LA POBLACI‡N CHALACA?,1052,18,2.3. 2  9. 1  1,LOCACION DE SERVICIOS REALIZADOS POR PERSONAS NATURALES RELACIONADAS AL ROL DE LA ENTIDAD,2160.00,Compromiso
2026,1028,03,S,632,05/03/2026 00:00:00,10784441623,UVIDIA PRADA YAMILê BELêN,106,CONTRATO MENOR,CM,,SERVICIO DE ASISTENCIA TECNICA EN TEMAS DEPORTIVOS DE ATLETISMO II: ?INCREMENTO DE ACTIVIDADES DEPORTIVAS Y RECREATIVAS EN LA POBLACI‡N CHALACA?,1053,18,2.3. 2  9. 1  1,LOCACION DE SERVICIOS REALIZADOS POR PERSONAS NATURALES RELACIONADAS AL ROL DE LA ENTIDAD,2160.00,Compromiso
2026,1028,03,S,633,05/03/2026 00:00:00,20610482539,INVERSIONES JORGE GARCIA S.A.C.,106,CONTRATO MENOR,CM,,"CONTRATACI‡N DEL SERVICIO DELEVANTAMIENTO TOPOGRµFICO PARA LA FORMULACI‡N DE LA ACTIVIDAD DE LIMPIEZA Y DESCOLMATACI‡N EN AMBOS MARGENES DEL CAUCE DEL RIOCHILL‡N, CALLAO - 2026?",772,00,2.3. 2  7.13 98,OTROS SERVICIOS TECNICOS Y PROFESIONALES DESARROLLADOS POR PERSONAS JURIDICAS,37500.00,Compromiso
2026,1028,03,S,634,05/03/2026 00:00:00,10476222708,BRICE•O MAZUELOS CANDI VALERIA,106,CONTRATO MENOR,CM,,SERVICIO DE ASISTENCIA TECNICA EN TEMAS DEPORTIVOS DE BASQUETBOL II: ?INCREMENTO DE ACTIVIDADES DEPORTIVAS Y RECREATIVAS EN LA POBLACI‡N CHALACA?,1054,18,2.3. 2  9. 1  1,LOCACION DE SERVICIOS REALIZADOS POR PERSONAS NATURALES RELACIONADAS AL ROL DE LA ENTIDAD,2160.00,Compromiso
2026,1028,03,S,635,05/03/2026 00:00:00,10066852381,CIRIACO CAMPOS LUCIANO ENEAS,106,CONTRATO MENOR,CM,,SERVICIO DE ASISTENCIA TECNICA EN TEMAS DEPORTIVOS DE BASQUETBOL III: ?INCREMENTO DE ACTIVIDADES DEPORTIVAS Y RECREATIVAS EN LA POBLACI‡N CHALACA?,1055,18,2.3. 2  9. 1  1,LOCACION DE SERVICIOS REALIZADOS POR PERSONAS NATURALES RELACIONADAS AL ROL DE LA ENTIDAD,2160.00,Compromiso
2026,1028,03,S,636,05/03/2026 00:00:00,10255350043,POLO SANCHEZ VICTOR MANUEL,106,CONTRATO MENOR,CM,,SERVICIO DE ASISTENCIA TECNICA EN TEMAS DEPORTIVOS DE BEISBOL: ?INCREMENTO DE ACTIVIDADES DEPORTIVAS Y RECREATIVAS EN LA POBLACI‡N CHALACA?,848,18,2.3. 2  9. 1  1,LOCACION DE SERVICIOS REALIZADOS POR PERSONAS NATURALES RELACIONADAS AL ROL DE LA ENTIDAD,1440.00,Compromiso
2026,1028,03,S,637,05/03/2026 00:00:00,10709759073,RAMOS YSASI BENJAMIN BRAYAN,106,CONTRATO MENOR,CM,,SERVICIO DE ASISTENCIA TECNICA EN TEMAS DEPORTIVOS DE BOXEO I: ?INCREMENTO DE ACTIVIDADES DEPORTIVAS Y RECREATIVAS EN LA POBLACI‡N CHALACA?,849,18,2.3. 2  9. 1  1,LOCACION DE SERVICIOS REALIZADOS POR PERSONAS NATURALES RELACIONADAS AL ROL DE LA ENTIDAD,2160.00,Compromiso
2026,1028,03,S,638,05/03/2026 00:00:00,10700389591,PEREZ GERONIMO JORGE CESAR,106,CONTRATO MENOR,CM,,SERVICIO DE ASISTENCIA TECNICA EN TEMAS DEPORTIVOS DE BOXEO II: ?INCREMENTO DE ACTIVIDADES DEPORTIVAS Y RECREATIVAS EN LA POBLACI‡N CHALACA?,850,18,2.3. 2  9. 1  1,LOCACION DE SERVICIOS REALIZADOS POR PERSONAS NATURALES RELACIONADAS AL ROL DE LA ENTIDAD,2160.00,Compromiso
2026,1028,03,S,639,05/03/2026 00:00:00,10769332605,SAYAGO ZUMAETA JANEDYD JAZMIN,106,CONTRATO MENOR,CM,,SERVICIO DE ALIMENTACI‡N DE PERSONAS,773,18,2.3. 2  7.11  5,SERVICIOS DE ALIMENTACION DE CONSUMO HUMANO,9800.00,Compromiso
2026,1028,03,S,640,05/03/2026 00:00:00,10441189643,NOVELLA GALVEZ JENNY ISABEL,106,CONTRATO MENOR,CM,,SERVICIO DE ASISTENCIA TECNICA EN TEMAS DEPORTIVOS DE CAPOEIRA: ?INCREMENTO DE ACTIVIDADES DEPORTIVAS Y RECREATIVAS EN LA POBLACI‡N CHALACA?,851,18,2.3. 2  9. 1  1,LOCACION DE SERVICIOS REALIZADOS POR PERSONAS NATURALES RELACIONADAS AL ROL DE LA ENTIDAD,1440.00,Compromiso
2026,1028,03,S,641,05/03/2026 00:00:00,10753687438,QUIROZ HUAMBACHANO JOSE SEBASTIAN,106,CONTRATO MENOR,CM,,SERVICIO DE ASISTENCIA TECNICA EN TEMAS DEPORTIVOS DE FITNESS TRAINING I: ?INCREMENTO DE ACTIVIDADES DEPORTIVAS Y RECREATIVAS EN LA POBLACI‡N CHALACA?,852,18,2.3. 2  9. 1  1,LOCACION DE SERVICIOS REALIZADOS POR PERSONAS NATURALES RELACIONADAS AL ROL DE LA ENTIDAD,1440.00,Compromiso
2026,1028,03,S,642,05/03/2026 00:00:00,10417684234,CLAVERIAS CHARAGUA LUZMILA,106,CONTRATO MENOR,CM,,SERVICIO DE ASISTENCIA TECNICA EN TEMAS DEPORTIVOS DE FITNESS TRAINING II: ?INCREMENTO DE ACTIVIDADES DEPORTIVAS Y RECREATIVAS EN LA POBLACI‡N CHALACA?,843,18,2.3. 2  9. 1  1,LOCACION DE SERVICIOS REALIZADOS POR PERSONAS NATURALES RELACIONADAS AL ROL DE LA ENTIDAD,2160.00,Compromiso
2026,1028,03,S,643,05/03/2026 00:00:00,10467224129,DELGADO FLORES JONATAN DAVID,106,CONTRATO MENOR,CM,,SERVICIO DE ASISTENCIA TECNICA EN TEMAS DEPORTIVOS DE FÈTBOL I: ?INCREMENTO DE ACTIVIDADES DEPORTIVAS Y RECREATIVAS EN LA POBLACI‡N CHALACA?,844,18,2.3. 2  9. 1  1,LOCACION DE SERVICIOS REALIZADOS POR PERSONAS NATURALES RELACIONADAS AL ROL DE LA ENTIDAD,2160.00,Compromiso
2026,1028,03,S,644,05/03/2026 00:00:00,10713323301,BALDA CHASHNAMOTE ALAIN DANIEL,106,CONTRATO MENOR,CM,,SERVICIO DE ASISTENCIA TECNICA EN TEMAS DEPORTIVOS DE FÈTBOL II: ?INCREMENTO DE ACTIVIDADES DEPORTIVAS Y RECREATIVAS EN LA POBLACI‡N CHALACA?,845,18,2.3. 2  9. 1  1,LOCACION DE SERVICIOS REALIZADOS POR PERSONAS NATURALES RELACIONADAS AL ROL DE LA ENTIDAD,2160.00,Compromiso
2026,1028,03,S,645,05/03/2026 00:00:00,10703731240,MOGOLLON CRUZ VICTOR DARIO,106,CONTRATO MENOR,CM,,SERVICIO DE ASISTENCIA TECNICA EN TEMAS DEPORTIVOS DE FÈTBOL III: ?INCREMENTO DE ACTIVIDADES DEPORTIVAS Y RECREATIVAS EN LA POBLACI‡N CHALACA?,846,18,2.3. 2  9. 1  1,LOCACION DE SERVICIOS REALIZADOS POR PERSONAS NATURALES RELACIONADAS AL ROL DE LA ENTIDAD,2400.00,Compromiso
2026,1028,03,S,646,05/03/2026 00:00:00,10722574406,"AZABACHE ROJAS ALEXANDER NIXON",106,CONTRATO MENOR,CM,,SERVICIO DE ASISTENCIA TECNICA EN TEMAS DEPORTIVOS DE FÈTBOL IV: ?INCREMENTO DE ACTIVIDADES DEPORTIVAS Y RECREATIVAS EN LA POBLACI‡N CHALACA?,847,18,2.3. 2  9. 1  1,LOCACION DE SERVICIOS REALIZADOS POR PERSONAS NATURALES RELACIONADAS AL ROL DE LA ENTIDAD,2400.00,Compromiso
2026,1028,03,S,647,05/03/2026 00:00:00,10066350971,CARDENAS VILELA MARIA BETSABE,106,CONTRATO MENOR,CM,,SERVICIO DE ASISTENCIA TECNICA EN TEMAS DEPORTIVOS DE GIMNASIA I: ?INCREMENTO DE ACTIVIDADES DEPORTIVAS Y RECREATIVAS EN LA POBLACI‡N CHALACA?,838,18,2.3. 2  9. 1  1,LOCACION DE SERVICIOS REALIZADOS POR PERSONAS NATURALES RELACIONADAS AL ROL DE LA ENTIDAD,1800.00,Compromiso
2026,1028,03,S,648,05/03/2026 00:00:00,10781077963,OSHIRO MAKINO AYUMI DANITZA,106,CONTRATO MENOR,CM,,SERVICIO DE ASISTENCIA TECNICA EN TEMAS DEPORTIVOS DE GIMNASIA II: ?INCREMENTO DE ACTIVIDADES DEPORTIVAS Y RECREATIVAS EN LA POBLACI‡N CHALACA?,839,18,2.3. 2  9. 1  1,LOCACION DE SERVICIOS REALIZADOS POR PERSONAS NATURALES RELACIONADAS AL ROL DE LA ENTIDAD,1800.00,Compromiso
2026,1028,03,S,649,05/03/2026 00:00:00,10730494845,HUAMBACHANO FRANCO MARIA PATRICIA,106,CONTRATO MENOR,CM,,SERVICIO DE ASISTENCIA TECNICA EN TEMAS DEPORTIVOS DE GIMNASIA III: ?INCREMENTO DE ACTIVIDADES DEPORTIVAS Y RECREATIVAS EN LA POBLACI‡N CHALACA?,840,18,2.3. 2  9. 1  1,LOCACION DE SERVICIOS REALIZADOS POR PERSONAS NATURALES RELACIONADAS AL ROL DE LA ENTIDAD,2400.00,Compromiso
2026,1028,03,S,650,05/03/2026 00:00:00,10749414711,CATARI MOGOLLON SOLANGE GERALDINE,106,CONTRATO MENOR,CM,,SERVICIO DE ASISTENCIA TECNICA EN TEMAS DEPORTIVOS DE GIMNASIA IV: ?INCREMENTO DE ACTIVIDADES DEPORTIVAS Y RECREATIVAS EN LA POBLACI‡N CHALACA?,841,18,2.3. 2  9. 1  1,LOCACION DE SERVICIOS REALIZADOS POR PERSONAS NATURALES RELACIONADAS AL ROL DE LA ENTIDAD,1800.00,Compromiso
2026,1028,03,S,651,05/03/2026 00:00:00,10727133670,SALAS GAMBETTA ROMINA ANDREA,106,CONTRATO MENOR,CM,,SERVICIO DE ASISTENCIA TECNICA EN TEMAS DEPORTIVOS DE GIMNASIA V: ?INCREMENTO DE ACTIVIDADES DEPORTIVAS Y RECREATIVAS EN LA POBLACI‡N CHALACA?,842,18,2.3. 2  9. 1  1,LOCACION DE SERVICIOS REALIZADOS POR PERSONAS NATURALES RELACIONADAS AL ROL DE LA ENTIDAD,1800.00,Compromiso
2026,1028,03,S,652,05/03/2026 00:00:00,10725343545,DAMASO POMA FIORELLA FARAH,106,CONTRATO MENOR,CM,,SERVICIO DE ASISTENCIA TECNICA EN TEMAS DEPORTIVOS DE JUDO: ?INCREMENTO DE ACTIVIDADES DEPORTIVAS Y RECREATIVAS EN LA POBLACI‡N CHALACA?,833,18,2.3. 2  9. 1  1,LOCACION DE SERVICIOS REALIZADOS POR PERSONAS NATURALES RELACIONADAS AL ROL DE LA ENTIDAD,1440.00,Compromiso
2026,1028,03,S,653,05/03/2026 00:00:00,10776240988,HUAMAN BUITRON LUIS FRANCISCO,106,CONTRATO MENOR,CM,,SERVICIO DE ASISTENCIA TECNICA EN TEMAS DEPORTIVOS DE KARATE: ?INCREMENTO DE ACTIVIDADES DEPORTIVAS Y RECREATIVAS EN LA POBLACI‡N CHALACA?,834,18,2.3. 2  9. 1  1,LOCACION DE SERVICIOS REALIZADOS POR PERSONAS NATURALES RELACIONADAS AL ROL DE LA ENTIDAD,2160.00,Compromiso
2026,1028,03,S,654,05/03/2026 00:00:00,10734838581,OLIVARES BENDEZU JESSICA GLORIA,106,CONTRATO MENOR,CM,,SERVICIO DE ASISTENCIA TECNICA EN TEMAS DEPORTIVOS DE LUCHA OLIMPICA: ?INCREMENTO DE ACTIVIDADES DEPORTIVAS Y RECREATIVAS EN LA POBLACI‡N CHALACA?,835,18,2.3. 2  9. 1  1,LOCACION DE SERVICIOS REALIZADOS POR PERSONAS NATURALES RELACIONADAS AL ROL DE LA ENTIDAD,2160.00,Compromiso
2026,1028,03,S,655,05/03/2026 00:00:00,10486846459,CA•ARI ZAPATA ANDREA PAOLA,106,CONTRATO MENOR,CM,,SERVICIO DE ASISTENCIA TECNICA EN TEMAS DEPORTIVOS DE TAICHI: ?INCREMENTO DE ACTIVIDADES DEPORTIVAS Y RECREATIVAS EN LA POBLACI‡N CHALACA?,836,18,2.3. 2  9. 1  1,LOCACION DE SERVICIOS REALIZADOS POR PERSONAS NATURALES RELACIONADAS AL ROL DE LA ENTIDAD,1200.00,Compromiso
2026,1028,03,S,656,05/03/2026 00:00:00,10752462891,FRETEL TOMAS YESENIA MARGARITA,106,CONTRATO MENOR,CM,,SERVICIO DE ASISTENCIA TECNICA EN TEMAS DEPORTIVOS DE TAEKWONDO: ?INCREMENTO DE ACTIVIDADES DEPORTIVAS Y RECREATIVAS EN LA POBLACI‡N CHALACA?,837,18,2.3. 2  9. 1  1,LOCACION DE SERVICIOS REALIZADOS POR PERSONAS NATURALES RELACIONADAS AL ROL DE LA ENTIDAD,2160.00,Compromiso
2026,1028,03,S,657,05/03/2026 00:00:00,10069029049,COLQUE DUE•AS MARCELINO ABRAHAM,106,CONTRATO MENOR,CM,,SERVICIO DE ASISTENCIA TECNICA EN TEMAS DEPORTIVOS DE TENIS I: ?INCREMENTO DE ACTIVIDADES DEPORTIVAS Y RECREATIVAS EN LA POBLACI‡N CHALACA?,828,18,2.3. 2  9. 1  1,LOCACION DE SERVICIOS REALIZADOS POR PERSONAS NATURALES RELACIONADAS AL ROL DE LA ENTIDAD,2400.00,Compromiso
2026,1028,03,S,658,05/03/2026 00:00:00,10717302872,OLIVOS FELICIANO ROBERT EDUARDO,106,CONTRATO MENOR,CM,,SERVICIO DE ASISTENCIA TECNICA EN TEMAS DEPORTIVOS DE TENIS II: ?INCREMENTO DE ACTIVIDADES DEPORTIVAS Y RECREATIVAS EN LA POBLACI‡N CHALACA?,829,18,2.3. 2  9. 1  1,LOCACION DE SERVICIOS REALIZADOS POR PERSONAS NATURALES RELACIONADAS AL ROL DE LA ENTIDAD,2400.00,Compromiso
2026,1028,03,S,659,05/03/2026 00:00:00,15610852952,LINARES SANTANA SORILKE ROSANGELA,106,CONTRATO MENOR,CM,,SERVICIO DE ASISTENCIA TECNICA EN TEMAS DEPORTIVOS DE TIRO CON ARCO: ?INCREMENTO DE ACTIVIDADES DEPORTIVAS Y RECREATIVAS EN LA POBLACI‡N CHALACA?,830,18,2.3. 2  9. 1  1,LOCACION DE SERVICIOS REALIZADOS POR PERSONAS NATURALES RELACIONADAS AL ROL DE LA ENTIDAD,1920.00,Compromiso
2026,1028,03,S,660,05/03/2026 00:00:00,10730899390,CHUQUIMAJO SILVA KARINA FABIANA,106,CONTRATO MENOR,CM,,SERVICIO DE ASISTENCIA TECNICA EN TEMAS DEPORTIVOS DE VOLEIBOL I: ?INCREMENTO DE ACTIVIDADES DEPORTIVAS Y RECREATIVAS EN LA POBLACI‡N CHALACA?,831,18,2.3. 2  9. 1  1,LOCACION DE SERVICIOS REALIZADOS POR PERSONAS NATURALES RELACIONADAS AL ROL DE LA ENTIDAD,1800.00,Compromiso
2026,1028,03,S,661,05/03/2026 00:00:00,10726574915,VALERIO BOBADILLA MILAGROS RUTH,106,CONTRATO MENOR,CM,,SERVICIO DE ASISTENCIA TECNICA EN TEMAS DEPORTIVOS DE VOLEIBOL II: ?INCREMENTO DE ACTIVIDADES DEPORTIVAS Y RECREATIVAS EN LA POBLACI‡N CHALACA?,832,18,2.3. 2  9. 1  1,LOCACION DE SERVICIOS REALIZADOS POR PERSONAS NATURALES RELACIONADAS AL ROL DE LA ENTIDAD,2160.00,Compromiso
2026,1028,03,S,662,05/03/2026 00:00:00,10703273756,PADILLA ABRIGO ELI SAMUEL,106,CONTRATO MENOR,CM,,SERVICIO DE ASISTENCIA TECNICA EN TEMAS DEPORTIVOS DE VOLEIBOL III: ?INCREMENTO DE ACTIVIDADES DEPORTIVAS Y RECREATIVAS EN LA POBLACI‡N CHALACA?,823,18,2.3. 2  9. 1  1,LOCACION DE SERVICIOS REALIZADOS POR PERSONAS NATURALES RELACIONADAS AL ROL DE LA ENTIDAD,2280.00,Compromiso
2026,1028,03,S,663,05/03/2026 00:00:00,10707578926,SILVA QUISPE ANGELLA VALERIA,106,CONTRATO MENOR,CM,,SERVICIO DE ASISTENCIA TECNICA EN TEMAS DEPORTIVOS DE VOLEIBOL IV: ?INCREMENTO DE ACTIVIDADES DEPORTIVAS Y RECREATIVAS EN LA POBLACI‡N CHALACA?,824,18,2.3. 2  9. 1  1,LOCACION DE SERVICIOS REALIZADOS POR PERSONAS NATURALES RELACIONADAS AL ROL DE LA ENTIDAD,2280.00,Compromiso
2026,1028,03,S,664,05/03/2026 00:00:00,10714159009,ASENCIO JACINTO JEYSON HERNAN,106,CONTRATO MENOR,CM,,SERVICIO DE ASISTENCIA TECNICA EN TEMAS DEPORTIVOS PARA HABILIDADES ESPECIALES: ?INCREMENTO DE ACTIVIDADES DEPORTIVAS Y RECREATIVAS EN LA POBLACI‡N CHALACA?,825,18,2.3. 2  9. 1  1,LOCACION DE SERVICIOS REALIZADOS POR PERSONAS NATURALES RELACIONADAS AL ROL DE LA ENTIDAD,1680.00,Compromiso
2026,1028,03,S,665,05/03/2026 00:00:00,10478880117,CARRILLO LUCAS ESTEFANY SALOME,106,CONTRATO MENOR,CM,,SERVICIO DE ASISTENCIA TECNICA EN TEMAS DEPORTIVOS I: ?INCREMENTO DE ACTIVIDADES DEPORTIVAS Y RECREATIVAS EN LA POBLACI‡N CHALACA?,826,18,2.3. 2  9. 1  1,LOCACION DE SERVICIOS REALIZADOS POR PERSONAS NATURALES RELACIONADAS AL ROL DE LA ENTIDAD,2400.00,Compromiso
2026,1028,03,S,666,05/03/2026 00:00:00,10461877872,CONCO HUYHUA CARLA VANESSA,106,CONTRATO MENOR,CM,,SERVICIO DE ASISTENCIA TECNICA EN TEMAS DEPORTIVOS II: ?INCREMENTO DE ACTIVIDADES DEPORTIVAS Y RECREATIVAS EN LA POBLACI‡N CHALACA?,827,18,2.3. 2  9. 1  1,LOCACION DE SERVICIOS REALIZADOS POR PERSONAS NATURALES RELACIONADAS AL ROL DE LA ENTIDAD,2400.00,Compromiso
2026,1028,03,S,667,05/03/2026 00:00:00,10074489597,GUTIERREZ CUETO JESUS WILLY,106,CONTRATO MENOR,CM,,SERVICIO DE ASISTENCIA TECNICA EN TEMAS DEPORTIVOS III: ?INCREMENTO DE ACTIVIDADES DEPORTIVAS Y RECREATIVAS EN LA POBLACI‡N CHALACA?,818,18,2.3. 2  9. 1  1,LOCACION DE SERVICIOS REALIZADOS POR PERSONAS NATURALES RELACIONADAS AL ROL DE LA ENTIDAD,2400.00,Compromiso
2026,1028,03,S,668,05/03/2026 00:00:00,10728028594,PEREZ PORRAS MARIA LUISA,106,CONTRATO MENOR,CM,,SERVICIO DE ASISTENCIA TECNICA EN TEMAS DEPORTIVOS DE BASQUETBOL I: ?INCREMENTO DE ACTIVIDADES DEPORTIVAS Y RECREATIVAS EN LA POBLACI‡N CHALACA?,819,18,2.3. 2  9. 1  1,LOCACION DE SERVICIOS REALIZADOS POR PERSONAS NATURALES RELACIONADAS AL ROL DE LA ENTIDAD,1920.00,Compromiso
2026,1028,03,S,669,05/03/2026 00:00:00,20507852549,PLUXEE PERU SAC,80,CONCURSO PÈBLICO ABREVIADO,CP,0001-2025-GORE-CALLAO,SERVICIO DE ENTREGA DE VALE DE CONSUMO,777,00,2.1. 2  1. 2  5,ENTREGA DE CUP‡N O VALE POR CONCEPTO DE ALIMENTACI‡N,139911.98,Compromiso
2026,1028,03,S,670,05/03/2026 00:00:00,10714906017,CARDENAS MONTOYA ADRIANA MICAELA,106,CONTRATO MENOR,CM,,SERVICIO DE SEGUIMIENTO DE DOCUMENTOS ADMINISTRATIVOS,782,18,2.3. 2  9. 1  1,LOCACION DE SERVICIOS REALIZADOS POR PERSONAS NATURALES RELACIONADAS AL ROL DE LA ENTIDAD,16000.00,Compromiso
2026,1028,03,S,671,05/03/2026 00:00:00,15470104896,ZAMALLOA DUE•AS CESAR AUGUSTO,106,CONTRATO MENOR,CM,,SERVICIO ESPECIALIZADO EN INGENIERIA PORTUARIA PARA LA GERENCIA REGIONAL DE DESARROLLO ECONOMICO.,778,18,2.3. 2  9. 1  1,LOCACION DE SERVICIOS REALIZADOS POR PERSONAS NATURALES RELACIONADAS AL ROL DE LA ENTIDAD,40000.00,Compromiso
2026,1028,03,S,672,05/03/2026 00:00:00,10255513201,HERNANDEZ DE LA CRUZ ENRIQUE MARTIN,106,CONTRATO MENOR,CM,,SEGUIMIENTO Y MONITOREO DEL SERVICIO DE SEGURIDAD Y VIGILANCIA,820,18,2.3. 2  9. 1  1,LOCACION DE SERVICIOS REALIZADOS POR PERSONAS NATURALES RELACIONADAS AL ROL DE LA ENTIDAD,2000.00,Compromiso
2026,1028,03,S,673,05/03/2026 00:00:00,10181994202,MAQUI SANTOS JOSE LUIS,106,CONTRATO MENOR,CM,,SERVICIO DE CONDUCCI‡N DE VEHICULO,821,18,2.3. 2  9. 1  1,LOCACION DE SERVICIOS REALIZADOS POR PERSONAS NATURALES RELACIONADAS AL ROL DE LA ENTIDAD,2000.00,Compromiso
2026,1028,03,S,674,05/03/2026 00:00:00,10736218238,BANDA DIAZ MI YOHANA,106,CONTRATO MENOR,CM,,SERVICIO ESPECIALIZADO EN ADMINISTRACI‡N PARA LA GERENCIA REGIONAL DE DESARROLLO ECONOMICO.,779,18,2.3. 2  9. 1  1,LOCACION DE SERVICIOS REALIZADOS POR PERSONAS NATURALES RELACIONADAS AL ROL DE LA ENTIDAD,28000.00,Compromiso
2026,1028,03,S,675,05/03/2026 00:00:00,10254602812,MARIN CASTILLO DANIELA BERTA,106,CONTRATO MENOR,CM,,SEGUIMIENTO Y MONITOREO DEL SERVICIO DE SEGURIDAD Y VIGILANCIA,822,18,2.3. 2  9. 1  1,LOCACION DE SERVICIOS REALIZADOS POR PERSONAS NATURALES RELACIONADAS AL ROL DE LA ENTIDAD,2400.00,Compromiso
2026,1028,03,S,676,05/03/2026 00:00:00,10087510064,MIRANDA HUAMAN JOSE LUIS,106,CONTRATO MENOR,CM,,SERVICIO DE AUXILIO MECANICO AUTOMOTOR,813,18,2.3. 2  9. 1  1,LOCACION DE SERVICIOS REALIZADOS POR PERSONAS NATURALES RELACIONADAS AL ROL DE LA ENTIDAD,4600.00,Compromiso
2026,1028,03,S,677,05/03/2026 00:00:00,10258082694,RAMOS SARMIENTO JHON TEK,106,CONTRATO MENOR,CM,,SEGUIMIENTO Y MONITOREO DEL SERVICIO DE SEGURIDAD Y VIGILANCIA,814,18,2.3. 2  9. 1  1,LOCACION DE SERVICIOS REALIZADOS POR PERSONAS NATURALES RELACIONADAS AL ROL DE LA ENTIDAD,2000.00,Compromiso
2026,1028,03,S,678,05/03/2026 00:00:00,10408655728,RUNCIMAN PACORICONA FABIOLA CAROLINA,106,CONTRATO MENOR,CM,,SEGUIMIENTO Y MONITOREO DEL SERVICIO DE SEGURIDAD Y VIGILANCIA,815,18,2.3. 2  9. 1  1,LOCACION DE SERVICIOS REALIZADOS POR PERSONAS NATURALES RELACIONADAS AL ROL DE LA ENTIDAD,3000.00,Compromiso
2026,1028,03,S,679,05/03/2026 00:00:00,10257845619,SANCHEZ ERMITA•O AMED BLADIMIR,106,CONTRATO MENOR,CM,,SEGUIMIENTO Y MONITOREO DEL SERVICIO DE SEGURIDAD Y VIGILANCIA,816,18,2.3. 2  9. 1  1,LOCACION DE SERVICIOS REALIZADOS POR PERSONAS NATURALES RELACIONADAS AL ROL DE LA ENTIDAD,2000.00,Compromiso
2026,1028,03,S,680,05/03/2026 00:00:00,10428015971,SOLIS SULLON MARIA ROSA,106,CONTRATO MENOR,CM,,SEGUIMIENTO Y MONITOREO DEL SERVICIO DE SEGURIDAD Y VIGILANCIA,817,18,2.3. 2  9. 1  1,LOCACION DE SERVICIOS REALIZADOS POR PERSONAS NATURALES RELACIONADAS AL ROL DE LA ENTIDAD,2400.00,Compromiso
2026,1028,03,S,681,05/03/2026 00:00:00,10768271327,TOCTO TORRES DARLENY,106,CONTRATO MENOR,CM,,SERVICIO DE ASISTENCIA LEGAL EN PROCEDIMIENTOS ADMINISTRATIVOS,808,18,2.3. 2  9. 1  1,LOCACION DE SERVICIOS REALIZADOS POR PERSONAS NATURALES RELACIONADAS AL ROL DE LA ENTIDAD,9000.00,Compromiso
2026,1028,03,S,682,05/03/2026 00:00:00,10304101577,TORRES ZEGARRA RICARDO JUAN,106,CONTRATO MENOR,CM,,SEGUIMIENTO Y MONITOREO DEL SERVICIO DE SEGURIDAD Y VIGILANCIA,809,18,2.3. 2  9. 1  1,LOCACION DE SERVICIOS REALIZADOS POR PERSONAS NATURALES RELACIONADAS AL ROL DE LA ENTIDAD,2000.00,Compromiso
2026,1028,03,S,683,05/03/2026 00:00:00,10258152790,ZU•IGA GUTIERREZ RENEE LUIS,106,CONTRATO MENOR,CM,,SERVICIO DE CONDUCCI‡N DE VEHICULO,810,18,2.3. 2  9. 1  1,LOCACION DE SERVICIOS REALIZADOS POR PERSONAS NATURALES RELACIONADAS AL ROL DE LA ENTIDAD,2600.00,Compromiso
2026,1028,03,S,684,05/03/2026 00:00:00,10769243921,OJEDA ZEGARRA ASHLEY MIRESKA,106,CONTRATO MENOR,CM,, SERVICIO DE ASISTENCIA LEGAL PARA LA REVISION Y SEGUIMIENTO DE DOCUMENTOS DE GESTION LOGISTICA  PARA LA GERENCIA REGIONAL DE DESARROLLO ECONOMICO.,780,18,2.3. 2  9. 1  1,LOCACION DE SERVICIOS REALIZADOS POR PERSONAS NATURALES RELACIONADAS AL ROL DE LA ENTIDAD,28000.00,Compromiso
2026,1028,03,S,685,05/03/2026 00:00:00,10254758804,AGUILAR DOMINGUEZ MARCO ANTONIO,106,CONTRATO MENOR,CM,,SEGUIMIENTO Y MONITOREO DEL SERVICIO DE SEGURIDAD Y VIGILANCIA,811,18,2.3. 2  9. 1  1,LOCACION DE SERVICIOS REALIZADOS POR PERSONAS NATURALES RELACIONADAS AL ROL DE LA ENTIDAD,2400.00,Compromiso
2026,1028,03,S,686,05/03/2026 00:00:00,10254330251,ALIAGA DE LOS RIOS RITA MARITZA,106,CONTRATO MENOR,CM,,SEGUIMIENTO Y MONITOREO DEL SERVICIO DE SEGURIDAD Y VIGILANCIA,812,18,2.3. 2  9. 1  1,LOCACION DE SERVICIOS REALIZADOS POR PERSONAS NATURALES RELACIONADAS AL ROL DE LA ENTIDAD,2000.00,Compromiso
2026,1028,03,S,687,05/03/2026 00:00:00,10090491810,ARELLAN EVANGELISTA JORGE FELIX,106,CONTRATO MENOR,CM,,SERVICIO DE ORDENAMIENTO DE LOS BIENES DE ALMACEN,803,18,2.3. 2  9. 1  1,LOCACION DE SERVICIOS REALIZADOS POR PERSONAS NATURALES RELACIONADAS AL ROL DE LA ENTIDAD,6170.00,Compromiso
2026,1028,03,S,688,05/03/2026 00:00:00,10258270849,BOUVERIE CARTAGENA JORGE MIGUEL,106,CONTRATO MENOR,CM,,SERVICIO DE CONDUCCI‡N DE VEHICULO,804,18,2.3. 2  9. 1  1,LOCACION DE SERVICIOS REALIZADOS POR PERSONAS NATURALES RELACIONADAS AL ROL DE LA ENTIDAD,6200.00,Compromiso
2026,1028,03,S,689,05/03/2026 00:00:00,10254710887,BURGOS VIDAL FLORENCIO OLIVEROS,106,CONTRATO MENOR,CM,,SERVICIO DE AUXILIAR EN MANTENIMIENTO,805,18,2.3. 2  9. 1  1,LOCACION DE SERVICIOS REALIZADOS POR PERSONAS NATURALES RELACIONADAS AL ROL DE LA ENTIDAD,2000.00,Compromiso
2026,1028,03,S,690,05/03/2026 00:00:00,10255748764,CARBAJAL VASQUEZ YSABEL MILAGROS,106,CONTRATO MENOR,CM,,SEGUIMIENTO Y MONITOREO DEL SERVICIO DE SEGURIDAD Y VIGILANCIA,806,18,2.3. 2  9. 1  1,LOCACION DE SERVICIOS REALIZADOS POR PERSONAS NATURALES RELACIONADAS AL ROL DE LA ENTIDAD,2000.00,Compromiso
2026,1028,03,S,691,05/03/2026 00:00:00,10255760021,CARDENAS CUENCA LEONARDO REYNALDO,106,CONTRATO MENOR,CM,,SERVICIO DE CONDUCCI‡N DE VEHICULO,807,18,2.3. 2  9. 1  1,LOCACION DE SERVICIOS REALIZADOS POR PERSONAS NATURALES RELACIONADAS AL ROL DE LA ENTIDAD,6000.00,Compromiso
2026,1028,03,S,692,05/03/2026 00:00:00,10714303711,URBIZAGµSTEGUI URIBE XIARA,106,CONTRATO MENOR,CM,,SERVICIO ESPECIALIZADO EN MATERIA LEGAL ADMINISTRATIVA PARA LOS PROCESOS DE CONTRATACIONES CON EL ESTADO PARA LA GERENCIA REGIONAL DE DESARROLLO ECONOMICO.,781,18,2.3. 2  9. 1  1,LOCACION DE SERVICIOS REALIZADOS POR PERSONAS NATURALES RELACIONADAS AL ROL DE LA ENTIDAD,21000.00,Compromiso
2026,1028,03,S,693,05/03/2026 00:00:00,10774234352,VEGA LOZANO DIANA ROSARIO DEL PILAR,106,CONTRATO MENOR,CM,,"""SERVICIO DE ASISTENCIA TECNICA ADMINISTRATIVA PARA EJECUTORIA COACTIVA REGIONAL DE.GOBIERNO REGION",784,18,2.3. 2  9. 1  1,LOCACION DE SERVICIOS REALIZADOS POR PERSONAS NATURALES RELACIONADAS AL ROL DE LA ENTIDAD,12000.00,Compromiso
2026,1028,03,S,694,05/03/2026 00:00:00,10401401453,CHAPA CUYA NANCY KARINA,106,CONTRATO MENOR,CM,,SERVICIO DE AUXILIAR ADMINISTRATIVO,798,18,2.3. 2  9. 1  1,LOCACION DE SERVICIOS REALIZADOS POR PERSONAS NATURALES RELACIONADAS AL ROL DE LA ENTIDAD,5000.00,Compromiso
2026,1028,03,S,695,05/03/2026 00:00:00,10756082880,CORSINO CANA MIGUEL ANGEL ALFREDO,106,CONTRATO MENOR,CM,,"""SERVICIO EN MATERIA LEGAL PARA LA MODERNIZACION DE LA GESTION PUBLICA PARA EJECUTORIA COACTIVA",785,18,2.3. 2  9. 1  1,LOCACION DE SERVICIOS REALIZADOS POR PERSONAS NATURALES RELACIONADAS AL ROL DE LA ENTIDAD,12000.00,Compromiso
2026,1028,03,S,696,05/03/2026 00:00:00,10768491327,ALCALDE MU•OZ HENRRY LUIS,106,CONTRATO MENOR,CM,,"""SERVICIO ESPECIALIZADO EN GESTION PUBLICA PARA EJECUTORIA COACTIVA REGIONAL DE.GOBIERNO REGIONAL",786,18,2.3. 2  9. 1  1,LOCACION DE SERVICIOS REALIZADOS POR PERSONAS NATURALES RELACIONADAS AL ROL DE LA ENTIDAD,18000.00,Compromiso
2026,1028,03,S,697,05/03/2026 00:00:00,10255113777,COTOS ESPINOZA ISABEL VILMA,106,CONTRATO MENOR,CM,,SEGUIMIENTO Y MONITOREO DEL SERVICIO DE SEGURIDAD Y VIGILANCIA,799,18,2.3. 2  9. 1  1,LOCACION DE SERVICIOS REALIZADOS POR PERSONAS NATURALES RELACIONADAS AL ROL DE LA ENTIDAD,2000.00,Compromiso
2026,1028,03,S,698,05/03/2026 00:00:00,10741488367,HUAMAN LETONA LUIS JAVIER,106,CONTRATO MENOR,CM,,"""SERVICIO ESPECIALIZADO EN MATERIA LEGAL EN GESTION PUBLICA PARA EJECUTORIA COACTIVA REGIONAL",787,18,2.3. 2  9. 1  1,LOCACION DE SERVICIOS REALIZADOS POR PERSONAS NATURALES RELACIONADAS AL ROL DE LA ENTIDAD,18000.00,Compromiso
2026,1028,03,S,699,05/03/2026 00:00:00,10257190019,CUBAS GAMBOA MARIA CRISTINA,106,CONTRATO MENOR,CM,,SEGUIMIENTO Y MONITOREO DEL SERVICIO DE SEGURIDAD Y VIGILANCIA,800,18,2.3. 2  9. 1  1,LOCACION DE SERVICIOS REALIZADOS POR PERSONAS NATURALES RELACIONADAS AL ROL DE LA ENTIDAD,2000.00,Compromiso
2026,1028,03,S,700,05/03/2026 00:00:00,10070208348,FLORES AMEZ TOMAS BAUTISTA,106,CONTRATO MENOR,CM,,SEGUIMIENTO Y MONITOREO DEL SERVICIO DE SEGURIDAD Y VIGILANCIA,801,18,2.3. 2  9. 1  1,LOCACION DE SERVICIOS REALIZADOS POR PERSONAS NATURALES RELACIONADAS AL ROL DE LA ENTIDAD,2000.00,Compromiso
2026,1028,03,S,701,05/03/2026 00:00:00,10255010765,GABANCHO CORTEZ CESAR FRANCISCO,106,CONTRATO MENOR,CM,,SEGUIMIENTO Y MONITOREO DEL SERVICIO DE SEGURIDAD Y VIGILANCIA,802,18,2.3. 2  9. 1  1,LOCACION DE SERVICIOS REALIZADOS POR PERSONAS NATURALES RELACIONADAS AL ROL DE LA ENTIDAD,2400.00,Compromiso
2026,1028,03,S,702,05/03/2026 00:00:00,10258054861,GOMEZ CASTRO MARTHA LOURDES,106,CONTRATO MENOR,CM,,SEGUIMIENTO Y MONITOREO DEL SERVICIO DE SEGURIDAD Y VIGILANCIA,793,18,2.3. 2  9. 1  1,LOCACION DE SERVICIOS REALIZADOS POR PERSONAS NATURALES RELACIONADAS AL ROL DE LA ENTIDAD,2000.00,Compromiso
2026,1028,03,S,703,05/03/2026 00:00:00,10255788898,PEREZ GADEA MARCO ANTONIO,106,CONTRATO MENOR,CM,,SEGUIMIENTO Y MONITOREO DEL SERVICIO DE SEGURIDAD Y VIGILANCIA,794,18,2.3. 2  9. 1  1,LOCACION DE SERVICIOS REALIZADOS POR PERSONAS NATURALES RELACIONADAS AL ROL DE LA ENTIDAD,2400.00,Compromiso
2026,1028,03,S,704,05/03/2026 00:00:00,10254183852,PORTILLA SALAZAR VDA DE MEDINA CATALINA PETRONILA,106,CONTRATO MENOR,CM,,SEGUIMIENTO Y MONITOREO DEL SERVICIO DE SEGURIDAD Y VIGILANCIA,795,18,2.3. 2  9. 1  1,LOCACION DE SERVICIOS REALIZADOS POR PERSONAS NATURALES RELACIONADAS AL ROL DE LA ENTIDAD,2000.00,Compromiso
2026,1028,03,S,705,05/03/2026 00:00:00,10257042575,REST DICHE MARIA LUISA ROSSINA,106,CONTRATO MENOR,CM,,SERVICIO SECRETARIAL,796,18,2.3. 2  9. 1  1,LOCACION DE SERVICIOS REALIZADOS POR PERSONAS NATURALES RELACIONADAS AL ROL DE LA ENTIDAD,6178.00,Compromiso
2026,1028,03,S,706,05/03/2026 00:00:00,10074394154,SANCHEZ ARIAS MARIA LORENA,106,CONTRATO MENOR,CM,,SEGUIMIENTO Y MONITOREO DEL SERVICIO DE SEGURIDAD Y VIGILANCIA,797,18,2.3. 2  9. 1  1,LOCACION DE SERVICIOS REALIZADOS POR PERSONAS NATURALES RELACIONADAS AL ROL DE LA ENTIDAD,2400.00,Compromiso
2026,1028,03,S,707,05/03/2026 00:00:00,10258279846,SANCHEZ SILVA CRUZ ERIKA MARISOL,106,CONTRATO MENOR,CM,,SERVICIO DE SUPERVISION DE PROCESOS LOGISTICOS,788,18,2.3. 2  9. 1  1,LOCACION DE SERVICIOS REALIZADOS POR PERSONAS NATURALES RELACIONADAS AL ROL DE LA ENTIDAD,5000.00,Compromiso
2026,1028,03,S,708,05/03/2026 00:00:00,10257997044,VIDAL CONTRERAS GUADALUPE,106,CONTRATO MENOR,CM,,SEGUIMIENTO Y MONITOREO DEL SERVICIO DE SEGURIDAD Y VIGILANCIA,789,18,2.3. 2  9. 1  1,LOCACION DE SERVICIOS REALIZADOS POR PERSONAS NATURALES RELACIONADAS AL ROL DE LA ENTIDAD,2000.00,Compromiso
2026,1028,03,S,709,05/03/2026 00:00:00,10254256507,YA•EZ RUEDA NELSON ANGEL,106,CONTRATO MENOR,CM,,SERVICIO DE VERIFICACI‡N Y CLASIFICACI‡N DE DOCUMENTOS.,790,18,2.3. 2  9. 1  1,LOCACION DE SERVICIOS REALIZADOS POR PERSONAS NATURALES RELACIONADAS AL ROL DE LA ENTIDAD,2000.00,Compromiso
2026,1028,03,S,710,05/03/2026 00:00:00,15336434464,VARILLAS ALZAMORA JUAN ARTIDORO,106,CONTRATO MENOR,CM,,SERVICIO DE ASISTENCIA LEGAL EN PROCESOS  ADMINISTRATIVOS,791,18,2.3. 2  9. 1  1,LOCACION DE SERVICIOS REALIZADOS POR PERSONAS NATURALES RELACIONADAS AL ROL DE LA ENTIDAD,14000.00,Compromiso
2026,1028,03,S,711,05/03/2026 00:00:00,10458455533,FLORES SANGAMA MARIA DEL ROSARIO,106,CONTRATO MENOR,CM,,SERVICIO DE ASISTENCIA TECNICA ADMINISTRATIVA,792,18,2.3. 2  9. 1  1,LOCACION DE SERVICIOS REALIZADOS POR PERSONAS NATURALES RELACIONADAS AL ROL DE LA ENTIDAD,6780.00,Compromiso
2026,1028,03,S,712,06/03/2026 00:00:00,10715819029,TALAVERA VIZCARRA DANIEL ALEJANDRO,106,CONTRATO MENOR,CM,,SERVICIO COORDINACI‡N DE DEPORTES PARA LA ACTIVIDAD: ?INCREMENTO DE ACTIVIDADES DEPORTIVAS Y RECREATIVAS EN LA POBLACI‡N CHALACA?,920,18,2.3. 2  9. 1  1,LOCACION DE SERVICIOS REALIZADOS POR PERSONAS NATURALES RELACIONADAS AL ROL DE LA ENTIDAD,42000.00,Compromiso
2026,1028,03,S,713,06/03/2026 00:00:00,10477168731,ESCOBAR BEDOYA WENDY ARACELLI,106,CONTRATO MENOR,CM,,SERVICIO DE ASISTENCIA TECNICA EN GESTION DE PROCESOS ADMINISTRATIVOS PARA LA ACTIVIDAD: ?INCREMENTO DE ACTIVIDADES DEPORTIVAS Y RECREATIVAS EN LA POBLACI‡N CHALACA?,921,18,2.3. 2  9. 1  1,LOCACION DE SERVICIOS REALIZADOS POR PERSONAS NATURALES RELACIONADAS AL ROL DE LA ENTIDAD,24000.00,Compromiso
2026,1028,03,S,714,06/03/2026 00:00:00,10098499674,HUAMANI CHATE ROLANDO MARCELINO,106,CONTRATO MENOR,CM,,SERVICIO DE ASISTENCIA TECNICA ADMINISTRATIVA PARA LA ACTIVIDAD: ?INCREMENTO DE ACTIVIDADES DEPORTIVAS Y RECREATIVAS EN LA POBLACI‡N CHALACA?,922,18,2.3. 2  9. 1  1,LOCACION DE SERVICIOS REALIZADOS POR PERSONAS NATURALES RELACIONADAS AL ROL DE LA ENTIDAD,21000.00,Compromiso
2026,1028,03,S,715,06/03/2026 00:00:00,10448695706,PEREZ MEDINA JOSE ADELKI,106,CONTRATO MENOR,CM,,"SERVICIO DE ORGANIZACI‡N, GESTI‡N Y DIRECCI‡N TêCNICA DE DEPORTES PARA LA ACTIVIDAD: ?INCREMENTO DE ACTIVIDADES DEPORTIVAS Y RECREATIVAS EN LA POBLACI‡N CHALACA?",923,18,2.3. 2  9. 1  1,LOCACION DE SERVICIOS REALIZADOS POR PERSONAS NATURALES RELACIONADAS AL ROL DE LA ENTIDAD,36000.00,Compromiso
2026,1028,03,S,716,06/03/2026 00:00:00,10760929749,NOLASCO PALACIOS GILMER,106,CONTRATO MENOR,CM,,SERVICIO DE ASISTENCIA TêCNICA EN DIRECCI‡N TêCNICA DE DEPORTES PARA LA ACTIVIDAD: ?INCREMENTO DE ACTIVIDADES DEPORTIVAS Y RECREATIVAS EN LA POBLACI‡N CHALACA?,924,18,2.3. 2  9. 1  1,LOCACION DE SERVICIOS REALIZADOS POR PERSONAS NATURALES RELACIONADAS AL ROL DE LA ENTIDAD,18000.00,Compromiso
2026,1028,03,S,717,06/03/2026 00:00:00,10727443466,RIVERA LLORI GRECIA GERALDINE,106,CONTRATO MENOR,CM,,SERVICIO DE VERIFICACI‡N Y MONITOREO DEL ESTADIO TELMO CARBAJO PARA LA ACTIVIDAD: ?INCREMENTO DE ACTIVIDADES DEPORTIVAS Y RECREATIVAS EN LA POBLACI‡N CHALACA?,925,18,2.3. 2  9. 1  1,LOCACION DE SERVICIOS REALIZADOS POR PERSONAS NATURALES RELACIONADAS AL ROL DE LA ENTIDAD,30000.00,Compromiso
2026,1028,03,S,718,06/03/2026 00:00:00,10400697651,TORRES LLANOS RICARDO ANDERSON,106,CONTRATO MENOR,CM,,SERVICIO DE SUPERVISI‡N Y MONITOREO DE ACTIVIDADES DE CAMPO I PARA LA ACTIVIDAD: ?INCREMENTO DE ACTIVIDADES DEPORTIVAS Y RECREATIVAS EN LA POBLACI‡N CHALACA?,926,18,2.3. 2  9. 1  1,LOCACION DE SERVICIOS REALIZADOS POR PERSONAS NATURALES RELACIONADAS AL ROL DE LA ENTIDAD,4500.00,Compromiso
2026,1028,03,S,719,06/03/2026 00:00:00,10466568169,PADILLA RIVERA VIKY PEREGRINA,106,CONTRATO MENOR,CM,,SERVICIO DE SUPERVISI‡N Y MONITOREO DE ACTIVIDADES DE CAMPO II PARA LA ACTIVIDAD: ?INCREMENTO DE ACTIVIDADES DEPORTIVAS Y RECREATIVAS EN LA POBLACI‡N CHALACA?,927,18,2.3. 2  9. 1  1,LOCACION DE SERVICIOS REALIZADOS POR PERSONAS NATURALES RELACIONADAS AL ROL DE LA ENTIDAD,4500.00,Compromiso
2026,1028,03,S,720,06/03/2026 00:00:00,10720017381,GUTIERREZ SALAZAR LEO SIMON,106,CONTRATO MENOR,CM,,SERVICIO DE SUPERVISI‡N Y MONITOREO DE ACTIVIDADES DE CAMPO III PARA LA ACTIVIDAD: ?INCREMENTO DE ACTIVIDADES DEPORTIVAS Y RECREATIVAS EN LA POBLACI‡N CHALACA?,928,18,2.3. 2  9. 1  1,LOCACION DE SERVICIOS REALIZADOS POR PERSONAS NATURALES RELACIONADAS AL ROL DE LA ENTIDAD,4500.00,Compromiso
2026,1028,03,S,721,06/03/2026 00:00:00,10474857897,SANCHEZ TUESTA CARLOS ELIAS,106,CONTRATO MENOR,CM,,SERVICIO DE SUPERVISI‡N Y MONITOREO DE ACTIVIDADES DE CAMPO IV PARA LA ACTIVIDAD: ?INCREMENTO DE ACTIVIDADES DEPORTIVAS Y RECREATIVAS EN LA POBLACI‡N CHALACA?,929,18,2.3. 2  9. 1  1,LOCACION DE SERVICIOS REALIZADOS POR PERSONAS NATURALES RELACIONADAS AL ROL DE LA ENTIDAD,4500.00,Compromiso
2026,1028,03,S,722,06/03/2026 00:00:00,10730430723,BANCAYAN GONZALES ROCIO LISSETH,106,CONTRATO MENOR,CM,,SERVICIO DE SUPERVISI‡N Y MONITOREO DE ACTIVIDADES DE CAMPO V PARA LA ACTIVIDAD: ?INCREMENTO DE ACTIVIDADES DEPORTIVAS Y RECREATIVAS EN LA POBLACI‡N CHALACA?,930,18,2.3. 2  9. 1  1,LOCACION DE SERVICIOS REALIZADOS POR PERSONAS NATURALES RELACIONADAS AL ROL DE LA ENTIDAD,4500.00,Compromiso
2026,1028,03,S,723,06/03/2026 00:00:00,10703535025,TORCHIANI BORDA GIANNI DANIEL,106,CONTRATO MENOR,CM,,SERVICIO DE ASISTENCIA TêCNICA ESPECIALIZADA EN EL DESARROLLO DE DISCIPLINAS DEPORTIVAS I PARA LA ACTIVIDAD: ?INCREMENTO DE ACTIVIDADES DEPORTIVAS Y RECREATIVAS EN LA POBLACI‡N CHALACA?,931,18,2.3. 2  9. 1  1,LOCACION DE SERVICIOS REALIZADOS POR PERSONAS NATURALES RELACIONADAS AL ROL DE LA ENTIDAD,21000.00,Compromiso
2026,1028,03,S,724,06/03/2026 00:00:00,10709867399,FARFAN PINEDO LUCIO DAVID,106,CONTRATO MENOR,CM,,SERVICIO DE ASISTENCIA TêCNICA ESPECIALIZADA EN EL DESARROLLO DE DISCIPLINAS DEPORTIVAS II PARA LA ACTIVIDAD: ?INCREMENTO DE ACTIVIDADES DEPORTIVAS Y RECREATIVAS EN LA POBLACI‡N CHALACA?,932,18,2.3. 2  9. 1  1,LOCACION DE SERVICIOS REALIZADOS POR PERSONAS NATURALES RELACIONADAS AL ROL DE LA ENTIDAD,21000.00,Compromiso
2026,1028,03,S,725,06/03/2026 00:00:00,10258694967,RUIZ CARDENAS ALFONSO ANTONIO,106,CONTRATO MENOR,CM,,SERVICIO DE ASISTENCIA TêCNICA ADMINISTRATIVA PARA EL DESARROLLO DE DISCIPLINAS DEPORTIVAS I PARA LA ACTIVIDAD: ?INCREMENTO DE ACTIVIDADES DEPORTIVAS Y RECREATIVAS EN LA POBLACI‡N CHALACA?,933,18,2.3. 2  9. 1  1,LOCACION DE SERVICIOS REALIZADOS POR PERSONAS NATURALES RELACIONADAS AL ROL DE LA ENTIDAD,15000.00,Compromiso
2026,1028,03,S,726,06/03/2026 00:00:00,10469775297,SERNAQUE PAJUELO DE ALBARRACIN YADIRA LUCERO,106,CONTRATO MENOR,CM,,SERVICIO DE ASISTENCIA TêCNICA ADMINISTRATIVA PARA EL DESARROLLO DE DISCIPLINAS DEPORTIVAS II PARA LA ACTIVIDAD: ?INCREMENTO DE ACTIVIDADES DEPORTIVAS Y RECREATIVAS EN LA POBLACI‡N CHALACA?,934,18,2.3. 2  9. 1  1,LOCACION DE SERVICIOS REALIZADOS POR PERSONAS NATURALES RELACIONADAS AL ROL DE LA ENTIDAD,15000.00,Compromiso
2026,1028,03,S,727,06/03/2026 00:00:00,10763894997,CASTILLO PISCO SEBASTIAN DANIEL,106,CONTRATO MENOR,CM,,SERVICIO DE ASISTENCIA EN DESARROLLO DE DISCIPLINAS DEPORTIVAS I PARA LA ACTIVIDAD: ?INCREMENTO DE ACTIVIDADES DEPORTIVAS Y RECREATIVAS EN LA POBLACI‡N CHALACA?,935,18,2.3. 2  9. 1  1,LOCACION DE SERVICIOS REALIZADOS POR PERSONAS NATURALES RELACIONADAS AL ROL DE LA ENTIDAD,10000.00,Compromiso
2026,1028,03,S,728,06/03/2026 00:00:00,10724990253,MARTHA VALERIA ESTRADA ALVARADO,106,CONTRATO MENOR,CM,,SERVICIO DE ASISTENCIA EN DESARROLLO DE DISCIPLINAS DEPORTIVAS II PARA LA ACTIVIDAD: ?INCREMENTO DE ACTIVIDADES DEPORTIVAS Y RECREATIVAS EN LA POBLACI‡N CHALACA?,936,18,2.3. 2  9. 1  1,LOCACION DE SERVICIOS REALIZADOS POR PERSONAS NATURALES RELACIONADAS AL ROL DE LA ENTIDAD,10000.00,Compromiso
2026,1028,03,S,729,06/03/2026 00:00:00,10257526351,HERRERA SANCHEZ RICARDO MANUEL,106,CONTRATO MENOR,CM,,SERVICIO DE ORDENAMIENTO Y ALMACENAMIENTO DE EXISTENCIAS DE ALMACEN PARA LA ACTIVIDAD: ?INCREMENTO DE ACTIVIDADES DEPORTIVAS Y RECREATIVAS EN LA POBLACI‡N CHALACA?,937,18,2.3. 2  9. 1  1,LOCACION DE SERVICIOS REALIZADOS POR PERSONAS NATURALES RELACIONADAS AL ROL DE LA ENTIDAD,16800.00,Compromiso
2026,1028,03,S,730,06/03/2026 00:00:00,10475391531,MUJICA MOYA LUIS ALBERTO,106,CONTRATO MENOR,CM,,SERVICIO DE SEGUIMIENTO Y ASISTENCIA DE ACTIVIDADES ADMINISTRATIVAS DE INSCRIPCIONES Y ASISTENCIA A LOS TALLERES DEPORTIVOS I PARA LA ACTIVIDAD: ?INCREMENTO DE ACTIVIDADES DEPORTIVAS Y RECREATIVAS EN LA POBLACI‡N CHALACA?,938,18,2.3. 2  9. 1  1,LOCACION DE SERVICIOS REALIZADOS POR PERSONAS NATURALES RELACIONADAS AL ROL DE LA ENTIDAD,30000.00,Compromiso
2026,1028,03,S,731,06/03/2026 00:00:00,10481002341,CORONEL TELLO FLOR MELODY,106,CONTRATO MENOR,CM,,SERVICIO DE SEGUIMIENTO Y ASISTENCIA DE ACTIVIDADES ADMINISTRATIVAS DE INSCRIPCIONES Y ASISTENCIA A LOS TALLERES DEPORTIVOS II PARA LA ACTIVIDAD: ?INCREMENTO DE ACTIVIDADES DEPORTIVAS Y RECREATIVAS EN LA POBLACI‡N CHALACA?,939,18,2.3. 2  9. 1  1,LOCACION DE SERVICIOS REALIZADOS POR PERSONAS NATURALES RELACIONADAS AL ROL DE LA ENTIDAD,30000.00,Compromiso
2026,1028,03,S,732,06/03/2026 00:00:00,10718545558,GRIEVE GOMEZ JENNIFER JASMIN,106,CONTRATO MENOR,CM,,"SERVICIO DE ASISTENCIA ADMINISTRATIVA PARA GENERAR, ANALIZAR Y DAR SEGUIMIENTO A LA INFORMACION I PARA LA ACTIVIDAD: ?INCREMENTO DE ACTIVIDADES DEPORTIVAS Y RECREATIVAS EN LA POBLACI‡N CHALACA?",940,18,2.3. 2  9. 1  1,LOCACION DE SERVICIOS REALIZADOS POR PERSONAS NATURALES RELACIONADAS AL ROL DE LA ENTIDAD,15000.00,Compromiso
2026,1028,03,S,733,06/03/2026 00:00:00,10712210546,VILLANUEVA ROSAS GABRIELA NICOLE,106,CONTRATO MENOR,CM,,"SERVICIO DE ASISTENCIA ADMINISTRATIVA PARA GENERAR, ANALIZAR Y DAR SEGUIMIENTO A LA INFORMACION II PARA LA ACTIVIDAD: ?INCREMENTO DE ACTIVIDADES DEPORTIVAS Y RECREATIVAS EN LA POBLACI‡N CHALACA?",941,18,2.3. 2  9. 1  1,LOCACION DE SERVICIOS REALIZADOS POR PERSONAS NATURALES RELACIONADAS AL ROL DE LA ENTIDAD,15000.00,Compromiso
2026,1028,03,S,734,06/03/2026 00:00:00,10258568325,ESCOBAR BEDOYA CHRISTIAN MILOVAN,106,CONTRATO MENOR,CM,,"SERVICIO DE ASISTENCIA ADMINISTRATIVA PARA GENERAR, ANALIZAR Y DAR SEGUIMIENTO A LA INFORMACION III PARA LA ACTIVIDAD: ?INCREMENTO DE ACTIVIDADES DEPORTIVAS Y RECREATIVAS EN LA POBLACI‡N CHALACA?",942,18,2.3. 2  9. 1  1,LOCACION DE SERVICIOS REALIZADOS POR PERSONAS NATURALES RELACIONADAS AL ROL DE LA ENTIDAD,15000.00,Compromiso
2026,1028,03,S,735,06/03/2026 00:00:00,10098866146,PISCO VALVERDE ELIZABETH KATHERINE,106,CONTRATO MENOR,CM,,SERVICIO DE INSCRIPCI‡N EN TALLER DEPORTIVO I PARA LA ACTIVIDAD: ?INCREMENTO DE ACTIVIDADES DEPORTIVAS Y RECREATIVAS EN LA POBLACI‡N CHALACA?,943,18,2.3. 2  9. 1  1,LOCACION DE SERVICIOS REALIZADOS POR PERSONAS NATURALES RELACIONADAS AL ROL DE LA ENTIDAD,15000.00,Compromiso
2026,1028,03,S,736,06/03/2026 00:00:00,10773432185,FRIAS LOJAS ANTHONY DIETER ANDRE,106,CONTRATO MENOR,CM,,SERVICIO DE INSCRIPCI‡N EN TALLER DEPORTIVO II PARA LA ACTIVIDAD: ?INCREMENTO DE ACTIVIDADES DEPORTIVAS Y RECREATIVAS EN LA POBLACI‡N CHALACA?,944,18,2.3. 2  9. 1  1,LOCACION DE SERVICIOS REALIZADOS POR PERSONAS NATURALES RELACIONADAS AL ROL DE LA ENTIDAD,15000.00,Compromiso
2026,1028,03,S,737,06/03/2026 00:00:00,10738870234,ARELLANO OSORIO RICHADSON DANIEL,106,CONTRATO MENOR,CM,,SERVICIO DE INSCRIPCI‡N EN TALLER DEPORTIVO III PARA LA ACTIVIDAD: ?INCREMENTO DE ACTIVIDADES DEPORTIVAS Y RECREATIVAS EN LA POBLACI‡N CHALACA?,1011,18,2.3. 2  9. 1  1,LOCACION DE SERVICIOS REALIZADOS POR PERSONAS NATURALES RELACIONADAS AL ROL DE LA ENTIDAD,15000.00,Compromiso
2026,1028,03,S,738,06/03/2026 00:00:00,10748236029,CASTILLO MAYURI ALLISON MIRTHA,106,CONTRATO MENOR,CM,,SERVICIO DE COORDINACI‡N EN ACTIVIDADES DE PROMOCI‡N Y DIFUSI‡N PARA LA ACTIVIDAD: ?INCREMENTO DE ACTIVIDADES DEPORTIVAS Y RECREATIVAS EN LA POBLACI‡N CHALACA?,1012,18,2.3. 2  9. 1  1,LOCACION DE SERVICIOS REALIZADOS POR PERSONAS NATURALES RELACIONADAS AL ROL DE LA ENTIDAD,36000.00,Compromiso
2026,1028,03,S,739,06/03/2026 00:00:00,10735904090,ASPILLAGA VIRTO HENRRY RAMON,106,CONTRATO MENOR,CM,,SERVICIO DE SUPERVISI‡N Y MONITOREO DE ACTIVIDADES PUBLICITARIAS PARA LA ACTIVIDAD: ?INCREMENTO DE ACTIVIDADES DEPORTIVAS Y RECREATIVAS EN LA POBLACI‡N CHALACA?,945,18,2.3. 2  9. 1  1,LOCACION DE SERVICIOS REALIZADOS POR PERSONAS NATURALES RELACIONADAS AL ROL DE LA ENTIDAD,30000.00,Compromiso
2026,1028,03,S,740,06/03/2026 00:00:00,10722234150,CASTILLO GUERRERO MARIA ALEJANDRA,106,CONTRATO MENOR,CM,,SERVICIO DE ASISTENCIA TêCNICA EN ACTIVADES DE PROMOCI‡N Y DIFUSION PARA LA ACTIVIDAD: ?INCREMENTO DE ACTIVIDADES DEPORTIVAS Y RECREATIVAS EN LA POBLACI‡N CHALACA?,946,18,2.3. 2  9. 1  1,LOCACION DE SERVICIOS REALIZADOS POR PERSONAS NATURALES RELACIONADAS AL ROL DE LA ENTIDAD,24000.00,Compromiso
2026,1028,03,S,741,06/03/2026 00:00:00,10705016645,RAMIREZ AYMITUMA DENITHZA DHANERIT,106,CONTRATO MENOR,CM,,SERVICIO DE ASISTENCIA EN LA PRE-PRODUCCI‡N DE EVENTOS DE DIFUSI‡N I PARA LA ACTIVIDAD: ?INCREMENTO DE ACTIVIDADES DEPORTIVAS Y RECREATIVAS EN LA POBLACI‡N CHALACA?,947,18,2.3. 2  9. 1  1,LOCACION DE SERVICIOS REALIZADOS POR PERSONAS NATURALES RELACIONADAS AL ROL DE LA ENTIDAD,15000.00,Compromiso
2026,1028,03,S,742,06/03/2026 00:00:00,10468920943,ZAPATA HOCES GIORDAN STEVE,106,CONTRATO MENOR,CM,,SERVICIO DE ASISTENCIA EN LA PRE-PRODUCCI‡N DE EVENTOS DE DIFUSI‡N II PARA LA ACTIVIDAD: ?INCREMENTO DE ACTIVIDADES DEPORTIVAS Y RECREATIVAS EN LA POBLACI‡N CHALACA?,948,18,2.3. 2  9. 1  1,LOCACION DE SERVICIOS REALIZADOS POR PERSONAS NATURALES RELACIONADAS AL ROL DE LA ENTIDAD,15000.00,Compromiso
2026,1028,03,S,743,06/03/2026 00:00:00,10461441276,BUENALAYA APOLINARIO DE GIL MARIA CICILIA,106,CONTRATO MENOR,CM,,"SERVICIO DE SEGUIMIENTO, CONTROL Y MONITOREO DE LOS ORIENTADORES Y OPERADORES I PARA LA ACTIVIDAD: ?INCREMENTO DE ACTIVIDADES DEPORTIVAS Y RECREATIVAS EN LA POBLACI‡N CHALACA?",949,18,2.3. 2  9. 1  1,LOCACION DE SERVICIOS REALIZADOS POR PERSONAS NATURALES RELACIONADAS AL ROL DE LA ENTIDAD,18000.00,Compromiso
2026,1028,03,S,744,06/03/2026 00:00:00,10480079057,NOLASCO PALACIOS NOEMI,106,CONTRATO MENOR,CM,,"SERVICIO DE SEGUIMIENTO, CONTROL Y MONITOREO DE LOS ORIENTADORES Y OPERADORES II PARA LA ACTIVIDAD: ?INCREMENTO DE ACTIVIDADES DEPORTIVAS Y RECREATIVAS EN LA POBLACI‡N CHALACA?",950,18,2.3. 2  9. 1  1,LOCACION DE SERVICIOS REALIZADOS POR PERSONAS NATURALES RELACIONADAS AL ROL DE LA ENTIDAD,18000.00,Compromiso
2026,1028,03,S,745,06/03/2026 00:00:00,10408772686,VASQUEZ HIDALGO PATRICIA MAGALY,106,CONTRATO MENOR,CM,,SERVICIO DE ORIENTADOR I PARA LA ACTIVIDAD: ?INCREMENTO DE ACTIVIDADES DEPORTIVAS Y RECREATIVAS EN LA POBLACI‡N CHALACA?,951,18,2.3. 2  9. 1  1,LOCACION DE SERVICIOS REALIZADOS POR PERSONAS NATURALES RELACIONADAS AL ROL DE LA ENTIDAD,10000.00,Compromiso
2026,1028,03,S,746,06/03/2026 00:00:00,10739862090,ALVAN DIAZ ROSA ESTEFANY,106,CONTRATO MENOR,CM,,SERVICIO DE ORIENTADOR II PARA LA ACTIVIDAD: ?INCREMENTO DE ACTIVIDADES DEPORTIVAS Y RECREATIVAS EN LA POBLACI‡N CHALACA?,952,18,2.3. 2  9. 1  1,LOCACION DE SERVICIOS REALIZADOS POR PERSONAS NATURALES RELACIONADAS AL ROL DE LA ENTIDAD,10000.00,Compromiso
2026,1028,03,S,747,06/03/2026 00:00:00,10748399955,CARRASCO CHIROQUE JOSE MANUEL,106,CONTRATO MENOR,CM,,SERVICIO DE ORIENTADOR III PARA LA ACTIVIDAD: ?INCREMENTO DE ACTIVIDADES DEPORTIVAS Y RECREATIVAS EN LA POBLACI‡N CHALACA?,953,18,2.3. 2  9. 1  1,LOCACION DE SERVICIOS REALIZADOS POR PERSONAS NATURALES RELACIONADAS AL ROL DE LA ENTIDAD,10000.00,Compromiso
2026,1028,03,S,748,06/03/2026 00:00:00,10468561064,DIAZ OLIVERA LIZETH IVETT,106,CONTRATO MENOR,CM,,SERVICIO DE ORIENTADOR IV PARA LA ACTIVIDAD: ?INCREMENTO DE ACTIVIDADES DEPORTIVAS Y RECREATIVAS EN LA POBLACI‡N CHALACA?,954,18,2.3. 2  9. 1  1,LOCACION DE SERVICIOS REALIZADOS POR PERSONAS NATURALES RELACIONADAS AL ROL DE LA ENTIDAD,10000.00,Compromiso
2026,1028,03,S,749,06/03/2026 00:00:00,10424803931,VILLENA DANNY EDGAR,106,CONTRATO MENOR,CM,,SERVICIO DE ORIENTADOR V PARA LA ACTIVIDAD: ?INCREMENTO DE ACTIVIDADES DEPORTIVAS Y RECREATIVAS EN LA POBLACI‡N CHALACA?,955,18,2.3. 2  9. 1  1,LOCACION DE SERVICIOS REALIZADOS POR PERSONAS NATURALES RELACIONADAS AL ROL DE LA ENTIDAD,10000.00,Compromiso
2026,1028,03,S,750,06/03/2026 00:00:00,10751387739,SOBRINO TORERO MARIA ROSA,106,CONTRATO MENOR,CM,,SERVICIO DE ORIENTADOR VI PARA LA ACTIVIDAD: ?INCREMENTO DE ACTIVIDADES DEPORTIVAS Y RECREATIVAS EN LA POBLACI‡N CHALACA?,956,18,2.3. 2  9. 1  1,LOCACION DE SERVICIOS REALIZADOS POR PERSONAS NATURALES RELACIONADAS AL ROL DE LA ENTIDAD,10000.00,Compromiso
2026,1028,03,S,751,06/03/2026 00:00:00,10432224614,CAMINO CANALES JESUS MARIA,106,CONTRATO MENOR,CM,,SERVICIO DE ORIENTADOR VII PARA LA ACTIVIDAD: ?INCREMENTO DE ACTIVIDADES DEPORTIVAS Y RECREATIVAS EN LA POBLACI‡N CHALACA?,957,18,2.3. 2  9. 1  1,LOCACION DE SERVICIOS REALIZADOS POR PERSONAS NATURALES RELACIONADAS AL ROL DE LA ENTIDAD,10000.00,Compromiso
2026,1028,03,S,752,06/03/2026 00:00:00,10225062132,NOLASCO FERMIN FLORA,106,CONTRATO MENOR,CM,,SERVICIO DE ORIENTADOR VIII PARA LA ACTIVIDAD: ?INCREMENTO DE ACTIVIDADES DEPORTIVAS Y RECREATIVAS EN LA POBLACI‡N CHALACA?,958,18,2.3. 2  9. 1  1,LOCACION DE SERVICIOS REALIZADOS POR PERSONAS NATURALES RELACIONADAS AL ROL DE LA ENTIDAD,10000.00,Compromiso
2026,1028,03,S,753,06/03/2026 00:00:00,10435117134,ALCANTARA CISNEROS LUIS ENRIQUE JAIRO,106,CONTRATO MENOR,CM,,SERVICIO DE ORIENTADOR IX PARA LA ACTIVIDAD: ?INCREMENTO DE ACTIVIDADES DEPORTIVAS Y RECREATIVAS EN LA POBLACI‡N CHALACA?,959,18,2.3. 2  9. 1  1,LOCACION DE SERVICIOS REALIZADOS POR PERSONAS NATURALES RELACIONADAS AL ROL DE LA ENTIDAD,10000.00,Compromiso
2026,1028,03,S,754,06/03/2026 00:00:00,10076338456,SALCEDO QUICA•O PERCY JOHN,106,CONTRATO MENOR,CM,,SERVICIO DE ORIENTADOR X PARA LA ACTIVIDAD: ?INCREMENTO DE ACTIVIDADES DEPORTIVAS Y RECREATIVAS EN LA POBLACI‡N CHALACA?,960,18,2.3. 2  9. 1  1,LOCACION DE SERVICIOS REALIZADOS POR PERSONAS NATURALES RELACIONADAS AL ROL DE LA ENTIDAD,10000.00,Compromiso
2026,1028,03,S,755,06/03/2026 00:00:00,10255703922,TAMARIZ QUIJANDRIA DAVID HANZT,106,CONTRATO MENOR,CM,,SERVICIO DE ORIENTADOR XI PARA LA ACTIVIDAD: ?INCREMENTO DE ACTIVIDADES DEPORTIVAS Y RECREATIVAS EN LA POBLACI‡N CHALACA?,961,18,2.3. 2  9. 1  1,LOCACION DE SERVICIOS REALIZADOS POR PERSONAS NATURALES RELACIONADAS AL ROL DE LA ENTIDAD,10000.00,Compromiso
2026,1028,03,S,756,06/03/2026 00:00:00,10471020091,ZEVALLOS CANALES SILVANA INGRID,106,CONTRATO MENOR,CM,,SERVICIO DE ORIENTADOR XII PARA LA ACTIVIDAD: ?INCREMENTO DE ACTIVIDADES DEPORTIVAS Y RECREATIVAS EN LA POBLACI‡N CHALACA?,962,18,2.3. 2  9. 1  1,LOCACION DE SERVICIOS REALIZADOS POR PERSONAS NATURALES RELACIONADAS AL ROL DE LA ENTIDAD,10000.00,Compromiso
2026,1028,03,S,757,06/03/2026 00:00:00,10729238711,YA•EZ CARLOS OMAR JESUS,106,CONTRATO MENOR,CM,,SERVICIO DE ORIENTADOR XIII PARA LA ACTIVIDAD: ?INCREMENTO DE ACTIVIDADES DEPORTIVAS Y RECREATIVAS EN LA POBLACI‡N CHALACA?,963,18,2.3. 2  9. 1  1,LOCACION DE SERVICIOS REALIZADOS POR PERSONAS NATURALES RELACIONADAS AL ROL DE LA ENTIDAD,10000.00,Compromiso
2026,1028,03,S,758,06/03/2026 00:00:00,10727263638,ROJAS CHICLLA AXEL,106,CONTRATO MENOR,CM,,SERVICIO DE ORIENTADOR XIV PARA LA ACTIVIDAD: ?INCREMENTO DE ACTIVIDADES DEPORTIVAS Y RECREATIVAS EN LA POBLACI‡N CHALACA?,964,18,2.3. 2  9. 1  1,LOCACION DE SERVICIOS REALIZADOS POR PERSONAS NATURALES RELACIONADAS AL ROL DE LA ENTIDAD,10000.00,Compromiso
2026,1028,03,S,759,06/03/2026 00:00:00,10751764371,CACERES ESCOBAR PAMELA LIZETH,106,CONTRATO MENOR,CM,,SERVICIO DE ORIENTADOR XV PARA LA ACTIVIDAD: ?INCREMENTO DE ACTIVIDADES DEPORTIVAS Y RECREATIVAS EN LA POBLACI‡N CHALACA?,965,18,2.3. 2  9. 1  1,LOCACION DE SERVICIOS REALIZADOS POR PERSONAS NATURALES RELACIONADAS AL ROL DE LA ENTIDAD,10000.00,Compromiso
2026,1028,03,S,760,06/03/2026 00:00:00,10420276864,ESPINOZA RIVAS SHEYLA CLARA,106,CONTRATO MENOR,CM,,SERVICIO DE ORIENTADOR XVI PARA LA ACTIVIDAD: ?INCREMENTO DE ACTIVIDADES DEPORTIVAS Y RECREATIVAS EN LA POBLACI‡N CHALACA?,966,18,2.3. 2  9. 1  1,LOCACION DE SERVICIOS REALIZADOS POR PERSONAS NATURALES RELACIONADAS AL ROL DE LA ENTIDAD,10000.00,Compromiso
2026,1028,03,S,761,06/03/2026 00:00:00,10721968974,MELECIO HERRERA CLAUDIA ANGELA,106,CONTRATO MENOR,CM,,SERVICIO DE ORIENTADOR XVII PARA LA ACTIVIDAD: ?INCREMENTO DE ACTIVIDADES DEPORTIVAS Y RECREATIVAS EN LA POBLACI‡N CHALACA?,967,18,2.3. 2  9. 1  1,LOCACION DE SERVICIOS REALIZADOS POR PERSONAS NATURALES RELACIONADAS AL ROL DE LA ENTIDAD,10000.00,Compromiso
2026,1028,03,S,762,06/03/2026 00:00:00,10765288814,SORIANO GONZALES MACIEL FIORELLA,106,CONTRATO MENOR,CM,,SERVICIO DE ORIENTADOR XVIII PARA LA ACTIVIDAD: ?INCREMENTO DE ACTIVIDADES DEPORTIVAS Y RECREATIVAS EN LA POBLACI‡N CHALACA?,968,18,2.3. 2  9. 1  1,LOCACION DE SERVICIOS REALIZADOS POR PERSONAS NATURALES RELACIONADAS AL ROL DE LA ENTIDAD,10000.00,Compromiso
2026,1028,03,S,763,06/03/2026 00:00:00,10619332810,PORTOCARRERO LEON ENZO ANDRE,106,CONTRATO MENOR,CM,,SERVICIO DE ORIENTADOR XIX PARA LA ACTIVIDAD: ?INCREMENTO DE ACTIVIDADES DEPORTIVAS Y RECREATIVAS EN LA POBLACI‡N CHALACA?,969,18,2.3. 2  9. 1  1,LOCACION DE SERVICIOS REALIZADOS POR PERSONAS NATURALES RELACIONADAS AL ROL DE LA ENTIDAD,10000.00,Compromiso
2026,1028,03,S,764,06/03/2026 00:00:00,10705670531,CA•AS OLIVERA YAHANNAH AURORA,106,CONTRATO MENOR,CM,,SERVICIO DE ORIENTADOR XX PARA LA ACTIVIDAD: ?INCREMENTO DE ACTIVIDADES DEPORTIVAS Y RECREATIVAS EN LA POBLACI‡N CHALACA?,970,18,2.3. 2  9. 1  1,LOCACION DE SERVICIOS REALIZADOS POR PERSONAS NATURALES RELACIONADAS AL ROL DE LA ENTIDAD,10000.00,Compromiso
2026,1028,03,S,765,06/03/2026 00:00:00,10430520704,PARCO TINTAYA SILVIA SOPHIA,106,CONTRATO MENOR,CM,,SERVICIO ESPECIALIZADO EN GESTION DE SALUD PARA LA ACTIVIDAD: ?INCREMENTO DE ACTIVIDADES DEPORTIVAS Y RECREATIVAS EN LA POBLACI‡N CHALACA?,971,18,2.3. 2  9. 1  1,LOCACION DE SERVICIOS REALIZADOS POR PERSONAS NATURALES RELACIONADAS AL ROL DE LA ENTIDAD,36000.00,Compromiso
2026,1028,03,S,766,06/03/2026 00:00:00,10478626253,SALAS TORIBIO ANGELA MILUSKA,106,CONTRATO MENOR,CM,,SERVICIO DE SUPERVISI‡N Y MONITOREO DE LAS ATENCIONES EN LOS ESTABLECIMIENTO DE SALUD TOPICO I PARA LA ACTIVIDAD: ?INCREMENTO DE ACTIVIDADES DEPORTIVAS Y RECREATIVAS EN LA POBLACI‡N CHALACA?,972,18,2.3. 2  9. 1  1,LOCACION DE SERVICIOS REALIZADOS POR PERSONAS NATURALES RELACIONADAS AL ROL DE LA ENTIDAD,5000.00,Compromiso
2026,1028,03,S,767,06/03/2026 00:00:00,10413821211,ESCALANTE CANDIA AUGUSTO GAVINO,106,CONTRATO MENOR,CM,,SERVICIO DE SUPERVISI‡N Y MONITOREO DE LAS ATENCIONES EN LOS ESTABLECIMIENTO DE SALUD TOPICO II PARA LA ACTIVIDAD: ?INCREMENTO DE ACTIVIDADES DEPORTIVAS Y RECREATIVAS EN LA POBLACI‡N CHALACA?,973,18,2.3. 2  9. 1  1,LOCACION DE SERVICIOS REALIZADOS POR PERSONAS NATURALES RELACIONADAS AL ROL DE LA ENTIDAD,5000.00,Compromiso
2026,1028,03,S,768,06/03/2026 00:00:00,10479540450,RODRIGUEZ RODRIGUEZ CONSTANZA YADIRA,106,CONTRATO MENOR,CM,,SERVICIO ESPECIALIZADO EN ENFERMER÷A PARA PROCEDIMIENTOS EN T‡PICO I PARA LA ACTIVIDAD: ?INCREMENTO DE ACTIVIDADES DEPORTIVAS Y RECREATIVAS EN LA POBLACI‡N CHALACA?,974,18,2.3. 2  9. 1  1,LOCACION DE SERVICIOS REALIZADOS POR PERSONAS NATURALES RELACIONADAS AL ROL DE LA ENTIDAD,4250.00,Compromiso
2026,1028,03,S,769,06/03/2026 00:00:00,10478687589,RAFAEL CHAVEZ EDITH,106,CONTRATO MENOR,CM,,SERVICIO ESPECIALIZADO EN ENFERMER÷A PARA PROCEDIMIENTOS EN T‡PICO II PARA LA ACTIVIDAD: ?INCREMENTO DE ACTIVIDADES DEPORTIVAS Y RECREATIVAS EN LA POBLACI‡N CHALACA?,975,18,2.3. 2  9. 1  1,LOCACION DE SERVICIOS REALIZADOS POR PERSONAS NATURALES RELACIONADAS AL ROL DE LA ENTIDAD,4250.00,Compromiso
2026,1028,03,S,770,06/03/2026 00:00:00,10741326693,VASQUEZ SANCHEZ YESENIA AURORA,106,CONTRATO MENOR,CM,,SERVICIO ESPECIALIZADO EN ENFERMER÷A PARA PROCEDIMIENTOS EN T‡PICO III PARA LA ACTIVIDAD: ?INCREMENTO DE ACTIVIDADES DEPORTIVAS Y RECREATIVAS EN LA POBLACI‡N CHALACA?,976,18,2.3. 2  9. 1  1,LOCACION DE SERVICIOS REALIZADOS POR PERSONAS NATURALES RELACIONADAS AL ROL DE LA ENTIDAD,4250.00,Compromiso
2026,1028,03,S,771,06/03/2026 00:00:00,10768060199,NU•EZ TARAZONA YANIRA ALEXANDRA,106,CONTRATO MENOR,CM,,SERVICIO ESPECIALIZADO EN ENFERMER÷A PARA PROCEDIMIENTOS EN T‡PICO IV PARA LA ACTIVIDAD: ?INCREMENTO DE ACTIVIDADES DEPORTIVAS Y RECREATIVAS EN LA POBLACI‡N CHALACA?,977,18,2.3. 2  9. 1  1,LOCACION DE SERVICIOS REALIZADOS POR PERSONAS NATURALES RELACIONADAS AL ROL DE LA ENTIDAD,4250.00,Compromiso
2026,1028,03,S,772,06/03/2026 00:00:00,10731736443,CHAVEZ BURNES JESUS JEFFERSON,106,CONTRATO MENOR,CM,,SERVICIO DE AUXILIAR EN ENFERMER÷A I EN TOPICO PARA LA ACTIVIDAD: ?INCREMENTO DE ACTIVIDADES DEPORTIVAS Y RECREATIVAS EN LA POBLACI‡N CHALACA?,978,18,2.3. 2  9. 1  1,LOCACION DE SERVICIOS REALIZADOS POR PERSONAS NATURALES RELACIONADAS AL ROL DE LA ENTIDAD,3500.00,Compromiso
2026,1028,03,S,773,06/03/2026 00:00:00,10439431101,YANCCE RAMIREZ MIRIAN FLOR,106,CONTRATO MENOR,CM,,SERVICIO DE AUXILIAR EN ENFERMER÷A II EN TOPICO PARA LA ACTIVIDAD: ?INCREMENTO DE ACTIVIDADES DEPORTIVAS Y RECREATIVAS EN LA POBLACI‡N CHALACA?,979,18,2.3. 2  9. 1  1,LOCACION DE SERVICIOS REALIZADOS POR PERSONAS NATURALES RELACIONADAS AL ROL DE LA ENTIDAD,3500.00,Compromiso
2026,1028,03,S,774,06/03/2026 00:00:00,10738864129,CELIS VARA HAYDE DORIS,106,CONTRATO MENOR,CM,,SERVICIO DE AUXILIAR EN ENFERMER÷A III EN TOPICO PARA LA ACTIVIDAD: ?INCREMENTO DE ACTIVIDADES DEPORTIVAS Y RECREATIVAS EN LA POBLACI‡N CHALACA?,980,18,2.3. 2  9. 1  1,LOCACION DE SERVICIOS REALIZADOS POR PERSONAS NATURALES RELACIONADAS AL ROL DE LA ENTIDAD,3500.00,Compromiso
2026,1028,03,S,775,06/03/2026 00:00:00,10705622081,RODRIGUEZ PE•A MARIA FERNANDA,106,CONTRATO MENOR,CM,,SERVICIO DE AUXILIAR EN ENFERMER÷A IV EN TOPICO PARA LA ACTIVIDAD: ?INCREMENTO DE ACTIVIDADES DEPORTIVAS Y RECREATIVAS EN LA POBLACI‡N CHALACA?,981,18,2.3. 2  9. 1  1,LOCACION DE SERVICIOS REALIZADOS POR PERSONAS NATURALES RELACIONADAS AL ROL DE LA ENTIDAD,3500.00,Compromiso
2026,1028,03,S,776,06/03/2026 00:00:00,10438557861,MI•AN ROJAS JONATHAN KENNY,106,CONTRATO MENOR,CM,,SERVICIO DE ATENCION MEDICA ESPECIALIZADA EN FISIOTERAPIA I PARA LA ACTIVIDAD: ?INCREMENTO DE ACTIVIDADES DEPORTIVAS Y RECREATIVAS EN LA POBLACI‡N CHALACA?,982,18,2.3. 2  9. 1  1,LOCACION DE SERVICIOS REALIZADOS POR PERSONAS NATURALES RELACIONADAS AL ROL DE LA ENTIDAD,3800.00,Compromiso
2026,1028,03,S,777,06/03/2026 00:00:00,10720167692,GUANILO MANTARI LUCIA MARIANA,106,CONTRATO MENOR,CM,,SERVICIO DE ATENCION MEDICA ESPECIALIZADA EN FISIOTERAPIA II PARA LA ACTIVIDAD: ?INCREMENTO DE ACTIVIDADES DEPORTIVAS Y RECREATIVAS EN LA POBLACI‡N CHALACA?,983,18,2.3. 2  9. 1  1,LOCACION DE SERVICIOS REALIZADOS POR PERSONAS NATURALES RELACIONADAS AL ROL DE LA ENTIDAD,3800.00,Compromiso
2026,1028,03,S,778,06/03/2026 00:00:00,10411818166,VILLEGAS BENDEZÈ ROBERT ANTHONY,106,CONTRATO MENOR,CM,,SERVICIO DE CONDUCCI‡N DE VEH÷CULO AMBULANCIA I PARA LA ACTIVIDAD: ?INCREMENTO DE ACTIVIDADES DEPORTIVAS Y RECREATIVAS EN LA POBLACI‡N CHALACA?,984,18,2.3. 2  9. 1  1,LOCACION DE SERVICIOS REALIZADOS POR PERSONAS NATURALES RELACIONADAS AL ROL DE LA ENTIDAD,2500.00,Compromiso
2026,1028,03,S,779,06/03/2026 00:00:00,10401472067,AMEZAGA FERNANDEZ DAVILA RENZO ANTONIO,106,CONTRATO MENOR,CM,,SERVICIO DE CONDUCCI‡N DE VEH÷CULO AMBULANCIA II PARA LA ACTIVIDAD: ?INCREMENTO DE ACTIVIDADES DEPORTIVAS Y RECREATIVAS EN LA POBLACI‡N CHALACA?,985,18,2.3. 2  9. 1  1,LOCACION DE SERVICIOS REALIZADOS POR PERSONAS NATURALES RELACIONADAS AL ROL DE LA ENTIDAD,2500.00,Compromiso
2026,1028,03,S,780,06/03/2026 00:00:00,10429731891,SOTELO REYES VICTOR ANDREE,106,CONTRATO MENOR,CM,,SERVICIO ESPECIALIZADO EN PSICOLOGIA I PARA LA ACTIVIDAD: ?INCREMENTO DE ACTIVIDADES DEPORTIVAS Y RECREATIVAS EN LA POBLACI‡N CHALACA?,986,18,2.3. 2  9. 1  1,LOCACION DE SERVICIOS REALIZADOS POR PERSONAS NATURALES RELACIONADAS AL ROL DE LA ENTIDAD,3800.00,Compromiso
2026,1028,03,S,781,06/03/2026 00:00:00,10754326340,LEON CANO ALLISON VALERYN,106,CONTRATO MENOR,CM,,SERVICIO ESPECIALIZADO EN PSICOLOGIA II PARA LA ACTIVIDAD: ?INCREMENTO DE ACTIVIDADES DEPORTIVAS Y RECREATIVAS EN LA POBLACI‡N CHALACA?,987,18,2.3. 2  9. 1  1,LOCACION DE SERVICIOS REALIZADOS POR PERSONAS NATURALES RELACIONADAS AL ROL DE LA ENTIDAD,3800.00,Compromiso
2026,1028,03,S,782,06/03/2026 00:00:00,10709081948,CALDAS JARA ESTEBAN JORDAN,106,CONTRATO MENOR,CM,,"SERVICIO DE COORDINACI‡N Y SUPERVISI‡N DE LAS CONTRATACIONES Y PAGOS DE BIENES Y SERVICIOS PARA LA OFICINA DE ADMINISTRACI‡N DE VILLAS REGIONALES DE LA GERENCIA REGIONAL DE EDUCACI‡N, CULTURA Y DEPORTE.",988,18,2.3. 2  9. 1  1,LOCACION DE SERVICIOS REALIZADOS POR PERSONAS NATURALES RELACIONADAS AL ROL DE LA ENTIDAD,36000.00,Compromiso
2026,1028,03,S,783,06/03/2026 00:00:00,10722915874,NIEVES SEGURA ALEXANDRA ISABEL,106,CONTRATO MENOR,CM,,"SERVICIO ESPECIALIZADO EN CONTRATACIONES PÈBLICAS PARA LA OFICINA DE ADMINISTRACI‡N DE VILLAS REGIONALES DE LA GERENCIA REGIONAL DE EDUCACI‡N, CULTURA Y DEPORTE.",989,18,2.3. 2  9. 1  1,LOCACION DE SERVICIOS REALIZADOS POR PERSONAS NATURALES RELACIONADAS AL ROL DE LA ENTIDAD,24000.00,Compromiso
2026,1028,03,S,784,06/03/2026 00:00:00,10403534728,HEREDIA FRUGONI LUIS ANGEL,106,CONTRATO MENOR,CM,,"SERVICIO DE ASISTENCIA TêCNICA EN LOG÷STICA I PARA LA OFICINA DE ADMINISTRACI‡N DE VILLAS REGIONALES DE LA GERENCIA REGIONAL DE EDUCACI‡N, CULTURA Y DEPORTE.",990,18,2.3. 2  9. 1  1,LOCACION DE SERVICIOS REALIZADOS POR PERSONAS NATURALES RELACIONADAS AL ROL DE LA ENTIDAD,18000.00,Compromiso
2026,1028,03,S,785,06/03/2026 00:00:00,10459708346,AGREDA ALARCON EVELYN JACQUELINE,106,CONTRATO MENOR,CM,,"SERVICIO DE ASISTENCIA TêCNICA EN LOG÷STICA II PARA LA OFICINA DE ADMINISTRACI‡N DE VILLAS REGIONALES DE LA GERENCIA REGIONAL DE EDUCACI‡N, CULTURA Y DEPORTE.",991,18,2.3. 2  9. 1  1,LOCACION DE SERVICIOS REALIZADOS POR PERSONAS NATURALES RELACIONADAS AL ROL DE LA ENTIDAD,18000.00,Compromiso
2026,1028,03,S,786,06/03/2026 00:00:00,10471350414,CASTILLO ALFARO OSCAR PEDRO MANUEL,106,CONTRATO MENOR,CM,,"SERVICIO ESPECIALIZADO EN PLANEAMIENTO Y PRESUPUESTO PARA LA FORMULACI‡N Y SEGUIMIENTO DE ACTIVIDADES PARA LA OFICINA DE ADMINISTRACI‡N DE VILLAS REGIONALES DE LA GERENCIA REGIONAL DE EDUCACI‡N, CULTURA Y DEPORTE.",992,18,2.3. 2  9. 1  1,LOCACION DE SERVICIOS REALIZADOS POR PERSONAS NATURALES RELACIONADAS AL ROL DE LA ENTIDAD,30000.00,Compromiso
2026,1028,03,S,787,06/03/2026 00:00:00,10751724727,GONZALEZ NOLASCO GERY EVELYN,106,CONTRATO MENOR,CM,,"SERVICIO ADMINISTRATIVO EN PLANEAMIENTO Y PRESUPUESTO PARA LA OFICINA DE ADMINISTRACI‡N DE VILLAS REGIONALES DE LA GERENCIA REGIONAL DE EDUCACI‡N, CULTURA Y DEPORTE",993,18,2.3. 2  9. 1  1,LOCACION DE SERVICIOS REALIZADOS POR PERSONAS NATURALES RELACIONADAS AL ROL DE LA ENTIDAD,20000.00,Compromiso
2026,1028,03,S,788,06/03/2026 00:00:00,10460762354,LOPEZ MARTINEZ ESTEFANY LEONOR,106,CONTRATO MENOR,CM,,"SERVICIO ESPECIALIZADO EN MATERIA LEGAL PARA LA OFICINA DE ADMINISTRACI‡N DE VILLAS REGIONALES DE LA GERENCIA REGIONAL DE EDUCACI‡N, CULTURA Y DEPORTE.",994,18,2.3. 2  9. 1  1,LOCACION DE SERVICIOS REALIZADOS POR PERSONAS NATURALES RELACIONADAS AL ROL DE LA ENTIDAD,26000.00,Compromiso
2026,1028,03,S,789,06/03/2026 00:00:00,10415413781,VELASQUEZ JERI INGRID PAOLA,106,CONTRATO MENOR,CM,,"SERVICIO DE REVISION Y ANALISIS DE CONTRATOS Y CONVENIOS PARA LA OFICINA DE ADMINISTRACION DE VILLAS REGIONALES DE LA GERENCIA REGIONAL DE EDUCACION, CULTURA Y DEPORTE",995,18,2.3. 2  9. 1  1,LOCACION DE SERVICIOS REALIZADOS POR PERSONAS NATURALES RELACIONADAS AL ROL DE LA ENTIDAD,24000.00,Compromiso
2026,1028,03,S,790,06/03/2026 00:00:00,10727501601,HUERTA VALVERDE MARISSE GUADALUPE,106,CONTRATO MENOR,CM,,"SERVICIO LEGAL PARA LA REVISION DE DOCUMENTOS DE GESTION ADMINISTRATIVA PARA LA OFICINA DE ADMINISTRACI‡N DE VILLAS REGIONALES DE LA GERENCIA REGIONAL DE EDUCACI‡N, CULTURA Y DEPORTE.",996,18,2.3. 2  9. 1  1,LOCACION DE SERVICIOS REALIZADOS POR PERSONAS NATURALES RELACIONADAS AL ROL DE LA ENTIDAD,22000.00,Compromiso
2026,1028,03,S,791,06/03/2026 00:00:00,10107988276,HERRERA GUEVARA JORGE LUIS,106,CONTRATO MENOR,CM,,"SERVICIO EN COMUNICACI‡N E IMAGEN INSTITUCIONAL PARA LA OFICINA DE ADMINISTRACI‡N DE VILLAS REGIONALES DE LA GERENCIA REGIONAL DE EDUCACI‡N, CULTURA Y DEPORTE.",997,18,2.3. 2  9. 1  1,LOCACION DE SERVICIOS REALIZADOS POR PERSONAS NATURALES RELACIONADAS AL ROL DE LA ENTIDAD,26000.00,Compromiso
2026,1028,03,S,792,06/03/2026 00:00:00,10431650351,ZUMAETA PANDURO DIANA LIZ,106,CONTRATO MENOR,CM,,SERVICIO DE SEGUIMIENTO DE DOCUMENTOS ADMINISTRATIVOS,855,18,2.3. 2  9. 1  1,LOCACION DE SERVICIOS REALIZADOS POR PERSONAS NATURALES RELACIONADAS AL ROL DE LA ENTIDAD,5000.00,Compromiso
2026,1028,03,S,793,06/03/2026 00:00:00,10412770493,MENDOZA ROMERO CATHERINE HELLEN,106,CONTRATO MENOR,CM,,"SERVICIO DE ASISTENCIA TECNICA ADMINISTRATIVA I PARA LA OFICINA DE ADMINISTRACION DE VILLAS REGIONALES DE LA GERENCIA REGIONAL DE EDUCACION, CULTURA Y DEPORTE",998,18,2.3. 2  9. 1  1,LOCACION DE SERVICIOS REALIZADOS POR PERSONAS NATURALES RELACIONADAS AL ROL DE LA ENTIDAD,16000.00,Compromiso
2026,1028,03,S,794,06/03/2026 00:00:00,10702184334,PAUCAR QUISPE NICOLE CATHERINE,106,CONTRATO MENOR,CM,,SERVICIO DE AUXILIAR ADMINISTRATIVO,856,18,2.3. 2  9. 1  1,LOCACION DE SERVICIOS REALIZADOS POR PERSONAS NATURALES RELACIONADAS AL ROL DE LA ENTIDAD,6780.00,Compromiso
2026,1028,03,S,795,06/03/2026 00:00:00,10474839643,MEDINA COSTILLO FIORELLA MELISSA,106,CONTRATO MENOR,CM,,"SERVICIO DE ASISTENCIA TECNICA ADMINISTRATIVA II PARA LA OFICINA DE ADMINISTRACION DE VILLAS REGIONALES DE LA GERENCIA REGIONAL DE EDUCACION, CULTURA Y DEPORTE",999,18,2.3. 2  9. 1  1,LOCACION DE SERVICIOS REALIZADOS POR PERSONAS NATURALES RELACIONADAS AL ROL DE LA ENTIDAD,16000.00,Compromiso
2026,1028,03,S,796,06/03/2026 00:00:00,10257598760,OSORNO OROTIA ANA LUISA,106,CONTRATO MENOR,CM,,SERVICIO DE ASISTENCIA TECNICA ADMINISTRATIVA,857,18,2.3. 2  9. 1  1,LOCACION DE SERVICIOS REALIZADOS POR PERSONAS NATURALES RELACIONADAS AL ROL DE LA ENTIDAD,6000.00,Compromiso
2026,1028,03,S,797,06/03/2026 00:00:00,10726529154,ROMERO LEON BRYAN JESUS,106,CONTRATO MENOR,CM,,"SERVICIO DE AUXILIAR ADMINISTRATIVO PARA LA OFICINA DE ADMINISTRACION DE VILLAS REGIONALES DE LA GERENCIA REGIONAL DE EDUCACION, CULTURA Y DEPORTE",1000,18,2.3. 2  9. 1  1,LOCACION DE SERVICIOS REALIZADOS POR PERSONAS NATURALES RELACIONADAS AL ROL DE LA ENTIDAD,12000.00,Compromiso
2026,1028,03,S,798,06/03/2026 00:00:00,10455300253,MALCA MONCADA JULIO RONALD,106,CONTRATO MENOR,CM,,"SERVICIO DE ASESORIA EN GESTION ADMINISTRATIVA PARA LA OFICINA DE ADMINISTRACION DE VILLAS REGIONALES DE LA GERENCIA REGIONAL DE EDUCACION, CULTURA Y DEPORTE.",1001,18,2.3. 2  9. 1  1,LOCACION DE SERVICIOS REALIZADOS POR PERSONAS NATURALES RELACIONADAS AL ROL DE LA ENTIDAD,32000.00,Compromiso
2026,1028,03,S,799,06/03/2026 00:00:00,10700338393,ALVARADO GARCIA LUIS TOMAS,106,CONTRATO MENOR,CM,,"SERVICIO DE SEGUIMIENTO Y MONITOREO EN DESARROLLO DE ACTIVIDADES EN EVENTOS INSTITUCIONALES PARA LA OFICINA DE ADMINISTRACI‡N DE VILLAS REGIONALES DE LA GERENCIA REGIONAL DE EDUCACION, CULTURA Y DEPORTE.",1002,18,2.3. 2  9. 1  1,LOCACION DE SERVICIOS REALIZADOS POR PERSONAS NATURALES RELACIONADAS AL ROL DE LA ENTIDAD,22000.00,Compromiso
2026,1028,03,S,800,06/03/2026 00:00:00,10254379251,ZAVALETA PINGO MARIO MARINO,106,CONTRATO MENOR,CM,,SERVICIO DE OPERADOR LOGISTICO,858,18,2.3. 2  9. 1  1,LOCACION DE SERVICIOS REALIZADOS POR PERSONAS NATURALES RELACIONADAS AL ROL DE LA ENTIDAD,5600.00,Compromiso
2026,1028,03,S,801,06/03/2026 00:00:00,10760752491,JIMENEZ AGUILAR JOHN ANTONY,106,CONTRATO MENOR,CM,,"SERVICIO DE COORDINACION EN TEMAS DE PATRIMONIO Y ALMACêN PARA LA OFICINA DE ADMINISTRACI‡N DE VILLAS REGIONALES DE LA GERENCIA REGIONAL DE EDUCACI‡N, CULTURA Y DEPORTE.",1003,18,2.3. 2  9. 1  1,LOCACION DE SERVICIOS REALIZADOS POR PERSONAS NATURALES RELACIONADAS AL ROL DE LA ENTIDAD,26000.00,Compromiso
2026,1028,03,S,802,06/03/2026 00:00:00,10159648937,GONZALES PARIONA MYRIAM,106,CONTRATO MENOR,CM,,SERVICIO DE ELABORACION DE REPORTE DE MONITOREO DE ACTIVIDADES,859,18,2.3. 2  9. 1  1,LOCACION DE SERVICIOS REALIZADOS POR PERSONAS NATURALES RELACIONADAS AL ROL DE LA ENTIDAD,3000.00,Compromiso
2026,1028,03,S,803,06/03/2026 00:00:00,10765123092,CASTILLO BOBBIO LELIS ARELIS,106,CONTRATO MENOR,CM,,"SERVICIO ESPECIALIZADO EN SEGUIMIENTO Y MONITOREO EN CONTROL PATRIMONIAL PARA LA OFICINA DE ADMINISTRACI‡N DE VILLAS REGIONALES DE LA GERENCIA REGIONAL DE EDUCACI‡N, CULTURA Y DEPORTE",1004,18,2.3. 2  9. 1  1,LOCACION DE SERVICIOS REALIZADOS POR PERSONAS NATURALES RELACIONADAS AL ROL DE LA ENTIDAD,18000.00,Compromiso
2026,1028,03,S,804,06/03/2026 00:00:00,10771382016,LOPEZ SOTELO SARITA LUZMERY,106,CONTRATO MENOR,CM,,SERVICIO DE ELABORACION DE REPORTE DE MONITOREO DE ACTIVIDADES,860,18,2.3. 2  9. 1  1,LOCACION DE SERVICIOS REALIZADOS POR PERSONAS NATURALES RELACIONADAS AL ROL DE LA ENTIDAD,2800.00,Compromiso
2026,1028,03,S,805,06/03/2026 00:00:00,10433230669,GAVANCHO BARZOLA JOSE CARLOS,106,CONTRATO MENOR,CM,,"SERVICIO DE CONTROL Y SEGUIMIENTO DE INGRESO Y SALIDA DE BIENES DE ALMACEN PARA LA OFICINA DE ADMINISTRACION DE VILLAS REGIONALES DE LA GERENCIA REGIONAL DE EDUCACION, CULTURA Y DEPORTE.",1005,18,2.3. 2  9. 1  1,LOCACION DE SERVICIOS REALIZADOS POR PERSONAS NATURALES RELACIONADAS AL ROL DE LA ENTIDAD,18000.00,Compromiso
2026,1028,03,S,806,06/03/2026 00:00:00,10257323027,AYLLON TARDILLO MARIA LAURA,106,CONTRATO MENOR,CM,,SERVICIO DE SEGUIMIENTO Y MONITOREO DE SUPERVISIONES,861,18,2.3. 2  9. 1  1,LOCACION DE SERVICIOS REALIZADOS POR PERSONAS NATURALES RELACIONADAS AL ROL DE LA ENTIDAD,5000.00,Compromiso
2026,1028,03,S,807,06/03/2026 00:00:00,10255442860,MOLLESPAZA REYES ALMIRA FLOR,106,CONTRATO MENOR,CM,,SERVICIO DE ESCANEO Y DIGITALIZACION,862,18,2.3. 2  9. 1  1,LOCACION DE SERVICIOS REALIZADOS POR PERSONAS NATURALES RELACIONADAS AL ROL DE LA ENTIDAD,2400.00,Compromiso
2026,1028,03,S,808,06/03/2026 00:00:00,10607960572,PENDOLA PALACIOS STEFANO SEBASTIAN,106,CONTRATO MENOR,CM,,"SERVICIO DE REGISTRO Y ACTUALIZACION DE INFORMACION PATRIMONIAL I PARA LA OFICINA DE ADMINISTRACION DE VILLAS REGIONALES DE LA GERENCIA REGIONAL DE EDUCACION, CULTURA Y DEPORTE.",1006,18,2.3. 2  9. 1  1,LOCACION DE SERVICIOS REALIZADOS POR PERSONAS NATURALES RELACIONADAS AL ROL DE LA ENTIDAD,10000.00,Compromiso
2026,1028,03,S,809,06/03/2026 00:00:00,10478940772,CASTRO LUZARDO ALEXANDRA STEPHANIE,106,CONTRATO MENOR,CM,,SERVICIO DE ELABORACION DE REPORTE DE MONITOREO DE ACTIVIDADES,863,18,2.3. 2  9. 1  1,LOCACION DE SERVICIOS REALIZADOS POR PERSONAS NATURALES RELACIONADAS AL ROL DE LA ENTIDAD,2800.00,Compromiso
2026,1028,03,S,810,06/03/2026 00:00:00,10736661450,ROMERO QUINTANA GRAISY MIRELLA,106,CONTRATO MENOR,CM,,"SERVICIO DE REGISTRO Y ACTUALIZACION DE INFORMACION PATRIMONIAL II PARA LA OFICINA DE ADMINISTRACION DE VILLAS REGIONALES DE LA GERENCIA REGIONAL DE EDUCACION, CULTURA Y DEPORTE.",1007,18,2.3. 2  9. 1  1,LOCACION DE SERVICIOS REALIZADOS POR PERSONAS NATURALES RELACIONADAS AL ROL DE LA ENTIDAD,10000.00,Compromiso
2026,1028,03,S,811,06/03/2026 00:00:00,10737897171,COTOS CHERO KEBIN JAIR,106,CONTRATO MENOR,CM,,SERVICIO DE ELABORACION DE REPORTE DE MONITOREO DE ACTIVIDADES,864,18,2.3. 2  9. 1  1,LOCACION DE SERVICIOS REALIZADOS POR PERSONAS NATURALES RELACIONADAS AL ROL DE LA ENTIDAD,2400.00,Compromiso
2026,1028,03,S,812,06/03/2026 00:00:00,10409266431,COLLENS CABEL CECILIA RENE,106,CONTRATO MENOR,CM,,SERVICIO DE ELABORACION DE REPORTE DE MONITOREO DE ACTIVIDADES,865,18,2.3. 2  9. 1  1,LOCACION DE SERVICIOS REALIZADOS POR PERSONAS NATURALES RELACIONADAS AL ROL DE LA ENTIDAD,2400.00,Compromiso
2026,1028,03,S,813,06/03/2026 00:00:00,10602073047,CARRION CASTILLO EUDIZ YOEL,106,CONTRATO MENOR,CM,,"SERVICIO DE REGISTRO Y RECEPCION DE BIENES EN ALMACEN I PARA LA OFICINA DE ADMINISTRACI‡N DE VILLAS REGIONALES DE LA GERENCIA REGIONAL DE EDUCACI‡N, CULTURA Y DEPORTE.",1008,18,2.3. 2  9. 1  1,LOCACION DE SERVICIOS REALIZADOS POR PERSONAS NATURALES RELACIONADAS AL ROL DE LA ENTIDAD,10000.00,Compromiso
2026,1028,03,S,814,06/03/2026 00:00:00,10453036494,HURTADO GOMEZ ALICIA MANUELA,106,CONTRATO MENOR,CM,,"SERVICIO DE REGISTRO Y RECEPCION DE BIENES EN ALMACEN II PARA LA OFICINA DE ADMINISTRACI‡N DE VILLAS REGIONALES DE LA GERENCIA REGIONAL DE EDUCACI‡N, CULTURA Y DEPORTE.",1009,18,2.3. 2  9. 1  1,LOCACION DE SERVICIOS REALIZADOS POR PERSONAS NATURALES RELACIONADAS AL ROL DE LA ENTIDAD,10000.00,Compromiso
2026,1028,03,S,815,06/03/2026 00:00:00,10257815809,JACOBO GARCIA GARY HENRY,106,CONTRATO MENOR,CM,,SERVICIO DE CONDUCCION DE VEHICULO,866,18,2.3. 2  9. 1  1,LOCACION DE SERVICIOS REALIZADOS POR PERSONAS NATURALES RELACIONADAS AL ROL DE LA ENTIDAD,2400.00,Compromiso
2026,1028,03,S,816,06/03/2026 00:00:00,10707724264,PERICHE VEGA JUVER SANTOS,106,CONTRATO MENOR,CM,,"SERVICIO DE MONITOREO DE ACTIVIDADES DE MANTENIMIENTO DE INFRAESTRUCTURA PARA LA OFICINA DE ADMINISTRACI‡N DE VILLAS REGIONALES DE LA GERENCIA REGIONAL DE EDUCACI‡N, CULTURA Y DEPORTE DEL GOBIERNO REGIONAL DEL CALLAO.",1010,18,2.3. 2  9. 1  1,LOCACION DE SERVICIOS REALIZADOS POR PERSONAS NATURALES RELACIONADAS AL ROL DE LA ENTIDAD,28000.00,Compromiso
2026,1028,03,S,817,06/03/2026 00:00:00,10708492286,MAYURI MALCA PAUL ROBERT,106,CONTRATO MENOR,CM,,"SERVCIO DE COORDINACION TECNICA EN ACTIVIDADES DE EVENTOS DEPORTIVOS PARA LA OFICINA DE ADMINISTRACI‡N DE VILLAS REGIONALES DE LA GERENCIA REGIONAL DE EDUCACI‡N, CULTURA Y DEPORTE.",1157,18,2.3. 2  9. 1  1,LOCACION DE SERVICIOS REALIZADOS POR PERSONAS NATURALES RELACIONADAS AL ROL DE LA ENTIDAD,28000.00,Compromiso
2026,1028,03,S,818,06/03/2026 00:00:00,10254253915,SLADJEN OCHOA ELVA ROSA,106,CONTRATO MENOR,CM,,SERVICIO DE ASISTENCIA TECNICA ADMINISTRATIVA,867,18,2.3. 2  9. 1  1,LOCACION DE SERVICIOS REALIZADOS POR PERSONAS NATURALES RELACIONADAS AL ROL DE LA ENTIDAD,5650.00,Compromiso
2026,1028,03,S,819,06/03/2026 00:00:00,10461002507,ZU•IGA ANGULO ESMERALDA LIZETH,106,CONTRATO MENOR,CM,,SERVICIO DE COORDINACI‡N ADMINISTRATIVA PARA LA GERENCIA GENERAL REGIONAL.,870,18,2.3. 2  9. 1  1,LOCACION DE SERVICIOS REALIZADOS POR PERSONAS NATURALES RELACIONADAS AL ROL DE LA ENTIDAD,19500.00,Compromiso
2026,1028,03,S,820,06/03/2026 00:00:00,10752241541,MOTTA VALDIVIEZO DIANA ARACELI,106,CONTRATO MENOR,CM,,SERVICIO DE ASISTENCIA EN LA ELABORACI‡N DE DOCUMENTOS ADMINISTRATIVOS PARA LA GERENCIA GENERAL,871,18,2.3. 2  9. 1  1,LOCACION DE SERVICIOS REALIZADOS POR PERSONAS NATURALES RELACIONADAS AL ROL DE LA ENTIDAD,15000.00,Compromiso
2026,1028,03,S,821,06/03/2026 00:00:00,10255673624,MELENDEZ RAMOS CECILIA ISABEL,106,CONTRATO MENOR,CM,,SERVICIO DE AUXILIAR  ADMINISTRATIVO PARA LA GERENCIA GENERAL REGIONAL.,872,18,2.3. 2  9. 1  1,LOCACION DE SERVICIOS REALIZADOS POR PERSONAS NATURALES RELACIONADAS AL ROL DE LA ENTIDAD,12000.00,Compromiso
2026,1028,03,S,822,06/03/2026 00:00:00,10405905804,CARMONA MORALES CARMEN YLIANA,106,CONTRATO MENOR,CM,,SERVICIO DE ASISTENCIA EN ADQUISICIONES Y CONTRATACIONES 2026 PARA LA OFICINA DE COMERCIO TURISMO Y ENERGIA Y MINAS.,899,18,2.3. 2  9. 1  1,LOCACION DE SERVICIOS REALIZADOS POR PERSONAS NATURALES RELACIONADAS AL ROL DE LA ENTIDAD,16800.00,Compromiso
2026,1028,03,S,823,06/03/2026 00:00:00,10098983070,VELA RAMIREZ JUAN CARLOS,106,CONTRATO MENOR,CM,,SERVICIO DE ASISTENCIA LEGAL EN DERECHO ADMINISTRATIVO PARA LA OFICINA DE COMERCIO TURISMO Y ENERGIA Y MINAS.,903,18,2.3. 2  9. 1  1,LOCACION DE SERVICIOS REALIZADOS POR PERSONAS NATURALES RELACIONADAS AL ROL DE LA ENTIDAD,28000.00,Compromiso
2026,1028,03,S,824,06/03/2026 00:00:00,10428807915,MARCELO QUISPE NINO ERICH,106,CONTRATO MENOR,CM,,SERVICIO DE ASISTENCIA TECNICA EN COMUNICACI‡N AUDIO VISUAL PARA LA OFICINA DE COMERCIO TURISMO Y ENERGIA Y MINAS.,904,18,2.3. 2  9. 1  1,LOCACION DE SERVICIOS REALIZADOS POR PERSONAS NATURALES RELACIONADAS AL ROL DE LA ENTIDAD,20000.00,Compromiso
2026,1028,03,S,825,06/03/2026 00:00:00,10451570361,GUERRERO HUERTA MIRENXTU JANIA,106,CONTRATO MENOR,CM,,SERVICIO DE GESTION DE PROCESOS LOGISTICOS PARA LA GERENCIA GENERAL REGIONAL.,873,18,2.3. 2  9. 1  1,LOCACION DE SERVICIOS REALIZADOS POR PERSONAS NATURALES RELACIONADAS AL ROL DE LA ENTIDAD,18000.00,Compromiso
2026,1028,03,S,826,06/03/2026 00:00:00,10752698380,BRESCIANI MORALES RUT ESTER,106,CONTRATO MENOR,CM,,SERVICIO DE COORDINACION ADMINISTRATIVA EN TURISMO PARA LA OFICINA DE COMERCIO TURISMO Y ENERGIA Y MINAS.,900,18,2.3. 2  9. 1  1,LOCACION DE SERVICIOS REALIZADOS POR PERSONAS NATURALES RELACIONADAS AL ROL DE LA ENTIDAD,16000.00,Compromiso
2026,1028,03,S,827,06/03/2026 00:00:00,10452110607,CHAVEZ NEYRA BRUNO RENZO,106,CONTRATO MENOR,CM,,SERVICO DE COORDINACION DE PROCESOS OPERATIVOS EN LA GESTION ADMINISTRATIVA PARA LA GERENCIA GENERAL,874,18,2.3. 2  9. 1  1,LOCACION DE SERVICIOS REALIZADOS POR PERSONAS NATURALES RELACIONADAS AL ROL DE LA ENTIDAD,19500.00,Compromiso
2026,1028,03,S,828,06/03/2026 00:00:00,10258394751,COLLAS BRICE•O VANESSA LILIANA,106,CONTRATO MENOR,CM,,SERVICIO DE COORDINACION ADMINISTRATIVA I PARA ARTESANIA PARA LA OFICINA DE COMERCIO TURISMO Y ENERGIA Y MINAS.,901,18,2.3. 2  9. 1  1,LOCACION DE SERVICIOS REALIZADOS POR PERSONAS NATURALES RELACIONADAS AL ROL DE LA ENTIDAD,8000.00,Compromiso
2026,1028,03,S,829,06/03/2026 00:00:00,10749109951,PIZARRO VASQUEZ LEONARDO JESUS,106,CONTRATO MENOR,CM,,SERVICIO DE ELABORACION Y REVISION DE DOCUMENTOS ADMINISTRATIVOS PARA LA OFICINA DE COMERCIO TURISMO Y ENERGIA Y MINAS.,902,18,2.3. 2  9. 1  1,LOCACION DE SERVICIOS REALIZADOS POR PERSONAS NATURALES RELACIONADAS AL ROL DE LA ENTIDAD,9000.00,Compromiso
2026,1028,03,S,830,06/03/2026 00:00:00,10454652946,AYALA PORRAS EVELYN SAYURI,106,CONTRATO MENOR,CM,,SERVICIO ESPECIALIZADO EN ASUNTOS LEGALES ADMINISTRATIVOS PARA LA GERENCIA GENERAL REGIONAL.,875,18,2.3. 2  9. 1  1,LOCACION DE SERVICIOS REALIZADOS POR PERSONAS NATURALES RELACIONADAS AL ROL DE LA ENTIDAD,21000.00,Compromiso
2026,1028,03,S,831,06/03/2026 00:00:00,10710145488,POMARICA RODRIGUEZ CARLOS NOLBERTO ALONZO,106,CONTRATO MENOR,CM,,SERVICIO DE FORMULACION DE PROYECTO PARA LA ACTIVIDAD DE TURISMO PARA LA OFICINA DE COMERCIO TURISMO Y ENERGIA Y MINAS.,905,18,2.3. 2  9. 1  1,LOCACION DE SERVICIOS REALIZADOS POR PERSONAS NATURALES RELACIONADAS AL ROL DE LA ENTIDAD,10000.00,Compromiso
2026,1028,03,S,832,06/03/2026 00:00:00,10441119564,PAJARES YZAGUIRRE EDUARDO ANDRE,106,CONTRATO MENOR,CM,,SERVICIO ESPECIALIZADO EN CONTROL INTERNO PARA LA GERENCIA GENERAL REGIONAL.,876,18,2.3. 2  9. 1  1,LOCACION DE SERVICIOS REALIZADOS POR PERSONAS NATURALES RELACIONADAS AL ROL DE LA ENTIDAD,25500.00,Compromiso
2026,1028,03,S,833,06/03/2026 00:00:00,10068024884,MORI VALDIVIA ROSARIO,106,CONTRATO MENOR,CM,,SERVICIO DE REVISION ANALISIS Y ELABORACION DE DOCUMENTOS DE CONTENIDO LEGAL PARA PROCEDIMIENTOS ADMINISTRATIVOS PARA LA OFICINA DE COMERCIO TURISMO Y ENERGIA Y MINAS.,906,18,2.3. 2  9. 1  1,LOCACION DE SERVICIOS REALIZADOS POR PERSONAS NATURALES RELACIONADAS AL ROL DE LA ENTIDAD,8000.00,Compromiso
2026,1028,03,S,834,06/03/2026 00:00:00,10476090241,MARIANO CRUZ JIMMY CESAR,106,CONTRATO MENOR,CM,,SERVICIO ESPECIALIZADO EN PROYECTOS DE INVERSION PARA LA GERENCIA GENERAL REGIONAL.,877,18,2.3. 2  9. 1  1,LOCACION DE SERVICIOS REALIZADOS POR PERSONAS NATURALES RELACIONADAS AL ROL DE LA ENTIDAD,16000.00,Compromiso
2026,1028,03,S,835,06/03/2026 00:00:00,10723700669,MURILLO ZU•IGA WHINNY SU ELLEN,106,CONTRATO MENOR,CM,,SERVICIO ESPECIALIZADO EN COMERCIO EXTERIOR PARA LA OFICINA DE COMERCIO TURISMO Y ENERGIA Y MINAS.,907,18,2.3. 2  9. 1  1,LOCACION DE SERVICIOS REALIZADOS POR PERSONAS NATURALES RELACIONADAS AL ROL DE LA ENTIDAD,20000.00,Compromiso
2026,1028,03,S,836,06/03/2026 00:00:00,10072336009,PALOMINO NARVAEZ LUIS ALBERTO,106,CONTRATO MENOR,CM,,SERVICIO DE COORDINACION EN TEMAS PARLAMENTARIOS PARA LA GERENCIA GENERAL REGIONAL.,878,18,2.3. 2  9. 1  1,LOCACION DE SERVICIOS REALIZADOS POR PERSONAS NATURALES RELACIONADAS AL ROL DE LA ENTIDAD,27000.00,Compromiso
2026,1028,03,S,837,06/03/2026 00:00:00,10723719602,RISCO VASQUEZ YOSELIN ROISY,106,CONTRATO MENOR,CM,,SERVICIO ESPECIALIZADO EN GESTI‡N PÈBLICA PARA LA OFICINA DE COMERCIO TURISMO Y ENERGIA Y MINAS.,908,18,2.3. 2  9. 1  1,LOCACION DE SERVICIOS REALIZADOS POR PERSONAS NATURALES RELACIONADAS AL ROL DE LA ENTIDAD,32000.00,Compromiso
2026,1028,03,S,838,06/03/2026 00:00:00,10702366386,HINOSTROZA TEJEDA DIXON STEWART,106,CONTRATO MENOR,CM,,SERVICIO ESPECIALIZADO EN TEMAS DE ENERGIA Y MINAS I PARA LA OFICINA DE COMERCIO TURISMO Y ENERGIA Y MINAS.,909,18,2.3. 2  9. 1  1,LOCACION DE SERVICIOS REALIZADOS POR PERSONAS NATURALES RELACIONADAS AL ROL DE LA ENTIDAD,14000.00,Compromiso
2026,1028,03,S,839,06/03/2026 00:00:00,10468553916,CHAMORRO CAMASCA SADAN,106,CONTRATO MENOR,CM,,SERVICIO ESPECIALIZADO EN TEMAS DE ENERGIA Y MINAS II PARA LA OFICINA DE COMERCIO TURISMO Y ENERGIA Y MINAS.,910,18,2.3. 2  9. 1  1,LOCACION DE SERVICIOS REALIZADOS POR PERSONAS NATURALES RELACIONADAS AL ROL DE LA ENTIDAD,14000.00,Compromiso
2026,1028,03,S,840,06/03/2026 00:00:00,10705587031,CACERES PEREZ MARA TAYANI,106,CONTRATO MENOR,CM,,SERVICIO DE  ANµLISIS LEGAL Y ATENCI‡N DE  CONSULTAS PARA LA OFICINA DE AGRICULTURA Y PRODUCCION.,911,18,2.3. 2  9. 1  1,LOCACION DE SERVICIOS REALIZADOS POR PERSONAS NATURALES RELACIONADAS AL ROL DE LA ENTIDAD,11000.00,Compromiso
2026,1028,03,S,841,06/03/2026 00:00:00,10101643234,JULCA PE•A VILMA,106,CONTRATO MENOR,CM,,SERVICIO DE ASISTENCIA LEGAL EN PROCESOS ADMINISTRATIVOS PARA LA OFICINA DE AGRICULTURA Y PRODUCCION.,912,18,2.3. 2  9. 1  1,LOCACION DE SERVICIOS REALIZADOS POR PERSONAS NATURALES RELACIONADAS AL ROL DE LA ENTIDAD,7000.00,Compromiso
2026,1028,03,S,842,06/03/2026 00:00:00,10470736581,VELASQUEZ CABALLERO SHIRLEY STEFANY,106,CONTRATO MENOR,CM,,SERVICIO DE VERIFICACION DE DOCUMENTOS PARA ARCHIVO I.,892,09,2.3. 2  9. 1  1,LOCACION DE SERVICIOS REALIZADOS POR PERSONAS NATURALES RELACIONADAS AL ROL DE LA ENTIDAD,42000.00,Compromiso
2026,1028,03,S,843,06/03/2026 00:00:00,10442347668,POMA LOPEZ DEIVIS HUGO,106,CONTRATO MENOR,CM,,SERVICIO DE CONDUCCI‡N DE VEH÷CULO I.,893,09,2.3. 2  9. 1  1,LOCACION DE SERVICIOS REALIZADOS POR PERSONAS NATURALES RELACIONADAS AL ROL DE LA ENTIDAD,36000.00,Compromiso
2026,1028,03,S,844,06/03/2026 00:00:00,10774696917,OBLITAS RAMOS ANNY MONICA,106,CONTRATO MENOR,CM,,SERVICIO DE FISCALIZACI‡N PESQUERA Y ACU÷COLA PARA LA OFICINA DE AGRICULTURA Y PRODUCCION.,913,18,2.3. 2  9. 1  1,LOCACION DE SERVICIOS REALIZADOS POR PERSONAS NATURALES RELACIONADAS AL ROL DE LA ENTIDAD,11000.00,Compromiso
2026,1028,03,S,845,06/03/2026 00:00:00,10432359447,VASQUEZ EME JAIME EVER,106,CONTRATO MENOR,CM,,SERVICIO DE REVISI‡N LEGAL Y ELABORACI‡N DE DOCUMENTOS PARA LA OFICINA DE AGRICULTURA Y PRODUCCION.,914,18,2.3. 2  9. 1  1,LOCACION DE SERVICIOS REALIZADOS POR PERSONAS NATURALES RELACIONADAS AL ROL DE LA ENTIDAD,11000.00,Compromiso
2026,1028,03,S,846,06/03/2026 00:00:00,10727484243,CHIENDA NAVARRETE GABRIELA ALEXANDRA,106,CONTRATO MENOR,CM,,SERVICIO DE CONTROL DOCUMENTARIO Y ADMINISTRATIVO I.,894,09,2.3. 2  9. 1  1,LOCACION DE SERVICIOS REALIZADOS POR PERSONAS NATURALES RELACIONADAS AL ROL DE LA ENTIDAD,36000.00,Compromiso
2026,1028,03,S,847,06/03/2026 00:00:00,10407400521,CARRANZA VENEGAS KELY ALICIA,106,CONTRATO MENOR,CM,,SERVICIO DE ASISTENCIA TECNICA ADMINISTRATIVA II,895,09,2.3. 2  9. 1  1,LOCACION DE SERVICIOS REALIZADOS POR PERSONAS NATURALES RELACIONADAS AL ROL DE LA ENTIDAD,36000.00,Compromiso
2026,1028,03,S,848,06/03/2026 00:00:00,10448775581,MELGAREJO RODRIGUEZ ROBERTO KAROL,106,CONTRATO MENOR,CM,,SERVICIO ESPECIALIZADO EN MATERIA LEGAL PARA LA OFICINA DE LA JUVENTUD DE LA GERENCIA REGIONAL,883,18,2.3. 2  9. 1  1,LOCACION DE SERVICIOS REALIZADOS POR PERSONAS NATURALES RELACIONADAS AL ROL DE LA ENTIDAD,24000.00,Compromiso
2026,1028,03,S,849,06/03/2026 00:00:00,10475274186,CAMONES CAMONES JOUL BRINER,106,CONTRATO MENOR,CM,,SERVICIO ESPECIALIZADO EN PLANEAMIENTO PARA LA OFICINA DE LA JUVENTUD DE LA GERENCIA REGIONAL,884,18,2.3. 2  9. 1  1,LOCACION DE SERVICIOS REALIZADOS POR PERSONAS NATURALES RELACIONADAS AL ROL DE LA ENTIDAD,18000.00,Compromiso
2026,1028,03,S,850,06/03/2026 00:00:00,10440523752,CUEVA CHACON TERESA ELICA,106,CONTRATO MENOR,CM,,SERVICIO DE ASISTENCIA EN SECRETARIADO PARA LA OFICINA DE LA JUVENTUD DE LA GERENCIA REGIONAL,885,18,2.3. 2  9. 1  1,LOCACION DE SERVICIOS REALIZADOS POR PERSONAS NATURALES RELACIONADAS AL ROL DE LA ENTIDAD,10800.00,Compromiso
2026,1028,03,S,851,06/03/2026 00:00:00,15603928609,PEREZ BRAVO LEYCE JOSEFINA,106,CONTRATO MENOR,CM,,SERVICIO DE PROMOCION Y DESARROLLO SOCIAL PARA LA OFICINA DE LA JUVENTUD DE LA GERENCIA REGIONAL,886,18,2.3. 2  9. 1  1,LOCACION DE SERVICIOS REALIZADOS POR PERSONAS NATURALES RELACIONADAS AL ROL DE LA ENTIDAD,14000.00,Compromiso
2026,1028,03,S,852,06/03/2026 00:00:00,10700922320,NU•EZ JULCA MALU GERALDINE,106,CONTRATO MENOR,CM,,SERVICIO DE GESTI‡N ADMINISTRATIVA PARA LA OFICINA DE LA JUVENTUD DE LA GERENCIA REGIONAL,887,18,2.3. 2  9. 1  1,LOCACION DE SERVICIOS REALIZADOS POR PERSONAS NATURALES RELACIONADAS AL ROL DE LA ENTIDAD,20000.00,Compromiso
2026,1028,03,S,853,06/03/2026 00:00:00,10464420008,URRUTIA PE•A LUZ MARINA,106,CONTRATO MENOR,CM,,SERVICIO DE COORDINACION MONITOREO Y ASISTENCIA TECNICA ADMINISTRATIVA PARA LA OFICINA DE LA JUVENTU,888,18,2.3. 2  9. 1  1,LOCACION DE SERVICIOS REALIZADOS POR PERSONAS NATURALES RELACIONADAS AL ROL DE LA ENTIDAD,13200.00,Compromiso
2026,1028,03,S,854,06/03/2026 00:00:00,10701742970,LEON MOSCOSO BRISBANY ROSALINDA,106,CONTRATO MENOR,CM,,SERVICIO DE ASISTENCIA TECNICA  ADMINISTRATIVA PARA LA OFICINA DE LA JUVENTUD DE LA GERENCIA REGIONA,889,18,2.3. 2  9. 1  1,LOCACION DE SERVICIOS REALIZADOS POR PERSONAS NATURALES RELACIONADAS AL ROL DE LA ENTIDAD,20000.00,Compromiso
2026,1028,03,S,855,09/03/2026 00:00:00,10465867251,VELA ALVARADO JIMMY FERNANDO,106,CONTRATO MENOR,CM,,SERVICIO DE COORDINACION DE PROYECTOS DE INVERSION.,1058,18,2.3. 2  9. 1  1,LOCACION DE SERVICIOS REALIZADOS POR PERSONAS NATURALES RELACIONADAS AL ROL DE LA ENTIDAD,26000.00,Compromiso
2026,1028,03,S,856,09/03/2026 00:00:00,10477742705,HUANCA ZAPATA CARLOS HORACIO,106,CONTRATO MENOR,CM,,SERVICIO DE SEGUIMIENTO Y MONITOREO DE REQUERIMIENTOS DE BIENES Y SERVICIOS.,1059,18,2.3. 2  9. 1  1,LOCACION DE SERVICIOS REALIZADOS POR PERSONAS NATURALES RELACIONADAS AL ROL DE LA ENTIDAD,15000.00,Compromiso
2026,1028,03,S,857,09/03/2026 00:00:00,10714140871,BROWN BADOS JULIO TOMAS,106,CONTRATO MENOR,CM,,SERVICIO DE TOPOGRAFIA.,1060,18,2.3. 2  9. 1  1,LOCACION DE SERVICIOS REALIZADOS POR PERSONAS NATURALES RELACIONADAS AL ROL DE LA ENTIDAD,10500.00,Compromiso
2026,1028,03,S,858,09/03/2026 00:00:00,10429579649,CRUCES FRANCO RONALD,106,CONTRATO MENOR,CM,,SERVICIO DE ARQUITECTURA DE PROYECTOS.,1061,18,2.3. 2  9. 1  1,LOCACION DE SERVICIOS REALIZADOS POR PERSONAS NATURALES RELACIONADAS AL ROL DE LA ENTIDAD,32000.00,Compromiso
2026,1028,03,S,859,09/03/2026 00:00:00,10444165877,BUSTAMANTE CHUMPITAZ CARMEN MARIA,106,CONTRATO MENOR,CM,,SERVICIO DE SEGUIMIENTO Y REVISI‡N DE PROYECTOS.,1062,18,2.3. 2  9. 1  1,LOCACION DE SERVICIOS REALIZADOS POR PERSONAS NATURALES RELACIONADAS AL ROL DE LA ENTIDAD,32000.00,Compromiso
2026,1028,03,S,860,09/03/2026 00:00:00,10700917121,RUBIANES SIHUAY ROBERT ALVARO,106,CONTRATO MENOR,CM,,SERVICIO DE ELABORACION DE PROYECTOS .,1063,18,2.3. 2  9. 1  1,LOCACION DE SERVICIOS REALIZADOS POR PERSONAS NATURALES RELACIONADAS AL ROL DE LA ENTIDAD,32000.00,Compromiso
2026,1028,03,S,861,09/03/2026 00:00:00,10751264122,CHUQUICAHUA CUNIA DILMER ALEX,106,CONTRATO MENOR,CM,,SERVICIO DE ASISTENCIA TECNICA EN INGENIERIA .,1064,18,2.3. 2  9. 1  1,LOCACION DE SERVICIOS REALIZADOS POR PERSONAS NATURALES RELACIONADAS AL ROL DE LA ENTIDAD,16000.00,Compromiso
2026,1028,03,S,862,09/03/2026 00:00:00,10780112111,TRELLES AREVALO CAMILA LISBETH,106,CONTRATO MENOR,CM,,SERVICIO DE GESTION ADMINISTRATIVA  .,1065,18,2.3. 2  9. 1  1,LOCACION DE SERVICIOS REALIZADOS POR PERSONAS NATURALES RELACIONADAS AL ROL DE LA ENTIDAD,7500.00,Compromiso
2026,1028,03,S,863,09/03/2026 00:00:00,10758972602,GARCIA CASTRO VLADIMIR CHRISTOPHER,106,CONTRATO MENOR,CM,,SERVICIO DE ELABORACION DE PROYECTOS .,1066,18,2.3. 2  9. 1  1,LOCACION DE SERVICIOS REALIZADOS POR PERSONAS NATURALES RELACIONADAS AL ROL DE LA ENTIDAD,28000.00,Compromiso
2026,1028,03,S,864,09/03/2026 00:00:00,10745708299,SANCHEZ ALCALA IVAN DAVID,106,CONTRATO MENOR,CM,,SERVICIO DE ASISTENCIA TECNICA EN INGENIERIA AMBIENTAL .,1067,18,2.3. 2  9. 1  1,LOCACION DE SERVICIOS REALIZADOS POR PERSONAS NATURALES RELACIONADAS AL ROL DE LA ENTIDAD,13500.00,Compromiso
2026,1028,03,S,865,09/03/2026 00:00:00,10702736752,FERNANDEZ JULCA JHOANNA DENISSE,106,CONTRATO MENOR,CM,,SERVICIO DE ASISTENCIA EN TEMAS DE ARQUITECTURA.,1068,18,2.3. 2  9. 1  1,LOCACION DE SERVICIOS REALIZADOS POR PERSONAS NATURALES RELACIONADAS AL ROL DE LA ENTIDAD,18000.00,Compromiso
2026,1028,03,S,866,09/03/2026 00:00:00,10420406547,PEREZ BURGOS DEYVI SAMUEL,106,CONTRATO MENOR,CM,,SERVICIO DE SEGUIMIENTO Y MONITOREO DE LAS OBRAS .,1069,18,2.3. 2  9. 1  1,LOCACION DE SERVICIOS REALIZADOS POR PERSONAS NATURALES RELACIONADAS AL ROL DE LA ENTIDAD,36000.00,Compromiso
2026,1028,03,S,867,09/03/2026 00:00:00,20612258644,JOBS SERVICES E.I.R.L,106,CONTRATO MENOR,CM,,SERVICIO DE SHOW  DEPORTIVO,919,18,2.3. 2  7. 9  1,ORGANIZACION Y CONDUCCION DE EVENTOS DEPORTIVOS,24900.00,Compromiso
2026,1028,03,S,868,09/03/2026 00:00:00,20566537673,INVERSIONES MATVEN S.A.C,106,CONTRATO MENOR,CM,,SERVICIO DE MOVILIDAD,915,18,2.3. 2  7. 9  1,ORGANIZACION Y CONDUCCION DE EVENTOS DEPORTIVOS,900.00,Compromiso
2026,1028,03,S,869,09/03/2026 00:00:00,20602157327,GRUPO MATIC S.A.C.,106,CONTRATO MENOR,CM,,SERVICIO DE LEVANTAMIENTO TOPOGRAFICO PARA LA FORMULACI‡N,1057,00,2.3. 2  7.13 98,OTROS SERVICIOS TECNICOS Y PROFESIONALES DESARROLLADOS POR PERSONAS JURIDICAS,41500.00,Compromiso
2026,1028,03,S,870,09/03/2026 00:00:00,20609409887,CORPORACION CITV PERU S.A.C.,106,CONTRATO MENOR,CM,,CONTRATACION DEL SERVICIO DE REVISIONES TêCNICAS PARA LAS UNIDADES VEHICULARES DEL GOBIERNO REGIONAL DEL CALLAO,1056,18,2.3. 2  7.11 99,SERVICIOS DIVERSOS,3050.00,Compromiso
2026,1028,03,S,871,09/03/2026 00:00:00,10086955135,TRASLAVI•A FUERTES ROSANA VICTORIA,106,CONTRATO MENOR,CM,,SERVICIO ESPECIALIZADO EN EVALUACION DE PROYECTOS DE INVERSION PUBLICA.,1152,18,2.3. 2  9. 1  1,LOCACION DE SERVICIOS REALIZADOS POR PERSONAS NATURALES RELACIONADAS AL ROL DE LA ENTIDAD,7500.00,Compromiso
2026,1028,03,S,872,09/03/2026 00:00:00,10454976385,GRADOS ABAD MILAGROS MELISSA,106,CONTRATO MENOR,CM,,SERVICIO DE FORMULACI‡N Y EVALUACI‡N DE PROYECTOS DE INVERSI‡N PÈBLICA.,1153,18,2.3. 2  9. 1  1,LOCACION DE SERVICIOS REALIZADOS POR PERSONAS NATURALES RELACIONADAS AL ROL DE LA ENTIDAD,7000.00,Compromiso
2026,1028,03,S,873,09/03/2026 00:00:00,10469129867,PRINCIPE RAMOS MAX ANDRE,106,CONTRATO MENOR,CM,,SERVICIO DE FORMULACION Y ELABORACION DE ESTUDIOS DE PRE INVERSION.,1154,18,2.3. 2  9. 1  1,LOCACION DE SERVICIOS REALIZADOS POR PERSONAS NATURALES RELACIONADAS AL ROL DE LA ENTIDAD,7500.00,Compromiso
2026,1028,03,S,874,09/03/2026 00:00:00,10473332561,VASQUEZ MACHARE JESUS ALBERTO,106,CONTRATO MENOR,CM,,SERVICIO DE ARQUITECTURA DE PROYECTOS.,1155,18,2.3. 2  9. 1  1,LOCACION DE SERVICIOS REALIZADOS POR PERSONAS NATURALES RELACIONADAS AL ROL DE LA ENTIDAD,7000.00,Compromiso
2026,1028,03,S,875,09/03/2026 00:00:00,10746313000,MEDINA LOZANO EVELYN DAYANA,106,CONTRATO MENOR,CM,,SERVICIO DE SEGUIMIENTO DE DOCUMENTOS ADMINISTRATIVOS.,1156,18,2.3. 2  9. 1  1,LOCACION DE SERVICIOS REALIZADOS POR PERSONAS NATURALES RELACIONADAS AL ROL DE LA ENTIDAD,6000.00,Compromiso
2026,1028,03,S,876,09/03/2026 00:00:00,10718947842,ESPINOZA HUAMAN JULIO MIGUEL,106,CONTRATO MENOR,CM,, SERVICIO DE SUPERVISI‡N Y FISCALIZACI‡N AMBIENTAL.,1158,18,2.3. 2  9. 1  1,LOCACION DE SERVICIOS REALIZADOS POR PERSONAS NATURALES RELACIONADAS AL ROL DE LA ENTIDAD,19500.00,Compromiso
2026,1028,03,S,877,09/03/2026 00:00:00,15395318443,FERNANDEZ ORDO•EZ JUAN ISMAEL,106,CONTRATO MENOR,CM,,SEGUIMIENTO Y MONITOREO DEL SERVICIO DE SEGURIDAD Y VIGILANCIA,1084,18,2.3. 2  9. 1  1,LOCACION DE SERVICIOS REALIZADOS POR PERSONAS NATURALES RELACIONADAS AL ROL DE LA ENTIDAD,8000.00,Compromiso
2026,1028,03,S,878,09/03/2026 00:00:00,10416310594,PAREDES DENEGRI EVELINA RAQUEL,106,CONTRATO MENOR,CM,,SERVICIO DE SUPERVISION DE SEGURIDAD Y VIGILANCIA,1085,18,2.3. 2  9. 1  1,LOCACION DE SERVICIOS REALIZADOS POR PERSONAS NATURALES RELACIONADAS AL ROL DE LA ENTIDAD,14000.00,Compromiso
2026,1028,03,S,880,09/03/2026 00:00:00,10257485787,ROJAS DIAZ EUNICE,106,CONTRATO MENOR,CM,,SERVICIO EN SEGUIMIENTO Y ASISTENCIA TêCNICA PARA COORDINACI‡N I.,1070,09,2.3. 2  9. 1  1,LOCACION DE SERVICIOS REALIZADOS POR PERSONAS NATURALES RELACIONADAS AL ROL DE LA ENTIDAD,5000.00,Compromiso
2026,1028,03,S,881,09/03/2026 00:00:00,10481905678,IPANAQUE MENDIETA LUIS ENRIQUE,106,CONTRATO MENOR,CM,,SERVICIO DE SUPERVISION DE SEGURIDAD Y VIGILANCIA,1086,18,2.3. 2  9. 1  1,LOCACION DE SERVICIOS REALIZADOS POR PERSONAS NATURALES RELACIONADAS AL ROL DE LA ENTIDAD,14000.00,Compromiso
2026,1028,03,S,882,09/03/2026 00:00:00,10416529367,ASIN SALDARRIAGA EVELIN SULAY,106,CONTRATO MENOR,CM,,SERVICIO DE SUPERVISION DE SEGURIDAD Y VIGILANCIA,1087,18,2.3. 2  9. 1  1,LOCACION DE SERVICIOS REALIZADOS POR PERSONAS NATURALES RELACIONADAS AL ROL DE LA ENTIDAD,14000.00,Compromiso
2026,1028,03,S,883,09/03/2026 00:00:00,10422590892,JIMENEZ DIAZ VﬁCTOR MANUEL,106,CONTRATO MENOR,CM,,SERVICIO DE SUPERVISION DE SEGURIDAD Y VIGILANCIA,1088,18,2.3. 2  9. 1  1,LOCACION DE SERVICIOS REALIZADOS POR PERSONAS NATURALES RELACIONADAS AL ROL DE LA ENTIDAD,14000.00,Compromiso
2026,1028,03,S,884,09/03/2026 00:00:00,10801842858,FLORES VALDIVIA PATRICIA CECILIA,106,CONTRATO MENOR,CM,,SERVICIO DE SUPERVISION DE SEGURIDAD Y VIGILANCIA,1089,18,2.3. 2  9. 1  1,LOCACION DE SERVICIOS REALIZADOS POR PERSONAS NATURALES RELACIONADAS AL ROL DE LA ENTIDAD,14000.00,Compromiso
2026,1028,03,S,885,09/03/2026 00:00:00,10705994043,REBAZA ANAYA BILLY JACK,106,CONTRATO MENOR,CM,,SERVICIO DE SUPERVISION DE SEGURIDAD Y VIGILANCIA,1090,18,2.3. 2  9. 1  1,LOCACION DE SERVICIOS REALIZADOS POR PERSONAS NATURALES RELACIONADAS AL ROL DE LA ENTIDAD,14000.00,Compromiso
2026,1028,03,S,886,09/03/2026 00:00:00,10724228327,HERNANDEZ URBINA GRETHA LESLIE,106,CONTRATO MENOR,CM,,SERVICIO DE SUPERVISION DE SEGURIDAD Y VIGILANCIA,1091,18,2.3. 2  9. 1  1,LOCACION DE SERVICIOS REALIZADOS POR PERSONAS NATURALES RELACIONADAS AL ROL DE LA ENTIDAD,14000.00,Compromiso
2026,1028,03,S,887,09/03/2026 00:00:00,10465623549,POLANCO GOMEZ ANGEL LOUGGI,106,CONTRATO MENOR,CM,,SERVICIO DE SUPERVISION DE SEGURIDAD Y VIGILANCIA,1092,18,2.3. 2  9. 1  1,LOCACION DE SERVICIOS REALIZADOS POR PERSONAS NATURALES RELACIONADAS AL ROL DE LA ENTIDAD,10000.00,Compromiso
2026,1028,03,S,888,09/03/2026 00:00:00,10067250376,LEON PADILLA JUAN JOSE,106,CONTRATO MENOR,CM,,SERVICIO DE SUPERVISION DE SEGURIDAD Y VIGILANCIA,1093,18,2.3. 2  9. 1  1,LOCACION DE SERVICIOS REALIZADOS POR PERSONAS NATURALES RELACIONADAS AL ROL DE LA ENTIDAD,10000.00,Compromiso
2026,1028,03,S,889,09/03/2026 00:00:00,10711648637,VELA ZAPATA ALINSON,106,CONTRATO MENOR,CM,,SERVICIO DE SUPERVISION DE SEGURIDAD Y VIGILANCIA,1094,18,2.3. 2  9. 1  1,LOCACION DE SERVICIOS REALIZADOS POR PERSONAS NATURALES RELACIONADAS AL ROL DE LA ENTIDAD,10000.00,Compromiso
2026,1028,03,S,890,09/03/2026 00:00:00,10485472962,POEMAPE CORREA NANCY DANIELA ANA MARIA,106,CONTRATO MENOR,CM,,SERVICIO DE SUPERVISION DE SEGURIDAD Y VIGILANCIA,1095,18,2.3. 2  9. 1  1,LOCACION DE SERVICIOS REALIZADOS POR PERSONAS NATURALES RELACIONADAS AL ROL DE LA ENTIDAD,10000.00,Compromiso
2026,1028,03,S,891,09/03/2026 00:00:00,10741752943,GOMEZ RIEGA ANDERSON JOSSIMAR,106,CONTRATO MENOR,CM,,SERVICIO DE SUPERVISION DE SEGURIDAD Y VIGILANCIA,1096,18,2.3. 2  9. 1  1,LOCACION DE SERVICIOS REALIZADOS POR PERSONAS NATURALES RELACIONADAS AL ROL DE LA ENTIDAD,10000.00,Compromiso
2026,1028,03,S,892,09/03/2026 00:00:00,10413930729,PUICAN PISCOYA MARTIN MAX,106,CONTRATO MENOR,CM,,SERVICIO DE SUPERVISION DE SEGURIDAD Y VIGILANCIA,1097,18,2.3. 2  9. 1  1,LOCACION DE SERVICIOS REALIZADOS POR PERSONAS NATURALES RELACIONADAS AL ROL DE LA ENTIDAD,10000.00,Compromiso
2026,1028,03,S,893,09/03/2026 00:00:00,10771730863,CAMPOS GAMBOA ALICIA DANIELA,106,CONTRATO MENOR,CM,,SERVICIO DE SUPERVISION DE SEGURIDAD Y VIGILANCIA,1098,18,2.3. 2  9. 1  1,LOCACION DE SERVICIOS REALIZADOS POR PERSONAS NATURALES RELACIONADAS AL ROL DE LA ENTIDAD,10000.00,Compromiso
2026,1028,03,S,894,09/03/2026 00:00:00,10762662847,VALDERRAMA SALAZAR WENDY KATHERINE,106,CONTRATO MENOR,CM,,SERVICIO DE ASISTENCIA EN SEGURIDAD,1099,18,2.3. 2  9. 1  1,LOCACION DE SERVICIOS REALIZADOS POR PERSONAS NATURALES RELACIONADAS AL ROL DE LA ENTIDAD,7500.00,Compromiso
2026,1028,03,S,895,09/03/2026 00:00:00,10711855039,FARFAN LANEVE DALIA CELESTE,106,CONTRATO MENOR,CM,,SERVICIO DE ASISTENCIA EN SEGURIDAD,1100,18,2.3. 2  9. 1  1,LOCACION DE SERVICIOS REALIZADOS POR PERSONAS NATURALES RELACIONADAS AL ROL DE LA ENTIDAD,7500.00,Compromiso
2026,1028,03,S,896,09/03/2026 00:00:00,10764476960,DELGADO CLAVIJO ESTEFANY ALEJANDRA,106,CONTRATO MENOR,CM,,SERVICIO DE ASISTENCIA EN SEGURIDAD,1101,18,2.3. 2  9. 1  1,LOCACION DE SERVICIOS REALIZADOS POR PERSONAS NATURALES RELACIONADAS AL ROL DE LA ENTIDAD,7500.00,Compromiso
2026,1028,03,S,897,09/03/2026 00:00:00,10748615577,LOPEZ CORREA DE MEDINA JANETH DEL ROSARIO,106,CONTRATO MENOR,CM,,SERVICIO DE ASISTENCIA EN SEGURIDAD,1102,18,2.3. 2  9. 1  1,LOCACION DE SERVICIOS REALIZADOS POR PERSONAS NATURALES RELACIONADAS AL ROL DE LA ENTIDAD,7500.00,Compromiso
2026,1028,03,S,898,09/03/2026 00:00:00,10800958518,DE LA CRUZ MOSQUERA JORGE ALEXANDER,106,CONTRATO MENOR,CM,,SERVICIO DE ASISTENCIA EN SEGURIDAD,1103,18,2.3. 2  9. 1  1,LOCACION DE SERVICIOS REALIZADOS POR PERSONAS NATURALES RELACIONADAS AL ROL DE LA ENTIDAD,7500.00,Compromiso
2026,1028,03,S,899,09/03/2026 00:00:00,10738763560,GONZALES ASIN YADHIRA ODHET,106,CONTRATO MENOR,CM,,SERVICIO DE ASISTENCIA EN SEGURIDAD,1104,18,2.3. 2  9. 1  1,LOCACION DE SERVICIOS REALIZADOS POR PERSONAS NATURALES RELACIONADAS AL ROL DE LA ENTIDAD,7500.00,Compromiso
2026,1028,03,S,900,09/03/2026 00:00:00,10793812421,CASTRO ROSSI ALESSIA,106,CONTRATO MENOR,CM,,SERVICIO DE ASISTENCIA EN SEGURIDAD,1105,18,2.3. 2  9. 1  1,LOCACION DE SERVICIOS REALIZADOS POR PERSONAS NATURALES RELACIONADAS AL ROL DE LA ENTIDAD,7500.00,Compromiso
2026,1028,03,S,901,09/03/2026 00:00:00,10749104461,MAYORGA MARTINEZ DENIZ OLENKA,106,CONTRATO MENOR,CM,,SERVICIO DE ASISTENCIA EN SEGURIDAD,1106,18,2.3. 2  9. 1  1,LOCACION DE SERVICIOS REALIZADOS POR PERSONAS NATURALES RELACIONADAS AL ROL DE LA ENTIDAD,7500.00,Compromiso
2026,1028,03,S,902,09/03/2026 00:00:00,10441898857,MONTOYA VARGAS DIEGO ANTONIO,106,CONTRATO MENOR,CM,,SERVICIO DE ASISTENCIA EN SEGURIDAD,1107,18,2.3. 2  9. 1  1,LOCACION DE SERVICIOS REALIZADOS POR PERSONAS NATURALES RELACIONADAS AL ROL DE LA ENTIDAD,7500.00,Compromiso
2026,1028,03,S,903,09/03/2026 00:00:00,10754560911,BOCANGEL IZQUIERDO MARIAN ADRIANA,106,CONTRATO MENOR,CM,,SERVICIO DE ASISTENCIA EN SEGURIDAD,1108,18,2.3. 2  9. 1  1,LOCACION DE SERVICIOS REALIZADOS POR PERSONAS NATURALES RELACIONADAS AL ROL DE LA ENTIDAD,7500.00,Compromiso
2026,1028,03,S,904,09/03/2026 00:00:00,10712832342,REA•O GALAN NICOLE BRIGHITE,106,CONTRATO MENOR,CM,,SERVICIO DE ASISTENCIA EN SEGURIDAD,1109,18,2.3. 2  9. 1  1,LOCACION DE SERVICIOS REALIZADOS POR PERSONAS NATURALES RELACIONADAS AL ROL DE LA ENTIDAD,7500.00,Compromiso
2026,1028,03,S,905,09/03/2026 00:00:00,10484950801,CARRE•O MAGALLANES MARIA KATERINNE,106,CONTRATO MENOR,CM,,SERVICIO DE ASISTENCIA EN SEGURIDAD,1110,18,2.3. 2  9. 1  1,LOCACION DE SERVICIOS REALIZADOS POR PERSONAS NATURALES RELACIONADAS AL ROL DE LA ENTIDAD,7500.00,Compromiso
2026,1028,03,S,906,09/03/2026 00:00:00,10784655399,CUADROS NEYRA TIFFANY SHIRLEY,106,CONTRATO MENOR,CM,,SERVICIO DE ASISTENCIA EN SEGURIDAD,1111,18,2.3. 2  9. 1  1,LOCACION DE SERVICIOS REALIZADOS POR PERSONAS NATURALES RELACIONADAS AL ROL DE LA ENTIDAD,7500.00,Compromiso
2026,1028,03,S,907,09/03/2026 00:00:00,10415599396,TREBEJO VILELA MARGARITA LEONOR,106,CONTRATO MENOR,CM,,SERVICIO DE ASISTENCIA EN SEGURIDAD,1112,18,2.3. 2  9. 1  1,LOCACION DE SERVICIOS REALIZADOS POR PERSONAS NATURALES RELACIONADAS AL ROL DE LA ENTIDAD,3000.00,Compromiso
2026,1028,03,S,908,09/03/2026 00:00:00,10257482389,CASTA•EDA GABRIEL ANA MIRIAM,106,CONTRATO MENOR,CM,,SERVICIO DE ASISTENCIA EN SEGURIDAD,1113,18,2.3. 2  9. 1  1,LOCACION DE SERVICIOS REALIZADOS POR PERSONAS NATURALES RELACIONADAS AL ROL DE LA ENTIDAD,6000.00,Compromiso
2026,1028,03,S,909,09/03/2026 00:00:00,10074857961,WONG MATTA ROSARIO MARISOL,106,CONTRATO MENOR,CM,,SERVICIO DE ASISTENCIA EN LA ELABORACI‡N DE DOCUMENTOS ADMINISTRATIVOS.,1071,18,2.3. 2  9. 1  1,LOCACION DE SERVICIOS REALIZADOS POR PERSONAS NATURALES RELACIONADAS AL ROL DE LA ENTIDAD,17500.00,Compromiso
2026,1028,03,S,910,09/03/2026 00:00:00,10160073522,OBREGON VEGA LEON EPIFANIO,106,CONTRATO MENOR,CM,,SERVICIO DE SUPERVISION DE SEGURIDAD Y VIGILANCIA .,1072,18,2.3. 2  9. 1  1,LOCACION DE SERVICIOS REALIZADOS POR PERSONAS NATURALES RELACIONADAS AL ROL DE LA ENTIDAD,14000.00,Compromiso
2026,1028,03,S,911,09/03/2026 00:00:00,10433345351,CORREA PANTIGOZO JOSE EDUARDO,106,CONTRATO MENOR,CM,,SERVICIO DE SUPERVISION DE SEGURIDAD Y VIGILANCIA .,1073,18,2.3. 2  9. 1  1,LOCACION DE SERVICIOS REALIZADOS POR PERSONAS NATURALES RELACIONADAS AL ROL DE LA ENTIDAD,14000.00,Compromiso
2026,1028,03,S,912,09/03/2026 00:00:00,10417669324,QUIROZ FLORES CESAR DENIS,106,CONTRATO MENOR,CM,,SERVICIO DE SUPERVISION DE SEGURIDAD Y VIGILANCIA .,1074,18,2.3. 2  9. 1  1,LOCACION DE SERVICIOS REALIZADOS POR PERSONAS NATURALES RELACIONADAS AL ROL DE LA ENTIDAD,14000.00,Compromiso
2026,1028,03,S,913,09/03/2026 00:00:00,10258188328,PACHECO AUCCAPI•A PRUDENCIO,106,CONTRATO MENOR,CM,,SERVICIO DE SUPERVISION DE SEGURIDAD Y VIGILANCIA .,1075,18,2.3. 2  9. 1  1,LOCACION DE SERVICIOS REALIZADOS POR PERSONAS NATURALES RELACIONADAS AL ROL DE LA ENTIDAD,14000.00,Compromiso
2026,1028,03,S,914,09/03/2026 00:00:00,10174029160,PISCOYA AYALA JAMIL WILLIAM,106,CONTRATO MENOR,CM,,SERVICIO DE SUPERVISION DE SEGURIDAD Y VIGILANCIA .,1076,18,2.3. 2  9. 1  1,LOCACION DE SERVICIOS REALIZADOS POR PERSONAS NATURALES RELACIONADAS AL ROL DE LA ENTIDAD,10000.00,Compromiso
2026,1028,03,S,915,09/03/2026 00:00:00,10107228468,WALKER RIVERA EDUARDO,106,CONTRATO MENOR,CM,,SERVICIO DE SUPERVISION DE SEGURIDAD Y VIGILANCIA .,1077,18,2.3. 2  9. 1  1,LOCACION DE SERVICIOS REALIZADOS POR PERSONAS NATURALES RELACIONADAS AL ROL DE LA ENTIDAD,10000.00,Compromiso
2026,1028,03,S,916,09/03/2026 00:00:00,10257878525,VASQUEZ MAGALLANES HARLLET KARIN,106,CONTRATO MENOR,CM,,SERVICIO DE ASISTENCIA EN SEGURIDAD.,1078,18,2.3. 2  9. 1  1,LOCACION DE SERVICIOS REALIZADOS POR PERSONAS NATURALES RELACIONADAS AL ROL DE LA ENTIDAD,7500.00,Compromiso
2026,1028,03,S,917,09/03/2026 00:00:00,10255668230,TAMARIZ GALLARDO LUCILA MARIA,106,CONTRATO MENOR,CM,,SERVICIO DE ASISTENCIA EN SEGURIDAD.,1079,18,2.3. 2  9. 1  1,LOCACION DE SERVICIOS REALIZADOS POR PERSONAS NATURALES RELACIONADAS AL ROL DE LA ENTIDAD,7500.00,Compromiso
2026,1028,03,S,918,09/03/2026 00:00:00,10222883097,ESPA•A CHAVEZ VICTOR RAUL,106,CONTRATO MENOR,CM,,SERVICIO DE ASISTENCIA EN SEGURIDAD.,1080,18,2.3. 2  9. 1  1,LOCACION DE SERVICIOS REALIZADOS POR PERSONAS NATURALES RELACIONADAS AL ROL DE LA ENTIDAD,7500.00,Compromiso
2026,1028,03,S,919,09/03/2026 00:00:00,10429605542,FIGUEROA VENANCIO INES,106,CONTRATO MENOR,CM,,SERVICIO DE ASISTENCIA EN SEGURIDAD.,1081,18,2.3. 2  9. 1  1,LOCACION DE SERVICIOS REALIZADOS POR PERSONAS NATURALES RELACIONADAS AL ROL DE LA ENTIDAD,7500.00,Compromiso
2026,1028,03,S,920,09/03/2026 00:00:00,10101456621,GONGORA RIOS ANGELICA DEL ROCIO,106,CONTRATO MENOR,CM,,SERVICIO DE ASISTENCIA EN SEGURIDAD.,1082,18,2.3. 2  9. 1  1,LOCACION DE SERVICIOS REALIZADOS POR PERSONAS NATURALES RELACIONADAS AL ROL DE LA ENTIDAD,7500.00,Compromiso
2026,1028,03,S,921,09/03/2026 00:00:00,10454414999,GAVILAN ANGULO ROSARIO VIOLETA,106,CONTRATO MENOR,CM,,SERVICIO DE ASISTENCIA EN SEGURIDAD.,1083,18,2.3. 2  9. 1  1,LOCACION DE SERVICIOS REALIZADOS POR PERSONAS NATURALES RELACIONADAS AL ROL DE LA ENTIDAD,7500.00,Compromiso
2026,1028,03,S,922,09/03/2026 00:00:00,10456352494,AGUAYO TAPIA ROXANA PAOLA,106,CONTRATO MENOR,CM,,SERVICIO DE AUXILIAR EN EVENTOS DEPORTIVOS I,1114,18,2.3. 2  9. 1  1,LOCACION DE SERVICIOS REALIZADOS POR PERSONAS NATURALES RELACIONADAS AL ROL DE LA ENTIDAD,1800.00,Compromiso
2026,1028,03,S,923,09/03/2026 00:00:00,10258604976,CACERES GARCIA PATRICIA RAFAELA,106,CONTRATO MENOR,CM,,SERVICIO DE AUXILIAR EN EVENTOS DEPORTIVOS II,1115,18,2.3. 2  9. 1  1,LOCACION DE SERVICIOS REALIZADOS POR PERSONAS NATURALES RELACIONADAS AL ROL DE LA ENTIDAD,1800.00,Compromiso
2026,1028,03,S,924,09/03/2026 00:00:00,10779101172,BELLIDO UCEDA LUIS NELSON,106,CONTRATO MENOR,CM,,SERVICIO DE AUXILIAR EN EVENTOS DEPORTIVOS III,1116,18,2.3. 2  9. 1  1,LOCACION DE SERVICIOS REALIZADOS POR PERSONAS NATURALES RELACIONADAS AL ROL DE LA ENTIDAD,1800.00,Compromiso
2026,1028,03,S,925,09/03/2026 00:00:00,10468685928,ROJAS LADINES ANDREA LORIEN,106,CONTRATO MENOR,CM,,SERVICIO DE AUXILIAR EN EVENTOS DEPORTIVOS IV,1117,18,2.3. 2  9. 1  1,LOCACION DE SERVICIOS REALIZADOS POR PERSONAS NATURALES RELACIONADAS AL ROL DE LA ENTIDAD,1800.00,Compromiso
2026,1028,03,S,926,09/03/2026 00:00:00,10257941961,ZAPATA ROSPIGLIOSI DE CARRILLO MARIELA JUANA ROSA,106,CONTRATO MENOR,CM,,SERVICIO DE AUXILIAR EN EVENTOS DEPORTIVOS V,1118,18,2.3. 2  9. 1  1,LOCACION DE SERVICIOS REALIZADOS POR PERSONAS NATURALES RELACIONADAS AL ROL DE LA ENTIDAD,1800.00,Compromiso
2026,1028,03,S,927,09/03/2026 00:00:00,10096732151,MANRIQUE CARBAJAL PATRICIA ELENA,106,CONTRATO MENOR,CM,,SERVICIO DE AUXILIAR EN EVENTOS DEPORTIVOS VI,1119,18,2.3. 2  9. 1  1,LOCACION DE SERVICIOS REALIZADOS POR PERSONAS NATURALES RELACIONADAS AL ROL DE LA ENTIDAD,1800.00,Compromiso
2026,1028,03,S,928,09/03/2026 00:00:00,10713116551,HUERTAS JIMENEZ JIMMY JOHAO,106,CONTRATO MENOR,CM,,SERVICIO DE AUXILIAR EN EVENTOS DEPORTIVOS VII,1120,18,2.3. 2  9. 1  1,LOCACION DE SERVICIOS REALIZADOS POR PERSONAS NATURALES RELACIONADAS AL ROL DE LA ENTIDAD,1800.00,Compromiso
2026,1028,03,S,929,09/03/2026 00:00:00,10258581461,GUERRERO VIVES CARMEN GUIDA SERENA,106,CONTRATO MENOR,CM,,SERVICIO DE AUXILIAR EN EVENTOS DEPORTIVOS VIII,1121,18,2.3. 2  9. 1  1,LOCACION DE SERVICIOS REALIZADOS POR PERSONAS NATURALES RELACIONADAS AL ROL DE LA ENTIDAD,1800.00,Compromiso
2026,1028,03,S,930,09/03/2026 00:00:00,10731109783,VALIENTE LUQUE ADRIAN JAVIER,106,CONTRATO MENOR,CM,,SERVICIO DE AUXILIAR EN EVENTOS DEPORTIVOS IX,1122,18,2.3. 2  9. 1  1,LOCACION DE SERVICIOS REALIZADOS POR PERSONAS NATURALES RELACIONADAS AL ROL DE LA ENTIDAD,1800.00,Compromiso
2026,1028,03,S,931,09/03/2026 00:00:00,10472360952,NAVARRO MONTENEGRO CAROLINE LIZBET,106,CONTRATO MENOR,CM,,SERVICIO DE AUXILIAR EN EVENTOS DEPORTIVOS X,1123,18,2.3. 2  9. 1  1,LOCACION DE SERVICIOS REALIZADOS POR PERSONAS NATURALES RELACIONADAS AL ROL DE LA ENTIDAD,1800.00,Compromiso
2026,1028,03,S,932,09/03/2026 00:00:00,10727190339,CHANG KAU GRIEBE LYAM JEFREY,106,CONTRATO MENOR,CM,,SERVICIO DE AUXILIAR EN EVENTOS DEPORTIVOS XI,1124,18,2.3. 2  9. 1  1,LOCACION DE SERVICIOS REALIZADOS POR PERSONAS NATURALES RELACIONADAS AL ROL DE LA ENTIDAD,1800.00,Compromiso
2026,1028,03,S,933,09/03/2026 00:00:00,10258587290,GOMEZ AYALA DE LATORRACA JHENNY SARA,106,CONTRATO MENOR,CM,,SERVICIO DE AUXILIAR EN EVENTOS DEPORTIVOS XII,1125,18,2.3. 2  9. 1  1,LOCACION DE SERVICIOS REALIZADOS POR PERSONAS NATURALES RELACIONADAS AL ROL DE LA ENTIDAD,1800.00,Compromiso
2026,1028,03,S,934,09/03/2026 00:00:00,10705882563,BRUNO VALERA VALERIA ALEXANDRA,106,CONTRATO MENOR,CM,,SERVICIO DE AUXILIAR EN EVENTOS DEPORTIVOS XIII,1126,18,2.3. 2  9. 1  1,LOCACION DE SERVICIOS REALIZADOS POR PERSONAS NATURALES RELACIONADAS AL ROL DE LA ENTIDAD,1800.00,Compromiso
2026,1028,03,S,935,09/03/2026 00:00:00,10755396571,AGUIRRE OLAZO RODRIGO JOSE,106,CONTRATO MENOR,CM,,SERVICIO DE AUXILIAR EN EVENTOS DEPORTIVOS XIV,1127,18,2.3. 2  9. 1  1,LOCACION DE SERVICIOS REALIZADOS POR PERSONAS NATURALES RELACIONADAS AL ROL DE LA ENTIDAD,1800.00,Compromiso
2026,1028,03,S,936,09/03/2026 00:00:00,10452977325,DE LA CRUZ RIERA KATTY RINA,106,CONTRATO MENOR,CM,,SERVICIO DE AUXILIAR EN EVENTOS DEPORTIVOS XV,1128,18,2.3. 2  9. 1  1,LOCACION DE SERVICIOS REALIZADOS POR PERSONAS NATURALES RELACIONADAS AL ROL DE LA ENTIDAD,1800.00,Compromiso
2026,1028,03,S,937,09/03/2026 00:00:00,10258409014,TELLO SIAS DORA JESSICA,106,CONTRATO MENOR,CM,,SERVICIO DE AUXILIAR EN EVENTOS DEPORTIVOS XVI,1129,18,2.3. 2  9. 1  1,LOCACION DE SERVICIOS REALIZADOS POR PERSONAS NATURALES RELACIONADAS AL ROL DE LA ENTIDAD,1800.00,Compromiso
2026,1028,03,S,938,09/03/2026 00:00:00,10729024614,URIBE SALVADOR LUIS MIGUEL,106,CONTRATO MENOR,CM,,SERVICIO DE AUXILIAR EN EVENTOS DEPORTIVOS XVII,1130,18,2.3. 2  9. 1  1,LOCACION DE SERVICIOS REALIZADOS POR PERSONAS NATURALES RELACIONADAS AL ROL DE LA ENTIDAD,1800.00,Compromiso
2026,1028,03,S,939,09/03/2026 00:00:00,10728108113,NAVARRO ALEGRE LEONARDO JOSHUA,106,CONTRATO MENOR,CM,,SERVICIO DE AUXILIAR EN EVENTOS DEPORTIVOS XVIII,1131,18,2.3. 2  9. 1  1,LOCACION DE SERVICIOS REALIZADOS POR PERSONAS NATURALES RELACIONADAS AL ROL DE LA ENTIDAD,1800.00,Compromiso
2026,1028,03,S,940,09/03/2026 00:00:00,10607719450,RAMIREZ AYMITUMA MADAY KORAYMA,106,CONTRATO MENOR,CM,,SERVICIO DE AUXILIAR EN EVENTOS DEPORTIVOS XIX,1132,18,2.3. 2  9. 1  1,LOCACION DE SERVICIOS REALIZADOS POR PERSONAS NATURALES RELACIONADAS AL ROL DE LA ENTIDAD,1800.00,Compromiso
2026,1028,03,S,941,09/03/2026 00:00:00,10421673689,ARIAS MENDOZA JACQUELIN MILAGROS,106,CONTRATO MENOR,CM,,SERVICIO DE AUXILIAR EN EVENTOS DEPORTIVOS XX,1133,18,2.3. 2  9. 1  1,LOCACION DE SERVICIOS REALIZADOS POR PERSONAS NATURALES RELACIONADAS AL ROL DE LA ENTIDAD,1800.00,Compromiso
2026,1028,03,S,942,09/03/2026 00:00:00,10438213886,ALEGRE FELIPE GISELLA MILAGROS,106,CONTRATO MENOR,CM,,SERVICIO DE AUXILIAR EN EVENTOS DEPORTIVOS XXI,1134,18,2.3. 2  9. 1  1,LOCACION DE SERVICIOS REALIZADOS POR PERSONAS NATURALES RELACIONADAS AL ROL DE LA ENTIDAD,1800.00,Compromiso
2026,1028,03,S,943,09/03/2026 00:00:00,10738125555,FELIPA MINAYA JOSE RICARDO,106,CONTRATO MENOR,CM,,SERVICIO DE AUXILIAR EN EVENTOS DEPORTIVOS XXII,1135,18,2.3. 2  9. 1  1,LOCACION DE SERVICIOS REALIZADOS POR PERSONAS NATURALES RELACIONADAS AL ROL DE LA ENTIDAD,1800.00,Compromiso
2026,1028,03,S,944,09/03/2026 00:00:00,10257527595,GONZALES RIVAS JOHNNY CHRISTIAN,106,CONTRATO MENOR,CM,,SERVICIO DE AUXILIAR EN EVENTOS DEPORTIVOS XXIII,1136,18,2.3. 2  9. 1  1,LOCACION DE SERVICIOS REALIZADOS POR PERSONAS NATURALES RELACIONADAS AL ROL DE LA ENTIDAD,1800.00,Compromiso
2026,1028,03,S,945,09/03/2026 00:00:00,10711504643,HINOSTROZA GONZALES ESTEBAN SEBASTIµN,106,CONTRATO MENOR,CM,,SERVICIO DE AUXILIAR EN EVENTOS DEPORTIVOS XXIV,1137,18,2.3. 2  9. 1  1,LOCACION DE SERVICIOS REALIZADOS POR PERSONAS NATURALES RELACIONADAS AL ROL DE LA ENTIDAD,1800.00,Compromiso
2026,1028,03,S,946,09/03/2026 00:00:00,10404828962,GRANADOS LOZA CRISTINA,106,CONTRATO MENOR,CM,,SERVICIO DE AUXILIAR EN EVENTOS DEPORTIVOS XXV,1138,18,2.3. 2  9. 1  1,LOCACION DE SERVICIOS REALIZADOS POR PERSONAS NATURALES RELACIONADAS AL ROL DE LA ENTIDAD,1800.00,Compromiso
2026,1028,03,S,947,09/03/2026 00:00:00,10455567713,JACINTO VILLANUEVA VALERIA MARIA,106,CONTRATO MENOR,CM,,SERVICIO DE AUXILIAR EN EVENTOS DEPORTIVOS XXVI,1139,18,2.3. 2  9. 1  1,LOCACION DE SERVICIOS REALIZADOS POR PERSONAS NATURALES RELACIONADAS AL ROL DE LA ENTIDAD,1800.00,Compromiso
2026,1028,03,S,948,09/03/2026 00:00:00,10402243924,MALPICA CASTILLO LUIS ROBERTO,106,CONTRATO MENOR,CM,,SERVICIO DE AUXILIAR EN EVENTOS DEPORTIVOS XXVII,1140,18,2.3. 2  9. 1  1,LOCACION DE SERVICIOS REALIZADOS POR PERSONAS NATURALES RELACIONADAS AL ROL DE LA ENTIDAD,1800.00,Compromiso
2026,1028,03,S,949,09/03/2026 00:00:00,10484364279,PAICO RIVERA SHEILA MARIANELA,106,CONTRATO MENOR,CM,,SERVICIO DE AUXILIAR EN EVENTOS DEPORTIVOS XXVIII,1141,18,2.3. 2  9. 1  1,LOCACION DE SERVICIOS REALIZADOS POR PERSONAS NATURALES RELACIONADAS AL ROL DE LA ENTIDAD,1800.00,Compromiso
2026,1028,03,S,950,09/03/2026 00:00:00,10411276584,TELLO MARI•O YCIDORA,106,CONTRATO MENOR,CM,,SERVICIO DE AUXILIAR EN EVENTOS DEPORTIVOS XXIX,1142,18,2.3. 2  9. 1  1,LOCACION DE SERVICIOS REALIZADOS POR PERSONAS NATURALES RELACIONADAS AL ROL DE LA ENTIDAD,1800.00,Compromiso
2026,1028,03,S,951,09/03/2026 00:00:00,10255666121,GUTIERREZ GUTIERREZ YOLANDA TERESA,106,CONTRATO MENOR,CM,,SERVICIO DE AUXILIAR EN EVENTOS DEPORTIVOS XXX,1143,18,2.3. 2  9. 1  1,LOCACION DE SERVICIOS REALIZADOS POR PERSONAS NATURALES RELACIONADAS AL ROL DE LA ENTIDAD,1800.00,Compromiso
2026,1028,03,S,952,09/03/2026 00:00:00,10770618881,VALVERDE GARCIA LESLIE JASMINE,106,CONTRATO MENOR,CM,,SERVICIO DE AUXILIAR EN EVENTOS DEPORTIVOS XXXI,1144,18,2.3. 2  9. 1  1,LOCACION DE SERVICIOS REALIZADOS POR PERSONAS NATURALES RELACIONADAS AL ROL DE LA ENTIDAD,1800.00,Compromiso
2026,1028,03,S,953,09/03/2026 00:00:00,10772719570,COBE•AS ATOCHE YOJANA ZILPA,106,CONTRATO MENOR,CM,,SERVICIO DE AUXILIAR EN EVENTOS DEPORTIVOS XXXII,1145,18,2.3. 2  9. 1  1,LOCACION DE SERVICIOS REALIZADOS POR PERSONAS NATURALES RELACIONADAS AL ROL DE LA ENTIDAD,1800.00,Compromiso
2026,1028,03,S,954,09/03/2026 00:00:00,10765288733,SORIANO GONZALES BRIGGITTE ROSA,106,CONTRATO MENOR,CM,,SERVICIO DE AUXILIAR EN EVENTOS DEPORTIVOS XXXIII,1146,18,2.3. 2  9. 1  1,LOCACION DE SERVICIOS REALIZADOS POR PERSONAS NATURALES RELACIONADAS AL ROL DE LA ENTIDAD,1800.00,Compromiso
2026,1028,03,S,955,09/03/2026 00:00:00,10732657610,PUENTE HARADA DIANA  ALEJANDRA,106,CONTRATO MENOR,CM,,SERVICIO DE AUXILIAR EN EVENTOS DEPORTIVOS XXXIV,1147,18,2.3. 2  9. 1  1,LOCACION DE SERVICIOS REALIZADOS POR PERSONAS NATURALES RELACIONADAS AL ROL DE LA ENTIDAD,1800.00,Compromiso
2026,1028,03,S,956,09/03/2026 00:00:00,10462958965,ROJAS GARCIA LEYLA MILUSKA,106,CONTRATO MENOR,CM,,SERVICIO DE AUXILIAR EN EVENTOS DEPORTIVOS XXXV,1148,18,2.3. 2  9. 1  1,LOCACION DE SERVICIOS REALIZADOS POR PERSONAS NATURALES RELACIONADAS AL ROL DE LA ENTIDAD,1800.00,Compromiso
2026,1028,03,S,957,09/03/2026 00:00:00,10749732321,CAMACHO TENORIO GIANELLI CECIBEL,106,CONTRATO MENOR,CM,,SERVICIO DE AUXILIAR EN EVENTOS DEPORTIVOS XXXVI,1149,18,2.3. 2  9. 1  1,LOCACION DE SERVICIOS REALIZADOS POR PERSONAS NATURALES RELACIONADAS AL ROL DE LA ENTIDAD,1800.00,Compromiso
2026,1028,03,S,958,09/03/2026 00:00:00,10706777755,AZAYAC WONG JOCELYN,106,CONTRATO MENOR,CM,,SERVICIO DE AUXILIAR EN EVENTOS DEPORTIVOS XXXVII,1150,18,2.3. 2  9. 1  1,LOCACION DE SERVICIOS REALIZADOS POR PERSONAS NATURALES RELACIONADAS AL ROL DE LA ENTIDAD,1800.00,Compromiso
2026,1028,03,S,959,09/03/2026 00:00:00,10256691995,NAVARRO MAR MODESTO,106,CONTRATO MENOR,CM,,SERVICIO DE AUXILIAR EN EVENTOS DEPORTIVOS XXXVIII,1151,18,2.3. 2  9. 1  1,LOCACION DE SERVICIOS REALIZADOS POR PERSONAS NATURALES RELACIONADAS AL ROL DE LA ENTIDAD,1800.00,Compromiso
2026,1028,03,S,960,09/03/2026 00:00:00,10255205515,FERNANDO INOCENTE RIOS CHUMPITAZ,106,CONTRATO MENOR,CM,,SERVICIO DE PROMOTOR JUVENIL 6,1159,18,2.3. 2  9. 1  1,LOCACION DE SERVICIOS REALIZADOS POR PERSONAS NATURALES RELACIONADAS AL ROL DE LA ENTIDAD,4500.00,Compromiso
2026,1028,03,S,961,09/03/2026 00:00:00,10438411050,JULIO CESAR PIZARRO LINO,106,CONTRATO MENOR,CM,,SERVICIO DE PROMOTOR JUVENIL 8,1160,18,2.3. 2  9. 1  1,LOCACION DE SERVICIOS REALIZADOS POR PERSONAS NATURALES RELACIONADAS AL ROL DE LA ENTIDAD,-3000.00,Rebaja
2026,1028,03,S,961,09/03/2026 00:00:00,10438411050,JULIO CESAR PIZARRO LINO,106,CONTRATO MENOR,CM,,SERVICIO DE PROMOTOR JUVENIL 8,1160,18,2.3. 2  9. 1  1,LOCACION DE SERVICIOS REALIZADOS POR PERSONAS NATURALES RELACIONADAS AL ROL DE LA ENTIDAD,4500.00,Compromiso
2026,1028,03,S,962,09/03/2026 00:00:00,10400624572,VEGA SOTELO CARLOS ISMAEL,106,CONTRATO MENOR,CM,,"SERVICIO DE ORGANIZACI‡N DE ARCHIVO FISICO Y VIRTUAL, DIRECCION REGIONAL DEL TRABAJO Y PROMOCION DEL",1395,18,2.3. 2  9. 1  1,LOCACION DE SERVICIOS REALIZADOS POR PERSONAS NATURALES RELACIONADAS AL ROL DE LA ENTIDAD,4000.00,Compromiso
2026,1028,03,S,963,09/03/2026 00:00:00,10410779841,PRADO NOMBERTO DANIEL HUMBERTO,106,CONTRATO MENOR,CM,,"SERVICIO DE COORDINACION LOGISTICA, DIRECCION REGIONAL DEL TRABAJO Y PROMOCION DEL EMPLEO",1396,18,2.3. 2  9. 1  1,LOCACION DE SERVICIOS REALIZADOS POR PERSONAS NATURALES RELACIONADAS AL ROL DE LA ENTIDAD,6000.00,Compromiso
2026,1028,03,S,964,09/03/2026 00:00:00,10445415214,TICONA VILCA EDSON JOSE,106,CONTRATO MENOR,CM,,"SERVICIO ESPECIALIZADO EN TEMAS DE PRESUPUESTO, DIRECCION REGIONAL DEL TRABAJO Y PROMOCION DEL EMPLE",1397,18,2.3. 2  9. 1  1,LOCACION DE SERVICIOS REALIZADOS POR PERSONAS NATURALES RELACIONADAS AL ROL DE LA ENTIDAD,6000.00,Compromiso
2026,1028,03,S,965,09/03/2026 00:00:00,10761687803,MARTINEZ GAMBOA CELENE VALERY,106,CONTRATO MENOR,CM,,"SERVICIO DE GESTION Y SEGUIMIENTO DE ACTIVIDADES ADMINISTRATIVAS, DIRECCION REGIONAL DEL TRABAJO Y P",1398,18,2.3. 2  9. 1  1,LOCACION DE SERVICIOS REALIZADOS POR PERSONAS NATURALES RELACIONADAS AL ROL DE LA ENTIDAD,5000.00,Compromiso
2026,1028,03,S,966,09/03/2026 00:00:00,10152896391,DIAZ ASTOCONDOR GUSTAVO GILBERTO,106,CONTRATO MENOR,CM,,SERVICIO DE ASISTENCIA TECNICA ADMINISTRATIVA,1265,18,2.3. 2  7.14 98,OTROS SERVICIOS TECNICOS Y PROFESIONALES DESARROLLADOS POR PERSONAS NATURALES,-10000.00,Rebaja
2026,1028,03,S,966,09/03/2026 00:00:00,10152896391,DIAZ ASTOCONDOR GUSTAVO GILBERTO,106,CONTRATO MENOR,CM,,SERVICIO DE ASISTENCIA TECNICA ADMINISTRATIVA,1265,18,2.3. 2  7.14 98,OTROS SERVICIOS TECNICOS Y PROFESIONALES DESARROLLADOS POR PERSONAS NATURALES,15000.00,Compromiso
2026,1028,03,S,967,09/03/2026 00:00:00,10728699928,PLACIDO DAMIAN PEDRO MAX DIEGO,106,CONTRATO MENOR,CM,,SERVICIO DE GESTI‡N ADMINISTRATIVA,1266,18,2.3. 2  7.14 98,OTROS SERVICIOS TECNICOS Y PROFESIONALES DESARROLLADOS POR PERSONAS NATURALES,19500.00,Compromiso
2026,1028,03,S,968,09/03/2026 00:00:00,10028445798,LORENZO YENQUE MARTINEZ,106,CONTRATO MENOR,CM,,SERVICIO DE SEGUIMIENTO Y ASISTENCIA EN LA GESTI‡N DE ACTIVIDADES OPERATIVAS,1267,18,2.3. 2  7.14 98,OTROS SERVICIOS TECNICOS Y PROFESIONALES DESARROLLADOS POR PERSONAS NATURALES,15000.00,Compromiso
2026,1028,03,S,969,09/03/2026 00:00:00,10257991020,REYES MORANTE DEMETRIA MARIA,106,CONTRATO MENOR,CM,,SERVICIO DE PROMOTOR JUVENIL 1,1268,18,2.3. 2  9. 1  1,LOCACION DE SERVICIOS REALIZADOS POR PERSONAS NATURALES RELACIONADAS AL ROL DE LA ENTIDAD,4500.00,Compromiso
2026,1028,03,S,970,09/03/2026 00:00:00,10064957517,GARCIA MARILUZ CARLOS ERNESTO,106,CONTRATO MENOR,CM,,SERVICIO DE PROMOTOR JUVENIL 2,1269,18,2.3. 2  9. 1  1,LOCACION DE SERVICIOS REALIZADOS POR PERSONAS NATURALES RELACIONADAS AL ROL DE LA ENTIDAD,4500.00,Compromiso
2026,1028,03,S,971,09/03/2026 00:00:00,10255702331,DENNY LEONARDO ESPINOZA GARCIA,106,CONTRATO MENOR,CM,,SERVICIO DE PROMOTOR JUVENIL 3,1270,18,2.3. 2  9. 1  1,LOCACION DE SERVICIOS REALIZADOS POR PERSONAS NATURALES RELACIONADAS AL ROL DE LA ENTIDAD,4500.00,Compromiso
2026,1028,03,S,972,09/03/2026 00:00:00,10440785072,GERALDYNE CELESTE FERNANDEZ RAMIREZ,106,CONTRATO MENOR,CM,,SERVICIO DE PROMOTOR JUVENIL 4,1271,18,2.3. 2  9. 1  1,LOCACION DE SERVICIOS REALIZADOS POR PERSONAS NATURALES RELACIONADAS AL ROL DE LA ENTIDAD,4500.00,Compromiso
2026,1028,03,S,973,09/03/2026 00:00:00,10254350554,CARLOS MANUEL JARAMILLO MORALES,106,CONTRATO MENOR,CM,,SERVICIO DE PROMOTOR JUVENIL 5,1272,18,2.3. 2  9. 1  1,LOCACION DE SERVICIOS REALIZADOS POR PERSONAS NATURALES RELACIONADAS AL ROL DE LA ENTIDAD,4500.00,Compromiso
2026,1028,03,S,974,09/03/2026 00:00:00,10257162589,ANGEL ABEL FRANCIA COLLANTES,106,CONTRATO MENOR,CM,,SERVICIO DE PROMOTOR JUVENIL 7,1273,18,2.3. 2  9. 1  1,LOCACION DE SERVICIOS REALIZADOS POR PERSONAS NATURALES RELACIONADAS AL ROL DE LA ENTIDAD,4500.00,Compromiso
2026,1028,03,S,975,10/03/2026 00:00:00,10717017183,CACERES NEGRETE XIOMARA ANTUANET,106,CONTRATO MENOR,CM,,SERVICIO DE GESTION Y SEGUIMIENTO DE ACTIVIDADES ADMINISTRATIVAS PARA LA OFICINA DE IMAGEN INSTITUCIONAL Y PROTOCOLO DE LA GERENCIA GENERAL REGIONAL DEL GOBIERNO REGIONAL DEL CALLAO,1162,18,2.3. 2  9. 1  1,LOCACION DE SERVICIOS REALIZADOS POR PERSONAS NATURALES RELACIONADAS AL ROL DE LA ENTIDAD,18000.00,Compromiso
2026,1028,03,S,976,10/03/2026 00:00:00,10746498972,SARAVIA ROMERO PIERO ANGEL,106,CONTRATO MENOR,CM,,SERVICIO DE DISE•O Y ELABORACION DE MATERIAL IMPRESO PARA LA OFICINA DE IMAGEN INSTITUCIONAL Y PROTOCOLO DE LA GERENCIA GENERAL REGIONAL DEL GOBIERNO REGIONAL DEL CALLAO,1163,18,2.3. 2  9. 1  1,LOCACION DE SERVICIOS REALIZADOS POR PERSONAS NATURALES RELACIONADAS AL ROL DE LA ENTIDAD,12000.00,Compromiso
2026,1028,03,S,977,10/03/2026 00:00:00,10400130090,RENGIFO SANCHEZ PAOLA MERCEDES,106,CONTRATO MENOR,CM,,SERVICIO ESPECIALIZADO DE IMAGEN Y PROTOCOLO INSTITUCIONAL PARA LA OFICINA DE IMAGEN INSTITUCIONAL Y PROTOCOLO DE LA GERENCIA GENERAL REGIONAL DEL GOBIERNO REGIONAL DEL CALLAO,1164,18,2.3. 2  9. 1  1,LOCACION DE SERVICIOS REALIZADOS POR PERSONAS NATURALES RELACIONADAS AL ROL DE LA ENTIDAD,18000.00,Compromiso
2026,1028,03,S,978,10/03/2026 00:00:00,10770429418,VASQUEZ GARCIA MIGUEL ANGEL,106,CONTRATO MENOR,CM,,SERVICIO DE EDICION DE VIDEOS Y SIMIL PARA LA OFICINA DE IMAGEN INSTITUCIONAL Y PROTOCOLO DE LA GERENCIA GENERAL REGIONAL DEL GOBIERNO REGIONAL DEL CALLAO,1165,18,2.3. 2  9. 1  1,LOCACION DE SERVICIOS REALIZADOS POR PERSONAS NATURALES RELACIONADAS AL ROL DE LA ENTIDAD,12000.00,Compromiso
2026,1028,03,S,979,10/03/2026 00:00:00,10099612067,TELLO ISUIZA ROSMERY,106,CONTRATO MENOR,CM,,SERVICIO DE PROTOCOLO I PARA LA OFICINA DE IMAGEN INSTITUCIONAL Y PROTOCOLO DE LA GERENCIA GENERAL REGIONAL DEL GOBIERNO REGIONAL DEL CALLAO,1166,18,2.3. 2  9. 1  1,LOCACION DE SERVICIOS REALIZADOS POR PERSONAS NATURALES RELACIONADAS AL ROL DE LA ENTIDAD,13500.00,Compromiso
2026,1028,03,S,980,10/03/2026 00:00:00,10777076031,ARAOZ COLONIA CESAR FERNANDO,106,CONTRATO MENOR,CM,,SERVICIO DE PRODUCCION DE AUDIO Y VIDEO,1167,18,2.3. 2  9. 1  1,LOCACION DE SERVICIOS REALIZADOS POR PERSONAS NATURALES RELACIONADAS AL ROL DE LA ENTIDAD,12000.00,Compromiso
2026,1028,03,S,981,10/03/2026 00:00:00,10801163322,LLANOS GOMEZ SADITH RUBI,106,CONTRATO MENOR,CM,,SERVICIO DE ASISTENCIA TECNICA ADMINISTRATIVA PARA OFICINA DE ADMINISTRACI‡N DE VILLAS REGIONALES DE LA GERENCIA REGIONAL DE EDUCACION CULTURA Y DEPORTE,1168,18,2.3. 2  9. 1  1,LOCACION DE SERVICIOS REALIZADOS POR PERSONAS NATURALES RELACIONADAS AL ROL DE LA ENTIDAD,9000.00,Compromiso
2026,1028,03,S,982,10/03/2026 00:00:00,10254332009,REQUENA BRAVO FELIX RICARDO,106,CONTRATO MENOR,CM,,SERVICIO DE ASISTENCIA TECNICA EN MANTENIMIENTO DE INFRAESTRUCTURA PARA OFICINA DE ADMINISTRACI‡N DE VILLAS REGIONALES DE LA GERENCIA REGIONAL DE EDUCACION CULTURA Y DEPORTE,1169,18,2.3. 2  9. 1  1,LOCACION DE SERVICIOS REALIZADOS POR PERSONAS NATURALES RELACIONADAS AL ROL DE LA ENTIDAD,10000.00,Compromiso
2026,1028,03,S,983,10/03/2026 00:00:00,10411808781,RAMOS ROSSI SUSANA ALICIA,106,CONTRATO MENOR,CM,,SERVICIO DE REFORZAMIENTO EN MANTENIMIENTO DE AREAS VERDES PARA OFICINA DE ADMINISTRACI‡N DE VILLAS REGIONALES DE LA GERENCIA REGIONAL DE EDUCACION CULTURA Y DEPORTE,1170,18,2.3. 2  9. 1  1,LOCACION DE SERVICIOS REALIZADOS POR PERSONAS NATURALES RELACIONADAS AL ROL DE LA ENTIDAD,9000.00,Compromiso
2026,1028,03,S,984,10/03/2026 00:00:00,10403861842,BAZALAR VELASQUEZ DE ROJAS ZORAIDA,106,CONTRATO MENOR,CM,,SERVICIO DE ASISTENCIA TECNICA EN MANTENIMIENTO DE INFRAESTRUCTURA PARA OFICINA DE ADMINISTRACI‡N DE VILLAS REGIONALES DE LA GERENCIA REGIONAL DE EDUCACION CULTURA Y DEPORTE,1171,18,2.3. 2  9. 1  1,LOCACION DE SERVICIOS REALIZADOS POR PERSONAS NATURALES RELACIONADAS AL ROL DE LA ENTIDAD,7430.00,Compromiso
2026,1028,03,S,985,10/03/2026 00:00:00,10256346821,BAZAN BAZAN ELIZABETH NATIVIDAD,106,CONTRATO MENOR,CM,,SERVICIO DE SUPERVISION Y MONITOREO DE ACTIVIDADES TECNICO ADMINISTRATIVO PARA OFICINA DE ADMINISTRACI‡N DE VILLAS REGIONALES DE LA GERENCIA REGIONAL DE EDUCACION CULTURA Y DEPORTE,1172,18,2.3. 2  9. 1  1,LOCACION DE SERVICIOS REALIZADOS POR PERSONAS NATURALES RELACIONADAS AL ROL DE LA ENTIDAD,10000.00,Compromiso
2026,1028,03,S,986,10/03/2026 00:00:00,10257373164,FLORES PERICHE MARIA EDITHA,106,CONTRATO MENOR,CM,,SERVICIO DE ASISTENCIA TECNICA EN MANTENIMIENTO DE INFRAESTRUCTURA PARA OFICINA DE ADMINISTRACI‡N DE VILLAS REGIONALES DE LA GERENCIA REGIONAL DE EDUCACION CULTURA Y DEPORTE,1173,18,2.3. 2  9. 1  1,LOCACION DE SERVICIOS REALIZADOS POR PERSONAS NATURALES RELACIONADAS AL ROL DE LA ENTIDAD,6000.00,Compromiso
2026,1028,03,S,987,10/03/2026 00:00:00,10060989805,CERVERA LENGUA CARLOS ALBERTO,106,CONTRATO MENOR,CM,,SERVICIO DE ASISTENCIA TECNICA ADMINISTRATIVA PARA LA OFICINA DE ADMINISTRACI‡NDE VILLAS REGIONALES DE LA GERENCIA REGIONAL DE EDUCACION CULTURA Y DEPORTE,1174,18,2.3. 2  9. 1  1,LOCACION DE SERVICIOS REALIZADOS POR PERSONAS NATURALES RELACIONADAS AL ROL DE LA ENTIDAD,12500.00,Compromiso
2026,1028,03,S,988,10/03/2026 00:00:00,10084414811,TREJO RAMIREZ MARTIN CEVERO,106,CONTRATO MENOR,CM,,SERVICIO DE REFORZAMIENTO EN MANTENIMIENTO DE AREAS VERDES PARA OFICINA DE ADMINISTRACI‡N DE VILLAS REGIONALES DE LA GERENCIA REGIONAL DE EDUCACION CULTURA Y DEPORTE.,1175,18,2.3. 2  9. 1  1,LOCACION DE SERVICIOS REALIZADOS POR PERSONAS NATURALES RELACIONADAS AL ROL DE LA ENTIDAD,9000.00,Compromiso
2026,1028,03,S,989,10/03/2026 00:00:00,10426007776,OLIVA CAMPOS VICTOR JESUS,106,CONTRATO MENOR,CM,,SERVICIO DE ASISTENCIA TECNICA EN MANTENIMIENTO DE INFRAESTRUCTURA PARA OFICINA DE ADMINISTRACI‡N DE VILLAS REGIONALES DE LA GERENCIA REGIONAL DE EDUCACION CULTURA Y DEPORTE,1176,18,2.3. 2  9. 1  1,LOCACION DE SERVICIOS REALIZADOS POR PERSONAS NATURALES RELACIONADAS AL ROL DE LA ENTIDAD,9000.00,Compromiso
2026,1028,03,S,990,10/03/2026 00:00:00,10428812340,ORTIZ MONTENEGRO JANETH PILAR,106,CONTRATO MENOR,CM,,SERVICIO ESPECIALIZADO EN GESTI‡N PÈBLICA PARA OREDIS - DOS ENTREGABLES 2026..,1197,18,2.3. 2  9. 1  1,LOCACION DE SERVICIOS REALIZADOS POR PERSONAS NATURALES RELACIONADAS AL ROL DE LA ENTIDAD,11000.00,Compromiso
2026,1028,03,S,991,10/03/2026 00:00:00,10456867826,LEON CALDERON BARBARA MUJER,106,CONTRATO MENOR,CM,,SERVICIO ESPECIALIZADO EN PLANEAMIENTO Y PRESUPUESTO  PARA OREDIS - DOS ENTREGABLES 2026..,1198,18,2.3. 2  9. 1  1,LOCACION DE SERVICIOS REALIZADOS POR PERSONAS NATURALES RELACIONADAS AL ROL DE LA ENTIDAD,12000.00,Compromiso
2026,1028,03,S,992,10/03/2026 00:00:00,10466670842,"PALOMINO ESPINOZA, KATIA RAQUEL",106,CONTRATO MENOR,CM,,SERVICIO ESPECIALIZADO DE CONTROL INTERNO - PARA OREDIS DOS ENTREGABLES 2026,1199,18,2.3. 2  9. 1  1,LOCACION DE SERVICIOS REALIZADOS POR PERSONAS NATURALES RELACIONADAS AL ROL DE LA ENTIDAD,11000.00,Compromiso
2026,1028,03,S,993,10/03/2026 00:00:00,10738045641,LAURENTE REATEGUI XIMENA DE FµTIMA,106,CONTRATO MENOR,CM,,SERVICIO ESPECIALIZADO EN COMUNICACI‡N Y PROTOCOLO PARA OREDIS - DOS ENTREGABLES 2026.,1200,18,2.3. 2  9. 1  1,LOCACION DE SERVICIOS REALIZADOS POR PERSONAS NATURALES RELACIONADAS AL ROL DE LA ENTIDAD,7000.00,Compromiso
2026,1028,03,S,994,10/03/2026 00:00:00,10724634864,TELLO ROCA GIANELLA MILAGROS,106,CONTRATO MENOR,CM,,SERVICIO ESPECIALIZADO EN PROCESOS LOGISTICOS PARA OREDIS -  DOS ENTREGBLES,1201,18,2.3. 2  9. 1  1,LOCACION DE SERVICIOS REALIZADOS POR PERSONAS NATURALES RELACIONADAS AL ROL DE LA ENTIDAD,7000.00,Compromiso
2026,1028,03,S,995,10/03/2026 00:00:00,10702474375,AMAPANQUI DOMINGUEZ DIANA CAROLINA,106,CONTRATO MENOR,CM,,SERVICIO DE ASISTENCIA TECNICA ADMINISTRATIVA PARA OREDIS - DOS ENTREGABLES 2026,1202,18,2.3. 2  9. 1  1,LOCACION DE SERVICIOS REALIZADOS POR PERSONAS NATURALES RELACIONADAS AL ROL DE LA ENTIDAD,7000.00,Compromiso
2026,1028,03,S,996,10/03/2026 00:00:00,10728788556,YATACO CHANG MAYRA IRENE,106,CONTRATO MENOR,CM,,SERVICIO DE EJECUCI‡N Y COORDINACI‡N DE ACTIVIDADES DE CAMPO - PARA OREDIS - DOS ENTREGABLES 2026,1203,18,2.3. 2  9. 1  1,LOCACION DE SERVICIOS REALIZADOS POR PERSONAS NATURALES RELACIONADAS AL ROL DE LA ENTIDAD,7000.00,Compromiso
2026,1028,03,S,997,10/03/2026 00:00:00,10419851201,URBANO ROMERO JUNIOR ALBERTO,106,CONTRATO MENOR,CM,,"SERVICIO DE GESTI‡N LEGAL, ADMINISTRATIVA Y GESTI‡N PÈBLICA PARA OREDIS - UNICO ENTREGABLES 2026",1204,18,2.3. 2  9. 1  1,LOCACION DE SERVICIOS REALIZADOS POR PERSONAS NATURALES RELACIONADAS AL ROL DE LA ENTIDAD,5000.00,Compromiso
2026,1028,03,S,998,10/03/2026 00:00:00,10739308319,RETAMOZO PASICHE ANTUANET KATHERIN,106,CONTRATO MENOR,CM,,SERVICIO ESPECIALIZADO EN DISE•O GRAFICO PARA OREDIS - UNICO ENTREGABLES 2026,1205,18,2.3. 2  9. 1  1,LOCACION DE SERVICIOS REALIZADOS POR PERSONAS NATURALES RELACIONADAS AL ROL DE LA ENTIDAD,5000.00,Compromiso
2026,1028,03,S,999,10/03/2026 00:00:00,10084363125,GUERRERO VALVERDE BERTHA CARLA,106,CONTRATO MENOR,CM,,SERVICIO DE SUPERVISI‡N Y MONITOREO ACTIVIDADES DE CAMPO PARA OREDIS - DOS ENTREGABLES 2026,1206,18,2.3. 2  9. 1  1,LOCACION DE SERVICIOS REALIZADOS POR PERSONAS NATURALES RELACIONADAS AL ROL DE LA ENTIDAD,6000.00,Compromiso
2026,1028,03,S,1000,10/03/2026 00:00:00,10804153964,BERROCAL ROGER ANDERSON,106,CONTRATO MENOR,CM,,SERVICIO DE PROMOCI‡N Y DESARROLLO SOCIAL 1 PARA OREDIS - UNICO ENTREGABLE,1207,18,2.3. 2  9. 1  1,LOCACION DE SERVICIOS REALIZADOS POR PERSONAS NATURALES RELACIONADAS AL ROL DE LA ENTIDAD,2500.00,Compromiso
2026,1028,03,S,1001,10/03/2026 00:00:00,10431219625,SALDA•A LEYVA AUGUSTO ALEXANDER,106,CONTRATO MENOR,CM,,SERVICIO DE PROMOCI‡N Y DESARROLLO SOCIAL .2 PARA OREDIS - UNICO ENTREGABLE,1208,18,2.3. 2  9. 1  1,LOCACION DE SERVICIOS REALIZADOS POR PERSONAS NATURALES RELACIONADAS AL ROL DE LA ENTIDAD,2500.00,Compromiso
2026,1028,03,S,1002,10/03/2026 00:00:00,10430104301,ROJAS PAZ JULIA NORA,106,CONTRATO MENOR,CM,,SERVICIO DE PROMOCI‡N Y DESARROLLO SOCIAL 3 PARA OREDIS - UNICO ENTREGABLE,1209,18,2.3. 2  9. 1  1,LOCACION DE SERVICIOS REALIZADOS POR PERSONAS NATURALES RELACIONADAS AL ROL DE LA ENTIDAD,2500.00,Compromiso
2026,1028,03,S,1003,10/03/2026 00:00:00,10407991422,PUICAN LLAGAS WILMER NICOLAS,106,CONTRATO MENOR,CM,,SERVICIO DE PROMOCI‡N Y DESARROLLO SOCIAL 4 PARA OREDIS - UNICO ENTREGABLE,1210,18,2.3. 2  9. 1  1,LOCACION DE SERVICIOS REALIZADOS POR PERSONAS NATURALES RELACIONADAS AL ROL DE LA ENTIDAD,2500.00,Compromiso
2026,1028,03,S,1004,10/03/2026 00:00:00,10771524147,VEGA GOMEZ CIELO CRISTELL,106,CONTRATO MENOR,CM,,SERVICIO DE ASISTENCIA TECNICA EN COMUNICACIONES PARA OREDIS - UNICO ENTREGABLES 2026,1211,18,2.3. 2  9. 1  1,LOCACION DE SERVICIOS REALIZADOS POR PERSONAS NATURALES RELACIONADAS AL ROL DE LA ENTIDAD,3500.00,Compromiso
2026,1028,03,S,1005,10/03/2026 00:00:00,10107399459,LEON VELASQUEZ LYS MONICA,106,CONTRATO MENOR,CM,,SERVICIO ESPECIALIZADO EN ASUNTOS LEGALES ADMINISTRATIVOS PARA OREDIS - DOS ENTREGABLES 2026,1212,18,2.3. 2  9. 1  1,LOCACION DE SERVICIOS REALIZADOS POR PERSONAS NATURALES RELACIONADAS AL ROL DE LA ENTIDAD,10000.00,Compromiso
2026,1028,03,S,1006,10/03/2026 00:00:00,10469268778,ROMERO CASTRO JONATHAN,106,CONTRATO MENOR,CM,,SERVICIO DE ASISTENCIA TECNICA EN MANTENIMIENTO DE INFRAESTRUCTURA PARA OFICINA DE ADMINISTRACI‡N DE VILLAS REGIONALES DE LA GERENCIA REGIONAL DE EDUCACION CULTURA Y DEPORTE,1177,18,2.3. 2  9. 1  1,LOCACION DE SERVICIOS REALIZADOS POR PERSONAS NATURALES RELACIONADAS AL ROL DE LA ENTIDAD,7500.00,Compromiso
2026,1028,03,S,1007,10/03/2026 00:00:00,10255660310,YANQUI TICONA MARIO ANTONIO,106,CONTRATO MENOR,CM,,SERVICIO DE ASISTENCIA TECNICA EN MANTENIMIENTO DE INFRAESTRUCTURA PARA OFICINA DE ADMINISTRACI‡N DE VILLAS REGIONALES DE LA GERENCIA REGIONAL DE EDUCACION CULTURA Y DEPORTE,1178,18,2.3. 2  9. 1  1,LOCACION DE SERVICIOS REALIZADOS POR PERSONAS NATURALES RELACIONADAS AL ROL DE LA ENTIDAD,9500.00,Compromiso
2026,1028,03,S,1008,10/03/2026 00:00:00,10255636907,AGUILAR GARCIA ANDRES GELACIO,106,CONTRATO MENOR,CM,,SERVICIO DE ASISTENCIA TECNICA EN MANTENIMIENTO DE INFRAESTRUCTURA PARA OFICINA DE ADMINISTRACI‡N DE VILLAS REGIONALES DE LA GERENCIA REGIONAL DE EDUCACION CULTURA Y DEPORTE,1179,18,2.3. 2  9. 1  1,LOCACION DE SERVICIOS REALIZADOS POR PERSONAS NATURALES RELACIONADAS AL ROL DE LA ENTIDAD,11500.00,Compromiso
2026,1028,03,S,1009,10/03/2026 00:00:00,10743833860,NEYRA GUTIERREZ JEAN FRANCO,106,CONTRATO MENOR,CM,,SERVICIO DE ASISTENCIA TECNICA EN MANTENIMIENTO DE INFRAESTRUCTURA PARA INTERVENCIONES EN CAMPO PARA OFICINA DE ADMINISTRACI‡N DE VILLAS REGIONALES DE LA GERENCIA REGIONAL DE EDUCACION CULTURA Y DEPORTE,1180,18,2.3. 2  9. 1  1,LOCACION DE SERVICIOS REALIZADOS POR PERSONAS NATURALES RELACIONADAS AL ROL DE LA ENTIDAD,12500.00,Compromiso
2026,1028,03,S,1010,10/03/2026 00:00:00,10742136472,PALACIOS TELLO JHOSEPT JANS,106,CONTRATO MENOR,CM,,SERVICIO DE ASISTENCIA TêCNICA EN MANTENIMIENTO DE INFRAESTRUCTURA PARA OFICINA DE ADMINISTRACI‡N DE VILLAS REGIONALES DE LA GERENCIA REGIONAL DE EDUCACION CULTURA Y DEPORTE.,1181,18,2.3. 2  9. 1  1,LOCACION DE SERVICIOS REALIZADOS POR PERSONAS NATURALES RELACIONADAS AL ROL DE LA ENTIDAD,11500.00,Compromiso
2026,1028,03,S,1011,10/03/2026 00:00:00,10258457485,PARDO NAVEDA CARLOS ALBERTO,106,CONTRATO MENOR,CM,,SERVICIO DE ASISTENCIA TECNICA EN MANTENIMIENTO DE INFRAESTRUCTURA PARA EL ORDENAMIENTO DE ALMACêN PARA OFICINA DE ADMINISTRACI‡N DE VILLAS REGIONALES DE LA GERENCIA REGIONAL DE EDUCACION CULTURA Y DEPORTE,1182,18,2.3. 2  9. 1  1,LOCACION DE SERVICIOS REALIZADOS POR PERSONAS NATURALES RELACIONADAS AL ROL DE LA ENTIDAD,14000.00,Compromiso
2026,1028,03,S,1012,10/03/2026 00:00:00,10257947209,RUEDA LETURIA JOE ALEXANDER,106,CONTRATO MENOR,CM,,SERVICIO DE ASISTENCIA TECNICA EN MANTENIMIENTO DE INFRAESTRUCTURA PARA EL ORDENAMIENTO DE ALMACêN PARA OFICINA DE ADMINISTRACI‡N DE VILLAS REGIONALES DE LA GERENCIA REGIONAL DE EDUCACION CULTURA Y DEPORTE,1183,18,2.3. 2  9. 1  1,LOCACION DE SERVICIOS REALIZADOS POR PERSONAS NATURALES RELACIONADAS AL ROL DE LA ENTIDAD,9500.00,Compromiso
2026,1028,03,S,1013,10/03/2026 00:00:00,10255688672,TEJEDA LAGUNA PRIMITIVO PERCY,106,CONTRATO MENOR,CM,,SERVICIO DE ASISTENCIA TECNICA EN MANTENIMIENTO DE INFRAESTRUCTURA Y ENCARGADO DE MANTENIMIENTO PARA EL COMPLEJO DEPORTIVO TELMO CARBAJO PARA OFICINA DE ADMINISTRACI‡N DE VILLAS REGIONALES DE LA GERENCIA REGIONAL DE EDUCACION CULTURA Y DEPO,1184,18,2.3. 2  9. 1  1,LOCACION DE SERVICIOS REALIZADOS POR PERSONAS NATURALES RELACIONADAS AL ROL DE LA ENTIDAD,14000.00,Compromiso
2026,1028,03,S,1014,10/03/2026 00:00:00,10416801270,MI•AN LOPEZ CLAUDIO GIOVANNY,106,CONTRATO MENOR,CM,,SERVICIO DE ASISTENCIA TêCNICA ADMINISTRATIVA PARA EL DESARROLLO DE DISCIPLINAS DEPORTIVAS III PARA LA ACTIVIDAD: ?INCREMENTO DE ACTIVIDADES DEPORTIVAS Y RECREATIVAS EN LA POBLACI‡N CHALACA?,1213,18,2.3. 2  9. 1  1,LOCACION DE SERVICIOS REALIZADOS POR PERSONAS NATURALES RELACIONADAS AL ROL DE LA ENTIDAD,3000.00,Compromiso
2026,1028,03,S,1015,10/03/2026 00:00:00,10440738309,NEYRA CISNEROS JOSE GUILLERMO,106,CONTRATO MENOR,CM,,SERVICIO DE AUXILIAR DE SEGURIDAD VIII - SEDE JUAN PABLO II DEL GOBIERNO REGIONAL DEL CALLAO,1253,18,2.3. 2  9. 1  1,LOCACION DE SERVICIOS REALIZADOS POR PERSONAS NATURALES RELACIONADAS AL ROL DE LA ENTIDAD,7500.00,Compromiso
2026,1028,03,S,1016,10/03/2026 00:00:00,10440418461,GUERRERO BENITES ESTELA,106,CONTRATO MENOR,CM,,SERVICIO DE AUXILIAR DE SEGURIDAD VII - SEDE JUAN PABLO II DEL GOBIERNO REGIONAL DEL CALLAO,1254,18,2.3. 2  9. 1  1,LOCACION DE SERVICIOS REALIZADOS POR PERSONAS NATURALES RELACIONADAS AL ROL DE LA ENTIDAD,7500.00,Compromiso
2026,1028,03,S,1017,10/03/2026 00:00:00,10723433407,JIMENEZ LOPEZ ANDERSSON ISAIS,106,CONTRATO MENOR,CM,,SERVICIO DE AUXILIAR DE SEGURIDAD VI - SEDE JUAN PABLO II DEL GOBIERNO REGIONAL DEL CALLAO,1255,18,2.3. 2  9. 1  1,LOCACION DE SERVICIOS REALIZADOS POR PERSONAS NATURALES RELACIONADAS AL ROL DE LA ENTIDAD,7500.00,Compromiso
2026,1028,03,S,1018,10/03/2026 00:00:00,10257590360,SMITH MAURTUA JAVIER ANTONIO,106,CONTRATO MENOR,CM,,SERVICIO DE AUXILIAR DE SEGURIDAD V - SEDE JUAN PABLO II DEL GOBIERNO REGIONAL DEL CALLAO,1256,18,2.3. 2  9. 1  1,LOCACION DE SERVICIOS REALIZADOS POR PERSONAS NATURALES RELACIONADAS AL ROL DE LA ENTIDAD,7500.00,Compromiso
2026,1028,03,S,1019,10/03/2026 00:00:00,10730292584,MARCELO CHOQUE ANGEL JESUS,106,CONTRATO MENOR,CM,,SERVICIO DE AUXILIAR DE SEGURIDAD IV - SEDE JUAN PABLO II DEL GOBIERNO REGIONAL DEL CALLAO,1257,18,2.3. 2  9. 1  1,LOCACION DE SERVICIOS REALIZADOS POR PERSONAS NATURALES RELACIONADAS AL ROL DE LA ENTIDAD,7500.00,Compromiso
2026,1028,03,S,1020,10/03/2026 00:00:00,10478418316,FERNANDEZ DE LA CRUZ LUIS DAVID,106,CONTRATO MENOR,CM,,SERVICIO DE AUXILIAR DE SEGURIDAD III - SEDE JUAN PABLO II DEL GOBIERNO REGIONAL DEL CALLAO,1258,18,2.3. 2  9. 1  1,LOCACION DE SERVICIOS REALIZADOS POR PERSONAS NATURALES RELACIONADAS AL ROL DE LA ENTIDAD,7500.00,Compromiso
2026,1028,03,S,1021,10/03/2026 00:00:00,10232569480,JURADO ESPINOZA ALICIA,106,CONTRATO MENOR,CM,,SERVICIO DE AUXILIAR DE SEGURIDAD II - SEDE JUAN PABLO II DEL GOBIERNO REGIONAL DEL CALLAO,1259,18,2.3. 2  9. 1  1,LOCACION DE SERVICIOS REALIZADOS POR PERSONAS NATURALES RELACIONADAS AL ROL DE LA ENTIDAD,7500.00,Compromiso
2026,1028,03,S,1022,10/03/2026 00:00:00,10405597026,VASQUEZ RAMIREZ DIANA KARIN,106,CONTRATO MENOR,CM,,SERVICIO DE SUPERVISOR DE SEGURIDAD IV - SEDE JUAN PABLO II DEL GOBIERNO REGIONAL DEL CALLAO,1260,18,2.3. 2  9. 1  1,LOCACION DE SERVICIOS REALIZADOS POR PERSONAS NATURALES RELACIONADAS AL ROL DE LA ENTIDAD,10000.00,Compromiso
2026,1028,03,S,1023,10/03/2026 00:00:00,10417015529,FLORES VALLADARES PEDRO ALBERTO,106,CONTRATO MENOR,CM,,SERVICIO DE SUPERVISOR DE SEGURIDAD III - SEDE JUAN PABLO II DEL GOBIERNO REGIONAL DEL CALLAO,1261,18,2.3. 2  9. 1  1,LOCACION DE SERVICIOS REALIZADOS POR PERSONAS NATURALES RELACIONADAS AL ROL DE LA ENTIDAD,10000.00,Compromiso
2026,1028,03,S,1024,10/03/2026 00:00:00,10448917857,AGUIRRE ANDRADE ANGIE ALLISON,106,CONTRATO MENOR,CM,,SERVICIO DE SUPERVISOR DE SEGURIDAD II - SEDE JUAN PABLO II DEL GOBIERNO REGIONAL DEL CALLAO,1262,18,2.3. 2  9. 1  1,LOCACION DE SERVICIOS REALIZADOS POR PERSONAS NATURALES RELACIONADAS AL ROL DE LA ENTIDAD,10000.00,Compromiso
2026,1028,03,S,1025,10/03/2026 00:00:00,10258599824,CORREA PAZ MARGARITA DEL ROSARIO,106,CONTRATO MENOR,CM,,SERVICIO DE SUPERVISOR GENERAL DE SEGURIDAD VI - SEDE JUAN PABLO II DEL GOBIERNO REGIONAL DEL CALLAO,1263,18,2.3. 2  9. 1  1,LOCACION DE SERVICIOS REALIZADOS POR PERSONAS NATURALES RELACIONADAS AL ROL DE LA ENTIDAD,14000.00,Compromiso
2026,1028,03,S,1026,10/03/2026 00:00:00,10411815841,SALAZAR JERI OMAR,106,CONTRATO MENOR,CM,,SERVICIO DE SUPERVISOR GENERAL DE SEGURIDAD V - SEDE JUAN PABLO II DEL GOBIERNO REGIONAL DEL CALLAO,1264,18,2.3. 2  9. 1  1,LOCACION DE SERVICIOS REALIZADOS POR PERSONAS NATURALES RELACIONADAS AL ROL DE LA ENTIDAD,14000.00,Compromiso
2026,1028,03,S,1027,10/03/2026 00:00:00,10258608769,ASIN SALDARRIAGA DIANA VANESSA,106,CONTRATO MENOR,CM,,SERVICIO DE SUPERVISOR GENERAL DE SEGURIDAD IV - SEDE JUAN PABLO II DEL GOBIERNO REGIONAL DEL CALLAO,1290,18,2.3. 2  9. 1  1,LOCACION DE SERVICIOS REALIZADOS POR PERSONAS NATURALES RELACIONADAS AL ROL DE LA ENTIDAD,14000.00,Compromiso
2026,1028,03,S,1028,10/03/2026 00:00:00,10758979542,POZO ANTON JUAN JOSE,106,CONTRATO MENOR,CM,,SERVICIO DE SUPERVISOR GENERAL DE SEGURIDAD III - SEDE JUAN PABLO II ,1288,18,2.3. 2  9. 1  1,LOCACION DE SERVICIOS REALIZADOS POR PERSONAS NATURALES RELACIONADAS AL ROL DE LA ENTIDAD,14000.00,Compromiso
2026,1028,03,S,1029,10/03/2026 00:00:00,10254576889,SANCHEZ LOPEZ LUIS ARTURO,106,CONTRATO MENOR,CM,,SERVICIO DE SUPERVISOR GENERAL DE SEGURIDAD II - SEDE JUAN PABLO II DEL GOBIERNO REGIONAL DEL CALLAO,1252,18,2.3. 2  9. 1  1,LOCACION DE SERVICIOS REALIZADOS POR PERSONAS NATURALES RELACIONADAS AL ROL DE LA ENTIDAD,14000.00,Compromiso
2026,1028,03,S,1030,10/03/2026 00:00:00,10409846616,PATI•O MALLMA DAYSI,106,CONTRATO MENOR,CM,,SERVICIO DE APOYO ADMINISTRATIVO - SEDE JUAN PABLO II DEL GOBIERNO REGIONAL DEL CALLAO,1289,18,2.3. 2  9. 1  1,LOCACION DE SERVICIOS REALIZADOS POR PERSONAS NATURALES RELACIONADAS AL ROL DE LA ENTIDAD,13000.00,Compromiso
2026,1028,03,S,1031,10/03/2026 00:00:00,10257203684,CALISTO GIAMPIETRI GIUGLIANNA FATIMA,106,CONTRATO MENOR,CM,,SERVICIO DE SEGUIMIENTO Y MONITOREO DE ACTIVIDADES DE GESTI‡N Y/O ADMINISTRATIVAS......,1185,18,2.3. 2  9. 1  1,LOCACION DE SERVICIOS REALIZADOS POR PERSONAS NATURALES RELACIONADAS AL ROL DE LA ENTIDAD,24000.00,Compromiso
2026,1028,03,S,1032,10/03/2026 00:00:00,10414776928,RUCOBA RIOS ELI,106,CONTRATO MENOR,CM,,SERVICIO DE CONTROL Y REVISI‡N DE EXPEDIENTES DE CONTRATACIONES DE BIENES Y SERVICIOS I,1187,18,2.3. 2  9. 1  1,LOCACION DE SERVICIOS REALIZADOS POR PERSONAS NATURALES RELACIONADAS AL ROL DE LA ENTIDAD,18000.00,Compromiso
2026,1028,03,S,1033,10/03/2026 00:00:00,10437312015,ALCANTARA CHANGANAQUI JUAN JOSE,106,CONTRATO MENOR,CM,,SERVICIO DE CONTROL Y REVISI‡N DE EXPEDIENTES DE CONTRATACIONES DE BIENES Y SERVICIOS II,1188,18,2.3. 2  9. 1  1,LOCACION DE SERVICIOS REALIZADOS POR PERSONAS NATURALES RELACIONADAS AL ROL DE LA ENTIDAD,18000.00,Compromiso
2026,1028,03,S,1034,10/03/2026 00:00:00,10720134697,ORE ATAUCUSI MAYKOL BRAYAM,106,CONTRATO MENOR,CM,,SERVICIO DE CONTROL Y REVISI‡N DE EXPEDIENTES DE CONTRATACIONES DE BIENES Y SERVICIOS III,1189,18,2.3. 2  9. 1  1,LOCACION DE SERVICIOS REALIZADOS POR PERSONAS NATURALES RELACIONADAS AL ROL DE LA ENTIDAD,18000.00,Compromiso
2026,1028,03,S,1035,10/03/2026 00:00:00,10605491451,PRADO NONATO ZOILA FELIPA,106,CONTRATO MENOR,CM,,SERVICIO DE CONTROL Y REVISI‡N DE EXPEDIENTES DE CONTRATACIONES DE BIENES Y SERVICIOS IV,1190,18,2.3. 2  9. 1  1,LOCACION DE SERVICIOS REALIZADOS POR PERSONAS NATURALES RELACIONADAS AL ROL DE LA ENTIDAD,15000.00,Compromiso
2026,1028,03,S,1037,10/03/2026 00:00:00,10771472619,YARANGA DE LA CRUZ MARCOS ROBERTO,106,CONTRATO MENOR,CM,,SERVICIO ESPECIALIZADO EN EJECUCI‡N CONTRACTUAL II,1192,18,2.3. 2  9. 1  1,LOCACION DE SERVICIOS REALIZADOS POR PERSONAS NATURALES RELACIONADAS AL ROL DE LA ENTIDAD,21000.00,Compromiso
2026,1028,03,S,1038,10/03/2026 00:00:00,10484915526,MACUKACHI HUARACA DIANA STEFANY,106,CONTRATO MENOR,CM,,SERVICIO ESPECIALIZADO EN EJECUCI‡N CONTRACTUAL III,1193,18,2.3. 2  9. 1  1,LOCACION DE SERVICIOS REALIZADOS POR PERSONAS NATURALES RELACIONADAS AL ROL DE LA ENTIDAD,21000.00,Compromiso
2026,1028,03,S,1039,10/03/2026 00:00:00,10482578697,VASQUEZ LOPEZ MELISSA YAJAIRA,106,CONTRATO MENOR,CM,,SERVICIO ESPECIALIZADO EN EJECUCI‡N CONTRACTUAL IV,1194,18,2.3. 2  9. 1  1,LOCACION DE SERVICIOS REALIZADOS POR PERSONAS NATURALES RELACIONADAS AL ROL DE LA ENTIDAD,21000.00,Compromiso
2026,1028,03,S,1040,10/03/2026 00:00:00,10441195601,VERA ROMERO DANIEL AUGUSTO,106,CONTRATO MENOR,CM,,SERVICIO  DE ANALISIS  DE EJECUCI‡N PRESUPUESTAL,1186,18,2.3. 2  9. 1  1,LOCACION DE SERVICIOS REALIZADOS POR PERSONAS NATURALES RELACIONADAS AL ROL DE LA ENTIDAD,17500.00,Compromiso
2026,1028,03,S,1041,10/03/2026 00:00:00,15502771784,GALINDO HUAPAYA MIGUEL ENRIQUE,106,CONTRATO MENOR,CM,,SERVICIO DE COORDINADOR ADMINISTRATIVO - OFICINA DE SEGURIDAD INTEGRAL DEL GOBIERNO REGIONAL DEL CALLAO,1214,18,2.3. 2  9. 1  1,LOCACION DE SERVICIOS REALIZADOS POR PERSONAS NATURALES RELACIONADAS AL ROL DE LA ENTIDAD,22500.00,Compromiso
2026,1028,03,S,1042,10/03/2026 00:00:00,10414889927,MONTESINOS MARTINEZ OMAR ANTONIO,106,CONTRATO MENOR,CM,,SERVICIO DE ASISTENCIA LEGAL EN PROCESOS ADMINISTRATIVOS PARA LA OFICINA DE SEGURIDAD INTEGRAL DEL GOBIERNO REGIONAL DEL CALLAO.,1215,18,2.3. 2  9. 1  1,LOCACION DE SERVICIOS REALIZADOS POR PERSONAS NATURALES RELACIONADAS AL ROL DE LA ENTIDAD,25000.00,Compromiso
2026,1028,03,S,1043,10/03/2026 00:00:00,10257941723,PALACIOS YA•EZ BETSY PAOLA,106,CONTRATO MENOR,CM,,SERVICIO ESPECIALIZADO EN PROCESOS ADMINISTRATIVOS PARA LA OFICINA DE SEGURIDAD INTEGRAL DEL GOBIERNO REGIONAL DEL CALLAO.,1216,18,2.3. 2  9. 1  1,LOCACION DE SERVICIOS REALIZADOS POR PERSONAS NATURALES RELACIONADAS AL ROL DE LA ENTIDAD,20000.00,Compromiso
2026,1028,03,S,1044,10/03/2026 00:00:00,10408921185,AYALA PACHECO JENNY,106,CONTRATO MENOR,CM,,SERVICIO DE ASISTENTE ADMINISTRATIVO - OFICINA DE SEGURIDAD INTEGRAL DEL GOBIERNO REGIONAL DEL CALLAO.,1217,18,2.3. 2  9. 1  1,LOCACION DE SERVICIOS REALIZADOS POR PERSONAS NATURALES RELACIONADAS AL ROL DE LA ENTIDAD,8750.00,Compromiso
2026,1028,03,S,1045,10/03/2026 00:00:00,10092444801,RODRIGUEZ MINA CARLOS ANDRES,106,CONTRATO MENOR,CM,,SERVICIO DE SUPERVISOR DE SEGURIDAD I - SEDE CENTRAL DEL GOBIERNO REGIONAL DEL CALLAO.,1218,18,2.3. 2  9. 1  1,LOCACION DE SERVICIOS REALIZADOS POR PERSONAS NATURALES RELACIONADAS AL ROL DE LA ENTIDAD,11300.00,Compromiso
2026,1028,03,S,1046,10/03/2026 00:00:00,10258463116,BRIONES MEJIA HECTOR FRANCISCO,106,CONTRATO MENOR,CM,,SERVICIO DE SUPERVISOR DE SEGURIDAD II - SEDE CENTRAL DEL GOBIERNO REGIONAL DEL CALLAO.,1219,18,2.3. 2  9. 1  1,LOCACION DE SERVICIOS REALIZADOS POR PERSONAS NATURALES RELACIONADAS AL ROL DE LA ENTIDAD,8750.00,Compromiso
2026,1028,03,S,1047,10/03/2026 00:00:00,10414990580,CUSTODIO LEON SIRLE ELIZABETH,106,CONTRATO MENOR,CM,,SERVICIO DE SUPERVISOR DE SEGURIDAD III - SEDE CENTRAL DEL GOBIERNO REGIONAL DEL CALLAO.,1220,18,2.3. 2  9. 1  1,LOCACION DE SERVICIOS REALIZADOS POR PERSONAS NATURALES RELACIONADAS AL ROL DE LA ENTIDAD,10000.00,Compromiso
2026,1028,03,S,1048,10/03/2026 00:00:00,10429532855,PACHECO SANCHEZ ANALI DEL ROSARIO,106,CONTRATO MENOR,CM,,SERVICIO DE SUPERVISOR DE SEGURIDAD V - SEDE CENTRAL DEL GOBIERNO REGIONAL DEL CALLAO,1221,18,2.3. 2  9. 1  1,LOCACION DE SERVICIOS REALIZADOS POR PERSONAS NATURALES RELACIONADAS AL ROL DE LA ENTIDAD,10000.00,Compromiso
2026,1028,03,S,1049,10/03/2026 00:00:00,10069476177,AGUIRRE ORTIZ CESAR AUGUSTO,106,CONTRATO MENOR,CM,,SERVICIO DE AUXILIAR DE SEGURIDAD I - SEDE CENTRAL DEL GOBIERNO REGIONAL DEL CALLAO,1222,18,2.3. 2  9. 1  1,LOCACION DE SERVICIOS REALIZADOS POR PERSONAS NATURALES RELACIONADAS AL ROL DE LA ENTIDAD,7500.00,Compromiso
2026,1028,03,S,1050,10/03/2026 00:00:00,10717889431,VILLAR ROMERO ESMAR,106,CONTRATO MENOR,CM,,SERVICIO DE AUXILIAR DE SEGURIDAD II - SEDE CENTRAL DEL GOBIERNO REGIONAL DEL CALLAO,1223,18,2.3. 2  9. 1  1,LOCACION DE SERVICIOS REALIZADOS POR PERSONAS NATURALES RELACIONADAS AL ROL DE LA ENTIDAD,7500.00,Compromiso
2026,1028,03,S,1051,10/03/2026 00:00:00,10410173129,DIAZ SERNAQUE NILTON CESAR,106,CONTRATO MENOR,CM,,SERVICIO DE APOYO DE SEGURIDAD I - SEDE CENTRAL DEL GOBIERNO REGIONAL DEL CALLAO.,1225,18,2.3. 2  9. 1  1,LOCACION DE SERVICIOS REALIZADOS POR PERSONAS NATURALES RELACIONADAS AL ROL DE LA ENTIDAD,6000.00,Compromiso
2026,1028,03,S,1052,10/03/2026 00:00:00,10257540737,MONTALVO VEGA OSCAR,106,CONTRATO MENOR,CM,,SERVICIO DE APOYO DE SEGURIDAD II - SEDE CENTRAL DEL GOBIERNO REGIONAL DEL CALLAO.,1226,18,2.3. 2  9. 1  1,LOCACION DE SERVICIOS REALIZADOS POR PERSONAS NATURALES RELACIONADAS AL ROL DE LA ENTIDAD,6000.00,Compromiso
2026,1028,03,S,1053,10/03/2026 00:00:00,10406535601,RIVERA GONZALEZ YVA,106,CONTRATO MENOR,CM,,SERVICIO DE OPERADOR DEL CENTRO DE CONTROL DE MONITOREO DE CAMARAS DE VIDEO VIGILANCIA I - SEDE CENTRAL DEL GOBIERNO REGIONAL DEL CALLAO.,1227,18,2.3. 2  9. 1  1,LOCACION DE SERVICIOS REALIZADOS POR PERSONAS NATURALES RELACIONADAS AL ROL DE LA ENTIDAD,7500.00,Compromiso
2026,1028,03,S,1054,10/03/2026 00:00:00,10257604352,FUENTES VALVERDE ROGER GERMAN,106,CONTRATO MENOR,CM,,SERVICIO PARA LA SUPERVISION GENERAL DE SEGURIDAD Y VIGILANCIA - SEDE JUAN PABLO II DEL GORE CALLAO.,1228,18,2.3. 2  9. 1  1,LOCACION DE SERVICIOS REALIZADOS POR PERSONAS NATURALES RELACIONADAS AL ROL DE LA ENTIDAD,17500.00,Compromiso
2026,1028,03,S,1055,10/03/2026 00:00:00,10412199010,CASTRO JIMENEZ MARTHA ELENA,106,CONTRATO MENOR,CM,,SERVICIO DE APOYO DE SEGURIDAD I SEDE JUAN PABLO II DEL GORE CALLAO.,1229,18,2.3. 2  9. 1  1,LOCACION DE SERVICIOS REALIZADOS POR PERSONAS NATURALES RELACIONADAS AL ROL DE LA ENTIDAD,6000.00,Compromiso
2026,1028,03,S,1056,10/03/2026 00:00:00,10768132424,SALAZAR GRADOS MARIANNE MARILYN,106,CONTRATO MENOR,CM,,SERVICIO DE APOYO DE SEGURIDAD II SEDE JUAN PABLO II DEL GORE CALLAO.,1230,18,2.3. 2  9. 1  1,LOCACION DE SERVICIOS REALIZADOS POR PERSONAS NATURALES RELACIONADAS AL ROL DE LA ENTIDAD,6000.00,Compromiso
2026,1028,03,S,1057,10/03/2026 00:00:00,10402782922,DURAND LAZO JOUVETH ARCKOF,106,CONTRATO MENOR,CM,,SERVICIO DE COORDINACION DE ACTIVIDADES DE SERVICIO PARA OAVR - CINCO ENTREGABLES 2026.,1195,18,2.3. 2  9. 1  1,LOCACION DE SERVICIOS REALIZADOS POR PERSONAS NATURALES RELACIONADAS AL ROL DE LA ENTIDAD,35000.00,Compromiso
2026,1028,03,S,1058,10/03/2026 00:00:00,10258479721,RIOS QUESADA ROBERT CRISTOPHER,106,CONTRATO MENOR,CM,,"SERVICIO DE REVISION, ELABORACION Y MONITOREO DE CONTRATACIONES PARA OAVR - CINCO ENTREGABLES 2026",1196,18,2.3. 2  9. 1  1,LOCACION DE SERVICIOS REALIZADOS POR PERSONAS NATURALES RELACIONADAS AL ROL DE LA ENTIDAD,30000.00,Compromiso
2026,1028,03,S,1059,10/03/2026 00:00:00,10254299214,MANCILLA HERNANDEZ JACQUELINE LEONOR,106,CONTRATO MENOR,CM,,SERVICIO DE APOYO DE SEGURIDAD III SEDE JUAN PABLO II DEL GORE CALLAO.,1231,18,2.3. 2  9. 1  1,LOCACION DE SERVICIOS REALIZADOS POR PERSONAS NATURALES RELACIONADAS AL ROL DE LA ENTIDAD,6000.00,Compromiso
2026,1028,03,S,1060,10/03/2026 00:00:00,10256816330,CANALES BERNUY LUIS DANIEL,106,CONTRATO MENOR,CM,,SERVICIO DE SEGUIMIENTO Y MONITOREO DEL SERVICIO DE SEGURIDAD I - VILLA DEPORTIVA REGIONAL DEL GORE CALLAO.,1232,18,2.3. 2  9. 1  1,LOCACION DE SERVICIOS REALIZADOS POR PERSONAS NATURALES RELACIONADAS AL ROL DE LA ENTIDAD,19000.00,Compromiso
2026,1028,03,S,1061,10/03/2026 00:00:00,10433319449,TREJO GARCES WIDMAR TONY,106,CONTRATO MENOR,CM,,SERVICIO DE SEGUIMIENTO Y MONITOREO DEL SERVICIO DE SEGURIDAD II - VILLA DEPORTIVA REGIONAL DEL GORE DEL CALLAO.,1233,18,2.3. 2  9. 1  1,LOCACION DE SERVICIOS REALIZADOS POR PERSONAS NATURALES RELACIONADAS AL ROL DE LA ENTIDAD,19000.00,Compromiso
2026,1028,03,S,1062,10/03/2026 00:00:00,10073137603,PACHAS GANOZA WILLY WILFREDO,106,CONTRATO MENOR,CM,,SERVICIO DE SEGUIMIENTO Y MONITOREO DEL SERVICIO DE SEGURIDAD I - OFICINA MEJOR ATENCION AL CIUDADANO MAC-CALLAO DEL GORE DEL CALLAO.,1234,18,2.3. 2  9. 1  1,LOCACION DE SERVICIOS REALIZADOS POR PERSONAS NATURALES RELACIONADAS AL ROL DE LA ENTIDAD,19000.00,Compromiso
2026,1028,03,S,1063,10/03/2026 00:00:00,10255643148,LUNA MARTINS LUIS ENRIQUE,106,CONTRATO MENOR,CM,,SERVICIO DE SUPERVISOR DE SEGURIDAD I - VILLA DEPORTIVA REGIONAL DEL GORE DEL CALLAO.,1235,18,2.3. 2  9. 1  1,LOCACION DE SERVICIOS REALIZADOS POR PERSONAS NATURALES RELACIONADAS AL ROL DE LA ENTIDAD,10000.00,Compromiso
2026,1028,03,S,1064,10/03/2026 00:00:00,10416484479,HUANCA SUCASAIRE JAVIER,106,CONTRATO MENOR,CM,,SERVICIO DE SUPERVISOR DE SEGURIDAD II - VILLA DEPORTIVA REGIONAL DEL GORE DEL CALLAO.,1236,18,2.3. 2  9. 1  1,LOCACION DE SERVICIOS REALIZADOS POR PERSONAS NATURALES RELACIONADAS AL ROL DE LA ENTIDAD,10000.00,Compromiso
2026,1028,03,S,1065,10/03/2026 00:00:00,10257047798,SEMINARIO PARODI ANTONIO EMILIO,106,CONTRATO MENOR,CM,,SERVICIO DE SUPERVISOR DE SEGURIDAD III - VILLA DEPORTIVA REGIONAL DEL GORE DEL CALLAO.,1237,18,2.3. 2  9. 1  1,LOCACION DE SERVICIOS REALIZADOS POR PERSONAS NATURALES RELACIONADAS AL ROL DE LA ENTIDAD,10000.00,Compromiso
2026,1028,03,S,1066,10/03/2026 00:00:00,10255566909,MOSCOSO SANCHEZ LUIS ARTURO,106,CONTRATO MENOR,CM,,SERVICIO DE SUPERVISOR DE SEGURIDAD IV - VILLA DEPORTIVA REGIONAL DEL GORE CALLAO.,1238,18,2.3. 2  9. 1  1,LOCACION DE SERVICIOS REALIZADOS POR PERSONAS NATURALES RELACIONADAS AL ROL DE LA ENTIDAD,10000.00,Compromiso
2026,1028,03,S,1067,10/03/2026 00:00:00,10256876871,MARQUEZ LECAROS VICENTE,106,CONTRATO MENOR,CM,,SERVICIO DE SUPERVISOR DE SEGURIDAD V - VILLA DEPORTIVA REGIONAL DEL GORE DEL CALLAO.,1239,18,2.3. 2  9. 1  1,LOCACION DE SERVICIOS REALIZADOS POR PERSONAS NATURALES RELACIONADAS AL ROL DE LA ENTIDAD,10000.00,Compromiso
2026,1028,03,S,1068,10/03/2026 00:00:00,10255613583,LUNA QUIROZ MARCO ANTONIO,106,CONTRATO MENOR,CM,,SERVICIO DE SUPERVISOR DE SEGURIDAD VI - VILLA DEPORTIVA REGIONAL DEL GORE DEL CALLAO.,1240,18,2.3. 2  9. 1  1,LOCACION DE SERVICIOS REALIZADOS POR PERSONAS NATURALES RELACIONADAS AL ROL DE LA ENTIDAD,10000.00,Compromiso
2026,1028,03,S,1069,10/03/2026 00:00:00,10257524391,CORZO VERNAZA ROCIO ISABEL,106,CONTRATO MENOR,CM,,SERVICIO DE SUPERVISOR DE SEGURIDAD I - DIRECCION REGIONAL DE TRABAJO Y PROMOCION DEL EMPLEO DEL GORE DEL CALLAO.,1241,18,2.3. 2  9. 1  1,LOCACION DE SERVICIOS REALIZADOS POR PERSONAS NATURALES RELACIONADAS AL ROL DE LA ENTIDAD,10000.00,Compromiso
2026,1028,03,S,1070,10/03/2026 00:00:00,10062250157,BOCANEGRA BALLON VICTOR MANUEL,106,CONTRATO MENOR,CM,,SERVICIO DE SUPERVISOR DE SEGURIDAD - OFICINA MEJOR ATENCION AL CIUDADANO MAC-CALLAO DEL GORE DEL CALLAO.,1242,18,2.3. 2  9. 1  1,LOCACION DE SERVICIOS REALIZADOS POR PERSONAS NATURALES RELACIONADAS AL ROL DE LA ENTIDAD,8750.00,Compromiso
2026,1028,03,S,1071,10/03/2026 00:00:00,10079113251,SALAS HERVIAS DE BEJARANO CECILIA GUADALUPE,106,CONTRATO MENOR,CM,,SERVICIO DE AUXILIAR DE SEGURIDAD I - VILLA DEPORTIVA REGIONAL DEL GORE CALLAO.,1243,18,2.3. 2  9. 1  1,LOCACION DE SERVICIOS REALIZADOS POR PERSONAS NATURALES RELACIONADAS AL ROL DE LA ENTIDAD,7500.00,Compromiso
2026,1028,03,S,1072,10/03/2026 00:00:00,10215206560,PE•A MU•OZ ELIDA MARIA,106,CONTRATO MENOR,CM,,SERVICIO DE AUXILIAR DE SEGURIDAD II - VILLA DEPORTIVA REGIONAL DEL GORE CALLAO.,1244,18,2.3. 2  9. 1  1,LOCACION DE SERVICIOS REALIZADOS POR PERSONAS NATURALES RELACIONADAS AL ROL DE LA ENTIDAD,7500.00,Compromiso
2026,1028,03,S,1073,10/03/2026 00:00:00,10409378337,LOLANDES MORANTE ERICKA ELVIRA,106,CONTRATO MENOR,CM,,SERVICIO DE APOYO DE SEGURIDAD I - VILLA DEPORTIVA REGIONAL DEL GORE DEL CALLAO.,1245,18,2.3. 2  9. 1  1,LOCACION DE SERVICIOS REALIZADOS POR PERSONAS NATURALES RELACIONADAS AL ROL DE LA ENTIDAD,6000.00,Compromiso
2026,1028,03,S,1074,10/03/2026 00:00:00,10257128640,HUANCA CUTIPA VILMA TEODORA,106,CONTRATO MENOR,CM,,SERVICIO DE APOYO DE SEGURIDAD II - VILLA DEPORTIVA REGIONAL DEL GORE DEL CALLAO.,1246,18,2.3. 2  9. 1  1,LOCACION DE SERVICIOS REALIZADOS POR PERSONAS NATURALES RELACIONADAS AL ROL DE LA ENTIDAD,6000.00,Compromiso
2026,1028,03,S,1075,10/03/2026 00:00:00,10086387641,DAVALOS OLIVARES MARTIN TOMAS,106,CONTRATO MENOR,CM,,"SERVICIO DE AUXILIAR DE SEGURIDAD I - PARCELAS DE PACHACUTEC, VENTANILLA DEL GORE DEL CALLAO.",1247,18,2.3. 2  9. 1  1,LOCACION DE SERVICIOS REALIZADOS POR PERSONAS NATURALES RELACIONADAS AL ROL DE LA ENTIDAD,7500.00,Compromiso
2026,1028,03,S,1076,10/03/2026 00:00:00,10104409542,CALDERON ARGUEDAS GUILLERMO CESAR,106,CONTRATO MENOR,CM,,"SERVICIO DE AUXILIAR DE SEGURIDAD II - PARCELAS DE PACHACUTEC, VENTANILLA  DEL GORE DEL CALLAO.",1248,18,2.3. 2  9. 1  1,LOCACION DE SERVICIOS REALIZADOS POR PERSONAS NATURALES RELACIONADAS AL ROL DE LA ENTIDAD,7500.00,Compromiso
2026,1028,03,S,1077,10/03/2026 00:00:00,10719028921,FLORES AYALA JOHAN BRANDON,106,CONTRATO MENOR,CM,,SERVICIO DE ASISTENTE ADMINISTRATIVO - COMPLEJO DEPORTIVO TELMO CARBAJO DEL GORE DEL CALLAO.,1249,18,2.3. 2  9. 1  1,LOCACION DE SERVICIOS REALIZADOS POR PERSONAS NATURALES RELACIONADAS AL ROL DE LA ENTIDAD,17500.00,Compromiso
2026,1028,03,S,1078,10/03/2026 00:00:00,10255221995,FLORES SANCHEZ JOSE,106,CONTRATO MENOR,CM,,SERVICIO DE SUPERVISOR DE SEGURIDAD I - COMPLEJO DEPORTIVO TELMO CARBAJO DEL GORE DEL CALLAO.,1250,18,2.3. 2  9. 1  1,LOCACION DE SERVICIOS REALIZADOS POR PERSONAS NATURALES RELACIONADAS AL ROL DE LA ENTIDAD,10000.00,Compromiso
2026,1028,03,S,1079,10/03/2026 00:00:00,10411230509,CHAVEZ LA ROSA DE ZANELLI ELSA MARINA,106,CONTRATO MENOR,CM,,SERVICIO DE AUXILIAR DE SEGURIDAD I - COMPLEJO DEPORTIVO TELMO CARBAJO DEL GORE DEL CALLAO.,1251,18,2.3. 2  9. 1  1,LOCACION DE SERVICIOS REALIZADOS POR PERSONAS NATURALES RELACIONADAS AL ROL DE LA ENTIDAD,7500.00,Compromiso
2026,1028,03,S,1080,10/03/2026 00:00:00,10709628815,SALAZAR SALDARRIAGA DARITZA YAMILET,106,CONTRATO MENOR,CM,,"SERVICIO DE ORDENAMIENTO, FOLIACI‡N Y ARCHIVOS DE DOCUMENTOS",1284,18,2.3. 2  9. 1  1,LOCACION DE SERVICIOS REALIZADOS POR PERSONAS NATURALES RELACIONADAS AL ROL DE LA ENTIDAD,3000.00,Compromiso
2026,1028,03,S,1081,10/03/2026 00:00:00,10736421203,MIRANDA QUINECHE FRANCO RAUL,106,CONTRATO MENOR,CM,,SERVICIO DE CLASIFICACI‡N Y DIGITALIZACI‡N DE DOCUMENTOS,1285,18,2.3. 2  9. 1  1,LOCACION DE SERVICIOS REALIZADOS POR PERSONAS NATURALES RELACIONADAS AL ROL DE LA ENTIDAD,8000.00,Compromiso
2026,1028,03,S,1082,10/03/2026 00:00:00,10723557009,OBLITAS BANDEROS JESUS JOEL,106,CONTRATO MENOR,CM,,SERVICIO DE ORDENAMIENTO Y REGISTRO DE DOCUMENTOS,1291,18,2.3. 2  9. 1  1,LOCACION DE SERVICIOS REALIZADOS POR PERSONAS NATURALES RELACIONADAS AL ROL DE LA ENTIDAD,3000.00,Compromiso
2026,1028,03,S,1083,10/03/2026 00:00:00,10755960531,CANCHARI MENDOZA IVAN ALEXANDRO,106,CONTRATO MENOR,CM,,SERVICIO DE RECOLECCI‡N Y SISTEMATIZACI‡N DE INFORMACI‡N,1286,18,2.3. 2  9. 1  1,LOCACION DE SERVICIOS REALIZADOS POR PERSONAS NATURALES RELACIONADAS AL ROL DE LA ENTIDAD,10000.00,Compromiso
2026,1028,03,S,1084,10/03/2026 00:00:00,10734422598,NU•EZ VILLANUEVA CRISTINA HILMA,106,CONTRATO MENOR,CM,,SERVICIO DE PROCESAMIENTO DE INFORMACION,1287,18,2.3. 2  9. 1  1,LOCACION DE SERVICIOS REALIZADOS POR PERSONAS NATURALES RELACIONADAS AL ROL DE LA ENTIDAD,-6000.00,Rebaja
2026,1028,03,S,1084,10/03/2026 00:00:00,10734422598,NU•EZ VILLANUEVA CRISTINA HILMA,106,CONTRATO MENOR,CM,,SERVICIO DE PROCESAMIENTO DE INFORMACION,1287,18,2.3. 2  9. 1  1,LOCACION DE SERVICIOS REALIZADOS POR PERSONAS NATURALES RELACIONADAS AL ROL DE LA ENTIDAD,12000.00,Compromiso
2026,1028,03,S,1085,10/03/2026 00:00:00,10729059574,SILVA VARGAS MACHUCA PATRICIO JESUS,106,CONTRATO MENOR,CM,,SERVICIO ESPECIALIZADO EN GESTI‡N PÈBLICA,1292,18,2.3. 2  9. 1  1,LOCACION DE SERVICIOS REALIZADOS POR PERSONAS NATURALES RELACIONADAS AL ROL DE LA ENTIDAD,9000.00,Compromiso
2026,1028,03,S,1086,10/03/2026 00:00:00,20100072751,EMPRESA PERUANA DE SERVICIOS EDITORIALES S.A. - EDITORA PERU,106,CONTRATO MENOR,CM,,CONTRATACI‡N DEL SERVICIO PARA LA REALIZACI‡N DE LAS PUBLICACIONES DE LAS RESOLUCIONES EMITIDAS POR LA OFICINA DE GESTI‡N PATRIMONIAL EN EL DIARIO OFICIAL EL PERUANO,1224,18,2.3. 2  7.13 98,OTROS SERVICIOS TECNICOS Y PROFESIONALES DESARROLLADOS POR PERSONAS JURIDICAS,42000.00,Compromiso
2026,1028,03,S,1087,10/03/2026 00:00:00,15463813946,RENGIFO AREVALO TERCERO,106,CONTRATO MENOR,CM,,SERVICIO DE CONDUCCION DE VEHICULO,1279,18,2.3. 2  9. 1  1,LOCACION DE SERVICIOS REALIZADOS POR PERSONAS NATURALES RELACIONADAS AL ROL DE LA ENTIDAD,12000.00,Compromiso
2026,1028,03,S,1088,10/03/2026 00:00:00,10727007992,MASIAS CERVANTES EDWIN ANDRES,106,CONTRATO MENOR,CM,,"SERVICIO DE RECEPCI‡N, CLASIFICACI‡N Y REGISTRO DE DOCUMENTOS",1280,18,2.3. 2  9. 1  1,LOCACION DE SERVICIOS REALIZADOS POR PERSONAS NATURALES RELACIONADAS AL ROL DE LA ENTIDAD,10000.00,Compromiso
2026,1028,03,S,1089,10/03/2026 00:00:00,10107860237,ALIAGA BRAVO YESENIA MARGARITA,106,CONTRATO MENOR,CM,,SERVICIO DE ANALISIS Y OPTIMIZACION DE BASE DE DATOS,1281,18,2.3. 2  9. 1  1,LOCACION DE SERVICIOS REALIZADOS POR PERSONAS NATURALES RELACIONADAS AL ROL DE LA ENTIDAD,5000.00,Compromiso
2026,1028,03,S,1090,10/03/2026 00:00:00,10708762615,CONTRERAS FARFAN ANDREA,106,CONTRATO MENOR,CM,,SERVICIO DE SEGUIMIENTO Y MONITOREO DE PROYECTOS DE INVERS‡N PÈBLICA,1282,18,2.3. 2  9. 1  1,LOCACION DE SERVICIOS REALIZADOS POR PERSONAS NATURALES RELACIONADAS AL ROL DE LA ENTIDAD,16000.00,Compromiso
2026,1028,03,S,1091,10/03/2026 00:00:00,10254746717,RIOS CHUMPITAZ JAIME MIGUEL,106,CONTRATO MENOR,CM,,SERVICIO DE AUXILIAR ADMINISTRATIVO,1283,18,2.3. 2  9. 1  1,LOCACION DE SERVICIOS REALIZADOS POR PERSONAS NATURALES RELACIONADAS AL ROL DE LA ENTIDAD,10000.00,Compromiso
2026,1028,03,S,1092,10/03/2026 00:00:00,10406324465,BARRERA ANGULO ELVIRA MAGALY,106,CONTRATO MENOR,CM,,SERVICIO DE MOTIVACION Y SENSIBILIZACION,1274,18,2.3. 2  9. 1  1,LOCACION DE SERVICIOS REALIZADOS POR PERSONAS NATURALES RELACIONADAS AL ROL DE LA ENTIDAD,7000.00,Compromiso
2026,1028,03,S,1093,10/03/2026 00:00:00,10741782796,RAMIREZ MU•OZ ARACELLY GERALDINE,106,CONTRATO MENOR,CM,,SERVICIO DE MOTIVACION Y SENSIBILIZACION,1275,18,2.3. 2  9. 1  1,LOCACION DE SERVICIOS REALIZADOS POR PERSONAS NATURALES RELACIONADAS AL ROL DE LA ENTIDAD,4000.00,Compromiso
2026,1028,03,S,1094,10/03/2026 00:00:00,10255634572,AZABACHE VILLANUEVA ROSA DEL PILAR,106,CONTRATO MENOR,CM,,SERVICIO DE ESCANEO Y DIGITALIZACI‡N,1276,18,2.3. 2  9. 1  1,LOCACION DE SERVICIOS REALIZADOS POR PERSONAS NATURALES RELACIONADAS AL ROL DE LA ENTIDAD,3600.00,Compromiso
2026,1028,03,S,1095,10/03/2026 00:00:00,10402616208,YAURI SORIANO MIRNA VANESSA,106,CONTRATO MENOR,CM,,SERVICIO DE COORDINACI‡N DE PROCESOS OPERATIVOS EN LA GESTI‡N ADMINISTRATIVA,1277,18,2.3. 2  9. 1  1,LOCACION DE SERVICIOS REALIZADOS POR PERSONAS NATURALES RELACIONADAS AL ROL DE LA ENTIDAD,11100.00,Compromiso
2026,1028,03,S,1096,10/03/2026 00:00:00,10430527466,LOPEZ SOTELO LIZETH VERONICA,106,CONTRATO MENOR,CM,,SERVICIO DE ASISTENCIA TêCNICA ADMINISTRATIVA,1278,18,2.3. 2  9. 1  1,LOCACION DE SERVICIOS REALIZADOS POR PERSONAS NATURALES RELACIONADAS AL ROL DE LA ENTIDAD,10170.00,Compromiso
2026,1028,03,S,1097,10/03/2026 00:00:00,10749879853,ROMAN USQUIANO GUILLERMO CARLOS,106,CONTRATO MENOR,CM,,SERVICIO DE ASISTENCIA TECNICA EN  LOGISTICA PARA LA GERENCIA REGIONAL DE DESARROLLO ECONOMICO.,1303,18,2.3. 2  9. 1  1,LOCACION DE SERVICIOS REALIZADOS POR PERSONAS NATURALES RELACIONADAS AL ROL DE LA ENTIDAD,8000.00,Compromiso
2026,1028,03,S,1098,10/03/2026 00:00:00,10447574956,RAMIREZ CUTTI LIZBETH,106,CONTRATO MENOR,CM,,SERVICIO DE ESPECIALIZADO PARA LA COORDINACI‡N TêCNICA DE SEGUIMIENTO DE ACTIVIDADES DEL FONDO CONCURSABLE PROCOMPITE PARA LA GERENCIA REGIONAL DE DESARROLLO ECONOMICO.,1304,18,2.3. 2  9. 1  1,LOCACION DE SERVICIOS REALIZADOS POR PERSONAS NATURALES RELACIONADAS AL ROL DE LA ENTIDAD,12000.00,Compromiso
2026,1028,03,S,1099,10/03/2026 00:00:00,10257134496,CHILCON HEREDIA JUAN CARLOS,106,CONTRATO MENOR,CM,,SERVICIO DE ASISTENCIA ADMINISTRATIVA TECNICO LEGAL PARA LA GERENCIA REGIONAL DE DESARROLLO ECONOMICO.,1305,18,2.3. 2  9. 1  1,LOCACION DE SERVICIOS REALIZADOS POR PERSONAS NATURALES RELACIONADAS AL ROL DE LA ENTIDAD,11200.00,Compromiso
2026,1028,03,S,1100,10/03/2026 00:00:00,10703207940,HERRERA PAUCCA LUIS ANGEL,106,CONTRATO MENOR,CM,,SERVICIO DE ASISTENCIA TECNICA ADMINISTRATIVA PARA EL PROGRAMA PROCOMPITE PARA LA GERENCIA REGIONAL DE DESARROLLO ECONOMICO.,1306,18,2.3. 2  9. 1  1,LOCACION DE SERVICIOS REALIZADOS POR PERSONAS NATURALES RELACIONADAS AL ROL DE LA ENTIDAD,9000.00,Compromiso
2026,1028,03,S,1101,10/03/2026 00:00:00,10755400756,RONDINEL SILVA ARMANDO FRANCO,106,CONTRATO MENOR,CM,,SERVICIO DE ASISTENCIA TêCNICA ADMINISTRATIVA PARA LA GESTI‡N DOCUMENTARIA Y PROCESOS DE CONFORMIDAD DE BIENES PARA LA GERENCIA REGIONAL DE DESARROLLO ECONOMICO.,1307,18,2.3. 2  9. 1  1,LOCACION DE SERVICIOS REALIZADOS POR PERSONAS NATURALES RELACIONADAS AL ROL DE LA ENTIDAD,8000.00,Compromiso
2026,1028,03,S,1102,10/03/2026 00:00:00,10773358848,CHILON HUAMAN MARLO NEIBER,106,CONTRATO MENOR,CM,,SERVICIO DE ASISTENCIA TêCNICA ADMINISTRATIVA PARA LA LIQUIDACI‡N DEL PROGRAMA PROCOMPITE REGION CALLAO 2023 PARA LA GERENCIA REGIONAL DE DESARROLLO ECONOMICO.,1308,18,2.3. 2  9. 1  1,LOCACION DE SERVICIOS REALIZADOS POR PERSONAS NATURALES RELACIONADAS AL ROL DE LA ENTIDAD,10000.00,Compromiso
2026,1028,03,S,1103,10/03/2026 00:00:00,10706709300,OLCESE HUERTA PIERINA DELFINA,106,CONTRATO MENOR,CM,,SERVICIO DE CONSOLIDACION DE INFORMACI‡N PARA INFORME DE TRANSFERENCIA DE GESTION I,1293,18,2.3. 2  9. 1  1,LOCACION DE SERVICIOS REALIZADOS POR PERSONAS NATURALES RELACIONADAS AL ROL DE LA ENTIDAD,8000.00,Compromiso
2026,1028,03,S,1104,10/03/2026 00:00:00,10257749873,FRANCISCO MURGA JUAN FERNANDO,106,CONTRATO MENOR,CM,,SERVICIO DE AUXILIAR ADMINISTRATIVO PARA LA PRIORIZACI‡N DE CADENAS PRODUCTIVAS PARA LA GERENCIA REGIONAL DE DESARROLLO ECONOMICO.,1309,18,2.3. 2  9. 1  1,LOCACION DE SERVICIOS REALIZADOS POR PERSONAS NATURALES RELACIONADAS AL ROL DE LA ENTIDAD,8000.00,Compromiso
2026,1028,03,S,1105,10/03/2026 00:00:00,10733034322,UZURIAGA VILLANUEVA LUZ SHIRLEY YARUMI,106,CONTRATO MENOR,CM,,SERVICIO DE ESPECIALIALIZADO EN PRIORIZACION DE CADENAS PRODUCTIVAS PARA LA GERENCIA REGIONAL DE DESARROLLO ECONOMICO.,1310,18,2.3. 2  9. 1  1,LOCACION DE SERVICIOS REALIZADOS POR PERSONAS NATURALES RELACIONADAS AL ROL DE LA ENTIDAD,11200.00,Compromiso
2026,1028,03,S,1106,10/03/2026 00:00:00,10451418543,ROMANI AYALA CARLOS GABRIEL ALEXIS,106,CONTRATO MENOR,CM,,SERVICIO ESPECIALIZADO EN LIQUIDACION DE PROYECTOS DE INVERSION I PARA LA GERENCIA REGIONAL DE DESARROLLO ECONOMICO.,1311,18,2.3. 2  9. 1  1,LOCACION DE SERVICIOS REALIZADOS POR PERSONAS NATURALES RELACIONADAS AL ROL DE LA ENTIDAD,16800.00,Compromiso
2026,1028,03,S,1107,10/03/2026 00:00:00,10724992078,PALMA OJITOS GIANELLA SHARLYN,106,CONTRATO MENOR,CM,,SERVICIO DE CONSOLIDACION DE INFORMACI‡N PARA INFORME DE TRANSFERENCIA DE GESTION II,1294,18,2.3. 2  9. 1  1,LOCACION DE SERVICIOS REALIZADOS POR PERSONAS NATURALES RELACIONADAS AL ROL DE LA ENTIDAD,8000.00,Compromiso
2026,1028,03,S,1108,10/03/2026 00:00:00,10708608772,SEGURA CALONGOS ESTEFANI LLULIZA,106,CONTRATO MENOR,CM,,SERVICIO ESPECIALIZADO EN LIQUIDACION DE PROYECTOS DE INVERSION II PARA LA GERENCIA REGIONAL DE DESARROLLO ECONOMICO.,1312,18,2.3. 2  9. 1  1,LOCACION DE SERVICIOS REALIZADOS POR PERSONAS NATURALES RELACIONADAS AL ROL DE LA ENTIDAD,16800.00,Compromiso
2026,1028,03,S,1109,10/03/2026 00:00:00,10414390108,SANCHEZ ROSAS KARINA DEL PILAR,106,CONTRATO MENOR,CM,,"SERVICIO DE RECEPCI‡N, ELABORACI‡N Y ARCHIVO DE DOCUMENTOS I",1295,18,2.3. 2  9. 1  1,LOCACION DE SERVICIOS REALIZADOS POR PERSONAS NATURALES RELACIONADAS AL ROL DE LA ENTIDAD,20000.00,Compromiso
2026,1028,03,S,1110,10/03/2026 00:00:00,10453126540,ALEJOS URBANO GERMAN ALEXANDER,106,CONTRATO MENOR,CM,,SERVICIO ESPECIALIZADO EN LIQUIDACION DE PROYECTOS DE INVERSION III PARA LA GERENCIA REGIONAL DE DESARROLLO ECONOMICO.,1313,18,2.3. 2  9. 1  1,LOCACION DE SERVICIOS REALIZADOS POR PERSONAS NATURALES RELACIONADAS AL ROL DE LA ENTIDAD,11200.00,Compromiso
2026,1028,03,S,1111,10/03/2026 00:00:00,10710736800,MORI CHAVEZ TATIANA LILI,106,CONTRATO MENOR,CM,,SERVICIO ESPECIALIZADO EN LIQUIDACION DE PROYECTOS DE INVERSION IV PARA LA GERENCIA REGIONAL DE DESARROLLO ECONOMICO.,1314,18,2.3. 2  9. 1  1,LOCACION DE SERVICIOS REALIZADOS POR PERSONAS NATURALES RELACIONADAS AL ROL DE LA ENTIDAD,16800.00,Compromiso
2026,1028,03,S,1112,10/03/2026 00:00:00,10773778197,GOMEZ PASACHE HENRY,106,CONTRATO MENOR,CM,,SERVICIO ESPECIALIZADO EN TEMAS DE AUDIO Y VIDEO PARA LA GERENCIA REGIONAL DE DESARROLLO ECONOMICO.,1315,18,2.3. 2  9. 1  1,LOCACION DE SERVICIOS REALIZADOS POR PERSONAS NATURALES RELACIONADAS AL ROL DE LA ENTIDAD,10000.00,Compromiso
2026,1028,03,S,1113,10/03/2026 00:00:00,10473845194,FLORES NU•EZ JUAN DANIEL,106,CONTRATO MENOR,CM,,SERVICIO DE SEGUIMIENTO DE DOCUMENTOS ADMINISTRATIVOS I,1296,18,2.3. 2  9. 1  1,LOCACION DE SERVICIOS REALIZADOS POR PERSONAS NATURALES RELACIONADAS AL ROL DE LA ENTIDAD,20000.00,Compromiso
2026,1028,03,S,1114,10/03/2026 00:00:00,10743687120,VICTORIO CAMPOS NELSON JOAQUIN,106,CONTRATO MENOR,CM,,SERVICIO DE ELABORACION DE DOCUMENTOS ADMINISTRATIVOS I,1297,18,2.3. 2  9. 1  1,LOCACION DE SERVICIOS REALIZADOS POR PERSONAS NATURALES RELACIONADAS AL ROL DE LA ENTIDAD,20000.00,Compromiso
2026,1028,03,S,1115,10/03/2026 00:00:00,10462666697,MALQUICHAGUA MORALES LIZZET TERESA,106,CONTRATO MENOR,CM,,SERVICIO DE ASISTENCIA LEGAL EN PROCESOS ADMINISTRATIVOS I,1299,18,2.3. 2  9. 1  1,LOCACION DE SERVICIOS REALIZADOS POR PERSONAS NATURALES RELACIONADAS AL ROL DE LA ENTIDAD,25000.00,Compromiso
2026,1028,03,S,1116,10/03/2026 00:00:00,10074865459,ESPIRITU CANCHANYA CELSO ARNULFO,106,CONTRATO MENOR,CM,,SERVICIO ESPECIALIZADO EN MATERIA LEGAL I,1300,18,2.3. 2  9. 1  1,LOCACION DE SERVICIOS REALIZADOS POR PERSONAS NATURALES RELACIONADAS AL ROL DE LA ENTIDAD,42500.00,Compromiso
2026,1028,03,S,1117,10/03/2026 00:00:00,10253315500,CHAVEZ FERNANDEZ SENSEBE CLAUDIO ANDRES,106,CONTRATO MENOR,CM,,SERVICIO DE ANALISIS Y ELABORACION DE PROPUESTA TECNICA I,1301,18,2.3. 2  9. 1  1,LOCACION DE SERVICIOS REALIZADOS POR PERSONAS NATURALES RELACIONADAS AL ROL DE LA ENTIDAD,35000.00,Compromiso
2026,1028,03,S,1118,10/03/2026 00:00:00,10408423339,DIEZ CANSECO PALMA ERIKA,106,CONTRATO MENOR,CM,,SERVICIO DE ASISTENCIA EN SECRETARIADO I,1302,18,2.3. 2  9. 1  1,LOCACION DE SERVICIOS REALIZADOS POR PERSONAS NATURALES RELACIONADAS AL ROL DE LA ENTIDAD,20000.00,Compromiso
2026,1028,03,S,1119,10/03/2026 00:00:00,10476420020,FRYE ESPINOZA ESTEFANI,106,CONTRATO MENOR,CM,,SERVICIO ESPECIALIZADO EN MATERIA LEGAL.,1417,18,2.3. 2  9. 1  1,LOCACION DE SERVICIOS REALIZADOS POR PERSONAS NATURALES RELACIONADAS AL ROL DE LA ENTIDAD,10000.00,Compromiso
2026,1028,03,S,1120,10/03/2026 00:00:00,10157641005,GRANADOS MEJIA EDWIN FAUSTINO,106,CONTRATO MENOR,CM,,SERVICIO ESPECIALIZADO DE UN GESTOR DE PROYECTOS DE INVERSION PUBLICA .,1418,18,2.3. 2  9. 1  1,LOCACION DE SERVICIOS REALIZADOS POR PERSONAS NATURALES RELACIONADAS AL ROL DE LA ENTIDAD,10000.00,Compromiso
2026,1028,03,S,1121,10/03/2026 00:00:00,10727446686,CASTILLO OLAYA XIOMARA ELIZABETH,106,CONTRATO MENOR,CM,,SERVICIO DE GESTI‡N ADMINISTRATIVA.,1419,18,2.3. 2  9. 1  1,LOCACION DE SERVICIOS REALIZADOS POR PERSONAS NATURALES RELACIONADAS AL ROL DE LA ENTIDAD,17500.00,Compromiso
2026,1028,03,S,1122,10/03/2026 00:00:00,10714827150,CHOQUEHUANCA CRISTOBAL FELIX ALEXANDER,106,CONTRATO MENOR,CM,,SERVICIO DE FACILITADOR EN TEMAS DE SEGURIDAD Y SALUD EN EL TRABAJO PARA LA ORH,1316,18,2.3. 2  9. 1  1,LOCACION DE SERVICIOS REALIZADOS POR PERSONAS NATURALES RELACIONADAS AL ROL DE LA ENTIDAD,20000.00,Compromiso
2026,1028,03,S,1123,10/03/2026 00:00:00,10768633121,SALINAS NEGRETE NATALY JOSELYN,106,CONTRATO MENOR,CM,,SERVICIO DE ASISTENCIA TêCNICA ADMINISTRATIVA PARA LA OFICINA DE RECURSOS HUMANOS DEL GOBIERNO,1317,18,2.3. 2  9. 1  1,LOCACION DE SERVICIOS REALIZADOS POR PERSONAS NATURALES RELACIONADAS AL ROL DE LA ENTIDAD,20000.00,Compromiso
2026,1028,03,S,1124,10/03/2026 00:00:00,10471534655,ROMERO MELGAREJO LUIS ENRIQUE,106,CONTRATO MENOR,CM,,SERVICIO ESPECIALIZADO EN RECURSOS HUMANOS PARA CULTURA Y CLIMA LABORAL EN LA OFICINA DE RECURSOS,1318,18,2.3. 2  9. 1  1,LOCACION DE SERVICIOS REALIZADOS POR PERSONAS NATURALES RELACIONADAS AL ROL DE LA ENTIDAD,13000.00,Compromiso
2026,1028,03,S,1125,10/03/2026 00:00:00,10750662540,SALDA•A NU•EZ TERESA MARIA DE LOS SANTOS,106,CONTRATO MENOR,CM,,SERVICIO ESPECIALIZADO EN ELABORACI‡N DE PLANILLA DE PAGOS DEL PERSONAL PARA LA OFICINA DE RECURSOS,1319,18,2.3. 2  9. 1  1,LOCACION DE SERVICIOS REALIZADOS POR PERSONAS NATURALES RELACIONADAS AL ROL DE LA ENTIDAD,24000.00,Compromiso
2026,1028,03,S,1126,10/03/2026 00:00:00,10427533382,MENDOZA CARRASCO EVELIN JULISA,106,CONTRATO MENOR,CM,,SERVICIO ESPECIALIZADO EN ASUNTOS LEGALES ADMINISTRATIVOS PARA LA SECRETAR÷A TêCNICA-PAD,1320,18,2.3. 2  9. 1  1,LOCACION DE SERVICIOS REALIZADOS POR PERSONAS NATURALES RELACIONADAS AL ROL DE LA ENTIDAD,28000.00,Compromiso
2026,1028,03,S,1127,10/03/2026 00:00:00,10768383222, VASQUEZ VENEGAS WALTER LUIS,106,CONTRATO MENOR,CM,,SERVICIO DE REVISI‡N LEGAL Y ELABORACI‡N DE DOCUMENTOS PARA LA SECRETAR÷A TêCNICA -PAD,1326,18,2.3. 2  9. 1  1,LOCACION DE SERVICIOS REALIZADOS POR PERSONAS NATURALES RELACIONADAS AL ROL DE LA ENTIDAD,20000.00,Compromiso
2026,1028,03,S,1128,10/03/2026 00:00:00,10406860456,QUILLAY LAURA NATAN ANTONIO,106,CONTRATO MENOR,CM,,SERVICIO DE ABSOLUCI‡N DE CONSULTA LEGAL EN DERECHO LABORAL PARA LA OFICINA DE RECURSOS HUMANOS.,1327,18,2.3. 2  9. 1  1,LOCACION DE SERVICIOS REALIZADOS POR PERSONAS NATURALES RELACIONADAS AL ROL DE LA ENTIDAD,28000.00,Compromiso
2026,1028,03,S,1129,10/03/2026 00:00:00,10408549791,CALDERON ZU•IGA JESUS,106,CONTRATO MENOR,CM,,SERVICIO ESPECIALIZADO EN GESTI‡N PÈBLICA PARA - ODVPIOVS - CINCO ENTREGABLES,1356,18,2.3. 2  9. 1  1,LOCACION DE SERVICIOS REALIZADOS POR PERSONAS NATURALES RELACIONADAS AL ROL DE LA ENTIDAD,35000.00,Compromiso
2026,1028,03,S,1130,10/03/2026 00:00:00,10090836388,VALVAS COSSIO MARIVEL ADA,106,CONTRATO MENOR,CM,,SERVICIO DE ASISTENCIA EN SEGUIMIENTO DE ACTIVIDADES ADMINIS  PARA - ODVPIOVS - CUATRO ENTREGABLES,1357,18,2.3. 2  9. 1  1,LOCACION DE SERVICIOS REALIZADOS POR PERSONAS NATURALES RELACIONADAS AL ROL DE LA ENTIDAD,20000.00,Compromiso
2026,1028,03,S,1131,10/03/2026 00:00:00,10104948605,"MANRIQUE MANCILLA JULISSA ANGELICA",106,CONTRATO MENOR,CM,,SERVICIO DE EJECUCION Y MONITOREO DE LA GESTION ADMINISTRATIVA  PARA - ODVPIOVS - CUATRO ENTREGABLES,1358,18,2.3. 2  9. 1  1,LOCACION DE SERVICIOS REALIZADOS POR PERSONAS NATURALES RELACIONADAS AL ROL DE LA ENTIDAD,20000.00,Compromiso
2026,1028,03,S,1132,10/03/2026 00:00:00,10701294993,CAYO HERNANDEZ ELIZABETH BRIZETH,106,CONTRATO MENOR,CM,,SERVICIO ESPECIALIZADO EN PROCESOS ADMINISTRATIVOS Y LOGISTICOS  PARA - ODVPIOVS - CINCO ENTREGABLES,1359,18,2.3. 2  9. 1  1,LOCACION DE SERVICIOS REALIZADOS POR PERSONAS NATURALES RELACIONADAS AL ROL DE LA ENTIDAD,20000.00,Compromiso
2026,1028,03,S,1133,10/03/2026 00:00:00,10418448208,TORRES CARDOZO PATRICIA VERONICA,106,CONTRATO MENOR,CM,,SERVICIO PARA LA COORDINACION Y GESTION DE ACTIVIDADES SECRETARI PARA - ODVPIOVS - CINCO ENTREGABLES,1360,18,2.3. 2  9. 1  1,LOCACION DE SERVICIOS REALIZADOS POR PERSONAS NATURALES RELACIONADAS AL ROL DE LA ENTIDAD,20000.00,Compromiso
2026,1028,03,S,1134,10/03/2026 00:00:00,10466595395,SILVA RAU EDUARDO ALBERTO,106,CONTRATO MENOR,CM,,SERVICIO DE REVISION Y SEGUIMIENTO Y REGISTRO DE LOS REQUERIMIEN PARA - ODVPIOVS -CUATRO ENTREGABLES,1361,18,2.3. 2  9. 1  1,LOCACION DE SERVICIOS REALIZADOS POR PERSONAS NATURALES RELACIONADAS AL ROL DE LA ENTIDAD,22000.00,Compromiso
2026,1028,03,S,1135,10/03/2026 00:00:00,10716697075,ZU•IGA ALFARO PAOLO YUZEP,106,CONTRATO MENOR,CM,,SERVICIO DE ASISTENCIA TECNICA EN GESTION DE PROCESOS  PARA - ODVPIOVS - CUATRO ENTREGABLES,1362,18,2.3. 2  9. 1  1,LOCACION DE SERVICIOS REALIZADOS POR PERSONAS NATURALES RELACIONADAS AL ROL DE LA ENTIDAD,22000.00,Compromiso
2026,1028,03,S,1136,10/03/2026 00:00:00,10437093780,BELISARIO CASTA•EDA JUAN VICENTE,106,CONTRATO MENOR,CM,,SERVICIO DE ASISTENCIA TECNICA LEGAL II  PARA - ODVPIOVS - CINCO ENTREGABLES,1363,18,2.3. 2  9. 1  1,LOCACION DE SERVICIOS REALIZADOS POR PERSONAS NATURALES RELACIONADAS AL ROL DE LA ENTIDAD,30000.00,Compromiso
2026,1028,03,S,1137,10/03/2026 00:00:00,10754316271,SAENZ RIVAS ALEXANDER RAFAEL,106,CONTRATO MENOR,CM,,SERVICIO DE VERIFICACION Y TRASLADO DE BIENES PARA - ODVPIOVS - DOS ENTREGABLES,1364,18,2.3. 2  9. 1  1,LOCACION DE SERVICIOS REALIZADOS POR PERSONAS NATURALES RELACIONADAS AL ROL DE LA ENTIDAD,5000.00,Compromiso
2026,1028,03,S,1138,10/03/2026 00:00:00,10257950595,LORENZO QUISPE LUZ,106,CONTRATO MENOR,CM,,SERVICIO DE SEGUIMIENTO Y ASISTENCIA EN ACTIVIDADES ADMINISTRATI PARA - ODVPIOVS -CUATRO ENTREGABLES,1365,18,2.3. 2  9. 1  1,LOCACION DE SERVICIOS REALIZADOS POR PERSONAS NATURALES RELACIONADAS AL ROL DE LA ENTIDAD,16000.00,Compromiso
2026,1028,03,S,1139,10/03/2026 00:00:00,10255528080,APONTE HILARIO ROMULO RAFAEL,106,CONTRATO MENOR,CM,,SERVICIO DE VERIFICACION PARA RCHIVOS I  PARA - ODVPIOVS - CINCO ENTREGABLES,1367,18,2.3. 2  9. 1  1,LOCACION DE SERVICIOS REALIZADOS POR PERSONAS NATURALES RELACIONADAS AL ROL DE LA ENTIDAD,10000.00,Compromiso
2026,1028,03,S,1140,10/03/2026 00:00:00,10776708939,JIMENEZ GARCIA JOAQUIN DE JESUS,106,CONTRATO MENOR,CM,,SERVICIO DE ORDENAMIENTO DE DOCUMENTOS DE ARCHIVO I,1334,18,2.3. 2  9. 1  1,LOCACION DE SERVICIOS REALIZADOS POR PERSONAS NATURALES RELACIONADAS AL ROL DE LA ENTIDAD,9000.00,Compromiso
2026,1028,03,S,1141,10/03/2026 00:00:00,10736237658,PICASSO TICA VINCCENZO ALFIERI,106,CONTRATO MENOR,CM,,SERVICIO DE ASISTENCIA TECNICA ADMINISTRATIVA I,1335,18,2.3. 2  9. 1  1,LOCACION DE SERVICIOS REALIZADOS POR PERSONAS NATURALES RELACIONADAS AL ROL DE LA ENTIDAD,15000.00,Compromiso
2026,1028,03,S,1142,10/03/2026 00:00:00,10107284121,ANDRICH VALLE ANNIE JANE,106,CONTRATO MENOR,CM,,SERVICIO DE ASISTENCIA TECNICA ADMINISTRATIVA II,1336,18,2.3. 2  9. 1  1,LOCACION DE SERVICIOS REALIZADOS POR PERSONAS NATURALES RELACIONADAS AL ROL DE LA ENTIDAD,16500.00,Compromiso
2026,1028,03,S,1143,10/03/2026 00:00:00,10433160431,ALLENDE LIZARRAGA PAUL CHRISTOPHER,106,CONTRATO MENOR,CM,,SERVICIO DE CONTROL DOCUMENTARIO Y ADMINISTRATIVO,1337,18,2.3. 2  9. 1  1,LOCACION DE SERVICIOS REALIZADOS POR PERSONAS NATURALES RELACIONADAS AL ROL DE LA ENTIDAD,10500.00,Compromiso
2026,1028,03,S,1144,10/03/2026 00:00:00,10099628079,PACHAS SAENZ LUIS ENRIQUE,106,CONTRATO MENOR,CM,,SERVICIO DE COORDINACI‡N PARA LA GESTI‡N DE ADQUISICIONES MENORES A 8 UIT,1338,18,2.3. 2  9. 1  1,LOCACION DE SERVICIOS REALIZADOS POR PERSONAS NATURALES RELACIONADAS AL ROL DE LA ENTIDAD,24000.00,Compromiso
2026,1028,03,S,1145,10/03/2026 00:00:00,10476126512,EVELYN CHAFLOQUE ALVARADO,106,CONTRATO MENOR,CM,,SERVICIO DE ANALISIS DE PROCESOS DE CONTRATACION MENORES O IGUALES A 8 UITS I,1339,18,2.3. 2  9. 1  1,LOCACION DE SERVICIOS REALIZADOS POR PERSONAS NATURALES RELACIONADAS AL ROL DE LA ENTIDAD,21000.00,Compromiso
2026,1028,03,S,1146,10/03/2026 00:00:00,10441211134,CHAHUAYLLA TRUJILLO HILDA MARIBEL,106,CONTRATO MENOR,CM,,SERVICIO DE ANALISIS DE PROCESOS DE CONTRATACION MENORES O IGUALES A 8 UITS II,1340,18,2.3. 2  9. 1  1,LOCACION DE SERVICIOS REALIZADOS POR PERSONAS NATURALES RELACIONADAS AL ROL DE LA ENTIDAD,21000.00,Compromiso
2026,1028,03,S,1147,10/03/2026 00:00:00,10759218405,ROBERT NICHOLAS BACALLA SCARAFONE,106,CONTRATO MENOR,CM,,SERVICIO DE ANALISIS DE PROCESOS DE CONTRATACION MENORES O IGUALES A 8 UITS III,1341,18,2.3. 2  9. 1  1,LOCACION DE SERVICIOS REALIZADOS POR PERSONAS NATURALES RELACIONADAS AL ROL DE LA ENTIDAD,21000.00,Compromiso
2026,1028,03,S,1148,10/03/2026 00:00:00,10458038487,RAMOS VALLADOLID KATHERINE YSBEL,106,CONTRATO MENOR,CM,,SERVICIO DE ANALISIS DE PROCESOS DE CONTRATACION MENORES O IGUALES A 8 UITS IV,1342,18,2.3. 2  9. 1  1,LOCACION DE SERVICIOS REALIZADOS POR PERSONAS NATURALES RELACIONADAS AL ROL DE LA ENTIDAD,21000.00,Compromiso
2026,1028,03,S,1149,10/03/2026 00:00:00,10722481475,NICHO ORDO•EZ KEVIN FRANCHESCOLY,106,CONTRATO MENOR,CM,,SERVICIO DE ANALISIS DE PROCESOS DE CONTRATACION MENORES O IGUALES A 8 UITS V,1343,18,2.3. 2  9. 1  1,LOCACION DE SERVICIOS REALIZADOS POR PERSONAS NATURALES RELACIONADAS AL ROL DE LA ENTIDAD,21000.00,Compromiso
2026,1028,03,S,1150,10/03/2026 00:00:00,10717297917,RENATO JOSE COLOMA LOPEZ,106,CONTRATO MENOR,CM,,SERVICIO DE ANALISIS DE PROCESOS DE CONTRATACION MENORES O IGUALES A 8 UITS VI,1344,18,2.3. 2  9. 1  1,LOCACION DE SERVICIOS REALIZADOS POR PERSONAS NATURALES RELACIONADAS AL ROL DE LA ENTIDAD,21000.00,Compromiso
2026,1028,03,S,1150,10/03/2026 00:00:00,10717297917,RENATO JOSE COLOMA LOPEZ,106,CONTRATO MENOR,CM,,SERVICIO DE ANALISIS DE PROCESOS DE CONTRATACION MENORES O IGUALES A 8 UITS VI,1344,18,2.3. 2  9. 1  1,LOCACION DE SERVICIOS REALIZADOS POR PERSONAS NATURALES RELACIONADAS AL ROL DE LA ENTIDAD,-14000.00,Rebaja
2026,1028,03,S,1151,10/03/2026 00:00:00,10763628227,JUSCAMAITA FLORES JEREMY AARON,106,CONTRATO MENOR,CM,,SERVICIO ESPECIALIZADO DE ACUERDO MARCO,1345,18,2.3. 2  9. 1  1,LOCACION DE SERVICIOS REALIZADOS POR PERSONAS NATURALES RELACIONADAS AL ROL DE LA ENTIDAD,21000.00,Compromiso
2026,1028,03,S,1152,10/03/2026 00:00:00,10467678057,MONTOYA SALVATIERRA ANTONY GUILLERMO,106,CONTRATO MENOR,CM,,"SERVICIO DE PLANIFICACION, PROGRAMACION DE BIENES, SERVICIOS Y GESTION PRESUPUESTAL DE LAS CONTRATAC",1346,18,2.3. 2  9. 1  1,LOCACION DE SERVICIOS REALIZADOS POR PERSONAS NATURALES RELACIONADAS AL ROL DE LA ENTIDAD,22500.00,Compromiso
2026,1028,03,S,1153,10/03/2026 00:00:00,10088863998,MILLER EDISON MATUTE RAMOS,106,CONTRATO MENOR,CM,,SERVICIO DE ANALISIS DE PROCESOS DE CONTRATACION MENORES O IGUALES A 8 UITS VII,1347,18,2.3. 2  9. 1  1,LOCACION DE SERVICIOS REALIZADOS POR PERSONAS NATURALES RELACIONADAS AL ROL DE LA ENTIDAD,21000.00,Compromiso
2026,1028,03,S,1154,10/03/2026 00:00:00,10738070998,OYAGUE CASTILLO ANDREA LUCIA,106,CONTRATO MENOR,CM,,SERVICIO DE ANALISIS DE PROCESOS DE CONTRATACION MENORES O IGUALES A 8 UITS VIII,1348,18,2.3. 2  9. 1  1,LOCACION DE SERVICIOS REALIZADOS POR PERSONAS NATURALES RELACIONADAS AL ROL DE LA ENTIDAD,21000.00,Compromiso
2026,1028,03,S,1155,10/03/2026 00:00:00,10422175381,PEREZ ROCA AVALOS JUAN GABRIEL,106,CONTRATO MENOR,CM,,SERVICIO DE COORDINACI‡N EN LOG÷STICA,1349,18,2.3. 2  9. 1  1,LOCACION DE SERVICIOS REALIZADOS POR PERSONAS NATURALES RELACIONADAS AL ROL DE LA ENTIDAD,22500.00,Compromiso
2026,1028,03,S,1156,10/03/2026 00:00:00,10465877508,GUILLEN TRUJILLO MARIA ELMADIA,106,CONTRATO MENOR,CM,,SERVICIO DE EJECUCI‡N DE PROCEDIMIENTOS DE SELECCI‡N DE LAS CONTRATACIONES DEL ESTADO I,1350,18,2.3. 2  9. 1  1,LOCACION DE SERVICIOS REALIZADOS POR PERSONAS NATURALES RELACIONADAS AL ROL DE LA ENTIDAD,24000.00,Compromiso
2026,1028,03,S,1157,10/03/2026 00:00:00,10084829507,JOSE LUIS ORME•O RAMIREZ,106,CONTRATO MENOR,CM,,SERVICIO DE EJECUCI‡N DE PROCEDIMIENTOS DE SELECCI‡N DE LAS CONTRATACIONES DEL ESTADO II,1351,18,2.3. 2  9. 1  1,LOCACION DE SERVICIOS REALIZADOS POR PERSONAS NATURALES RELACIONADAS AL ROL DE LA ENTIDAD,24000.00,Compromiso
2026,1028,03,S,1158,10/03/2026 00:00:00,10447028862,EDILBERTO MARIO OCHOA PARIA,106,CONTRATO MENOR,CM,,SERVICIO DE EJECUCI‡N DE PROCEDIMIENTOS DE SELECCI‡N DE LAS CONTRATACIONES DEL ESTADO III,1352,18,2.3. 2  9. 1  1,LOCACION DE SERVICIOS REALIZADOS POR PERSONAS NATURALES RELACIONADAS AL ROL DE LA ENTIDAD,24000.00,Compromiso
2026,1028,03,S,1159,10/03/2026 00:00:00,10430682976,JOSE MANUEL PALACIN ESPINOZA,106,CONTRATO MENOR,CM,,SERVICIO DE EJECUCI‡N DE PROCEDIMIENTOS DE SELECCI‡N DE LAS CONTRATACIONES DEL ESTADO IV,1353,18,2.3. 2  9. 1  1,LOCACION DE SERVICIOS REALIZADOS POR PERSONAS NATURALES RELACIONADAS AL ROL DE LA ENTIDAD,22500.00,Compromiso
2026,1028,03,S,1160,10/03/2026 00:00:00,10712589391,INGA REYES IAN PAUL CESAR,106,CONTRATO MENOR,CM,,SERVICIO DE EJECUCI‡N DE PROCEDIMIENTOS DE SELECCI‡N DE LAS CONTRATACIONES DEL ESTADO V,1354,18,2.3. 2  9. 1  1,LOCACION DE SERVICIOS REALIZADOS POR PERSONAS NATURALES RELACIONADAS AL ROL DE LA ENTIDAD,22500.00,Compromiso
2026,1028,03,S,1161,10/03/2026 00:00:00,10028468984,BARRANTES GALLO ELENA PAOLA,106,CONTRATO MENOR,CM,,SERVICIO ESPECIALIZADO EN GESTI‡N PÈBLICA PARA LA OFICINA DE RECURSOS HUMANOS.,1328,18,2.3. 2  9. 1  1,LOCACION DE SERVICIOS REALIZADOS POR PERSONAS NATURALES RELACIONADAS AL ROL DE LA ENTIDAD,40000.00,Compromiso
2026,1028,03,S,1162,10/03/2026 00:00:00,10771693577,QUI•ONEZ SANCHEZ PIERO MARCELO,106,CONTRATO MENOR,CM,,SERVICIO DE ASISTENCIA TECNICA ADMINISTRATIVA.,1420,18,2.3. 2  9. 1  1,LOCACION DE SERVICIOS REALIZADOS POR PERSONAS NATURALES RELACIONADAS AL ROL DE LA ENTIDAD,5000.00,Compromiso
2026,1028,03,S,1163,10/03/2026 00:00:00,10714098794,CALDERON BARDALES MARIA DEL PILAR,106,CONTRATO MENOR,CM,,SERVICIO LEGAL PARA LA REVISI‡N DE DOCUMENTOS DE GESTI‡N ADMINISTRATIVA PARA LA SECRETAR÷A TêCNICA,1329,18,2.3. 2  9. 1  1,LOCACION DE SERVICIOS REALIZADOS POR PERSONAS NATURALES RELACIONADAS AL ROL DE LA ENTIDAD,28000.00,Compromiso
2026,1028,03,S,1164,10/03/2026 00:00:00,10426425608,LLASHAG RIOS ALEXANDER ALFREDO,106,CONTRATO MENOR,CM,,SERVICIO DE ASISTENCIA LEGAL EN PROCESOS ADMINISTRATIVO PARA LA OFICINA DE RECURSOS HUMANOS.,1330,18,2.3. 2  9. 1  1,LOCACION DE SERVICIOS REALIZADOS POR PERSONAS NATURALES RELACIONADAS AL ROL DE LA ENTIDAD,30000.00,Compromiso
2026,1028,03,S,1165,10/03/2026 00:00:00,10744906704,FLORES YANCAPALLO ASHLI LUZ,106,CONTRATO MENOR,CM,,SERVICIO DE ASISTENCIA TECNICA LEGAL PARA LA OFICINA DE RECURSOS HUMANOS.,1333,18,2.3. 2  9. 1  1,LOCACION DE SERVICIOS REALIZADOS POR PERSONAS NATURALES RELACIONADAS AL ROL DE LA ENTIDAD,22000.00,Compromiso
2026,1028,03,S,1166,10/03/2026 00:00:00,10467165670,PONCE LLANGE STEPHANY ZOILA,106,CONTRATO MENOR,CM,,SERVICIO ESPECIALIZADO EN MATERIA LEGAL,1421,18,2.3. 2  9. 1  1,LOCACION DE SERVICIOS REALIZADOS POR PERSONAS NATURALES RELACIONADAS AL ROL DE LA ENTIDAD,12000.00,Compromiso
2026,1028,03,S,1167,10/03/2026 00:00:00,10464805724,LA TORRE GAMBOA FELIX ALBERTO,106,CONTRATO MENOR,CM,,SERVICIO DE CONDUCCION DE VEHICULO,1321,18,2.3. 2  9. 1  1,LOCACION DE SERVICIOS REALIZADOS POR PERSONAS NATURALES RELACIONADAS AL ROL DE LA ENTIDAD,14000.00,Compromiso
2026,1028,03,S,1168,10/03/2026 00:00:00,10255985162,CASTILLO SALAS CRISTIAN MARTIN,106,CONTRATO MENOR,CM,,SERVICIO DE CONDUCCION DE VEHICULO,1322,18,2.3. 2  9. 1  1,LOCACION DE SERVICIOS REALIZADOS POR PERSONAS NATURALES RELACIONADAS AL ROL DE LA ENTIDAD,5000.00,Compromiso
2026,1028,03,S,1169,10/03/2026 00:00:00,10751525546,ZAVALETA CORONADO MARIO ISRAEL,106,CONTRATO MENOR,CM,,SERVICIO DE CONDUCCION DE VEHICULO,1323,18,2.3. 2  9. 1  1,LOCACION DE SERVICIOS REALIZADOS POR PERSONAS NATURALES RELACIONADAS AL ROL DE LA ENTIDAD,14000.00,Compromiso
2026,1028,03,S,1170,10/03/2026 00:00:00,10728767389,CUTTI GODOS YARE YAMILET,106,CONTRATO MENOR,CM,,SERVICIO DE SEGUIMIENTO DE ACTIVIDADES Y EXPEDIENTES ADMINISTRATIVOS,1324,18,2.3. 2  9. 1  1,LOCACION DE SERVICIOS REALIZADOS POR PERSONAS NATURALES RELACIONADAS AL ROL DE LA ENTIDAD,6000.00,Compromiso
2026,1028,03,S,1171,10/03/2026 00:00:00,10085380813,SALINAS GAVE VICTOR ALEJANDRO,106,CONTRATO MENOR,CM,,SERVICIO DE CONDUCCION DE VEHICULO,1325,18,2.3. 2  9. 1  1,LOCACION DE SERVICIOS REALIZADOS POR PERSONAS NATURALES RELACIONADAS AL ROL DE LA ENTIDAD,10000.00,Compromiso
2026,1028,03,S,1172,10/03/2026 00:00:00,10768429401,HERVIAS CALDAS JORGE BRAYAN HANS,106,CONTRATO MENOR,CM,,SERVICIO DE GESTI‡N Y SEGUIMIENTO DE ACTIVIDADES,1331,18,2.3. 2  9. 1  1,LOCACION DE SERVICIOS REALIZADOS POR PERSONAS NATURALES RELACIONADAS AL ROL DE LA ENTIDAD,20000.00,Compromiso
2026,1028,03,S,1173,10/03/2026 00:00:00,15461280797,VILLAFUERTE SALAS CARLOS VICENTE,106,CONTRATO MENOR,CM,,SERVICIO DE GESTI‡N ADMINISTRATIVA,1332,18,2.3. 2  9. 1  1,LOCACION DE SERVICIOS REALIZADOS POR PERSONAS NATURALES RELACIONADAS AL ROL DE LA ENTIDAD,28000.00,Compromiso
2026,1028,03,S,1174,10/03/2026 00:00:00,10254299176,SURAY VALDEZ NICOLAS SEGUNDO,106,CONTRATO MENOR,CM,,SERVICIO DE SUPERVISOR DE SEGURIDAD V - SEDE CENTRAL DEL GOBIERNO REGIONAL DEL CALLAO,1373,18,2.3. 2  9. 1  1,LOCACION DE SERVICIOS REALIZADOS POR PERSONAS NATURALES RELACIONADAS AL ROL DE LA ENTIDAD,10000.00,Compromiso
2026,1028,03,S,1175,10/03/2026 00:00:00,10408690400,ALVAREZ CONDORI MARCO ANTONIO,106,CONTRATO MENOR,CM,,SERVICIO DE SUPERVISOR DE SEGURIDAD VI - SEDE CENTRAL DEL GOBIERNO REGIONAL DEL CALLAO,1374,18,2.3. 2  9. 1  1,LOCACION DE SERVICIOS REALIZADOS POR PERSONAS NATURALES RELACIONADAS AL ROL DE LA ENTIDAD,10000.00,Compromiso
2026,1028,03,S,1176,10/03/2026 00:00:00,10743638960,HIDALGO NORE•A YON ROSMEL,106,CONTRATO MENOR,CM,,SERVICIO DE SUPERVISOR GENERAL DE SEGURIDAD I - SEDE JUAN PABLO II DEL GOBIERNO REGIONAL DEL CALLAO,1375,18,2.3. 2  9. 1  1,LOCACION DE SERVICIOS REALIZADOS POR PERSONAS NATURALES RELACIONADAS AL ROL DE LA ENTIDAD,14000.00,Compromiso
2026,1028,03,S,1177,10/03/2026 00:00:00,10075194728,NINA ALFEREZ GENARO CONSTANCIO,106,CONTRATO MENOR,CM,,SERVICIO DE SUPERVISOR DE SEGURIDAD I - SEDE JUAN PABLO II DEL GOBIERNO REGIONAL DEL CALLAO,1376,18,2.3. 2  9. 1  1,LOCACION DE SERVICIOS REALIZADOS POR PERSONAS NATURALES RELACIONADAS AL ROL DE LA ENTIDAD,10000.00,Compromiso
2026,1028,03,S,1178,10/03/2026 00:00:00,10412875392,OSORNO OROTIA LISANDRA PAOLA,106,CONTRATO MENOR,CM,,SERVICIO DE AUXILIAR DE SEGURIDAD I - SEDE JUAN PABLO II DEL GOBIERNO REGIONAL DEL CALLAO,1377,18,2.3. 2  9. 1  1,LOCACION DE SERVICIOS REALIZADOS POR PERSONAS NATURALES RELACIONADAS AL ROL DE LA ENTIDAD,7500.00,Compromiso
2026,1028,03,S,1179,10/03/2026 00:00:00,10258298000,MACHIAVELLO SILVA DE VASQUEZ ESTELA,106,CONTRATO MENOR,CM,,SERVICIO DE APOYO DE SEGURIDAD IV - SEDE JUAN PABLO II DEL GOBIERNO REGIONAL DEL CALLAO,1378,18,2.3. 2  9. 1  1,LOCACION DE SERVICIOS REALIZADOS POR PERSONAS NATURALES RELACIONADAS AL ROL DE LA ENTIDAD,6000.00,Compromiso
2026,1028,03,S,1180,10/03/2026 00:00:00,10257630078,VARGAS ARROYO LAURA BARBARITA,106,CONTRATO MENOR,CM,,SERVICIO DE APOYO DE SEGURIDAD V - SEDE JUAN PABLO II DEL GOBIERNO REGIONAL DEL CALLAO,1379,18,2.3. 2  9. 1  1,LOCACION DE SERVICIOS REALIZADOS POR PERSONAS NATURALES RELACIONADAS AL ROL DE LA ENTIDAD,6000.00,Compromiso
2026,1028,03,S,1181,10/03/2026 00:00:00,10467285021,SANCHEZ ROBLES VIVIANA CARMEN,106,CONTRATO MENOR,CM,,SERVICIO DE AUXILIAR DE SEGURIDAD II - COMPLEJO DEPORTIVO TELMO CARBAJO DEL GOBIERNO REGIONAL DEL CA,1380,18,2.3. 2  9. 1  1,LOCACION DE SERVICIOS REALIZADOS POR PERSONAS NATURALES RELACIONADAS AL ROL DE LA ENTIDAD,7500.00,Compromiso
2026,1028,03,S,1182,10/03/2026 00:00:00,10256745475,CARRERAS BARREDO FELIX ROBERTO EULOGIO,106,CONTRATO MENOR,CM,,SERVICIO DE COORDINACION Y MONITOREO DE SEGURIDAD Y VIGILANCIA,1394,18,2.3. 2  9. 1  1,LOCACION DE SERVICIOS REALIZADOS POR PERSONAS NATURALES RELACIONADAS AL ROL DE LA ENTIDAD,27000.00,Compromiso
2026,1028,03,S,1183,10/03/2026 00:00:00,10255409056,AGUILAR DOMINGUEZ MARGARITA MERCEDES,106,CONTRATO MENOR,CM,,SERVICIO DE SUPERVISOR DE SEGURIDAD II - DIRECCION REGIONAL DE TRABAJO Y PROMOCION DEL EMPLEO,1381,18,2.3. 2  9. 1  1,LOCACION DE SERVICIOS REALIZADOS POR PERSONAS NATURALES RELACIONADAS AL ROL DE LA ENTIDAD,10000.00,Compromiso
2026,1028,03,S,1184,10/03/2026 00:00:00,10416732693,YRAOLA PALOMINO JULIA VICTORIA,106,CONTRATO MENOR,CM,,SERVICIO DE APOYO ADMINISTRATIVO - VILLA DEPORTIVA REGIONAL DEL GOBIERNO REGIONAL DEL CALLAO,1382,18,2.3. 2  9. 1  1,LOCACION DE SERVICIOS REALIZADOS POR PERSONAS NATURALES RELACIONADAS AL ROL DE LA ENTIDAD,10000.00,Compromiso
2026,1028,03,S,1185,10/03/2026 00:00:00,10434213482,HUIVIN VALDIVIA LUCI ESTHER,106,CONTRATO MENOR,CM,,SERVICIO DE AUXILIAR DE SEGURIDAD III - VILLA DEPORTIVA REGIONAL DEL GOBIERNO REGIONAL DEL CALLAO,1383,18,2.3. 2  9. 1  1,LOCACION DE SERVICIOS REALIZADOS POR PERSONAS NATURALES RELACIONADAS AL ROL DE LA ENTIDAD,7500.00,Compromiso
2026,1028,03,S,1186,10/03/2026 00:00:00,10420081257,UCHOFEN TERRONES LESLY VERONICA,106,CONTRATO MENOR,CM,,SERVICIO DE AUXILIAR DE SEGURIDAD IV - VILLA DEPORTIVA REGIONAL DEL GOBIERNO REGIONAL DEL CALLAO,1384,18,2.3. 2  9. 1  1,LOCACION DE SERVICIOS REALIZADOS POR PERSONAS NATURALES RELACIONADAS AL ROL DE LA ENTIDAD,7500.00,Compromiso
2026,1028,03,S,1187,10/03/2026 00:00:00,10258557871,GAVILAN ANGULO ANA LUZ,106,CONTRATO MENOR,CM,,SERVICIO DE AUXILIAR DE SEGURIDAD I - REFUGIO TEMPORAL,1385,18,2.3. 2  9. 1  1,LOCACION DE SERVICIOS REALIZADOS POR PERSONAS NATURALES RELACIONADAS AL ROL DE LA ENTIDAD,7500.00,Compromiso
2026,1028,03,S,1188,10/03/2026 00:00:00,10090480729,TORIBIO REYES NICANOR,106,CONTRATO MENOR,CM,,SERVICIO DE APOYO DE SEGURIDAD III - VILLA DEPORTIVA REGIONAL DEL GOBIERNO REGIONAL DEL CALLAO,1386,18,2.3. 2  9. 1  1,LOCACION DE SERVICIOS REALIZADOS POR PERSONAS NATURALES RELACIONADAS AL ROL DE LA ENTIDAD,6000.00,Compromiso
2026,1028,03,S,1189,10/03/2026 00:00:00,10402630049,VALIENTE ANDIA CARLOS ALBERTO,106,CONTRATO MENOR,CM,,SERVICIO DE SEGUIMIENTO Y MONITOREO DEL SERVICIO DE SEGURIDAD III - COMPLEJO DEPORTIVO TELMO CARBAJO,1392,18,2.3. 2  9. 1  1,LOCACION DE SERVICIOS REALIZADOS POR PERSONAS NATURALES RELACIONADAS AL ROL DE LA ENTIDAD,19000.00,Compromiso
2026,1028,03,S,1190,10/03/2026 00:00:00,10254233477,GOYONECHE DE LARA CARMEN ROSA,106,CONTRATO MENOR,CM,,SERVICIO DE SUPERVISOR DE SEGURIDAD III - DIRECCION REGIONAL DE TRABAJO Y PROMOCION DEL EMPLEO,1393,18,2.3. 2  9. 1  1,LOCACION DE SERVICIOS REALIZADOS POR PERSONAS NATURALES RELACIONADAS AL ROL DE LA ENTIDAD,10000.00,Compromiso
2026,1028,03,S,1191,11/03/2026 00:00:00,10474619279,VICTORIO CAMPOS JOSELIN VICTORIA,106,CONTRATO MENOR,CM,,"SERVICIO DE COORDINACI‡N EN PROGRAMACI‡N LOG÷STICA, GESTI‡N ADMINISTRATIVA Y PRESUPUESTAL I",1387,18,2.3. 2  9. 1  1,LOCACION DE SERVICIOS REALIZADOS POR PERSONAS NATURALES RELACIONADAS AL ROL DE LA ENTIDAD,30000.00,Compromiso
2026,1028,03,S,1192,11/03/2026 00:00:00,10472104077,MEZA BASAGOITIA AARON ANTONIO,106,CONTRATO MENOR,CM,,SERVICIO ESPECIALIZADO EN CONTRATACIONES PÈBLICAS I,1388,18,2.3. 2  9. 1  1,LOCACION DE SERVICIOS REALIZADOS POR PERSONAS NATURALES RELACIONADAS AL ROL DE LA ENTIDAD,25000.00,Compromiso
2026,1028,03,S,1193,11/03/2026 00:00:00,10421613007,ALVITRES ALVARADO ANGEL,106,CONTRATO MENOR,CM,,SERVICIO ESPECIALIZADO EN CONTRATACIONES PÈBLICAS II,1389,18,2.3. 2  9. 1  1,LOCACION DE SERVICIOS REALIZADOS POR PERSONAS NATURALES RELACIONADAS AL ROL DE LA ENTIDAD,25000.00,Compromiso
2026,1028,03,S,1194,11/03/2026 00:00:00,10426382232,CALERO QUISPE EDMUNDO ALEXANDER,106,CONTRATO MENOR,CM,,SERVICIO DE SEGUIMIENTO Y ASISTENCIA DE ACTIVIDADES ADMINISTRATIVAS I,1390,18,2.3. 2  9. 1  1,LOCACION DE SERVICIOS REALIZADOS POR PERSONAS NATURALES RELACIONADAS AL ROL DE LA ENTIDAD,20000.00,Compromiso
2026,1028,03,S,1195,11/03/2026 00:00:00,10484291387,ALARCON YDROGO ERLI JEAN PAUL,106,CONTRATO MENOR,CM,,SERVICIO DE ASISTENCIA EN ALMACêN Y EN CONTROL PATRIMONIAL I,1391,18,2.3. 2  9. 1  1,LOCACION DE SERVICIOS REALIZADOS POR PERSONAS NATURALES RELACIONADAS AL ROL DE LA ENTIDAD,20000.00,Compromiso
2026,1028,03,S,1196,11/03/2026 00:00:00,10409974142,CASTILLO CASTRO GIANCARLO SAUL,106,CONTRATO MENOR,CM,,SERVICIO DE REGISTRO Y RECEPCION DE BIENES EN ALMACEN I,1404,18,2.3. 2  9. 1  1,LOCACION DE SERVICIOS REALIZADOS POR PERSONAS NATURALES RELACIONADAS AL ROL DE LA ENTIDAD,15000.00,Compromiso
2026,1028,03,S,1197,11/03/2026 00:00:00,10102069680,MARRUFO LEON SAMUEL EDUARDO,106,CONTRATO MENOR,CM,,SERVICIO DE REGISTRO Y RECEPCION DE BIENES EN ALMACEN II,1405,18,2.3. 2  9. 1  1,LOCACION DE SERVICIOS REALIZADOS POR PERSONAS NATURALES RELACIONADAS AL ROL DE LA ENTIDAD,9000.00,Compromiso
2026,1028,03,S,1198,11/03/2026 00:00:00,10476656759,BURGA VARGAS DEYANIRA JASMIN,106,CONTRATO MENOR,CM,,SERVICIO DE CONTROL Y SEGUIMIENTO DE INGRESO Y SALIDA DE BIENES DE ALMACEN,1406,18,2.3. 2  9. 1  1,LOCACION DE SERVICIOS REALIZADOS POR PERSONAS NATURALES RELACIONADAS AL ROL DE LA ENTIDAD,7000.00,Compromiso
2026,1028,03,S,1199,11/03/2026 00:00:00,10727914965,ACO CASTILLO NICOLE MILAGROS,106,CONTRATO MENOR,CM,,SERVICIO DE RECEPCION Y VERIFICACION DE BIENES EN ALMACEN,1407,18,2.3. 2  9. 1  1,LOCACION DE SERVICIOS REALIZADOS POR PERSONAS NATURALES RELACIONADAS AL ROL DE LA ENTIDAD,10500.00,Compromiso
2026,1028,03,S,1200,11/03/2026 00:00:00,10441013201,CRUZ BACILIO FLOR DEL PILAR,106,CONTRATO MENOR,CM,,SERVICIO DE SEGUIMIENTO DE DOCUMENTOS ADMINISTRATIVOS I,1408,18,2.3. 2  9. 1  1,LOCACION DE SERVICIOS REALIZADOS POR PERSONAS NATURALES RELACIONADAS AL ROL DE LA ENTIDAD,18000.00,Compromiso
2026,1028,03,S,1201,11/03/2026 00:00:00,10703301423,JAIME BUENDIA MICHELLE GEORGEANNA,106,CONTRATO MENOR,CM,,SERVICIO DE SEGUIMIENTO DE DOCUMENTOS ADMINISTRATIVOS II,1409,18,2.3. 2  9. 1  1,LOCACION DE SERVICIOS REALIZADOS POR PERSONAS NATURALES RELACIONADAS AL ROL DE LA ENTIDAD,15000.00,Compromiso
2026,1028,03,S,1202,11/03/2026 00:00:00,10405878327,ACUACHE DE LA CRUZ CHRISTIAN PAUL,106,CONTRATO MENOR,CM,,SERVICIO DE SEGUIMIENTO DE DOCUMENTOS ADMINISTRATIVOS III,1410,18,2.3. 2  9. 1  1,LOCACION DE SERVICIOS REALIZADOS POR PERSONAS NATURALES RELACIONADAS AL ROL DE LA ENTIDAD,18000.00,Compromiso
2026,1028,03,S,1203,11/03/2026 00:00:00,10415479498,PALACIOS MONTES DEYSY,106,CONTRATO MENOR,CM,,SERVICIO DE CLASIFICACI‡N Y ORDENAMIENTO DE ARCHIVOS,1411,18,2.3. 2  9. 1  1,LOCACION DE SERVICIOS REALIZADOS POR PERSONAS NATURALES RELACIONADAS AL ROL DE LA ENTIDAD,15000.00,Compromiso
2026,1028,03,S,1204,11/03/2026 00:00:00,10416766547,HEBER MISAEL CASTA•EDA ALFARO,106,CONTRATO MENOR,CM,,SERVICIO DE COORDINACION ADMINISTRATIVA,1412,18,2.3. 2  9. 1  1,LOCACION DE SERVICIOS REALIZADOS POR PERSONAS NATURALES RELACIONADAS AL ROL DE LA ENTIDAD,21000.00,Compromiso
2026,1028,03,S,1205,11/03/2026 00:00:00,10763990368,CRUZ CAMPOS HUGO FERNANDO,106,CONTRATO MENOR,CM,,SERVICIO DE ASISTENCIA EN GESTION DOCUMENTAL,1413,18,2.3. 2  9. 1  1,LOCACION DE SERVICIOS REALIZADOS POR PERSONAS NATURALES RELACIONADAS AL ROL DE LA ENTIDAD,9000.00,Compromiso
2026,1028,03,S,1206,11/03/2026 00:00:00,10446906017,NU•EZ HUISAYAURI ELIZABETH VICTORIA,106,CONTRATO MENOR,CM,,SERVICIO ESPECIALIZADO EN MATERIA LEGAL,1414,18,2.3. 2  9. 1  1,LOCACION DE SERVICIOS REALIZADOS POR PERSONAS NATURALES RELACIONADAS AL ROL DE LA ENTIDAD,27000.00,Compromiso
2026,1028,03,S,1207,11/03/2026 00:00:00,10447634622,RUIZ OSORIO CYNTHIA YRMA,106,CONTRATO MENOR,CM,,SERVICIO DE ANALISIS Y EVALUACION DE INFORMES EN MATERIA DE DERECHO LABORAL DE LA PROCURADURIA,1399,18,2.3. 2  9. 1  1,LOCACION DE SERVICIOS REALIZADOS POR PERSONAS NATURALES RELACIONADAS AL ROL DE LA ENTIDAD,18600.00,Compromiso
2026,1028,03,S,1208,11/03/2026 00:00:00,10409773104,TALLEDO GARCES REYNALDO,106,CONTRATO MENOR,CM,,SERVICIO DE AUXILIO MECµNICO AUTOMOTOR PARA LA UNIDAD DE SERVICIOS GENERALES Y VEHICULOS LIVIANOS.,1400,18,2.3. 2  9. 1  1,LOCACION DE SERVICIOS REALIZADOS POR PERSONAS NATURALES RELACIONADAS AL ROL DE LA ENTIDAD,16000.00,Compromiso
2026,1028,03,S,1209,11/03/2026 00:00:00,10706996201,PORTOCARRERO CHICOMA PABLO MANUEL,106,CONTRATO MENOR,CM,,SERVICIO DE PINTADO DE MUROS PARA LA UNIDAD DE SERVICIOS GENERALES Y VEHICULOS LIVIANOS.,1401,18,2.3. 2  9. 1  1,LOCACION DE SERVICIOS REALIZADOS POR PERSONAS NATURALES RELACIONADAS AL ROL DE LA ENTIDAD,3000.00,Compromiso
2026,1028,03,S,1210,11/03/2026 00:00:00,10753577853,PEREZ OLORTIGUE FERNANDO MARTIN,106,CONTRATO MENOR,CM,,SERVICIO DE ASISTENCIA EN SERVICIOS GENERALES PARA LA UNIDAD DE SERVICIOS GENERALES Y VEHICULOS LIVI,1402,18,2.3. 2  9. 1  1,LOCACION DE SERVICIOS REALIZADOS POR PERSONAS NATURALES RELACIONADAS AL ROL DE LA ENTIDAD,3000.00,Compromiso
2026,1028,03,S,1211,11/03/2026 00:00:00,10458574591,VELASQUEZ SEMINARIO JHONATAN MITCHELL,106,CONTRATO MENOR,CM,,SERVICIO  DE OPERARIOS PARA LA UNIDAD DE SERVICIOS GENERALES Y VEHICULOS LIVIANOS.,1403,18,2.3. 2  9. 1  1,LOCACION DE SERVICIOS REALIZADOS POR PERSONAS NATURALES RELACIONADAS AL ROL DE LA ENTIDAD,3000.00,Compromiso
2026,1028,03,S,1212,11/03/2026 00:00:00,10457848361,CCENHUA BADAJOS YNES,106,CONTRATO MENOR,CM,,SERVICIO DE ORGANIZACI‡N DE EVENTO PARA EL EVENTO PROTOCOLAR,1415,18,2.3. 2  7. 9 99,OTROS RELACIONADOS A ORGANIZACION DE EVENTOS,10000.00,Compromiso
2026,1028,03,S,1213,11/03/2026 00:00:00,20549393021,ORQUIDEA PUBLICIDAD S.A.C.,106,CONTRATO MENOR,CM,,CONTRATACI‡N DEL SERVICIO PARA LA REALIZACI‡N DE LAS PUBLICACIONES DE LAS RESOLUCIONES EMITIDAS POR LA OFICINA DE GESTI‡N PATRIMONIAL,1416,18,2.3. 2  7.13 98,OTROS SERVICIOS TECNICOS Y PROFESIONALES DESARROLLADOS POR PERSONAS JURIDICAS,15000.00,Compromiso
2026,1028,03,S,1214,11/03/2026 00:00:00,10257478225,DIAZ LEONARTE JOAQUIN MILAGROS,106,CONTRATO MENOR,CM,,SERVICIO ESPECIALIZADO EN RESGUARDO PERSONAL PARA EL AREA DEL CONSEJO REGIONAL,1422,18,2.3. 2  9. 1  1,LOCACION DE SERVICIOS REALIZADOS POR PERSONAS NATURALES RELACIONADAS AL ROL DE LA ENTIDAD,-11400.00,Rebaja
2026,1028,03,S,1214,11/03/2026 00:00:00,10257478225,DIAZ LEONARTE JOAQUIN MILAGROS,106,CONTRATO MENOR,CM,,SERVICIO ESPECIALIZADO EN RESGUARDO PERSONAL PARA EL AREA DEL CONSEJO REGIONAL,1422,18,2.3. 2  9. 1  1,LOCACION DE SERVICIOS REALIZADOS POR PERSONAS NATURALES RELACIONADAS AL ROL DE LA ENTIDAD,19000.00,Compromiso
2026,1028,03,S,1215,11/03/2026 00:00:00,10801859505,ZAPATA ENRIQUEZ MIGUEL JAVIER,106,CONTRATO MENOR,CM,,SERVICIO DE SUPERVISOR GENERAL DE SEGURIDAD Y VIGILANCIA - SEDE CENTRAL,1423,18,2.3. 2  9. 1  1,LOCACION DE SERVICIOS REALIZADOS POR PERSONAS NATURALES RELACIONADAS AL ROL DE LA ENTIDAD,17500.00,Compromiso
2026,1028,03,S,1216,11/03/2026 00:00:00,10420181065,RAVELLO NU•UVERO JOSE LUIS,106,CONTRATO MENOR,CM,,SERVICIO DE SUPERVISOR GENERAL DE SEGURIDAD - SEDE CENTRAL DEL GOBIERNO REGIONAL DEL CALLAO,1424,18,2.3. 2  9. 1  1,LOCACION DE SERVICIOS REALIZADOS POR PERSONAS NATURALES RELACIONADAS AL ROL DE LA ENTIDAD,14000.00,Compromiso
2026,1028,03,S,1217,11/03/2026 00:00:00,10254671601,BALTAZAR PALACIOS MARIVEL BEATRIZ,106,CONTRATO MENOR,CM,,SERVICIO DE APOYO DEL INVENTARIO Y ARCHIVO I - OFICINA DE SEGURIDAD INTEGRAL,1425,18,2.3. 2  9. 1  1,LOCACION DE SERVICIOS REALIZADOS POR PERSONAS NATURALES RELACIONADAS AL ROL DE LA ENTIDAD,13000.00,Compromiso
2026,1028,03,S,1218,11/03/2026 00:00:00,10440125510,NOLE AMADO ROBERTO CARLOS,106,CONTRATO MENOR,CM,,SERVICIO DE SUPERVISOR DE SEGURIDAD Y VIGILANCIA - SEDE CENTRAL DEL GOBIERNO REGIONAL DEL CALLAO,1426,18,2.3. 2  9. 1  1,LOCACION DE SERVICIOS REALIZADOS POR PERSONAS NATURALES RELACIONADAS AL ROL DE LA ENTIDAD,12500.00,Compromiso
2026,1028,03,S,1219,11/03/2026 00:00:00,10776988982,OLORTEGUI ROJAS WILDER ALEJANDRO,106,CONTRATO MENOR,CM,,SERVICIO DE SUPERVISOR DEL CENTRO DE CONTROL DE MONITOREO DE CAMARAS DE VIDEO VIGILANCIA I,1427,18,2.3. 2  9. 1  1,LOCACION DE SERVICIOS REALIZADOS POR PERSONAS NATURALES RELACIONADAS AL ROL DE LA ENTIDAD,10000.00,Compromiso
2026,1028,03,S,1220,11/03/2026 00:00:00,10105391957,BACA VALLADARES JESUS,106,CONTRATO MENOR,CM,,SERVICIO DE SUPERVISOR DEL CENTRO DE CONTROL DE MONITOREO DE CAMARAS DE VIDEO VIGILANCIA II,1428,18,2.3. 2  9. 1  1,LOCACION DE SERVICIOS REALIZADOS POR PERSONAS NATURALES RELACIONADAS AL ROL DE LA ENTIDAD,10000.00,Compromiso
2026,1028,03,S,1221,11/03/2026 00:00:00,10708932286,CUYUBAMBA OSORIO ALDAIR STEFFANO,106,CONTRATO MENOR,CM,,SERVICIO DE SUPERVISOR DE SEGURIDAD VII - SEDE CENTRAL DEL GOBIERNO REGIONAL DEL CALLAO,1429,18,2.3. 2  9. 1  1,LOCACION DE SERVICIOS REALIZADOS POR PERSONAS NATURALES RELACIONADAS AL ROL DE LA ENTIDAD,10000.00,Compromiso
2026,1028,03,S,1222,11/03/2026 00:00:00,10074948303,RUIZ MURRIETA EMILIO,106,CONTRATO MENOR,CM,,SERVICIO DE SUPERVISOR DE SEGURIDAD VIII - SEDE CENTRAL DEL GOBIERNO REGIONAL DEL CALLAO,1430,18,2.3. 2  9. 1  1,LOCACION DE SERVICIOS REALIZADOS POR PERSONAS NATURALES RELACIONADAS AL ROL DE LA ENTIDAD,10000.00,Compromiso
2026,1028,03,S,1223,11/03/2026 00:00:00,10224624064,GONZALEZ PAPA ABEL DAVID,106,CONTRATO MENOR,CM,,SERVICIO DE SUPERVISOR DE SEGURIDAD IX - SEDE CENTRAL DEL GOBIERNO REGIONAL DEL CALLAO,1431,18,2.3. 2  9. 1  1,LOCACION DE SERVICIOS REALIZADOS POR PERSONAS NATURALES RELACIONADAS AL ROL DE LA ENTIDAD,10000.00,Compromiso
2026,1028,03,S,1224,11/03/2026 00:00:00,10254355475,MORENO BEAS ADOLFO SEGUNDO,106,CONTRATO MENOR,CM,,SERVICIO DE SUPERVISOR DE SEGURIDAD X - SEDE CENTRAL DEL GOBIERNO REGIONAL DEL CALLAO,1432,18,2.3. 2  9. 1  1,LOCACION DE SERVICIOS REALIZADOS POR PERSONAS NATURALES RELACIONADAS AL ROL DE LA ENTIDAD,10000.00,Compromiso
2026,1028,03,S,1225,11/03/2026 00:00:00,10455840975,CONTRERAS LANDA JULIANA MARILUZ,106,CONTRATO MENOR,CM,,SERVICIO DE SUPERVISOR DE SEGURIDAD XI - SEDE CENTRAL DEL GOBIERNO REGIONAL DEL CALLAO,1433,18,2.3. 2  9. 1  1,LOCACION DE SERVICIOS REALIZADOS POR PERSONAS NATURALES RELACIONADAS AL ROL DE LA ENTIDAD,10000.00,Compromiso
2026,1028,03,S,1226,11/03/2026 00:00:00,10702021125,TABOADA REYES PIERRE ANTHONY,106,CONTRATO MENOR,CM,,SERVICIO DE SUPERVISOR DE SEGURIDAD XII - SEDE CENTRAL DEL GOBIERNO REGIONAL DEL CALLAO,1434,18,2.3. 2  9. 1  1,LOCACION DE SERVICIOS REALIZADOS POR PERSONAS NATURALES RELACIONADAS AL ROL DE LA ENTIDAD,2000.00,Compromiso
2026,1028,03,S,1227,11/03/2026 00:00:00,10258560979,HEREDIA FRUGONI URSULA MARIA,106,CONTRATO MENOR,CM,,SERVICIO DE AUXILIAR DE SEGURIDAD III - SEDE CENTRAL DEL GOBIERNO REGIONAL DEL CALLAO,1435,18,2.3. 2  9. 1  1,LOCACION DE SERVICIOS REALIZADOS POR PERSONAS NATURALES RELACIONADAS AL ROL DE LA ENTIDAD,7500.00,Compromiso
2026,1028,03,S,1228,11/03/2026 00:00:00,10254795122,BRICE•O VALLE LILIANA ESMERALDA,106,CONTRATO MENOR,CM,,SERVICIO DE AUXILIAR DE SEGURIDAD IV - SEDE CENTRAL DEL GOBIERNO REGIONAL DEL CALLAO,1436,18,2.3. 2  9. 1  1,LOCACION DE SERVICIOS REALIZADOS POR PERSONAS NATURALES RELACIONADAS AL ROL DE LA ENTIDAD,7500.00,Compromiso
2026,1028,03,S,1229,11/03/2026 00:00:00,10090070431,URQUIA MACEDO SANTIAGO,106,CONTRATO MENOR,CM,,SERVICIO DE AUXILIAR DE SEGURIDAD V - SEDE CENTRAL DEL GOBIERNO REGIONAL DEL CALLAO,1437,18,2.3. 2  9. 1  1,LOCACION DE SERVICIOS REALIZADOS POR PERSONAS NATURALES RELACIONADAS AL ROL DE LA ENTIDAD,7500.00,Compromiso
2026,1028,03,S,1230,11/03/2026 00:00:00,10040719020,PONCE RICAPA DE LUQUILLAS ANGELICA,106,CONTRATO MENOR,CM,,SERVICIO DE AUXILIAR DE SEGURIDAD VI - SEDE CENTRAL DEL GOBIERNO REGIONAL DEL CALLAO,1438,18,2.3. 2  9. 1  1,LOCACION DE SERVICIOS REALIZADOS POR PERSONAS NATURALES RELACIONADAS AL ROL DE LA ENTIDAD,7500.00,Compromiso
2026,1028,03,S,1231,11/03/2026 00:00:00,10440653320,ROCA SARMIENTO JONATHAN,106,CONTRATO MENOR,CM,,SERVICIO DE AUXILIAR DE SEGURIDAD VII - SEDE CENTRAL DEL GOBIERNO REGIONAL DEL CALLAO,1439,18,2.3. 2  9. 1  1,LOCACION DE SERVICIOS REALIZADOS POR PERSONAS NATURALES RELACIONADAS AL ROL DE LA ENTIDAD,7500.00,Compromiso
2026,1028,03,S,1232,11/03/2026 00:00:00,10769602840,PANIZO SUAREZ PAOLO ALFREDO,106,CONTRATO MENOR,CM,,SERVICIO DE AUXILIAR DE SEGURIDAD VIII - SEDE CENTRAL DEL GOBIERNO REGIONAL DEL CALLAO,1440,18,2.3. 2  9. 1  1,LOCACION DE SERVICIOS REALIZADOS POR PERSONAS NATURALES RELACIONADAS AL ROL DE LA ENTIDAD,1500.00,Compromiso
2026,1028,03,S,1233,11/03/2026 00:00:00,10722597244,ULLOA BELLIDO JEAN PIERRE,106,CONTRATO MENOR,CM,,SERVICIO DE AUXILIAR DE SEGURIDAD IX - SEDE CENTRAL DEL GOBIERNO REGIONAL DEL CALLAO,1441,18,2.3. 2  9. 1  1,LOCACION DE SERVICIOS REALIZADOS POR PERSONAS NATURALES RELACIONADAS AL ROL DE LA ENTIDAD,7500.00,Compromiso
2026,1028,03,S,1234,11/03/2026 00:00:00,10750099748,DUE•AS GRANDA SARAI KEREN,106,CONTRATO MENOR,CM,,SERVICIO DE AUXILIAR DE SEGURIDAD XII - SEDE CENTRAL DEL GOBIERNO REGIONAL DEL CALLAO,1442,18,2.3. 2  9. 1  1,LOCACION DE SERVICIOS REALIZADOS POR PERSONAS NATURALES RELACIONADAS AL ROL DE LA ENTIDAD,7500.00,Compromiso
2026,1028,03,S,1235,11/03/2026 00:00:00,10710383664,QUICA•A TAIPE EDER MANUEL,106,CONTRATO MENOR,CM,,SERVICIO DE AUXILIAR DE SEGURIDAD XIII - SEDE CENTRAL DEL GOBIERNO REGIONAL DEL CALLAO,1443,18,2.3. 2  9. 1  1,LOCACION DE SERVICIOS REALIZADOS POR PERSONAS NATURALES RELACIONADAS AL ROL DE LA ENTIDAD,7500.00,Compromiso
2026,1028,03,S,1236,11/03/2026 00:00:00,10410779817,SUAREZ BARRIENTOS MARY LADY,106,CONTRATO MENOR,CM,,SERVICIO DE AUXILIAR DE SEGURIDAD XIV - SEDE CENTRAL DEL GOBIERNO REGIONAL DEL CALLAO,1444,18,2.3. 2  9. 1  1,LOCACION DE SERVICIOS REALIZADOS POR PERSONAS NATURALES RELACIONADAS AL ROL DE LA ENTIDAD,7500.00,Compromiso
2026,1028,03,S,1237,11/03/2026 00:00:00,10729943440,LLANOS MORALES KEILA ABIGAIL,106,CONTRATO MENOR,CM,,SERVICIO DE OPERADOR DEL CENTRO DE CONTROL DE MONITOREO DE CAMARAS DE VIDEO VIGILANCIA II,1445,18,2.3. 2  9. 1  1,LOCACION DE SERVICIOS REALIZADOS POR PERSONAS NATURALES RELACIONADAS AL ROL DE LA ENTIDAD,7500.00,Compromiso
2026,1028,03,S,1238,11/03/2026 00:00:00,10102182184,ALARCON MANGINI SANDRA PAOLA,106,CONTRATO MENOR,CM,,SERVICIO DE ASISTENCIA TECNICA ADMINISTRATIVA LEGAL EN PROCESOS CIVILES DE LA PROCURADURIA PUBLICA,1481,18,2.3. 2  9. 1  1,LOCACION DE SERVICIOS REALIZADOS POR PERSONAS NATURALES RELACIONADAS AL ROL DE LA ENTIDAD,18600.00,Compromiso
2026,1028,03,S,1239,11/03/2026 00:00:00,10714467226,AZA•ERO REYES JESSICA MAYRA,106,CONTRATO MENOR,CM,,SERVICIO DE ANALISIS PENAL Y PROCESAL PENAL DE LA PROCURADURIA PUBLICA REGIONAL .,1449,18,2.3. 2  9. 1  1,LOCACION DE SERVICIOS REALIZADOS POR PERSONAS NATURALES RELACIONADAS AL ROL DE LA ENTIDAD,18600.00,Compromiso
2026,1028,03,S,1240,11/03/2026 00:00:00,10466846801,MALQUI PANTOJA ABELARDO GETULIO,106,CONTRATO MENOR,CM,,SERVICIO DE ANALISIS Y EVALUACION DE CASOS EN TEMA PENAL Y PROCESAL PENAL DE LA PROCURADURIA PUBLICA,1450,18,2.3. 2  9. 1  1,LOCACION DE SERVICIOS REALIZADOS POR PERSONAS NATURALES RELACIONADAS AL ROL DE LA ENTIDAD,18600.00,Compromiso
2026,1028,03,S,1241,11/03/2026 00:00:00,10704366669,SERQUEN ROMERO JOHN PETER,106,CONTRATO MENOR,CM,,SERVICIO ESPECIALIZADO EN MATERIA LEGAL PARA EL AREA LABORAL DE LA PROCURADURIA PUBLICA REGIONAL .,1451,18,2.3. 2  9. 1  1,LOCACION DE SERVICIOS REALIZADOS POR PERSONAS NATURALES RELACIONADAS AL ROL DE LA ENTIDAD,18600.00,Compromiso
2026,1028,03,S,1242,11/03/2026 00:00:00,10729087683,VERASTEGUI HERNANDEZ BRISCELLA TANIA,106,CONTRATO MENOR,CM,,"SERVICIOS DE ASISTENCIA LEGAL EN PROCESOS CIVILES, LABORALES, CONTENCIOSOS ADMINISTRATIVOS Y ARBITRA",1452,18,2.3. 2  9. 1  1,LOCACION DE SERVICIOS REALIZADOS POR PERSONAS NATURALES RELACIONADAS AL ROL DE LA ENTIDAD,18600.00,Compromiso
2026,1028,03,S,1243,11/03/2026 00:00:00,10401455332,GUERRERO VELASQUEZ ROSA REGINA VICTORIA,106,CONTRATO MENOR,CM,,"SERVICIO DE ASISTENCIA LEGAL EN PROCESOS CIVILES, LABORALES, CONTENCIOSOS ADMINISTRATIVOS DE LA PPR",1453,18,2.3. 2  9. 1  1,LOCACION DE SERVICIOS REALIZADOS POR PERSONAS NATURALES RELACIONADAS AL ROL DE LA ENTIDAD,18600.00,Compromiso
2026,1028,03,S,1244,11/03/2026 00:00:00,10731425936,ARIAS CUBILLAS SIU DE MARIA,106,CONTRATO MENOR,CM,,SERVICIO DE ELABORACION Y SEGUIMIENTO DE DOCUMENTOS ADMINISTRATIVOS DE LA PROCURADURIA PUBLICA REGIO,1459,18,2.3. 2  9. 1  1,LOCACION DE SERVICIOS REALIZADOS POR PERSONAS NATURALES RELACIONADAS AL ROL DE LA ENTIDAD,12000.00,Compromiso
2026,1028,03,S,1245,11/03/2026 00:00:00,10771293129,MELGAREJO GUTIERREZ RUBEN,106,CONTRATO MENOR,CM,,"SERVICIO DE CLASIFICACION, REGISTRO Y DIGITALIZACION DE DOCUMENTOS  DE LA PROCURADURIA PUBLICA REGIO",1460,18,2.3. 2  9. 1  1,LOCACION DE SERVICIOS REALIZADOS POR PERSONAS NATURALES RELACIONADAS AL ROL DE LA ENTIDAD,5400.00,Compromiso
2026,1028,03,S,1246,11/03/2026 00:00:00,10733639461,MEDRANO SALCEDO EDUARDO FRANCO EMMANUEL,106,CONTRATO MENOR,CM,,SERVICIO DE REGISTRO Y SEGUIMIENTO DE DOCUMENTOS ADMINISTRATIVOS Y JUDICIALES DE LA PROCURADURIA,1461,18,2.3. 2  9. 1  1,LOCACION DE SERVICIOS REALIZADOS POR PERSONAS NATURALES RELACIONADAS AL ROL DE LA ENTIDAD,9000.00,Compromiso
2026,1028,03,S,1247,11/03/2026 00:00:00,10465898912,DEL CARPIO MONROY ENRIQUE EMILIO,106,CONTRATO MENOR,CM,,SERVICIO DE AUXILIAR ADMINISTRATIVO DE LA PROCURADURIA PUBLICA REGIONAL .,1462,18,2.3. 2  9. 1  1,LOCACION DE SERVICIOS REALIZADOS POR PERSONAS NATURALES RELACIONADAS AL ROL DE LA ENTIDAD,8000.00,Compromiso
2026,1028,03,S,1248,11/03/2026 00:00:00,10721801930,LICAS ACU•A JAMES HARRISON,106,CONTRATO MENOR,CM,,"SERVICIO DE PROCESAMIENTO, ORDENAMIENTO Y CLASIFICACION DE DOCUMENTOS ADMINISTRATIVOS DE LA PROCURAD",1463,18,2.3. 2  9. 1  1,LOCACION DE SERVICIOS REALIZADOS POR PERSONAS NATURALES RELACIONADAS AL ROL DE LA ENTIDAD,11000.00,Compromiso
2026,1028,03,S,1249,11/03/2026 00:00:00,10482207613,POZO ODRIA MADELEY MERLY,106,CONTRATO MENOR,CM,,SERVICIO DE VERIFICACION Y CLASIFICACION DE DOCUMENTOS DE LA PROCURADURIA PUBLICA REGIONAL .,1464,18,2.3. 2  9. 1  1,LOCACION DE SERVICIOS REALIZADOS POR PERSONAS NATURALES RELACIONADAS AL ROL DE LA ENTIDAD,6300.00,Compromiso
2026,1028,03,S,1250,11/03/2026 00:00:00,10489480803,LEAL CACUA CLARA CELINA,106,CONTRATO MENOR,CM,,SERVICIO DE ASISTENCIA DE ELABORACION DE DOCUMENTOS DE LA PROCURADURIA PUBLICA REGIONAL.,1465,18,2.3. 2  9. 1  1,LOCACION DE SERVICIOS REALIZADOS POR PERSONAS NATURALES RELACIONADAS AL ROL DE LA ENTIDAD,11400.00,Compromiso
2026,1028,03,S,1251,11/03/2026 00:00:00,10459415136,BUENO BASOMBRIO LUIS MIGUEL,106,CONTRATO MENOR,CM,,SERVICIO ESPECIALIZADO EN MATERIA LEGAL EN GESTION PÈBLICA DE LA PROCURADURIA PUBLICA REGIONAL .,1466,18,2.3. 2  9. 1  1,LOCACION DE SERVICIOS REALIZADOS POR PERSONAS NATURALES RELACIONADAS AL ROL DE LA ENTIDAD,18600.00,Compromiso
2026,1028,03,S,1252,11/03/2026 00:00:00,10714578117,ILAVE COLLAZOS WILDER IVAN,106,CONTRATO MENOR,CM,,SERVICIO DE ANALISIS DE ESTRATEGIA LEGALES PARA PROCESOS PENALES DE LA PROCURADURIA PUBLICA REGIONAL,1467,18,2.3. 2  9. 1  1,LOCACION DE SERVICIOS REALIZADOS POR PERSONAS NATURALES RELACIONADAS AL ROL DE LA ENTIDAD,18600.00,Compromiso
2026,1028,03,S,1253,11/03/2026 00:00:00,10736071423,ARANA PANDURO HARRY JHON,106,CONTRATO MENOR,CM,,SERVICIO DE GESTOR DE DERECHO EN CONTENCIOSO DE LA PROCURADURIA PUBLICA REGIONAL .,1468,18,2.3. 2  9. 1  1,LOCACION DE SERVICIOS REALIZADOS POR PERSONAS NATURALES RELACIONADAS AL ROL DE LA ENTIDAD,18600.00,Compromiso
2026,1028,03,S,1254,11/03/2026 00:00:00,10448943394,CANCHANYA JONES BECKY KATRINA,106,CONTRATO MENOR,CM,,"SERVICIO DE SEGUIMIENTO, REGISTRO Y DESPACHO DIGITAL DE DOCUMENTOS DE LA PROCURADURIA PUBLICA REGION",1469,18,2.3. 2  9. 1  1,LOCACION DE SERVICIOS REALIZADOS POR PERSONAS NATURALES RELACIONADAS AL ROL DE LA ENTIDAD,8000.00,Compromiso
2026,1028,03,S,1255,11/03/2026 00:00:00,10726243552,CORDOVA MENDOZA MANUEL ALEJANDRO,106,CONTRATO MENOR,CM,,SERVICIO DE CLASIFICACION Y ORDENAMIENTO DE ARCHIVOS DE LA PROCURADURIA PUBLICA REGIONAL .,1470,18,2.3. 2  9. 1  1,LOCACION DE SERVICIOS REALIZADOS POR PERSONAS NATURALES RELACIONADAS AL ROL DE LA ENTIDAD,4000.00,Compromiso
2026,1028,03,S,1256,11/03/2026 00:00:00,10724587441,MACHACA CANCHANYA KARINA MERCEDES,106,CONTRATO MENOR,CM,,SERVICIO ESPECIALIZADO EN GESTION DE SERVICIOS INFORMATICOS DE LA PROCURADURIA PUBLICA REGIONAL.,1471,18,2.3. 2  9. 1  1,LOCACION DE SERVICIOS REALIZADOS POR PERSONAS NATURALES RELACIONADAS AL ROL DE LA ENTIDAD,11000.00,Compromiso
2026,1028,03,S,1257,11/03/2026 00:00:00,10440914972,MANRIQUE RABINES LUIS ALBERTO,106,CONTRATO MENOR,CM,,SERVICIO DE SEGUIMIENTO DE DOCUMENTOS ADMINISTRATIVOS DE LA PROCURADURIA PUBLICA REGIONAL .,1472,18,2.3. 2  9. 1  1,LOCACION DE SERVICIOS REALIZADOS POR PERSONAS NATURALES RELACIONADAS AL ROL DE LA ENTIDAD,9000.00,Compromiso
2026,1028,03,S,1258,11/03/2026 00:00:00,10741372806,MACHACA LIPE FANNY ELIZABETH,106,CONTRATO MENOR,CM,,SERVICIO DE DIGITALIZACION Y ORGANIZACI‡N DE DOCUMENTACION DE LA PROCURADURIA PUBLICA REGIONAL .,1473,18,2.3. 2  9. 1  1,LOCACION DE SERVICIOS REALIZADOS POR PERSONAS NATURALES RELACIONADAS AL ROL DE LA ENTIDAD,8300.00,Compromiso
2026,1028,03,S,1259,11/03/2026 00:00:00,10443583802,BREIDING GOMEZ ROBERT ALEXANDER,106,CONTRATO MENOR,CM,,SERVICIO DE CLASIFICACION ORDENAMIENTO E INVENTARIO DE SERIE DOCUMENTAL DE LA PROCURADURIA PUBLICA,1474,18,2.3. 2  9. 1  1,LOCACION DE SERVICIOS REALIZADOS POR PERSONAS NATURALES RELACIONADAS AL ROL DE LA ENTIDAD,9200.00,Compromiso
2026,1028,03,S,1260,11/03/2026 00:00:00,10747945107,PAREDES MU•OZ ALEXANDRA BRILLITH,106,CONTRATO MENOR,CM,,SERVICIO DE ORDENAMIETO DE DOCUMENTOS DE ARCHIVO  DE LA PROCURADURIA PUBLICA REGIONAL.,1475,18,2.3. 2  9. 1  1,LOCACION DE SERVICIOS REALIZADOS POR PERSONAS NATURALES RELACIONADAS AL ROL DE LA ENTIDAD,9000.00,Compromiso
2026,1028,03,S,1261,11/03/2026 00:00:00,10449034134,YATACO CALLA EDHER JAVIER,106,CONTRATO MENOR,CM,,SERVICIO DE REVISION DE TRANSFERENCIA DE DOCUMENTOS AL ARCHIVO DE LA PROCURADURIA PUBLICA REGIONAL,1476,18,2.3. 2  9. 1  1,LOCACION DE SERVICIOS REALIZADOS POR PERSONAS NATURALES RELACIONADAS AL ROL DE LA ENTIDAD,9200.00,Compromiso
2026,1028,03,S,1262,11/03/2026 00:00:00,10466588275,MORALES MIRANDA ESTRELLA BELEN,106,CONTRATO MENOR,CM,,SERVICIO DE ASISTENCIA ADMINISTRATIVA LEGAL PARA EL PROCESAMIENTO DE DOCUMENTOS DE LA PROCURADURIA,1477,18,2.3. 2  9. 1  1,LOCACION DE SERVICIOS REALIZADOS POR PERSONAS NATURALES RELACIONADAS AL ROL DE LA ENTIDAD,10400.00,Compromiso
2026,1028,03,S,1263,11/03/2026 00:00:00,10406978210,JORGE ROJAS GUSTAVO ANTENOR PAULO,106,CONTRATO MENOR,CM,,SERVICIO DE ASISTENCIA LEGAL EN PROCESOS ARBITRALES DE LA PROCURADURIA PUBLICA REGIONAL .,1478,18,2.3. 2  9. 1  1,LOCACION DE SERVICIOS REALIZADOS POR PERSONAS NATURALES RELACIONADAS AL ROL DE LA ENTIDAD,18600.00,Compromiso
2026,1028,03,S,1264,11/03/2026 00:00:00,10445083688,RUBINA ARENAS CHRISTIAN VICTOR,106,CONTRATO MENOR,CM,,SERVICIO DE ASISTENCIA LEGAL EN DERECHO ADMINISTRATIVOS DE LA PROCURADURIA PUBLICA REGIONAL .,1479,18,2.3. 2  9. 1  1,LOCACION DE SERVICIOS REALIZADOS POR PERSONAS NATURALES RELACIONADAS AL ROL DE LA ENTIDAD,18600.00,Compromiso
2026,1028,03,S,1265,11/03/2026 00:00:00,10432928387,CRUZ CENTY JOSE MANUEL,106,CONTRATO MENOR,CM,,SERVICIO ESPECIALIZADOS EN ASUNTOS LEGALES ADMINISTRATIVOS DE LA PROCURADURIA PUBLICA REGIONAL .,1480,18,2.3. 2  9. 1  1,LOCACION DE SERVICIOS REALIZADOS POR PERSONAS NATURALES RELACIONADAS AL ROL DE LA ENTIDAD,18600.00,Compromiso
2026,1028,03,S,1266,11/03/2026 00:00:00,10437973143,CASASSA SALAZAR DE CARRILLO PAOLA ANDREA,106,CONTRATO MENOR,CM,,SERVICIO DE ORIENTACION AL USUARIO SOBRE PROCEDIMIENTOS ADMINISTRATIVOS MAC EXPRESS - PARA EL CENTRO DE MEJOR ATENCI‡N AL CIUDADANO - MAC CALLAO.,1454,18,2.3. 2  9. 1  1,LOCACION DE SERVICIOS REALIZADOS POR PERSONAS NATURALES RELACIONADAS AL ROL DE LA ENTIDAD,12500.00,Compromiso
2026,1028,03,S,1267,11/03/2026 00:00:00,10476658654,CORRALES MEDINA CARLOS ANDRES,106,CONTRATO MENOR,CM,,SERVICIO DE FORMULACION Y EVALUACION DE PROYECTO DE INVERSION PUBLICA,1446,18,2.3. 2  9. 1  1,LOCACION DE SERVICIOS REALIZADOS POR PERSONAS NATURALES RELACIONADAS AL ROL DE LA ENTIDAD,14000.00,Compromiso
2026,1028,03,S,1268,11/03/2026 00:00:00,10403091079,CANALES RAMOS JAMES,106,CONTRATO MENOR,CM,,SERVICIO ESPECIALIZADO EN INFORMµTICA (TIC) PARA EL CENTRO DE MEJOR ATENCI‡N AL CIUDADANO - MAC CALLAO DE LA GERENCIA REGIONAL DE DESARROLLO ECONOMICO DEL GOBIERNO REGIONAL DEL CALLAO.,1455,18,2.3. 2  9. 1  1,LOCACION DE SERVICIOS REALIZADOS POR PERSONAS NATURALES RELACIONADAS AL ROL DE LA ENTIDAD,22500.00,Compromiso
2026,1028,03,S,1269,11/03/2026 00:00:00,10036734774,AVILA ORTIZ SEGUNDO RIGO,106,CONTRATO MENOR,CM,,SERVICIO DE ASISTENCIA EN ORIENTACI‡N Y ATENCI‡N AL USUARIO PARA EL CENTRO DE MEJOR ATENCI‡N AL CIUDADANO - MAC CALLAO VI DE LA GERENCIA REGIONAL DE DESARROLLO ECONOMICO DEL GOBIERNO REGIONAL DEL CALLAO.,1456,18,2.3. 2  9. 1  1,LOCACION DE SERVICIOS REALIZADOS POR PERSONAS NATURALES RELACIONADAS AL ROL DE LA ENTIDAD,8500.00,Compromiso
2026,1028,03,S,1270,11/03/2026 00:00:00,10413807676,FLORES TORRES MARIBEL LIZETH,106,CONTRATO MENOR,CM,,SERVICIO DE ASISTENCIA EN ORIENTACI‡N Y ATENCI‡N AL USUARIO PARA EL CENTRO DE MEJOR ATENCI‡N AL CIUDADANO - MAC CALLAO VII DE LA GERENCIA REGIONAL DE DESARROLLO ECONOMICO DEL GOBIERNO REGIONAL DEL CALLAO.,1457,18,2.3. 2  9. 1  1,LOCACION DE SERVICIOS REALIZADOS POR PERSONAS NATURALES RELACIONADAS AL ROL DE LA ENTIDAD,8500.00,Compromiso
2026,1028,03,S,1271,11/03/2026 00:00:00,10455659677,GUTIERREZ LEON KATTERYN JANETH,106,CONTRATO MENOR,CM,,SERVICIO DE ORGANIZACI‡N Y DESCRIPCI‡N DE LOS DOCUMENTOS DE ARCHIVO,1447,18,2.3. 2  9. 1  1,LOCACION DE SERVICIOS REALIZADOS POR PERSONAS NATURALES RELACIONADAS AL ROL DE LA ENTIDAD,10000.00,Compromiso
2026,1028,03,S,1272,11/03/2026 00:00:00,10066296968,MONROY DURAN ANA MARIVEL,106,CONTRATO MENOR,CM,,"SERVICIO DE SUPERVISI‡N, GESTI‡N Y EVALUACI‡N DE GESTION ADMINISTRATIVA PARA EL CENTRO DE MEJOR ATENCI‡N AL CIUDADANO - MAC CALLAO DE LA GERENCIA REGIONAL DE DESARROLLO ECONOMICO DEL GOBIERNO REGIONAL DEL CALLAO.",1458,18,2.3. 2  9. 1  1,LOCACION DE SERVICIOS REALIZADOS POR PERSONAS NATURALES RELACIONADAS AL ROL DE LA ENTIDAD,30000.00,Compromiso
2026,1028,03,S,1273,11/03/2026 00:00:00,10408263609,GODOS TAPULLIMA PRISCILLA TERESA,106,CONTRATO MENOR,CM,,SERVICIO DE ORDENAMIENTO DE DOCUMENTOS DE ARCHIVO,1448,18,2.3. 2  9. 1  1,LOCACION DE SERVICIOS REALIZADOS POR PERSONAS NATURALES RELACIONADAS AL ROL DE LA ENTIDAD,8000.00,Compromiso
2026,1028,03,S,1274,12/03/2026 00:00:00,10095945983,BICERRA RIOS TEDDY,106,CONTRATO MENOR,CM,,SERVICIO DE COORDINACION Y MONITOREO DE SEGURIDAD Y VIGILANCIA PARA LA SEDE CENTRAL,1484,18,2.3. 2  9. 1  1,LOCACION DE SERVICIOS REALIZADOS POR PERSONAS NATURALES RELACIONADAS AL ROL DE LA ENTIDAD,10000.00,Compromiso
2026,1028,03,S,1275,12/03/2026 00:00:00,10072868035,ESPINOZA SALAS CESAR GUSTAVO,106,CONTRATO MENOR,CM,,SERVICIO DE SEGUIMIENTO Y MONITOREO DEL SERVICIO DE SEGURIDAD I - SEDE CENTRAL,1485,18,2.3. 2  9. 1  1,LOCACION DE SERVICIOS REALIZADOS POR PERSONAS NATURALES RELACIONADAS AL ROL DE LA ENTIDAD,20000.00,Compromiso
2026,1028,03,S,1276,12/03/2026 00:00:00,10076136799,LEIVA  ALATA FEDERICO MARTIN,106,CONTRATO MENOR,CM,,SERVICIO DE SEGUIMIENTO Y MONITOREO DEL SERVICIO DE SEGURIDAD II - SEDE CENTRAL ,1486,18,2.3. 2  9. 1  1,LOCACION DE SERVICIOS REALIZADOS POR PERSONAS NATURALES RELACIONADAS AL ROL DE LA ENTIDAD,20000.00,Compromiso
2026,1028,03,S,1277,12/03/2026 00:00:00,15348127567,CRUZ SIFUENTES LUIS,106,CONTRATO MENOR,CM,,SERVICIO DE SEGURIDAD A PERSONAL I PARA LA SEDE CENTRAL DEL GOBIERNO REGIONAL DEL CALLAO,1487,18,2.3. 2  9. 1  1,LOCACION DE SERVICIOS REALIZADOS POR PERSONAS NATURALES RELACIONADAS AL ROL DE LA ENTIDAD,3500.00,Compromiso
2026,1028,03,S,1278,12/03/2026 00:00:00,15505011241,VELASQUEZ PADILLA MIGUEL HERNAN,106,CONTRATO MENOR,CM,,SERVICIO DE SEGURIDAD A PERSONAL II PARA LA SEDE CENTRAL DEL GOBIERNO REGIONAL DEL CALLAO,1488,18,2.3. 2  9. 1  1,LOCACION DE SERVICIOS REALIZADOS POR PERSONAS NATURALES RELACIONADAS AL ROL DE LA ENTIDAD,17500.00,Compromiso
2026,1028,03,S,1279,12/03/2026 00:00:00,10417770521,GONZALES SERNA JOSE LUIS,106,CONTRATO MENOR,CM,,SERVICIO DE SEGURIDAD A PERSONAL III PARA LA SEDE CENTRAL DEL GOBIERNO REGIONAL DEL CALLAO,1489,18,2.3. 2  9. 1  1,LOCACION DE SERVICIOS REALIZADOS POR PERSONAS NATURALES RELACIONADAS AL ROL DE LA ENTIDAD,17500.00,Compromiso
2026,1028,03,S,1280,12/03/2026 00:00:00,10257107260,BARCO YACTAYO LUIS ALBERTO,106,CONTRATO MENOR,CM,,SERVICIO DE SEGURIDAD A PERSONAL IV PARA LA SEDE CENTRAL DEL GOBIERNO REGIONAL DEL CALLAO,1490,18,2.3. 2  9. 1  1,LOCACION DE SERVICIOS REALIZADOS POR PERSONAS NATURALES RELACIONADAS AL ROL DE LA ENTIDAD,17500.00,Compromiso
2026,1028,03,S,1281,12/03/2026 00:00:00,10086900454,SAENZ GONZALES LUIGI PEDRO,106,CONTRATO MENOR,CM,,SERVICIO DE ALQUILER DE VEHICULO 4X4,1498,18,2.3. 2  5. 1  2,DE VEHICULOS,8000.00,Compromiso
2026,1028,03,S,1282,12/03/2026 00:00:00,10102006122,CHUQUIVAL TORRES JOSE OLIVERIO,106,CONTRATO MENOR,CM,,SERVICIO DE SEGURIDAD A PERSONAL V PARA LA SEDE CENTRAL DEL GOBIERNO REGIONAL DEL CALLAO,1491,18,2.3. 2  9. 1  1,LOCACION DE SERVICIOS REALIZADOS POR PERSONAS NATURALES RELACIONADAS AL ROL DE LA ENTIDAD,17500.00,Compromiso
2026,1028,03,S,1283,12/03/2026 00:00:00,20392963228,FIBERTEL PERU S.A.,27,ADJUDICACION SIMPLIFICADA,AS,0024-2024-GORE-CALLAO,SERVICIO DE INTERNET,1496,18,2.3. 2  2. 2  3,SERVICIO DE INTERNET,201593.44,Compromiso
2026,1028,03,S,1284,12/03/2026 00:00:00,15434237383,CESPEDES GUERRERO WILMER,106,CONTRATO MENOR,CM,,SERVICIO DE SEGURIDAD A PERSONAL VI PARA LA SEDE CENTRAL DEL GOBIERNO REGIONAL DEL CALLAO,1492,18,2.3. 2  9. 1  1,LOCACION DE SERVICIOS REALIZADOS POR PERSONAS NATURALES RELACIONADAS AL ROL DE LA ENTIDAD,17500.00,Compromiso
2026,1028,03,S,1285,12/03/2026 00:00:00,10438264791,CONTRERAS ALIAGA LIDER JESUS,106,CONTRATO MENOR,CM,,SERVICIO EN ASISTENCIA TECNICA EN LOGISTICA PARA LA OFICINA DE SEGURIDAD INTEGRAL,1493,18,2.3. 2  9. 1  1,LOCACION DE SERVICIOS REALIZADOS POR PERSONAS NATURALES RELACIONADAS AL ROL DE LA ENTIDAD,19000.00,Compromiso
2026,1028,03,S,1286,12/03/2026 00:00:00,10100025197,ROCA DOMINGUEZ AUGUSTO,106,CONTRATO MENOR,CM,,SERVICIO DE ASISTENCIA TECNICA EN FORMULACION PRESUPUESTAL PARA LA OFICINA DE SEGURIDAD INTEGRAL,1494,18,2.3. 2  9. 1  1,LOCACION DE SERVICIOS REALIZADOS POR PERSONAS NATURALES RELACIONADAS AL ROL DE LA ENTIDAD,17500.00,Compromiso
2026,1028,03,S,1287,12/03/2026 00:00:00,10432539101,LOPEZ JARA ITALA BRUNA,106,CONTRATO MENOR,CM,,SERVICIO DE APOYO ADMINISTRATIVO - OFICINA DE SEGURIDAD INTEGRAL DEL GOBIERNO REGIONAL DEL CALLAO,1495,18,2.3. 2  9. 1  1,LOCACION DE SERVICIOS REALIZADOS POR PERSONAS NATURALES RELACIONADAS AL ROL DE LA ENTIDAD,13000.00,Compromiso
2026,1028,03,S,1288,12/03/2026 00:00:00,10767015688,TORRES AGUIRRE LUCERO MERCEDES,106,CONTRATO MENOR,CM,,SERVICIO DE ORIENTADOR VI,1500,09,2.3. 2  9. 1  1,LOCACION DE SERVICIOS REALIZADOS POR PERSONAS NATURALES RELACIONADAS AL ROL DE LA ENTIDAD,1470.00,Compromiso
2026,1028,03,S,1289,12/03/2026 00:00:00,10743713490,MARIO JERSON CASTILLO PEREZ,106,CONTRATO MENOR,CM,,SERVICIO DE TOMA DE EXµMENES DE MANEJO DE VEH÷CULOS VI,1501,09,2.3. 2  9. 1  1,LOCACION DE SERVICIOS REALIZADOS POR PERSONAS NATURALES RELACIONADAS AL ROL DE LA ENTIDAD,1050.00,Compromiso
2026,1028,03,S,1290,12/03/2026 00:00:00,10774960941,ASENCIO ULLOA JEREMY FRANCESCO,106,CONTRATO MENOR,CM,,SERVICIO DE AUXILIAR ADMINISTRATIVO II,1502,09,2.3. 2  9. 1  1,LOCACION DE SERVICIOS REALIZADOS POR PERSONAS NATURALES RELACIONADAS AL ROL DE LA ENTIDAD,1050.00,Compromiso
2026,1028,03,S,1291,12/03/2026 00:00:00,10480989975,COSME ACOSTA BRIGGITT ZARELA,106,CONTRATO MENOR,CM,,SERVICIO DE ASISTENCIA EN ORIENTACION Y ATENCION A USUARIOS V,1503,09,2.3. 2  9. 1  1,LOCACION DE SERVICIOS REALIZADOS POR PERSONAS NATURALES RELACIONADAS AL ROL DE LA ENTIDAD,1260.00,Compromiso
2026,1028,03,S,1292,12/03/2026 00:00:00,10802740919,DIAZ TRINIDAD YOLVI ALEXANDER,106,CONTRATO MENOR,CM,,SERVICIO DE CONTROL DE INGRESO Y SALIDA DE PERSONAS I,1504,09,2.3. 2  9. 1  1,LOCACION DE SERVICIOS REALIZADOS POR PERSONAS NATURALES RELACIONADAS AL ROL DE LA ENTIDAD,1680.00,Compromiso
2026,1028,03,S,1293,12/03/2026 00:00:00,10481519638,BAZAN ARISTONDO STEPHANIE GISELL,106,CONTRATO MENOR,CM,,SERVICIO DE ASISTENCIA PARA DESPACHO DE DOCUMENTOS II,1505,09,2.3. 2  9. 1  1,LOCACION DE SERVICIOS REALIZADOS POR PERSONAS NATURALES RELACIONADAS AL ROL DE LA ENTIDAD,2500.00,Compromiso
2026,1028,03,S,1294,12/03/2026 00:00:00,10072042200,LIZARRAGA PAREJA ERIC ALBERTO,106,CONTRATO MENOR,CM,,SERVICIO DE SEGUIMIENTO Y MONITOREO DEL SERVICIO DE SEGURIDAD PARA EL AREA DEL CONSEJO REGIONAL,1497,18,2.3. 2  9. 1  1,LOCACION DE SERVICIOS REALIZADOS POR PERSONAS NATURALES RELACIONADAS AL ROL DE LA ENTIDAD,22500.00,Compromiso
2026,1028,03,S,1296,12/03/2026 00:00:00,10153580052,REYES GAMEZ MARIA,106,CONTRATO MENOR,CM,,SERVICIO ESPECIALIZADO EN ASUNTOS LEGALES ADMINISTRATIVOS PARA GRDS - CUATRO ENTREGABLES 2026,1525,18,2.3. 2  9. 1  1,LOCACION DE SERVICIOS REALIZADOS POR PERSONAS NATURALES RELACIONADAS AL ROL DE LA ENTIDAD,30000.00,Compromiso
2026,1028,03,S,1297,12/03/2026 00:00:00,10105595544,GONZALES ORTIZ HILDA ALDY,106,CONTRATO MENOR,CM,,SERVICIO DE COORDINACION ADMINISTRATIVA PARA LAS ACTIVIDA PARA GRDS - CINCO ENTREGABLES 2026,1526,18,2.3. 2  9. 1  1,LOCACION DE SERVICIOS REALIZADOS POR PERSONAS NATURALES RELACIONADAS AL ROL DE LA ENTIDAD,35000.00,Compromiso
2026,1028,03,S,1298,12/03/2026 00:00:00,10421370554,VERGARAY LEON CARLOS ALBERTO,106,CONTRATO MENOR,CM,,SERVICIO DE COORDINACION Y SUPERVISION DE LAS CONTRATACIONES PARA GRDS - CUATRO ENTREGABLES 2026,1527,18,2.3. 2  9. 1  1,LOCACION DE SERVICIOS REALIZADOS POR PERSONAS NATURALES RELACIONADAS AL ROL DE LA ENTIDAD,26000.00,Compromiso
2026,1028,03,S,1299,12/03/2026 00:00:00,10480938432,SOTO SALLUCA JOSE ALEXANDER,106,CONTRATO MENOR,CM,,SERVICIO DE CONTROL Y REVISION DE EXPEDIENTES DE CONTRATACIONES  PARA GRDS - CUATRO ENTREGABLES 2026,1528,18,2.3. 2  9. 1  1,LOCACION DE SERVICIOS REALIZADOS POR PERSONAS NATURALES RELACIONADAS AL ROL DE LA ENTIDAD,24000.00,Compromiso
2026,1028,03,S,1300,12/03/2026 00:00:00,10479374983,FUERTES AGUIRRE BRYAN DAVID,106,CONTRATO MENOR,CM,,SERVICIO DE GESTI‡N Y SEGUIMIENTO DE ACTIVIDADES ADMINISTRATIVAS PARA GRDS - CUATRO ENTREGABLES 2026,1529,18,2.3. 2  9. 1  1,LOCACION DE SERVICIOS REALIZADOS POR PERSONAS NATURALES RELACIONADAS AL ROL DE LA ENTIDAD,24000.00,Compromiso
2026,1028,03,S,1301,12/03/2026 00:00:00,10752585542,ROSADO ROMERO LUISA MARIA,106,CONTRATO MENOR,CM,,SERVICIO ESPECIALIZADO EN PROCESOS ADMINISTRATIVOS Y LOGISTICOS PARA GRDS - CUATRO ENTREGABLES 2026,1530,18,2.3. 2  9. 1  1,LOCACION DE SERVICIOS REALIZADOS POR PERSONAS NATURALES RELACIONADAS AL ROL DE LA ENTIDAD,20000.00,Compromiso
2026,1028,03,S,1302,12/03/2026 00:00:00,10463491696,MAQUI REYES CARMEN MELISSA,106,CONTRATO MENOR,CM,,SERVICIO DE SEGUIMIENTO Y MONITOREO DE REQUERIMIENTOS DE BIENES PARA GRDS TRES ENTREGABLES 2026,1531,18,2.3. 2  9. 1  1,LOCACION DE SERVICIOS REALIZADOS POR PERSONAS NATURALES RELACIONADAS AL ROL DE LA ENTIDAD,15000.00,Compromiso
2026,1028,03,S,1303,12/03/2026 00:00:00,10732169089,OLARTE CASSANI SUSAN D'JANNIRA LUZMILA,106,CONTRATO MENOR,CM,,SERVICIO DE ASISTENCIA TECNICA EN GESTI‡N DE PROCESOS PARA GRDS - CUATRO ENTREGABLES 2026,1532,18,2.3. 2  9. 1  1,LOCACION DE SERVICIOS REALIZADOS POR PERSONAS NATURALES RELACIONADAS AL ROL DE LA ENTIDAD,18000.00,Compromiso
2026,1028,03,S,1304,12/03/2026 00:00:00,10411754982,PEREZ TITO RENATO ALONSO,106,CONTRATO MENOR,CM,,SERVICIO ESPECIALIZADO EN ASUNTOS LEGALES ADMINISTRATIVOS PARA ODSPIOSV - CUATRO ENTREGABLES 2026,1533,18,2.3. 2  9. 1  1,LOCACION DE SERVICIOS REALIZADOS POR PERSONAS NATURALES RELACIONADAS AL ROL DE LA ENTIDAD,28000.00,Compromiso
2026,1028,03,S,1305,12/03/2026 00:00:00,10256371630,SILVA GAMBOA JUANA ROSA,106,CONTRATO MENOR,CM,,SERVICIO DE ASISTENCIA TECNICA LEGAL I PARA ODSPIOSV - CUATRO ENTREGABLES 2026,1534,18,2.3. 2  9. 1  1,LOCACION DE SERVICIOS REALIZADOS POR PERSONAS NATURALES RELACIONADAS AL ROL DE LA ENTIDAD,20000.00,Compromiso
2026,1028,03,S,1306,12/03/2026 00:00:00,10401946255,MAMANI MORENO ELIZABETH JENNY,106,CONTRATO MENOR,CM,,SERVICIO DE SEGUIMIENTO Y MONITOREO DE ACTIVIDADES DE CAMPO I  PARA ODSPIOSV - UNICO ENTREGABLE 2026,1535,18,2.3. 2  9. 1  1,LOCACION DE SERVICIOS REALIZADOS POR PERSONAS NATURALES RELACIONADAS AL ROL DE LA ENTIDAD,3000.00,Compromiso
2026,1028,03,S,1307,12/03/2026 00:00:00,10073033212,CALERO FARIAS CARLOS ALFONSO,106,CONTRATO MENOR,CM,,SERVICIO DE SEGUIMIENTO Y MONITOREO DE ACTIVIDADES DE II  PARA ODSPIOSV - UNICO ENTREGABLE 2026,1536,18,2.3. 2  9. 1  1,LOCACION DE SERVICIOS REALIZADOS POR PERSONAS NATURALES RELACIONADAS AL ROL DE LA ENTIDAD,3000.00,Compromiso
2026,1028,03,S,1308,12/03/2026 00:00:00,10485333946,CHOQUE SIFUENTES VICTOR NOE,106,CONTRATO MENOR,CM,,SERVICIO DE SEGUIMIENTO Y MONITOREO DE ACTIVIDADES DE III  PARA ODSPIOSV - UNICO ENTREGABLE 2026,1537,18,2.3. 2  9. 1  1,LOCACION DE SERVICIOS REALIZADOS POR PERSONAS NATURALES RELACIONADAS AL ROL DE LA ENTIDAD,2500.00,Compromiso
2026,1028,03,S,1309,12/03/2026 00:00:00,10401788536,BODERO COELHO CARLOS ENRIQUE,106,CONTRATO MENOR,CM,,SERVICIO DE COORDINACION Y GESTI‡N DE BIENESTAR SOCIAL PARA LA GRDS - DOS ENTREGABLES 2026,1538,18,2.3. 2  9. 1  1,LOCACION DE SERVICIOS REALIZADOS POR PERSONAS NATURALES RELACIONADAS AL ROL DE LA ENTIDAD,14000.00,Compromiso
2026,1028,03,S,1310,12/03/2026 00:00:00,10465443991,VEGA ROJAS SHIRLEY VANESSA,106,CONTRATO MENOR,CM,,SERVICIO ESPECIALIZADO EN DERECHO ADMINISTRATIVO PARA GRDS - CINCO ENTEGABLES 2026.,1539,18,2.3. 2  9. 1  1,LOCACION DE SERVICIOS REALIZADOS POR PERSONAS NATURALES RELACIONADAS AL ROL DE LA ENTIDAD,26000.00,Compromiso
2026,1028,03,S,1311,12/03/2026 00:00:00,10714566780,BALBOA HARO ALEXANDRA MARIA DEL PILAR,106,CONTRATO MENOR,CM,,SERVICIO DE ASISTENCIA LEGAL Y JUR÷DICA EN PROCESOS ADMINISTRATIVOS PARA GAJ DOS ENTREGABLES 2026,1540,18,2.3. 2  9. 1  1,LOCACION DE SERVICIOS REALIZADOS POR PERSONAS NATURALES RELACIONADAS AL ROL DE LA ENTIDAD,17000.00,Compromiso
2026,1028,03,S,1312,12/03/2026 00:00:00,10443220556,MARTINEZ QUINTO MILAGROS,106,CONTRATO MENOR,CM,,SERVICIO DE AUXILIAR ADMINISTRATIVO .,1656,18,2.3. 2  9. 1  1,LOCACION DE SERVICIOS REALIZADOS POR PERSONAS NATURALES RELACIONADAS AL ROL DE LA ENTIDAD,7500.00,Compromiso
2026,1028,03,S,1313,12/03/2026 00:00:00,10099361536,REATEGUI HUI•API FLOR DE MARIA,106,CONTRATO MENOR,CM,,SERVICIO DE CONTROL Y SEGUIMIENTO DE INGRESO Y SALIDA DE BIENES DE ALMACEN .,1657,18,2.3. 2  9. 1  1,LOCACION DE SERVICIOS REALIZADOS POR PERSONAS NATURALES RELACIONADAS AL ROL DE LA ENTIDAD,7500.00,Compromiso
2026,1028,03,S,1314,12/03/2026 00:00:00,10722152064,FARFAN ACOSTA AURA SARA,106,CONTRATO MENOR,CM,,SERVICIO ESPECIALIZADO EN INGENIERIA AMBIENTAL III.,1628,18,2.3. 2  9. 1  1,LOCACION DE SERVICIOS REALIZADOS POR PERSONAS NATURALES RELACIONADAS AL ROL DE LA ENTIDAD,21000.00,Compromiso
2026,1028,03,S,1315,12/03/2026 00:00:00,10702666649,RONDINEL SILVA YESSENIA MERCEDES,106,CONTRATO MENOR,CM,,SERVICIO DE ASISTENCIA EN LA ELABORACI‡N DE DOCUMENTOS ADMINISTRATIVOS,1513,18,2.3. 2  9. 1  1,LOCACION DE SERVICIOS REALIZADOS POR PERSONAS NATURALES RELACIONADAS AL ROL DE LA ENTIDAD,8000.00,Compromiso
2026,1028,03,S,1316,12/03/2026 00:00:00,10726219325,SOTO GARCIA NICOLLE STEFANNY,106,CONTRATO MENOR,CM,,SERVICIO DE ASISTENCIA EN SEGUIMIENTO DE ACTIVIDADES ADMINISTRATIVAS,1514,18,2.3. 2  9. 1  1,LOCACION DE SERVICIOS REALIZADOS POR PERSONAS NATURALES RELACIONADAS AL ROL DE LA ENTIDAD,7000.00,Compromiso
2026,1028,03,S,1317,12/03/2026 00:00:00,10465155031,RAMOS ESCOBAR GUSTAVO EDUARDO ALEJANDRO,106,CONTRATO MENOR,CM,,"SERVICIO DE COORDINACI‡N Y SEGUIMIENTO DE DATOS, INFORMACON Y DOCUMENTOS.",1515,18,2.3. 2  9. 1  1,LOCACION DE SERVICIOS REALIZADOS POR PERSONAS NATURALES RELACIONADAS AL ROL DE LA ENTIDAD,11600.00,Compromiso
2026,1028,03,S,1318,13/03/2026 00:00:00,10732362318,ABANTO PONTE CRISHTIAN DISTHEFANO DIEGO ANDRE,106,CONTRATO MENOR,CM,,SERVICIO DE PROMOCI‡N AMBIENTAL VI.,1579,18,2.3. 2  9. 1  1,LOCACION DE SERVICIOS REALIZADOS POR PERSONAS NATURALES RELACIONADAS AL ROL DE LA ENTIDAD,5000.00,Compromiso
2026,1028,03,S,1319,13/03/2026 00:00:00,10723552368,MONTOYA FARFAN ANNETTE LINA,106,CONTRATO MENOR,CM,,SERVICIO DE PROMOCI‡N AMBIENTAL V.,1580,18,2.3. 2  9. 1  1,LOCACION DE SERVICIOS REALIZADOS POR PERSONAS NATURALES RELACIONADAS AL ROL DE LA ENTIDAD,5000.00,Compromiso
2026,1028,03,S,1320,13/03/2026 00:00:00,10490277086,MAYORGA CARRASCO ARIANA BRISETH,106,CONTRATO MENOR,CM,,SERVICIO DE PROMOCI‡N AMBIENTAL IV.,1581,18,2.3. 2  9. 1  1,LOCACION DE SERVICIOS REALIZADOS POR PERSONAS NATURALES RELACIONADAS AL ROL DE LA ENTIDAD,5000.00,Compromiso
2026,1028,03,S,1321,13/03/2026 00:00:00,10257966955,RUIZ URBANO CESAR AUGUSTO,106,CONTRATO MENOR,CM,,SERVICIO DE PROMOCI‡N AMBIENTAL III.,1582,18,2.3. 2  9. 1  1,LOCACION DE SERVICIOS REALIZADOS POR PERSONAS NATURALES RELACIONADAS AL ROL DE LA ENTIDAD,5000.00,Compromiso
2026,1028,03,S,1322,13/03/2026 00:00:00,10108629954,RODRIGUEZ QUISPE HERMINIA,106,CONTRATO MENOR,CM,,SERVICIO DE PROMOCI‡N AMBIENTAL II.,1583,18,2.3. 2  9. 1  1,LOCACION DE SERVICIOS REALIZADOS POR PERSONAS NATURALES RELACIONADAS AL ROL DE LA ENTIDAD,5000.00,Compromiso
2026,1028,03,S,1323,13/03/2026 00:00:00,10258668044,TUMBAY MONTA•A VIOLETA,106,CONTRATO MENOR,CM,,SERVICIO DE PROMOCI‡N AMBIENTAL I.,1584,18,2.3. 2  9. 1  1,LOCACION DE SERVICIOS REALIZADOS POR PERSONAS NATURALES RELACIONADAS AL ROL DE LA ENTIDAD,5000.00,Compromiso
2026,1028,03,S,1324,13/03/2026 00:00:00,10774319200,MU•OZ VILLANUEVA ANTHONY CRISTHIAN,106,CONTRATO MENOR,CM,,SERVICIO DE OPERARIO  XXXVI.,1585,18,2.3. 2  9. 1  1,LOCACION DE SERVICIOS REALIZADOS POR PERSONAS NATURALES RELACIONADAS AL ROL DE LA ENTIDAD,3600.00,Compromiso
2026,1028,03,S,1325,13/03/2026 00:00:00,10255941696,QUEREVALU CHERRES MIRKO,106,CONTRATO MENOR,CM,,SERVICIO DE OPERARIO  XXXV.,1586,18,2.3. 2  9. 1  1,LOCACION DE SERVICIOS REALIZADOS POR PERSONAS NATURALES RELACIONADAS AL ROL DE LA ENTIDAD,3600.00,Compromiso
2026,1028,03,S,1326,13/03/2026 00:00:00,10481870394,QUISPE ARANIBAR JOSSELYN OMADA,106,CONTRATO MENOR,CM,,SERVICIO DE OPERARIO  XXXIV.,1589,18,2.3. 2  9. 1  1,LOCACION DE SERVICIOS REALIZADOS POR PERSONAS NATURALES RELACIONADAS AL ROL DE LA ENTIDAD,3600.00,Compromiso
2026,1028,03,S,1327,13/03/2026 00:00:00,10607210832,OCA•A BACA JADE ESTRELLA,106,CONTRATO MENOR,CM,,SERVICIO DE OPERARIO  XXXIII.,1590,18,2.3. 2  9. 1  1,LOCACION DE SERVICIOS REALIZADOS POR PERSONAS NATURALES RELACIONADAS AL ROL DE LA ENTIDAD,3600.00,Compromiso
2026,1028,03,S,1328,13/03/2026 00:00:00,10712974384,DIAZ GRANDA LISBETH MASIEL,106,CONTRATO MENOR,CM,,SERVICIO DE OPERARIO  XXXII.,1591,18,2.3. 2  9. 1  1,LOCACION DE SERVICIOS REALIZADOS POR PERSONAS NATURALES RELACIONADAS AL ROL DE LA ENTIDAD,3600.00,Compromiso
2026,1028,03,S,1329,13/03/2026 00:00:00,10414002876,BELLIDO LUNA WENDY VIRGINIA,106,CONTRATO MENOR,CM,,SERVICIO DE OPERARIO  XXXI.,1592,18,2.3. 2  9. 1  1,LOCACION DE SERVICIOS REALIZADOS POR PERSONAS NATURALES RELACIONADAS AL ROL DE LA ENTIDAD,3600.00,Compromiso
2026,1028,03,S,1330,13/03/2026 00:00:00,10256448756,CASTRO CARBAJAL BLANCA,106,CONTRATO MENOR,CM,,SERVICIO DE OPERARIO  XXX.,1593,18,2.3. 2  9. 1  1,LOCACION DE SERVICIOS REALIZADOS POR PERSONAS NATURALES RELACIONADAS AL ROL DE LA ENTIDAD,3600.00,Compromiso
2026,1028,03,S,1331,13/03/2026 00:00:00,10485874912,NAVARRO VASQUEZ LUCY,106,CONTRATO MENOR,CM,,SERVICIO DE OPERARIO  XXIX.,1594,18,2.3. 2  9. 1  1,LOCACION DE SERVICIOS REALIZADOS POR PERSONAS NATURALES RELACIONADAS AL ROL DE LA ENTIDAD,3600.00,Compromiso
2026,1028,03,S,1332,13/03/2026 00:00:00,10406086025,"LOAYZA RIVERO DE QUISPE MIRIYAN CELESTE",106,CONTRATO MENOR,CM,,SERVICIO DE OPERARIO XXVIII.,1595,18,2.3. 2  9. 1  1,LOCACION DE SERVICIOS REALIZADOS POR PERSONAS NATURALES RELACIONADAS AL ROL DE LA ENTIDAD,3600.00,Compromiso
2026,1028,03,S,1333,13/03/2026 00:00:00,10105572200,CASTILLEJOS ELGUERA ANGELICA BEATRIZ,106,CONTRATO MENOR,CM,,SERVICIO DE OPERARIO  XXVII.,1596,18,2.3. 2  9. 1  1,LOCACION DE SERVICIOS REALIZADOS POR PERSONAS NATURALES RELACIONADAS AL ROL DE LA ENTIDAD,3600.00,Compromiso
2026,1028,03,S,1334,13/03/2026 00:00:00,10255173061,LOPEZ MENDOZA JUAN JAVIER,106,CONTRATO MENOR,CM,,SERVICIO DE OPERARIO XXVI.,1597,18,2.3. 2  9. 1  1,LOCACION DE SERVICIOS REALIZADOS POR PERSONAS NATURALES RELACIONADAS AL ROL DE LA ENTIDAD,3600.00,Compromiso
2026,1028,03,S,1335,13/03/2026 00:00:00,10730563227,NEGRETE CAHUANA HAROL RAFAEL,106,CONTRATO MENOR,CM,,SERVICIO DE OPERARIO  XXV.,1598,18,2.3. 2  9. 1  1,LOCACION DE SERVICIOS REALIZADOS POR PERSONAS NATURALES RELACIONADAS AL ROL DE LA ENTIDAD,3600.00,Compromiso
2026,1028,03,S,1336,13/03/2026 00:00:00,10465322247,TORRES GARCIA ROSARIO JHOANA,106,CONTRATO MENOR,CM,,SERVICIO DE OPERARIO XXIV.,1599,18,2.3. 2  9. 1  1,LOCACION DE SERVICIOS REALIZADOS POR PERSONAS NATURALES RELACIONADAS AL ROL DE LA ENTIDAD,3600.00,Compromiso
2026,1028,03,S,1337,13/03/2026 00:00:00,10258242110,CHOZO SUCLUPE MANUEL,106,CONTRATO MENOR,CM,,SERVICIO DE OPERARIO XXIII.,1600,18,2.3. 2  9. 1  1,LOCACION DE SERVICIOS REALIZADOS POR PERSONAS NATURALES RELACIONADAS AL ROL DE LA ENTIDAD,3600.00,Compromiso
2026,1028,03,S,1338,13/03/2026 00:00:00,10449636801,ANDRADE ANDRADE ALEYDA DOMINGA,106,CONTRATO MENOR,CM,,SERVICIO DE OPERARIO XXII.,1601,18,2.3. 2  9. 1  1,LOCACION DE SERVICIOS REALIZADOS POR PERSONAS NATURALES RELACIONADAS AL ROL DE LA ENTIDAD,3600.00,Compromiso
2026,1028,03,S,1339,13/03/2026 00:00:00,10756022216,MACHACA CHUQUIMAMANI EDINSON MANUEL,106,CONTRATO MENOR,CM,,SERVICIO DE OPERARIO XXI.,1602,18,2.3. 2  9. 1  1,LOCACION DE SERVICIOS REALIZADOS POR PERSONAS NATURALES RELACIONADAS AL ROL DE LA ENTIDAD,3600.00,Compromiso
2026,1028,03,S,1340,13/03/2026 00:00:00,10748497001,MEDINA VELIZ YOOSEP YHOBANY JONN,106,CONTRATO MENOR,CM,,SERVICIO DE OPERARIO XX.,1603,18,2.3. 2  9. 1  1,LOCACION DE SERVICIOS REALIZADOS POR PERSONAS NATURALES RELACIONADAS AL ROL DE LA ENTIDAD,3600.00,Compromiso
2026,1028,03,S,1341,13/03/2026 00:00:00,10419272731,MOLINARES ESPIRITU MARILYN ESTEFANY,106,CONTRATO MENOR,CM,,SERVICIO DE OPERARIO XIX.,1604,18,2.3. 2  9. 1  1,LOCACION DE SERVICIOS REALIZADOS POR PERSONAS NATURALES RELACIONADAS AL ROL DE LA ENTIDAD,3600.00,Compromiso
2026,1028,03,S,1342,13/03/2026 00:00:00,10736322558,MOLINARES ESPIRITU SHERRIL THYSSEN,106,CONTRATO MENOR,CM,,SERVICIO DE OPERARIO XVIII.,1605,18,2.3. 2  9. 1  1,LOCACION DE SERVICIOS REALIZADOS POR PERSONAS NATURALES RELACIONADAS AL ROL DE LA ENTIDAD,3600.00,Compromiso
2026,1028,03,S,1343,13/03/2026 00:00:00,10404550379,MOLINARI ESPIRITU MEDALITH DANNIZZA,106,CONTRATO MENOR,CM,,SERVICIO DE OPERARIO XVII.,1606,18,2.3. 2  9. 1  1,LOCACION DE SERVICIOS REALIZADOS POR PERSONAS NATURALES RELACIONADAS AL ROL DE LA ENTIDAD,3600.00,Compromiso
2026,1028,03,S,1344,13/03/2026 00:00:00,10770582186,PIZARRO AYALA GIANELLA CRISTHEL,106,CONTRATO MENOR,CM,,SERVICIO DE OPERARIO XVI.,1607,18,2.3. 2  9. 1  1,LOCACION DE SERVICIOS REALIZADOS POR PERSONAS NATURALES RELACIONADAS AL ROL DE LA ENTIDAD,3600.00,Compromiso
2026,1028,03,S,1345,13/03/2026 00:00:00,10713193912,OBREGON MOLINARES GEANNI NICOLE CLARA,106,CONTRATO MENOR,CM,,SERVICIO DE OPERARIO XV.,1608,18,2.3. 2  9. 1  1,LOCACION DE SERVICIOS REALIZADOS POR PERSONAS NATURALES RELACIONADAS AL ROL DE LA ENTIDAD,3600.00,Compromiso
2026,1028,03,S,1346,13/03/2026 00:00:00,10463124138,MOLINARI ESPIRITU VANESA LESLI,106,CONTRATO MENOR,CM,,SERVICIO DE OPERARIO XIV.,1609,18,2.3. 2  9. 1  1,LOCACION DE SERVICIOS REALIZADOS POR PERSONAS NATURALES RELACIONADAS AL ROL DE LA ENTIDAD,3600.00,Compromiso
2026,1028,03,S,1347,13/03/2026 00:00:00,10256469885,ESPIRITU JU•O BRUNA EMILIA,106,CONTRATO MENOR,CM,,SERVICIO DE OPERARIO XIII.,1610,18,2.3. 2  9. 1  1,LOCACION DE SERVICIOS REALIZADOS POR PERSONAS NATURALES RELACIONADAS AL ROL DE LA ENTIDAD,3600.00,Compromiso
2026,1028,03,S,1348,13/03/2026 00:00:00,10750043041,DIAZ CHERREZ MARIA DEL CARMEN MIREYA,106,CONTRATO MENOR,CM,,SERVICIO DE OPERARIO XII.,1611,18,2.3. 2  9. 1  1,LOCACION DE SERVICIOS REALIZADOS POR PERSONAS NATURALES RELACIONADAS AL ROL DE LA ENTIDAD,3600.00,Compromiso
2026,1028,03,S,1349,13/03/2026 00:00:00,10481464809,MARQUEZ CESPEDES ESCARLET MAYTE,106,CONTRATO MENOR,CM,,SERVICIO DE OPERARIOXI.,1612,18,2.3. 2  9. 1  1,LOCACION DE SERVICIOS REALIZADOS POR PERSONAS NATURALES RELACIONADAS AL ROL DE LA ENTIDAD,3600.00,Compromiso
2026,1028,03,S,1350,13/03/2026 00:00:00,10482226022,VARGAS VELASQUEZ YOSSELYN TUANI,106,CONTRATO MENOR,CM,,SERVICIO DE OPERARIO X.,1613,18,2.3. 2  9. 1  1,LOCACION DE SERVICIOS REALIZADOS POR PERSONAS NATURALES RELACIONADAS AL ROL DE LA ENTIDAD,3600.00,Compromiso
2026,1028,03,S,1351,13/03/2026 00:00:00,10750043351,ZEVALLOS QUISPE ANDERSON GUSTAVO,106,CONTRATO MENOR,CM,,SERVICIO DE OPERARIO IX.,1614,18,2.3. 2  9. 1  1,LOCACION DE SERVICIOS REALIZADOS POR PERSONAS NATURALES RELACIONADAS AL ROL DE LA ENTIDAD,3600.00,Compromiso
2026,1028,03,S,1352,13/03/2026 00:00:00,10725361811,RAMOS ROSALES NICOLL JIMENA,106,CONTRATO MENOR,CM,,SERVICIO DE OPERARIO VIII.,1615,18,2.3. 2  9. 1  1,LOCACION DE SERVICIOS REALIZADOS POR PERSONAS NATURALES RELACIONADAS AL ROL DE LA ENTIDAD,3600.00,Compromiso
2026,1028,03,S,1352,13/03/2026 00:00:00,10725361811,RAMOS ROSALES NICOLL JIMENA,106,CONTRATO MENOR,CM,,SERVICIO DE OPERARIO VIII.,1615,18,2.3. 2  9. 1  1,LOCACION DE SERVICIOS REALIZADOS POR PERSONAS NATURALES RELACIONADAS AL ROL DE LA ENTIDAD,-1800.00,Rebaja
2026,1028,03,S,1353,13/03/2026 00:00:00,10410658556,MOLINARES ESPIRITU JOHANNA MARISELLA,106,CONTRATO MENOR,CM,,SERVICIO DE OPERARIO VII.,1616,18,2.3. 2  9. 1  1,LOCACION DE SERVICIOS REALIZADOS POR PERSONAS NATURALES RELACIONADAS AL ROL DE LA ENTIDAD,3600.00,Compromiso
2026,1028,03,S,1354,13/03/2026 00:00:00,10447813128,ALVARADO ALGUEDAS LADY ROSA,106,CONTRATO MENOR,CM,,SERVICIO DE OPERARIO VI.,1617,18,2.3. 2  9. 1  1,LOCACION DE SERVICIOS REALIZADOS POR PERSONAS NATURALES RELACIONADAS AL ROL DE LA ENTIDAD,3600.00,Compromiso
2026,1028,03,S,1355,13/03/2026 00:00:00,10423663168,LOPEZ DE LA CRUZ KELLY VANNESSA,106,CONTRATO MENOR,CM,,SERVICIO DE OPERARIO V.,1618,18,2.3. 2  9. 1  1,LOCACION DE SERVICIOS REALIZADOS POR PERSONAS NATURALES RELACIONADAS AL ROL DE LA ENTIDAD,3600.00,Compromiso
2026,1028,03,S,1356,13/03/2026 00:00:00,10255616990,ALVARADO RODRIGUEZ SARA IRIS,106,CONTRATO MENOR,CM,,SERVICIO DE OPERARIO IV.,1619,18,2.3. 2  9. 1  1,LOCACION DE SERVICIOS REALIZADOS POR PERSONAS NATURALES RELACIONADAS AL ROL DE LA ENTIDAD,3600.00,Compromiso
2026,1028,03,S,1357,13/03/2026 00:00:00,10463468431,ALVARADO ALGUEDAS ZENAIDA AIDA,106,CONTRATO MENOR,CM,,SERVICIO DE OPERARIO III.,1620,18,2.3. 2  9. 1  1,LOCACION DE SERVICIOS REALIZADOS POR PERSONAS NATURALES RELACIONADAS AL ROL DE LA ENTIDAD,3600.00,Compromiso
2026,1028,03,S,1358,13/03/2026 00:00:00,10410658327, MOLINARI ESPIRITU ELIZABETH,106,CONTRATO MENOR,CM,,SERVICIO DE OPERARIO II.,1627,18,2.3. 2  9. 1  1,LOCACION DE SERVICIOS REALIZADOS POR PERSONAS NATURALES RELACIONADAS AL ROL DE LA ENTIDAD,3600.00,Compromiso
2026,1028,03,S,1359,13/03/2026 00:00:00,10747846958,CIEZA JAHNSEN JULIA DEL CIELO,106,CONTRATO MENOR,CM,,SERVICIO DE OPERARIO I.,1621,18,2.3. 2  9. 1  1,LOCACION DE SERVICIOS REALIZADOS POR PERSONAS NATURALES RELACIONADAS AL ROL DE LA ENTIDAD,3600.00,Compromiso
2026,1028,03,S,1360,13/03/2026 00:00:00,10742007591,AGUILAR ERHUAY ARACELY,106,CONTRATO MENOR,CM,,SERVICIO ADMINISTRATIVO EN LOGISTICA.,1622,18,2.3. 2  9. 1  1,LOCACION DE SERVICIOS REALIZADOS POR PERSONAS NATURALES RELACIONADAS AL ROL DE LA ENTIDAD,10000.00,Compromiso
2026,1028,03,S,1361,13/03/2026 00:00:00,10754503055,RAMIREZ BUIZA CLAUDIA SARA,106,CONTRATO MENOR,CM,,SERVICIO DE ORGANIZACI‡N Y SUPERVISI‡N DE GESTI‡N AMBIENTAL III.,1623,18,2.3. 2  9. 1  1,LOCACION DE SERVICIOS REALIZADOS POR PERSONAS NATURALES RELACIONADAS AL ROL DE LA ENTIDAD,12000.00,Compromiso
2026,1028,03,S,1362,13/03/2026 00:00:00,10478740307,HUAMAN÷ GUILLERMO YOLY,106,CONTRATO MENOR,CM,,SERVICIO DE ORGANIZACI‡N Y SUPERVISI‡N DE GESTI‡N AMBIENTAL II.,1624,18,2.3. 2  9. 1  1,LOCACION DE SERVICIOS REALIZADOS POR PERSONAS NATURALES RELACIONADAS AL ROL DE LA ENTIDAD,12000.00,Compromiso
2026,1028,03,S,1363,13/03/2026 00:00:00,10447865683,ARTEAGA MENDOZA MARIA ADELI,106,CONTRATO MENOR,CM,,SERVICIO DE ORGANIZACI‡N Y SUPERVISI‡N DE GESTI‡N AMBIENTAL I.,1625,18,2.3. 2  9. 1  1,LOCACION DE SERVICIOS REALIZADOS POR PERSONAS NATURALES RELACIONADAS AL ROL DE LA ENTIDAD,12000.00,Compromiso
2026,1028,03,S,1364,13/03/2026 00:00:00,10412024520,LINGAN GONZALEZ NADIA MARIA JEANETTE,106,CONTRATO MENOR,CM,,SERVICIO DE COORDINACI‡N DE ENFOQUE AMBIENTAL.,1626,18,2.3. 2  9. 1  1,LOCACION DE SERVICIOS REALIZADOS POR PERSONAS NATURALES RELACIONADAS AL ROL DE LA ENTIDAD,14000.00,Compromiso
2026,1028,03,S,1365,13/03/2026 00:00:00,10436420434,MORANTE VARGAS HILDA ELIZABETH,106,CONTRATO MENOR,CM,,SERVICIO ESPECIALIZADO EN ASUNTOS LEGALES ADMINISTRATIVOS,1516,18,2.3. 2  9. 1  1,LOCACION DE SERVICIOS REALIZADOS POR PERSONAS NATURALES RELACIONADAS AL ROL DE LA ENTIDAD,36000.00,Compromiso
2026,1028,03,S,1366,13/03/2026 00:00:00,10736220356,BUSTAMANTE SARAVIA OMAR ANTHONY,106,CONTRATO MENOR,CM,,SERVICIO ESPECIALIZADO EN CONTRATACIONES PÈBLICAS,1517,18,2.3. 2  9. 1  1,LOCACION DE SERVICIOS REALIZADOS POR PERSONAS NATURALES RELACIONADAS AL ROL DE LA ENTIDAD,27000.00,Compromiso
2026,1028,03,S,1366,13/03/2026 00:00:00,10736220356,BUSTAMANTE SARAVIA OMAR ANTHONY,106,CONTRATO MENOR,CM,,SERVICIO ESPECIALIZADO EN CONTRATACIONES PÈBLICAS,1517,18,2.3. 2  9. 1  1,LOCACION DE SERVICIOS REALIZADOS POR PERSONAS NATURALES RELACIONADAS AL ROL DE LA ENTIDAD,-18000.00,Rebaja
2026,1028,03,S,1367,13/03/2026 00:00:00,10099123279,LEON SARAVIA FRITZ PIERANTONI,106,CONTRATO MENOR,CM,,SERVICIO ESPECIALIZADO EN OPERATIVIDAD Y MANEJO DE EQUIPOS,1518,18,2.3. 2  9. 1  1,LOCACION DE SERVICIOS REALIZADOS POR PERSONAS NATURALES RELACIONADAS AL ROL DE LA ENTIDAD,18000.00,Compromiso
2026,1028,03,S,1368,13/03/2026 00:00:00,10760312318,COPITAN DE LA CRUZ GLISERIO JAIME,106,CONTRATO MENOR,CM,,SERVICIO DE GESTION DE PROCESOS LOGISTICOS,1523,18,2.3. 2  9. 1  1,LOCACION DE SERVICIOS REALIZADOS POR PERSONAS NATURALES RELACIONADAS AL ROL DE LA ENTIDAD,18000.00,Compromiso
2026,1028,03,S,1369,13/03/2026 00:00:00,10085655839,SANTANA LOPEZ JOSE ANTONIO,106,CONTRATO MENOR,CM,,ASESORIA EN GESTION ADMINISTRATIVA,1629,18,2.3. 2  9. 1  1,LOCACION DE SERVICIOS REALIZADOS POR PERSONAS NATURALES RELACIONADAS AL ROL DE LA ENTIDAD,21000.00,Compromiso
2026,1028,03,S,1370,13/03/2026 00:00:00,10726645260,ESPINOZA RIVERA JORGE ALFREDO,106,CONTRATO MENOR,CM,,SERVICIO DE GESTI‡N ADMINISTRATIVA DE ALMACêN,1524,18,2.3. 2  9. 1  1,LOCACION DE SERVICIOS REALIZADOS POR PERSONAS NATURALES RELACIONADAS AL ROL DE LA ENTIDAD,21000.00,Compromiso
2026,1028,03,S,1371,13/03/2026 00:00:00,10426253564,VASQUEZ MATOS WILMA YRIA,106,CONTRATO MENOR,CM,,SERVICIO DE COORDINACION DE ACTIVIDADES DE GESTION SOCIAL PARA OREDIS - UNICO ENTREGABLE 2026,1587,18,2.3. 2  9. 1  1,LOCACION DE SERVICIOS REALIZADOS POR PERSONAS NATURALES RELACIONADAS AL ROL DE LA ENTIDAD,3000.00,Compromiso
2026,1028,03,S,1372,13/03/2026 00:00:00,10456608464,RIOS CONCA DAVID SAMUEL,106,CONTRATO MENOR,CM,,SERVICIO ESPECIALIZADO EN TRADUCCION EN LENGUA DE SE•AS PARA OREDIS - UNICO ENTREGABLE 2026.,1588,18,2.3. 2  9. 1  1,LOCACION DE SERVICIOS REALIZADOS POR PERSONAS NATURALES RELACIONADAS AL ROL DE LA ENTIDAD,3000.00,Compromiso
2026,1028,03,S,1373,13/03/2026 00:00:00,10460599321,GUTIERREZ ROMERO IVETTE MILAGROS,106,CONTRATO MENOR,CM,,SERVICIO SECRETARIAL.,1541,18,2.3. 2  9. 1  1,LOCACION DE SERVICIOS REALIZADOS POR PERSONAS NATURALES RELACIONADAS AL ROL DE LA ENTIDAD,14000.00,Compromiso
2026,1028,03,S,1374,13/03/2026 00:00:00,10440001420,SAN MARTIN HILARIO MARTHA MARIEL,106,CONTRATO MENOR,CM,,SERVICIO ESPECIALIZADO EN PROCESOS ADMINISTRATIVOS Y LOGISTICOS.,1542,18,2.3. 2  9. 1  1,LOCACION DE SERVICIOS REALIZADOS POR PERSONAS NATURALES RELACIONADAS AL ROL DE LA ENTIDAD,26000.00,Compromiso
2026,1028,03,S,1375,13/03/2026 00:00:00,10421605349,ASTUVILCA MATEO MARY LUZ,106,CONTRATO MENOR,CM,,SERVICIO ESPECIALIZADO EN MATERIA LEGAL EN GESTION PUBLICA.,1543,18,2.3. 2  9. 1  1,LOCACION DE SERVICIOS REALIZADOS POR PERSONAS NATURALES RELACIONADAS AL ROL DE LA ENTIDAD,22000.00,Compromiso
2026,1028,03,S,1376,13/03/2026 00:00:00,10200971448,CAMBORDA RUIZ HARVIS ANTONIO,106,CONTRATO MENOR,CM,,SERVICIO ESPECIALIZADO EN MATERIA LEGAL .,1544,18,2.3. 2  9. 1  1,LOCACION DE SERVICIOS REALIZADOS POR PERSONAS NATURALES RELACIONADAS AL ROL DE LA ENTIDAD,20000.00,Compromiso
2026,1028,03,S,1377,13/03/2026 00:00:00,10755167946,SAORI KIMBERLY FELIPE YUPAC,106,CONTRATO MENOR,CM,,SERVICIO DE ASISTENCIA TECNICA ADMINISTRATIVA.,1545,18,2.3. 2  9. 1  1,LOCACION DE SERVICIOS REALIZADOS POR PERSONAS NATURALES RELACIONADAS AL ROL DE LA ENTIDAD,16000.00,Compromiso
2026,1028,03,S,1378,13/03/2026 00:00:00,10722043583,LEGUA RODRIGUEZ ROSA DARISSA,106,CONTRATO MENOR,CM,,SERVICIO DE ORDENAMIENTO Y DIGITALIZACION DEL ARCHIVO DE EXPEDIENTE.,1546,18,2.3. 2  9. 1  1,LOCACION DE SERVICIOS REALIZADOS POR PERSONAS NATURALES RELACIONADAS AL ROL DE LA ENTIDAD,10000.00,Compromiso
2026,1028,03,S,1379,13/03/2026 00:00:00,10486065112,CASIANO MONTERO BRAYAN GUILLERMO,106,CONTRATO MENOR,CM,,SERVICIO DE DIGITALIZACION Y FOLIACION DE DOCUMENTOS DE ARCHIVO .,1547,18,2.3. 2  9. 1  1,LOCACION DE SERVICIOS REALIZADOS POR PERSONAS NATURALES RELACIONADAS AL ROL DE LA ENTIDAD,8000.00,Compromiso
2026,1028,03,S,1380,13/03/2026 00:00:00,10060252292,MILLA GARCIA JHONNY MAXIMO,106,CONTRATO MENOR,CM,,SERVICIO DE REVISION DE DOCUMENTOS DE GESTION .,1548,18,2.3. 2  9. 1  1,LOCACION DE SERVICIOS REALIZADOS POR PERSONAS NATURALES RELACIONADAS AL ROL DE LA ENTIDAD,12500.00,Compromiso
2026,1028,03,S,1381,13/03/2026 00:00:00,10707506291,PUERTA ALVARADO LESLY DANA,106,CONTRATO MENOR,CM,,SERVICIO DE CLASIFICACION Y ORDENAMIENTO DE ARCHIVOS I.,1549,18,2.3. 2  9. 1  1,LOCACION DE SERVICIOS REALIZADOS POR PERSONAS NATURALES RELACIONADAS AL ROL DE LA ENTIDAD,10800.00,Compromiso
2026,1028,03,S,1382,13/03/2026 00:00:00,10761481709,CORNEJO ALVARADO KIARA SADIRA,106,CONTRATO MENOR,CM,,SERVICIO DE CLASIFICACION Y ORDENAMIENTO DE ARCHIVOS II.,1550,18,2.3. 2  9. 1  1,LOCACION DE SERVICIOS REALIZADOS POR PERSONAS NATURALES RELACIONADAS AL ROL DE LA ENTIDAD,8000.00,Compromiso
2026,1028,03,S,1383,13/03/2026 00:00:00,10771640350,CHIRLEY NICOL OVALLE CAMACHO,106,CONTRATO MENOR,CM,,SERVICIO DE CLASIFICACION Y ORDENAMIENTO DE ARCHIVOS III.,1551,18,2.3. 2  9. 1  1,LOCACION DE SERVICIOS REALIZADOS POR PERSONAS NATURALES RELACIONADAS AL ROL DE LA ENTIDAD,8000.00,Compromiso
2026,1028,03,S,1384,13/03/2026 00:00:00,10446607311,LLANOS HERNANDEZ EDUARDO ISMAEL,106,CONTRATO MENOR,CM,,SERVICIO DE CLASIFICACION Y ORDENAMIENTO DE ARCHIVOS IV.,1552,18,2.3. 2  9. 1  1,LOCACION DE SERVICIOS REALIZADOS POR PERSONAS NATURALES RELACIONADAS AL ROL DE LA ENTIDAD,10000.00,Compromiso
2026,1028,03,S,1385,13/03/2026 00:00:00,10757580263,ESTEVES ROMERO JENIFER TEREZA,106,CONTRATO MENOR,CM,,SERVICIO DE ORGANIZACI‡N Y DESCRIPCION DE LOS DOCUMENTOS DE ARCHIVO I.,1553,18,2.3. 2  9. 1  1,LOCACION DE SERVICIOS REALIZADOS POR PERSONAS NATURALES RELACIONADAS AL ROL DE LA ENTIDAD,8000.00,Compromiso
2026,1028,03,S,1386,13/03/2026 00:00:00,10734893965,DEL AGUILA ARAUJO THALIA ANDREA,106,CONTRATO MENOR,CM,,SERVICIO DE ORGANIZACI‡N Y DESCRIPCION DE LOS DOCUMENTOS DE ARCHIVO II.,1554,18,2.3. 2  9. 1  1,LOCACION DE SERVICIOS REALIZADOS POR PERSONAS NATURALES RELACIONADAS AL ROL DE LA ENTIDAD,8000.00,Compromiso
2026,1028,03,S,1387,13/03/2026 00:00:00,10717784001,KARLA GRETA TORRES PEREZ,106,CONTRATO MENOR,CM,,SERVICIO DE ORGANIZACI‡N Y DESCRIPCION DE LOS DOCUMENTOS DE ARCHIVO III.,1555,18,2.3. 2  9. 1  1,LOCACION DE SERVICIOS REALIZADOS POR PERSONAS NATURALES RELACIONADAS AL ROL DE LA ENTIDAD,8000.00,Compromiso
2026,1028,03,S,1388,13/03/2026 00:00:00,10733036791,GERSON WALDIR MARCOS DEL CARPIO,106,CONTRATO MENOR,CM,,SERVICIO DE ORGANIZACI‡N Y DESCRIPCION DE LOS DOCUMENTOS DE ARCHIVO IV.,1676,18,2.3. 2  9. 1  1,LOCACION DE SERVICIOS REALIZADOS POR PERSONAS NATURALES RELACIONADAS AL ROL DE LA ENTIDAD,6000.00,Compromiso
2026,1028,03,S,1389,13/03/2026 00:00:00,10470051341,VELASQUEZ CAVERO MIGUEL OMAR,106,CONTRATO MENOR,CM,,SERVICIO DE DESCRIPCION DE DOCUMENTOS DE ARCHIVOS I.,1556,18,2.3. 2  9. 1  1,LOCACION DE SERVICIOS REALIZADOS POR PERSONAS NATURALES RELACIONADAS AL ROL DE LA ENTIDAD,12000.00,Compromiso
2026,1028,03,S,1389,13/03/2026 00:00:00,10470051341,VELASQUEZ CAVERO MIGUEL OMAR,106,CONTRATO MENOR,CM,,SERVICIO DE DESCRIPCION DE DOCUMENTOS DE ARCHIVOS I.,1556,18,2.3. 2  9. 1  1,LOCACION DE SERVICIOS REALIZADOS POR PERSONAS NATURALES RELACIONADAS AL ROL DE LA ENTIDAD,-12000.00,Anulado
2026,1028,03,S,1390,13/03/2026 00:00:00,10729214031,ESTEVES HUAMAN INDARA DESIREE,106,CONTRATO MENOR,CM,,SERVICIO DE DESCRIPCION DE DOCUMENTOS DE ARCHIVOS II.,1557,18,2.3. 2  9. 1  1,LOCACION DE SERVICIOS REALIZADOS POR PERSONAS NATURALES RELACIONADAS AL ROL DE LA ENTIDAD,8000.00,Compromiso
2026,1028,03,S,1391,13/03/2026 00:00:00,10101364408,SANCHEZ MONTOYA JESUS MOISES,106,CONTRATO MENOR,CM,,"SERVICIO DE ORDENAMIENTO, CLASIFICACION Y FOLIACION DE DOCUMENTACION I.",1558,18,2.3. 2  9. 1  1,LOCACION DE SERVICIOS REALIZADOS POR PERSONAS NATURALES RELACIONADAS AL ROL DE LA ENTIDAD,8000.00,Compromiso
2026,1028,03,S,1392,13/03/2026 00:00:00,10431757732,SERME•O GAVANCHO RUTH MARIBEL,106,CONTRATO MENOR,CM,,"SERVICIO DE ORDENAMIENTO, CLASIFICACION Y FOLIACION DE DOCUMENTACION II.",1559,18,2.3. 2  9. 1  1,LOCACION DE SERVICIOS REALIZADOS POR PERSONAS NATURALES RELACIONADAS AL ROL DE LA ENTIDAD,8000.00,Compromiso
2026,1028,03,S,1393,13/03/2026 00:00:00,10181460879,SUAREZ BLAS VERONICA AURISTELA,106,CONTRATO MENOR,CM,,"SERVICIO DE ORDENAMIENTO, CLASIFICACION Y FOLIACION DE DOCUMENTACION LLL.",1560,18,2.3. 2  9. 1  1,LOCACION DE SERVICIOS REALIZADOS POR PERSONAS NATURALES RELACIONADAS AL ROL DE LA ENTIDAD,8000.00,Compromiso
2026,1028,03,S,1394,13/03/2026 00:00:00,10257487542,"RAMOS BONILLA JUAN VICTORIANO",106,CONTRATO MENOR,CM,,SERVICIO DE REVISION DE TRANSFERENCIA DE DOCUMENTOS AL ARCHIVO I.,1561,18,2.3. 2  9. 1  1,LOCACION DE SERVICIOS REALIZADOS POR PERSONAS NATURALES RELACIONADAS AL ROL DE LA ENTIDAD,10000.00,Compromiso
2026,1028,03,S,1395,13/03/2026 00:00:00,10255211744,PALOMINO MARQUEZ VICTOR,106,CONTRATO MENOR,CM,,SERVICIO DE REVISION DE TRANSFERENCIA DE DOCUMENTOS AL ARCHIVO II.,1562,18,2.3. 2  9. 1  1,LOCACION DE SERVICIOS REALIZADOS POR PERSONAS NATURALES RELACIONADAS AL ROL DE LA ENTIDAD,10000.00,Compromiso
2026,1028,03,S,1396,13/03/2026 00:00:00,10759632953,SILVA RICALDI STEFHANO MOISES NICOLAS,106,CONTRATO MENOR,CM,,SERVICIO DE DIGITALIZACION Y FOLIACION DE DOCUMENTOS DE ARCHIVO.,1563,18,2.3. 2  9. 1  1,LOCACION DE SERVICIOS REALIZADOS POR PERSONAS NATURALES RELACIONADAS AL ROL DE LA ENTIDAD,8000.00,Compromiso
2026,1028,03,S,1397,13/03/2026 00:00:00,10453223405,BLAS LOPEZ ANDRES MARTIN,106,CONTRATO MENOR,CM,,SERVICIO DE ORDENAMIENTO DE DOCUMENTOS DE ARCHIVO I.,1564,18,2.3. 2  9. 1  1,LOCACION DE SERVICIOS REALIZADOS POR PERSONAS NATURALES RELACIONADAS AL ROL DE LA ENTIDAD,10000.00,Compromiso
2026,1028,03,S,1398,13/03/2026 00:00:00,10702021125,TABOADA REYES PIERRE ANTHONY,106,CONTRATO MENOR,CM,,SERVICIO DE ORDENAMIENTO DE DOCUMENTOS DE ARCHIVO II.,1565,18,2.3. 2  9. 1  1,LOCACION DE SERVICIOS REALIZADOS POR PERSONAS NATURALES RELACIONADAS AL ROL DE LA ENTIDAD,8000.00,Compromiso
2026,1028,03,S,1399,13/03/2026 00:00:00,10429946625,GONZALES CORONADO PAULO LUIS,106,CONTRATO MENOR,CM,,SERVICIO DE ORDENAMIENTO DE DOCUMENTOS DE ARCHIVO III.,1566,18,2.3. 2  9. 1  1,LOCACION DE SERVICIOS REALIZADOS POR PERSONAS NATURALES RELACIONADAS AL ROL DE LA ENTIDAD,10000.00,Compromiso
2026,1028,03,S,1400,13/03/2026 00:00:00,10480850942,PE•A GUIZADA JOSHELING STEPHANY,106,CONTRATO MENOR,CM,,SERVICIO DE CLASIFICACION Y DIGITALIZACION DE DOCUMENTOS .,1567,18,2.3. 2  9. 1  1,LOCACION DE SERVICIOS REALIZADOS POR PERSONAS NATURALES RELACIONADAS AL ROL DE LA ENTIDAD,14000.00,Compromiso
2026,1028,03,S,1401,13/03/2026 00:00:00,10753845173,HILARIO HURTADO LEONELA ALEJANDRA,106,CONTRATO MENOR,CM,,SERVICIO DE DIGITALIZACION Y ORGANIZACI‡N DE DOCUMENTACION.,1568,18,2.3. 2  9. 1  1,LOCACION DE SERVICIOS REALIZADOS POR PERSONAS NATURALES RELACIONADAS AL ROL DE LA ENTIDAD,8000.00,Compromiso
2026,1028,03,S,1402,13/03/2026 00:00:00,10740183686,AMADO MOGOLLON JEREMY ALEJANDRO,106,CONTRATO MENOR,CM,,"SERVICIO DE RECEPCION, REGISTRO Y DISTRIBUCION DE DOCUMENTACION ADMINISTRATIVA I.",1569,18,2.3. 2  9. 1  1,LOCACION DE SERVICIOS REALIZADOS POR PERSONAS NATURALES RELACIONADAS AL ROL DE LA ENTIDAD,10000.00,Compromiso
2026,1028,03,S,1403,13/03/2026 00:00:00,10703753839,CHUNGA BARRETO JOSUE ALEXANDER,106,CONTRATO MENOR,CM,,"SERVICIO DE RECEPCION, REGISTRO Y DISTRIBUCION DE DOCUMENTACION ADMINISTRATIVA II.",1570,18,2.3. 2  9. 1  1,LOCACION DE SERVICIOS REALIZADOS POR PERSONAS NATURALES RELACIONADAS AL ROL DE LA ENTIDAD,10000.00,Compromiso
2026,1028,03,S,1404,13/03/2026 00:00:00,10611782948,OSCAR ANGELLO JAVIER POEMAPE CANCHANYA,106,CONTRATO MENOR,CM,,"SERVICIO DE RECEPCION, REGISTRO Y DISTRIBUCION DE DOCUMENTACION ADMINISTRATIVA III.",1571,18,2.3. 2  9. 1  1,LOCACION DE SERVICIOS REALIZADOS POR PERSONAS NATURALES RELACIONADAS AL ROL DE LA ENTIDAD,8000.00,Compromiso
2026,1028,03,S,1405,13/03/2026 00:00:00,10483113108,FLORES VALCAZAR JULIAN MICHEL,106,CONTRATO MENOR,CM,,"SERVICIO DE RECEPCION, REGISTRO Y DISTRIBUCION DE DOCUMENTACION ADMINISTRATIVA IV.",1572,18,2.3. 2  9. 1  1,LOCACION DE SERVICIOS REALIZADOS POR PERSONAS NATURALES RELACIONADAS AL ROL DE LA ENTIDAD,8000.00,Compromiso
2026,1028,03,S,1406,13/03/2026 00:00:00,10714279772,BARROZO FIGUEROA ALVARO VALENTINO,106,CONTRATO MENOR,CM,,SERVICIO DE ORIENTACION Y RECEPCION DOCUMENTAL EN MESA DE PARTES I.,1573,18,2.3. 2  9. 1  1,LOCACION DE SERVICIOS REALIZADOS POR PERSONAS NATURALES RELACIONADAS AL ROL DE LA ENTIDAD,8000.00,Compromiso
2026,1028,03,S,1407,13/03/2026 00:00:00,10412735833,EVELYN ROXANA JIMENEZ VIZCARDO,106,CONTRATO MENOR,CM,,SERVICIO DE ORIENTACION Y RECEPCION DOCUMENTAL EN MESA DE PARTES II.,1574,18,2.3. 2  9. 1  1,LOCACION DE SERVICIOS REALIZADOS POR PERSONAS NATURALES RELACIONADAS AL ROL DE LA ENTIDAD,8000.00,Compromiso
2026,1028,03,S,1408,13/03/2026 00:00:00,10453159383,MESIA VARGAS JOSE EDGAR,106,CONTRATO MENOR,CM,,SERVICIO DE SEGUIMIENTO DE DOCUMENTOS ADMINISTRATIVOS.,1575,18,2.3. 2  9. 1  1,LOCACION DE SERVICIOS REALIZADOS POR PERSONAS NATURALES RELACIONADAS AL ROL DE LA ENTIDAD,12000.00,Compromiso
2026,1028,03,S,1409,13/03/2026 00:00:00,10430860505,OCHOA LOBATON CESAR,106,CONTRATO MENOR,CM,,SERVICIO DE NOTIFICADOR I.,1576,18,2.3. 2  9. 1  1,LOCACION DE SERVICIOS REALIZADOS POR PERSONAS NATURALES RELACIONADAS AL ROL DE LA ENTIDAD,14000.00,Compromiso
2026,1028,03,S,1410,13/03/2026 00:00:00,10441017567,JOERCINIO ROBERTO CHAVEZ RUPAY,106,CONTRATO MENOR,CM,,SERVICIO DE NOTIFICADOR II.,1577,18,2.3. 2  9. 1  1,LOCACION DE SERVICIOS REALIZADOS POR PERSONAS NATURALES RELACIONADAS AL ROL DE LA ENTIDAD,12800.00,Compromiso
2026,1028,03,S,1411,13/03/2026 00:00:00,10749121837,RODRIGUEZ MAGUI•A PAOLO ALEXANDER,106,CONTRATO MENOR,CM,,SERVICIO DE ASISTENCIA TECNICA ADMINISTRATIVA.,1578,18,2.3. 2  9. 1  1,LOCACION DE SERVICIOS REALIZADOS POR PERSONAS NATURALES RELACIONADAS AL ROL DE LA ENTIDAD,22500.00,Compromiso
2026,1028,03,S,1412,13/03/2026 00:00:00,10255647381,ESPINOZA DIAZ PEDRO VICTOR,106,CONTRATO MENOR,CM,,SERVICIO ESPECIALIZADO EN CONTROL Y GESTI‡N DE PROCESOS OPERATIVOS ADMINISTRATIVOS.,1631,18,2.3. 2  9. 1  1,LOCACION DE SERVICIOS REALIZADOS POR PERSONAS NATURALES RELACIONADAS AL ROL DE LA ENTIDAD,36000.00,Compromiso
2026,1028,03,S,1413,13/03/2026 00:00:00,10082491959,PASTOR DE LA CRUZ KENY ANTONIO,106,CONTRATO MENOR,CM,,SERVICIO ESPECIALIZADO EN MATERIA LEGAL EN GESTI‡N PÈBLICA.,1632,18,2.3. 2  9. 1  1,LOCACION DE SERVICIOS REALIZADOS POR PERSONAS NATURALES RELACIONADAS AL ROL DE LA ENTIDAD,32000.00,Compromiso
2026,1028,03,S,1414,13/03/2026 00:00:00,10402331084,VERASTEGUI SOTO LITA AIME,106,CONTRATO MENOR,CM,, SERVICIO ESPECIALIZADO LEGAL EN PROCEDIMIENTOS ADMINISTRATIVOS.,1633,18,2.3. 2  9. 1  1,LOCACION DE SERVICIOS REALIZADOS POR PERSONAS NATURALES RELACIONADAS AL ROL DE LA ENTIDAD,24000.00,Compromiso
2026,1028,03,S,1415,13/03/2026 00:00:00,10714579890,CAMPOS PURIZAGA  ALEJANDRA,106,CONTRATO MENOR,CM,,SERVICIO DE ASISTENCIA EN ORIENTACI‡N Y ATENCI‡N A USUARIOS .,1634,18,2.3. 2  9. 1  1,LOCACION DE SERVICIOS REALIZADOS POR PERSONAS NATURALES RELACIONADAS AL ROL DE LA ENTIDAD,10000.00,Compromiso
2026,1028,03,S,1416,13/03/2026 00:00:00,10421380274,TORRES ARANDIA MAGALY TRINIDAD,106,CONTRATO MENOR,CM,,SERVICIO DE GESTI‡N ADMINISTRATIVA.,1635,18,2.3. 2  9. 1  1,LOCACION DE SERVICIOS REALIZADOS POR PERSONAS NATURALES RELACIONADAS AL ROL DE LA ENTIDAD,8400.00,Compromiso
2026,1028,03,S,1417,13/03/2026 00:00:00,10702292889,LLAGAS REYNA GABRIEL ALEJANDRO,106,CONTRATO MENOR,CM,,SERVICIO DE COORDINACION ADMINISTRATIVA.,1636,18,2.3. 2  9. 1  1,LOCACION DE SERVICIOS REALIZADOS POR PERSONAS NATURALES RELACIONADAS AL ROL DE LA ENTIDAD,4000.00,Compromiso
2026,1028,03,S,1418,13/03/2026 00:00:00,10433286478,PERALES MERINO EDGARDLI GUSRO,106,CONTRATO MENOR,CM,,SERVICIO DE ANALISIS Y ELABORACION DE INFORMES EN TEMAS LEGALES.,1637,18,2.3. 2  9. 1  1,LOCACION DE SERVICIOS REALIZADOS POR PERSONAS NATURALES RELACIONADAS AL ROL DE LA ENTIDAD,16500.00,Compromiso
2026,1028,03,S,1419,13/03/2026 00:00:00,10100861971,PERCCA MAMANI JUAN DANIEL,106,CONTRATO MENOR,CM,,SERVICIO ESPECIALIZADO EN EVALUACION DE EXPEDIENTES TECNICOS.,1638,18,2.3. 2  9. 1  1,LOCACION DE SERVICIOS REALIZADOS POR PERSONAS NATURALES RELACIONADAS AL ROL DE LA ENTIDAD,18000.00,Compromiso
2026,1028,03,S,1420,13/03/2026 00:00:00,10758904992,PORTAL VILLANUEVA BRAYAN JASON,106,CONTRATO MENOR,CM,,"SERVICIO DE COORDINACION, SEGUIMIENTO Y PROCESAMIENTO DE INFORMACION.",1639,18,2.3. 2  9. 1  1,LOCACION DE SERVICIOS REALIZADOS POR PERSONAS NATURALES RELACIONADAS AL ROL DE LA ENTIDAD,15000.00,Compromiso
2026,1028,03,S,1421,13/03/2026 00:00:00,10421303032,PONCE ASENCIOS JUAN MANUEL,106,CONTRATO MENOR,CM,,SERVICIO DE ASISTENCIA TêCNICA EN SISTEMA DE INFORMACI‡N GEOGRµFICA.,1640,18,2.3. 2  9. 1  1,LOCACION DE SERVICIOS REALIZADOS POR PERSONAS NATURALES RELACIONADAS AL ROL DE LA ENTIDAD,9600.00,Compromiso
2026,1028,03,S,1422,13/03/2026 00:00:00,10767004848,PIERO PHILLIPS VARGAS AREVALO,106,CONTRATO MENOR,CM,,SERVICIO DE ACTUALIZACION DE CARTOGRAFIA EN SISTEMACION DE INFORMACION .,1641,18,2.3. 2  9. 1  1,LOCACION DE SERVICIOS REALIZADOS POR PERSONAS NATURALES RELACIONADAS AL ROL DE LA ENTIDAD,16350.00,Compromiso
2026,1028,03,S,1423,13/03/2026 00:00:00,10474820691,APONTE OLORTEGUI CESAR AGUSTO CARLOS,106,CONTRATO MENOR,CM,,SERVICIO DE COORDINACION PARA LA REVISION DE EXPEDIENTES LEGALES .,1642,18,2.3. 2  9. 1  1,LOCACION DE SERVICIOS REALIZADOS POR PERSONAS NATURALES RELACIONADAS AL ROL DE LA ENTIDAD,18000.00,Compromiso
2026,1028,03,S,1424,13/03/2026 00:00:00,10461147998,ALCOSER LLACTA FARLY BORIS,106,CONTRATO MENOR,CM,,SERVICIO DE ASISTENCIA TECNICA EN REVISION Y ANALISIS DE DOCUMENTOS TECNICOS .,1643,18,2.3. 2  9. 1  1,LOCACION DE SERVICIOS REALIZADOS POR PERSONAS NATURALES RELACIONADAS AL ROL DE LA ENTIDAD,12000.00,Compromiso
2026,1028,03,S,1425,13/03/2026 00:00:00,10068010301,HUAMANI LEONA MIRTHA,106,CONTRATO MENOR,CM,,SERVICIO LEGAL PARA LA REVISI‡N DE DOCUMENTOS DE GESTI‡N ADMINISTRATIVA.,1644,18,2.3. 2  9. 1  1,LOCACION DE SERVICIOS REALIZADOS POR PERSONAS NATURALES RELACIONADAS AL ROL DE LA ENTIDAD,5500.00,Compromiso
2026,1028,03,S,1426,13/03/2026 00:00:00,10456364905,PINTO GUEVARA FERNANDO AMPIER,106,CONTRATO MENOR,CM,,SERVICIO DE ASISTENCIA LEGAL EN PROCESOS ADMINISTRATIVOS.,1645,18,2.3. 2  9. 1  1,LOCACION DE SERVICIOS REALIZADOS POR PERSONAS NATURALES RELACIONADAS AL ROL DE LA ENTIDAD,8000.00,Compromiso
2026,1028,03,S,1427,13/03/2026 00:00:00,10418930999,SANCHEZ BARBOZA HUGO FERNANDO,106,CONTRATO MENOR,CM,,SERVICIO DE ASISTENCIA EN LA ELABORACI‡N DE DOCUMENTOS ADMINISTRATIVOS.,1646,18,2.3. 2  9. 1  1,LOCACION DE SERVICIOS REALIZADOS POR PERSONAS NATURALES RELACIONADAS AL ROL DE LA ENTIDAD,8000.00,Compromiso
2026,1028,03,S,1428,13/03/2026 00:00:00,10166935437,FERNANDEZ RIOJA DANY DANIA,106,CONTRATO MENOR,CM,,SERVICIO DE CLASIFICACI‡N Y ORDENAMIENTO DE ARCHIVOS.,1647,18,2.3. 2  9. 1  1,LOCACION DE SERVICIOS REALIZADOS POR PERSONAS NATURALES RELACIONADAS AL ROL DE LA ENTIDAD,12000.00,Compromiso
2026,1028,03,S,1429,13/03/2026 00:00:00,10409840821,DORREGARAY MEZA DAVID PAUL,106,CONTRATO MENOR,CM,,SERVICIO DE RECOLECI‡N DE DATOS EN CAMPO.,1648,18,2.3. 2  9. 1  1,LOCACION DE SERVICIOS REALIZADOS POR PERSONAS NATURALES RELACIONADAS AL ROL DE LA ENTIDAD,10000.00,Compromiso
2026,1028,03,S,1430,13/03/2026 00:00:00,10748343933,LOZANO BAUTISTA BRENDA GERALDINE,106,CONTRATO MENOR,CM,,SERVICIO DE REVISION DE EXPEDIENTE TECNICO.,1649,18,2.3. 2  9. 1  1,LOCACION DE SERVICIOS REALIZADOS POR PERSONAS NATURALES RELACIONADAS AL ROL DE LA ENTIDAD,4000.00,Compromiso
2026,1028,03,S,1431,13/03/2026 00:00:00,10258397954,ALVARADO DA•INO MARCO ANTONIO,106,CONTRATO MENOR,CM,,"SERVICIO DE PROCESAMIENTO, ORDENAMIENTO Y CLASIFICACI‡N DE DOCUMENTOS ADMINISTRATIVOS.",1650,18,2.3. 2  9. 1  1,LOCACION DE SERVICIOS REALIZADOS POR PERSONAS NATURALES RELACIONADAS AL ROL DE LA ENTIDAD,4000.00,Compromiso
2026,1028,03,S,1432,13/03/2026 00:00:00,10769813140,PAUCAR TERRONES FABRIZIO MARCELO,106,CONTRATO MENOR,CM,,SERVICIO DE REVISI‡N DE INFORMES Y EXPEDIENTES TêCNICOS.,1651,18,2.3. 2  9. 1  1,LOCACION DE SERVICIOS REALIZADOS POR PERSONAS NATURALES RELACIONADAS AL ROL DE LA ENTIDAD,2500.00,Compromiso
2026,1028,03,S,1433,13/03/2026 00:00:00,10747085060,NU•EZ PACHECO AARON PATRICIO,106,CONTRATO MENOR,CM,,SERVICIO DE ASISTENCIA TECNICA EN GESTION DE PROCESOS ADMINISTRATIVOS.,1652,18,2.3. 2  9. 1  1,LOCACION DE SERVICIOS REALIZADOS POR PERSONAS NATURALES RELACIONADAS AL ROL DE LA ENTIDAD,4500.00,Compromiso
2026,1028,03,S,1434,13/03/2026 00:00:00,10442918495,ALVARADO GONZALES JEAN CARLO,106,CONTRATO MENOR,CM,,SERVICIO DE ASISTENCIA TêCNICA LEGAL.,1653,18,2.3. 2  9. 1  1,LOCACION DE SERVICIOS REALIZADOS POR PERSONAS NATURALES RELACIONADAS AL ROL DE LA ENTIDAD,4500.00,Compromiso
2026,1028,03,S,1435,13/03/2026 00:00:00,10720167102,GUERRERO OSORNO MANUEL ANTONIO,106,CONTRATO MENOR,CM,,SERVICIO DE CONSOLIDACION Y ANALISIS DE DATOS ESTADISTICOS,1630,18,2.3. 2  9. 1  1,LOCACION DE SERVICIOS REALIZADOS POR PERSONAS NATURALES RELACIONADAS AL ROL DE LA ENTIDAD,14000.00,Compromiso
2026,1028,03,S,1436,16/03/2026 00:00:00,10479540689,CASIANO MONTERO GRETTA PAMELA,106,CONTRATO MENOR,CM,,SERVICIO ESPECIALIZADO EN MATERIA LEGAL PARA LA GERENCIA DE ASESOR÷A JUR÷DICA DEL GOBIERNO REGIONAL DEL CALLAO,1654,18,2.3. 2  9. 1  1,LOCACION DE SERVICIOS REALIZADOS POR PERSONAS NATURALES RELACIONADAS AL ROL DE LA ENTIDAD,16000.00,Compromiso
2026,1028,03,S,1437,16/03/2026 00:00:00,20418896915,MAPFRE PERU COMPA•IA DE SEGUROS Y REASEGUROS,27,ADJUDICACION SIMPLIFICADA,AS,0044-2024-GORE-CALLAO,"SERVICIO DE POLIZAS DE SEGUROS DE VIDA LEY, SEGURO COMPLEMENTARIO DE TRABAJO DE RIESGO - PENSION, SEGURO COMPLEMENTARIO DE TRABAJO DE RIESGO - SALUD PARA LOS TRABAJADORES DEL GOBIERNO REGIONAL DEL CALLAO Y SEGURO DE FORMACION LABORAL",1733,18,2.3. 2  6. 3  4,OTROS SEGUROS PERSONALES,8751.06,Compromiso
2026,1028,03,S,1437,16/03/2026 00:00:00,20418896915,MAPFRE PERU COMPA•IA DE SEGUROS Y REASEGUROS,27,ADJUDICACION SIMPLIFICADA,AS,0044-2024-GORE-CALLAO,"SERVICIO DE POLIZAS DE SEGUROS DE VIDA LEY, SEGURO COMPLEMENTARIO DE TRABAJO DE RIESGO - PENSION, SEGURO COMPLEMENTARIO DE TRABAJO DE RIESGO - SALUD PARA LOS TRABAJADORES DEL GOBIERNO REGIONAL DEL CALLAO Y SEGURO DE FORMACION LABORAL",1733,18,2.1. 3  1. 1 12,CONTRIBUCIONES POR EL SEGURO COMPLEMENTARIO DE TRABAJO DE RIESGO,10545.14,Compromiso
2026,1028,03,S,1437,16/03/2026 00:00:00,20418896915,MAPFRE PERU COMPA•IA DE SEGUROS Y REASEGUROS,27,ADJUDICACION SIMPLIFICADA,AS,0044-2024-GORE-CALLAO,"SERVICIO DE POLIZAS DE SEGUROS DE VIDA LEY, SEGURO COMPLEMENTARIO DE TRABAJO DE RIESGO - PENSION, SEGURO COMPLEMENTARIO DE TRABAJO DE RIESGO - SALUD PARA LOS TRABAJADORES DEL GOBIERNO REGIONAL DEL CALLAO Y SEGURO DE FORMACION LABORAL",1733,18,2.1. 3  1. 1  6,OTRAS CONTRIBUCIONES DEL EMPLEADOR,21239.99,Compromiso
2026,1028,03,S,1438,16/03/2026 00:00:00,10092725940,RISSO BENDEZU SANTIAGO AUGUSTO,106,CONTRATO MENOR,CM,,SERVICIO ESPECIALIZADO DE COMUNICACI‡N SOCIAL PARA LA GERENCIA REGIONAL DE DESARROLLO ECON‡MICO DEL GOBIERNO REGIONAL DEL CALLAO.,1682,18,2.3. 2  9. 1  1,LOCACION DE SERVICIOS REALIZADOS POR PERSONAS NATURALES RELACIONADAS AL ROL DE LA ENTIDAD,25100.00,Compromiso
2026,1028,03,S,1439,16/03/2026 00:00:00,10099518117,CHIRINOS MERINO EDUARDO CESAR,106,CONTRATO MENOR,CM,,SERVICIO DE COORDINACION TECNICA EN ACTIVIDADES DE EVENTOS DEPORTIVOS PARA LA OFICINA DE DEPORTE,1658,18,2.3. 2  9. 1  1,LOCACION DE SERVICIOS REALIZADOS POR PERSONAS NATURALES RELACIONADAS AL ROL DE LA ENTIDAD,30000.00,Compromiso
2026,1028,03,S,1440,16/03/2026 00:00:00,10709183791,UZURIAGA GAMARRA LORENA LOURDES,106,CONTRATO MENOR,CM,,"SERVICIO DE ORGANIZACION, GESTION Y DIRECCION TECNICA DE DEPORTES PARA LA OFICINA DE DEPORTE",1659,18,2.3. 2  9. 1  1,LOCACION DE SERVICIOS REALIZADOS POR PERSONAS NATURALES RELACIONADAS AL ROL DE LA ENTIDAD,24000.00,Compromiso
2026,1028,03,S,1441,16/03/2026 00:00:00,10477275589,ORELLANA ORELLANA RICARDO,106,CONTRATO MENOR,CM,,SERVICIO DE ASISTENCIA TECNICA ADMINISTRATIVA I PARA LA OFICINA DE DEPORTE Y RECREACION DE LA GERENC,1660,18,2.3. 2  9. 1  1,LOCACION DE SERVICIOS REALIZADOS POR PERSONAS NATURALES RELACIONADAS AL ROL DE LA ENTIDAD,16000.00,Compromiso
2026,1028,03,S,1442,16/03/2026 00:00:00,10082207061,ABADIE CASTILLO LUIS ALBERTO,106,CONTRATO MENOR,CM,,SERVICIO DE SEGUIMIENTO Y MONITOREO DE ACTIVIDADES DE CAMPO I PARA LA OFICINA DE DEPORTE,1661,18,2.3. 2  9. 1  1,LOCACION DE SERVICIOS REALIZADOS POR PERSONAS NATURALES RELACIONADAS AL ROL DE LA ENTIDAD,16000.00,Compromiso
2026,1028,03,S,1443,16/03/2026 00:00:00,10414439824,CASTRO GONZALES SILVIA MAGALLY,106,CONTRATO MENOR,CM,,SERVICIO DE SEGUIMIENTO Y MONITOREO DE ACTIVIDADES DE CAMPO II PARA LA OFICINA DE DEPORTE,1662,18,2.3. 2  9. 1  1,LOCACION DE SERVICIOS REALIZADOS POR PERSONAS NATURALES RELACIONADAS AL ROL DE LA ENTIDAD,16000.00,Compromiso
2026,1028,03,S,1444,16/03/2026 00:00:00,10727890748,SUAREZ SOLIS JOSE ALFONSO,106,CONTRATO MENOR,CM,,SERVICIO DE ASISTENCIA EN PROGRAMACION Y PRESUPUESTO PARA LA FORMULACION Y SEGUIMIENTO DE ACTIVIDADE,1663,18,2.3. 2  9. 1  1,LOCACION DE SERVICIOS REALIZADOS POR PERSONAS NATURALES RELACIONADAS AL ROL DE LA ENTIDAD,20000.00,Compromiso
2026,1028,03,S,1445,16/03/2026 00:00:00,10413680340,MARQUEZ PALOMINO EVELYN LORENA,106,CONTRATO MENOR,CM,,SERVICIO ESPECIALIZADO EN CONTRATACIONES PUBLICAS PARA LA OFICINA DE DEPORTE Y RECREACION DE LA GERE,1664,18,2.3. 2  9. 1  1,LOCACION DE SERVICIOS REALIZADOS POR PERSONAS NATURALES RELACIONADAS AL ROL DE LA ENTIDAD,18000.00,Compromiso
2026,1028,03,S,1446,16/03/2026 00:00:00,10736770933,VILLANUEVA MELENDEZ JORGE ALEXANDRO,106,CONTRATO MENOR,CM,,SERVICIO ADMINISTRATIVO EN PLANIFICACION PARA LA OFICINA DE DEPORTE Y RECREACION DE LA GERENCIA,1665,18,2.3. 2  9. 1  1,LOCACION DE SERVICIOS REALIZADOS POR PERSONAS NATURALES RELACIONADAS AL ROL DE LA ENTIDAD,16000.00,Compromiso
2026,1028,03,S,1447,16/03/2026 00:00:00,10452009728,MENDOZA RAMOS KATHERINE DENISSE,106,CONTRATO MENOR,CM,,SERVICIO EN ASISTENCIA TECNICA EN LOGISTICA PARA LA OFICINA DE DEPORTE Y RECREACION DE LA GERENCIA,1666,18,2.3. 2  9. 1  1,LOCACION DE SERVICIOS REALIZADOS POR PERSONAS NATURALES RELACIONADAS AL ROL DE LA ENTIDAD,16000.00,Compromiso
2026,1028,03,S,1448,16/03/2026 00:00:00,10763242345,CHUQUINO CAPA LIZ CONSUELO,106,CONTRATO MENOR,CM,,SERVICIO DE ASISTENCIA TECNICA EN GESTION Y PLANIFICACION PARA LA OFICINA DE DEPORTE Y RECREACION,1667,18,2.3. 2  9. 1  1,LOCACION DE SERVICIOS REALIZADOS POR PERSONAS NATURALES RELACIONADAS AL ROL DE LA ENTIDAD,21000.00,Compromiso
2026,1028,03,S,1449,16/03/2026 00:00:00,10106673581,GUEVARA VALDEZ KARIM PATRICIA,106,CONTRATO MENOR,CM,,SERVICIO ESPECIALIZADO EN MATERIA LEGAL I PARA LA OFICINA DE DEPORTE Y RECREACION DE LA GERENCIA,1668,18,2.3. 2  9. 1  1,LOCACION DE SERVICIOS REALIZADOS POR PERSONAS NATURALES RELACIONADAS AL ROL DE LA ENTIDAD,28000.00,Compromiso
2026,1028,03,S,1450,16/03/2026 00:00:00,10102218707,VILLEGAS BUSTAMANTE MARIBEL GIOVANNA,106,CONTRATO MENOR,CM,,SERVICIO DE ASISTENCIA TECNICA ADMINISTRATIVA II PARA LA OFICINA DE DEPORTE Y RECREACION DE LA GEREN,1669,18,2.3. 2  9. 1  1,LOCACION DE SERVICIOS REALIZADOS POR PERSONAS NATURALES RELACIONADAS AL ROL DE LA ENTIDAD,16000.00,Compromiso
2026,1028,03,S,1451,16/03/2026 00:00:00,10730233413,MARTINEZ OYOLA FLOR DE ALHELI ROSALIA,106,CONTRATO MENOR,CM,,SERVICIO EN COMUNICACION E IMAGEN INSTITUCIONAL PARA LA OFICINA DE DEPORTE Y RECREACION DE LA GERENC,1670,18,2.3. 2  9. 1  1,LOCACION DE SERVICIOS REALIZADOS POR PERSONAS NATURALES RELACIONADAS AL ROL DE LA ENTIDAD,15000.00,Compromiso
2026,1028,03,S,1452,16/03/2026 00:00:00,10484795610,AYRES FERNANDEZ MILYSSA ENGEL,106,CONTRATO MENOR,CM,,SERVICIO DE AUXILIAR ADMINISTRATIVO PARA LA OFICINA DE DEPORTE Y RECREACION DE LA GERENCIA REGIONAL,1671,18,2.3. 2  9. 1  1,LOCACION DE SERVICIOS REALIZADOS POR PERSONAS NATURALES RELACIONADAS AL ROL DE LA ENTIDAD,12000.00,Compromiso
2026,1028,03,S,1453,16/03/2026 00:00:00,10771655551,MENDIVIL PERALTA CELIA JASMIN,106,CONTRATO MENOR,CM,,SERVICIO DE ASISTENCIA EN GESTION DOCUMENTAL PARA LA OFICINA DE DEPORTE Y RECREACION DE LA GERENCIA,1672,18,2.3. 2  9. 1  1,LOCACION DE SERVICIOS REALIZADOS POR PERSONAS NATURALES RELACIONADAS AL ROL DE LA ENTIDAD,10000.00,Compromiso
2026,1028,03,S,1454,16/03/2026 00:00:00,10401507405,MONTERO CLUZEL EMILIO GUSTAVO,106,CONTRATO MENOR,CM,,SERVICIO DE CONTROL Y SEGUIMIENTO DE INGRESO Y SALIDA DE BIENES DE ALMACEN PARA LA OFICINA DE DEPORT,1673,18,2.3. 2  9. 1  1,LOCACION DE SERVICIOS REALIZADOS POR PERSONAS NATURALES RELACIONADAS AL ROL DE LA ENTIDAD,16000.00,Compromiso
2026,1028,03,S,1455,16/03/2026 00:00:00,10447982779,PAUCCAR MARI•O GISELA JUSTINA,106,CONTRATO MENOR,CM,,SERVICIO DE REGISTRO Y RECEPCION DE BIENES EN ALMACEN I PARA LA OFICINA DE DEPORTE Y RECREACION,1674,18,2.3. 2  9. 1  1,LOCACION DE SERVICIOS REALIZADOS POR PERSONAS NATURALES RELACIONADAS AL ROL DE LA ENTIDAD,10000.00,Compromiso
2026,1028,03,S,1456,16/03/2026 00:00:00,10476603361,NIETO VARGAS NERY JANINA DEL PILAR,106,CONTRATO MENOR,CM,,SERVICIO DE PROMOTOR DEPORTIVO I PARA LA ACTIVIDAD: ?INCREMENTO DE ACTIVIDADES DEPORTIVAS Y RECREATI,1683,18,2.3. 2  9. 1  1,LOCACION DE SERVICIOS REALIZADOS POR PERSONAS NATURALES RELACIONADAS AL ROL DE LA ENTIDAD,1500.00,Compromiso
2026,1028,03,S,1457,16/03/2026 00:00:00,10490529611,IZQUIERDO BORDA YAMILE,106,CONTRATO MENOR,CM,,SERVICIO DE PROMOTOR DEPORTIVO II PARA LA ACTIVIDAD: ?INCREMENTO DE ACTIVIDADES DEPORTIVAS Y RECREAT,1684,18,2.3. 2  9. 1  1,LOCACION DE SERVICIOS REALIZADOS POR PERSONAS NATURALES RELACIONADAS AL ROL DE LA ENTIDAD,1500.00,Compromiso
2026,1028,03,S,1458,16/03/2026 00:00:00,10607706820,CARRASCO CHIROQUE MARIA CRISTINA,106,CONTRATO MENOR,CM,,SERVICIO DE PROMOTOR DEPORTIVO III PARA LA ACTIVIDAD: ?INCREMENTO DE ACTIVIDADES DEPORTIVAS Y RECREA,1685,18,2.3. 2  9. 1  1,LOCACION DE SERVICIOS REALIZADOS POR PERSONAS NATURALES RELACIONADAS AL ROL DE LA ENTIDAD,1500.00,Compromiso
2026,1028,03,S,1459,16/03/2026 00:00:00,10257162830,LIENDO BAILLY JESSICA ROMINA,106,CONTRATO MENOR,CM,,SERVICIO DE PROMOTOR DEPORTIVO IV PARA LA ACTIVIDAD: ?INCREMENTO DE ACTIVIDADES DEPORTIVAS Y RECREAT,1686,18,2.3. 2  9. 1  1,LOCACION DE SERVICIOS REALIZADOS POR PERSONAS NATURALES RELACIONADAS AL ROL DE LA ENTIDAD,1500.00,Compromiso
2026,1028,03,S,1460,16/03/2026 00:00:00,10435883074,TALLEDO ALBURQUEQUE CYNTHIA ROSALINA,106,CONTRATO MENOR,CM,,SERVICIO DE PROMOTOR DEPORTIVO V PARA LA ACTIVIDAD: ?INCREMENTO DE ACTIVIDADES DEPORTIVAS Y RECREATI,1687,18,2.3. 2  9. 1  1,LOCACION DE SERVICIOS REALIZADOS POR PERSONAS NATURALES RELACIONADAS AL ROL DE LA ENTIDAD,1500.00,Compromiso
2026,1028,03,S,1461,16/03/2026 00:00:00,10402062610,RODRIGUEZ DIAZ MONICA BEATRIZ,106,CONTRATO MENOR,CM,,SERVICIO DE PROMOTOR DEPORTIVO VI PARA LA ACTIVIDAD: ?INCREMENTO DE ACTIVIDADES DEPORTIVAS Y RECREAT,1688,18,2.3. 2  9. 1  1,LOCACION DE SERVICIOS REALIZADOS POR PERSONAS NATURALES RELACIONADAS AL ROL DE LA ENTIDAD,1500.00,Compromiso
2026,1028,03,S,1462,16/03/2026 00:00:00,10484213637,ASSANZA CARDENAS DEYANIRA LISET,106,CONTRATO MENOR,CM,,SERVICIO DE PROMOTOR DEPORTIVO VII PARA LA ACTIVIDAD: ?INCREMENTO DE ACTIVIDADES DEPORTIVAS Y RECREA,1689,18,2.3. 2  9. 1  1,LOCACION DE SERVICIOS REALIZADOS POR PERSONAS NATURALES RELACIONADAS AL ROL DE LA ENTIDAD,1500.00,Compromiso
2026,1028,03,S,1463,16/03/2026 00:00:00,10759712825,CHING LOPEZ NIYU KANISKA,106,CONTRATO MENOR,CM,,SERVICIO DE PROMOTOR DEPORTIVO VIII PARA LA ACTIVIDAD: ?INCREMENTO DE ACTIVIDADES DEPORTIVAS Y RECRE,1690,18,2.3. 2  9. 1  1,LOCACION DE SERVICIOS REALIZADOS POR PERSONAS NATURALES RELACIONADAS AL ROL DE LA ENTIDAD,1500.00,Compromiso
2026,1028,03,S,1464,16/03/2026 00:00:00,10258605883,MAYORGA ALCANTARA JOSE MARCELINO,106,CONTRATO MENOR,CM,,SERVICIO DE PROMOTOR DEPORTIVO IX PARA LA ACTIVIDAD: ?INCREMENTO DE ACTIVIDADES DEPORTIVAS Y RECREAT,1691,18,2.3. 2  9. 1  1,LOCACION DE SERVICIOS REALIZADOS POR PERSONAS NATURALES RELACIONADAS AL ROL DE LA ENTIDAD,1500.00,Compromiso
2026,1028,03,S,1465,16/03/2026 00:00:00,10805222731,CISNEROS SANCHEZ MELISSA JAHAIRA,106,CONTRATO MENOR,CM,,SERVICIO DE PROMOTOR DEPORTIVO X PARA LA ACTIVIDAD: ?INCREMENTO DE ACTIVIDADES DEPORTIVAS Y RECREATI,1692,18,2.3. 2  9. 1  1,LOCACION DE SERVICIOS REALIZADOS POR PERSONAS NATURALES RELACIONADAS AL ROL DE LA ENTIDAD,1500.00,Compromiso
2026,1028,03,S,1466,16/03/2026 00:00:00,10480298697,ALAYZA RAFAILE ARACELLI DENISSE,106,CONTRATO MENOR,CM,,SERVICIO DE PROMOTOR DEPORTIVO XI PARA LA ACTIVIDAD: ?INCREMENTO DE ACTIVIDADES DEPORTIVAS Y RECREAT,1693,18,2.3. 2  9. 1  1,LOCACION DE SERVICIOS REALIZADOS POR PERSONAS NATURALES RELACIONADAS AL ROL DE LA ENTIDAD,1500.00,Compromiso
2026,1028,03,S,1467,16/03/2026 00:00:00,10753506298,VASQUEZ MAURICIO DEISY XIMENA,106,CONTRATO MENOR,CM,,SERVICIO DE PROMOTOR DEPORTIVO XII PARA LA ACTIVIDAD: ?INCREMENTO DE ACTIVIDADES DEPORTIVAS Y RECREA,1694,18,2.3. 2  9. 1  1,LOCACION DE SERVICIOS REALIZADOS POR PERSONAS NATURALES RELACIONADAS AL ROL DE LA ENTIDAD,1500.00,Compromiso
2026,1028,03,S,1468,16/03/2026 00:00:00,10724679531,CASTILLO PE•A KIMBERLY YANIREE,106,CONTRATO MENOR,CM,,SERVICIO DE PROMOTOR DEPORTIVO XIII PARA LA ACTIVIDAD: ?INCREMENTO DE ACTIVIDADES DEPORTIVAS Y RECRE,1695,18,2.3. 2  9. 1  1,LOCACION DE SERVICIOS REALIZADOS POR PERSONAS NATURALES RELACIONADAS AL ROL DE LA ENTIDAD,1500.00,Compromiso
2026,1028,03,S,1469,16/03/2026 00:00:00,10733289860,DIAZ MELECIO MILAGROS STEFANIA,106,CONTRATO MENOR,CM,,SERVICIO DE PROMOTOR DEPORTIVO XIV PARA LA ACTIVIDAD: ?INCREMENTO DE ACTIVIDADES DEPORTIVAS Y RECREA,1696,18,2.3. 2  9. 1  1,LOCACION DE SERVICIOS REALIZADOS POR PERSONAS NATURALES RELACIONADAS AL ROL DE LA ENTIDAD,1500.00,Compromiso
2026,1028,03,S,1470,16/03/2026 00:00:00,10429734130,PUENTE AQUINO MARIBEL NELLY,106,CONTRATO MENOR,CM,,SERVICIO DE PROMOTOR DEPORTIVO XV PARA LA ACTIVIDAD: ?INCREMENTO DE ACTIVIDADES DEPORTIVAS Y RECREAT,1697,18,2.3. 2  9. 1  1,LOCACION DE SERVICIOS REALIZADOS POR PERSONAS NATURALES RELACIONADAS AL ROL DE LA ENTIDAD,1500.00,Compromiso
2026,1028,03,S,1471,16/03/2026 00:00:00,10724241072,POLO VILLACORTA JEREMI ISMAEL,106,CONTRATO MENOR,CM,,SERVICIO DE PROMOTOR DEPORTIVO XVI PARA LA ACTIVIDAD: ?INCREMENTO DE ACTIVIDADES DEPORTIVAS Y RECREA,1698,18,2.3. 2  9. 1  1,LOCACION DE SERVICIOS REALIZADOS POR PERSONAS NATURALES RELACIONADAS AL ROL DE LA ENTIDAD,1500.00,Compromiso
2026,1028,03,S,1472,16/03/2026 00:00:00,10422047731,HIZO CHUQUIMANGO ISABEL JENNY,106,CONTRATO MENOR,CM,,SERVICIO DE PROMOTOR DEPORTIVO XVII PARA LA ACTIVIDAD: ?INCREMENTO DE ACTIVIDADES DEPORTIVAS Y RECRE,1699,18,2.3. 2  9. 1  1,LOCACION DE SERVICIOS REALIZADOS POR PERSONAS NATURALES RELACIONADAS AL ROL DE LA ENTIDAD,1500.00,Compromiso
2026,1028,03,S,1473,16/03/2026 00:00:00,10742504242,ZAVALETA ROSSI LIPSTICK YARITZA,106,CONTRATO MENOR,CM,,SERVICIO DE PROMOTOR DEPORTIVO XVIII PARA LA ACTIVIDAD: ?INCREMENTO DE ACTIVIDADES DEPORTIVAS Y RECR,1700,18,2.3. 2  9. 1  1,LOCACION DE SERVICIOS REALIZADOS POR PERSONAS NATURALES RELACIONADAS AL ROL DE LA ENTIDAD,1500.00,Compromiso
2026,1028,03,S,1474,16/03/2026 00:00:00,10756343195,ALCALDE FLORES YASIRA LETZABEL,106,CONTRATO MENOR,CM,,SERVICIO DE PROMOTOR DEPORTIVO XIX PARA LA ACTIVIDAD: ?INCREMENTO DE ACTIVIDADES DEPORTIVAS Y RECREA,1701,18,2.3. 2  9. 1  1,LOCACION DE SERVICIOS REALIZADOS POR PERSONAS NATURALES RELACIONADAS AL ROL DE LA ENTIDAD,1500.00,Compromiso
2026,1028,03,S,1475,16/03/2026 00:00:00,10471809450,DUK VILDOSOLA JHOSELINE,106,CONTRATO MENOR,CM,,SERVICIO DE PROMOTOR DEPORTIVO XX PARA LA ACTIVIDAD: ?INCREMENTO DE ACTIVIDADES DEPORTIVAS Y RECREAT,1702,18,2.3. 2  9. 1  1,LOCACION DE SERVICIOS REALIZADOS POR PERSONAS NATURALES RELACIONADAS AL ROL DE LA ENTIDAD,1500.00,Compromiso
2026,1028,03,S,1476,16/03/2026 00:00:00,10608809771,BOCANGEL IZQUIERDO LEONEL EDUARDO,106,CONTRATO MENOR,CM,,SERVICIO DE PROMOTOR DEPORTIVO XXI PARA LA ACTIVIDAD: ?INCREMENTO DE ACTIVIDADES DEPORTIVAS Y RECREA,1703,18,2.3. 2  9. 1  1,LOCACION DE SERVICIOS REALIZADOS POR PERSONAS NATURALES RELACIONADAS AL ROL DE LA ENTIDAD,1500.00,Compromiso
2026,1028,03,S,1477,16/03/2026 00:00:00,10751387631,SOBRINO HURTADO THAILI ANAIKA,106,CONTRATO MENOR,CM,,SERVICIO DE PROMOTOR DEPORTIVO XXII PARA LA ACTIVIDAD: ?INCREMENTO DE ACTIVIDADES DEPORTIVAS Y RECRE,1704,18,2.3. 2  9. 1  1,LOCACION DE SERVICIOS REALIZADOS POR PERSONAS NATURALES RELACIONADAS AL ROL DE LA ENTIDAD,1500.00,Compromiso
2026,1028,03,S,1478,16/03/2026 00:00:00,10708843950,VELASCO LUQUE KENIAESTEFANIA,106,CONTRATO MENOR,CM,,SERVICIO DE PROMOTOR DEPORTIVO XXIII PARA LA ACTIVIDAD: ?INCREMENTO DE ACTIVIDADES DEPORTIVAS Y RECR,1705,18,2.3. 2  9. 1  1,LOCACION DE SERVICIOS REALIZADOS POR PERSONAS NATURALES RELACIONADAS AL ROL DE LA ENTIDAD,1500.00,Compromiso
2026,1028,03,S,1479,16/03/2026 00:00:00,10404244138,OLIVERA MALPICA MILAGRO REYNA,106,CONTRATO MENOR,CM,,SERVICIO DE PROMOTOR DEPORTIVO XXIV PARA LA ACTIVIDAD: ?INCREMENTO DE ACTIVIDADES DEPORTIVAS Y RECRE,1706,18,2.3. 2  9. 1  1,LOCACION DE SERVICIOS REALIZADOS POR PERSONAS NATURALES RELACIONADAS AL ROL DE LA ENTIDAD,1500.00,Compromiso
2026,1028,03,S,1480,16/03/2026 00:00:00,10412024201,CHAVEZ SIFUENTES MARTIN REYNALDO,106,CONTRATO MENOR,CM,,SERVICIO DE PROMOTOR DEPORTIVO XXV PARA LA ACTIVIDAD: ?INCREMENTO DE ACTIVIDADES DEPORTIVAS Y RECREA,1707,18,2.3. 2  9. 1  1,LOCACION DE SERVICIOS REALIZADOS POR PERSONAS NATURALES RELACIONADAS AL ROL DE LA ENTIDAD,1500.00,Compromiso
2026,1028,03,S,1481,16/03/2026 00:00:00,10459890519,DIAZ OLIVERA LIZBETH MELANIE,106,CONTRATO MENOR,CM,,SERVICIO DE PROMOTOR DEPORTIVO XXVI PARA LA ACTIVIDAD: ?INCREMENTO DE ACTIVIDADES DEPORTIVAS Y RECRE,1708,18,2.3. 2  9. 1  1,LOCACION DE SERVICIOS REALIZADOS POR PERSONAS NATURALES RELACIONADAS AL ROL DE LA ENTIDAD,1500.00,Compromiso
2026,1028,03,S,1482,16/03/2026 00:00:00,10420132200,RODRIGUEZ CHILENO HECTOR EVER,106,CONTRATO MENOR,CM,,SERVICIO DE PROMOTOR DEPORTIVO XXVII PARA LA ACTIVIDAD: ?INCREMENTO DE ACTIVIDADES DEPORTIVAS Y RECR,1709,18,2.3. 2  9. 1  1,LOCACION DE SERVICIOS REALIZADOS POR PERSONAS NATURALES RELACIONADAS AL ROL DE LA ENTIDAD,1500.00,Compromiso
2026,1028,03,S,1483,16/03/2026 00:00:00,10750148188,MOLINA CASTA•EDA FAUSTO RAFAEL,106,CONTRATO MENOR,CM,,SERVICIO DE PROMOTOR DEPORTIVO XXVIII PARA LA ACTIVIDAD: ?INCREMENTO DE ACTIVIDADES DEPORTIVAS Y REC,1710,18,2.3. 2  9. 1  1,LOCACION DE SERVICIOS REALIZADOS POR PERSONAS NATURALES RELACIONADAS AL ROL DE LA ENTIDAD,1500.00,Compromiso
2026,1028,03,S,1484,16/03/2026 00:00:00,10805096409,CHIROQUE CARRASCO ROXANA ISABEL,106,CONTRATO MENOR,CM,,SERVICIO DE PROMOTOR DEPORTIVO XXIX PARA LA ACTIVIDAD: ?INCREMENTO DE ACTIVIDADES DEPORTIVAS Y RECRE,1711,18,2.3. 2  9. 1  1,LOCACION DE SERVICIOS REALIZADOS POR PERSONAS NATURALES RELACIONADAS AL ROL DE LA ENTIDAD,1500.00,Compromiso
2026,1028,03,S,1485,16/03/2026 00:00:00,10255705348,BORDA ALBINO CARMEN ANTONIA,106,CONTRATO MENOR,CM,,SERVICIO DE PROMOTOR DEPORTIVO XXX PARA LA ACTIVIDAD: ?INCREMENTO DE ACTIVIDADES DEPORTIVAS Y RECREA,1712,18,2.3. 2  9. 1  1,LOCACION DE SERVICIOS REALIZADOS POR PERSONAS NATURALES RELACIONADAS AL ROL DE LA ENTIDAD,1500.00,Compromiso
2026,1028,03,S,1486,16/03/2026 00:00:00,10742801760,OLAYA CARRASCO BRITNEY BRIGGY,106,CONTRATO MENOR,CM,,SERVICIO DE PROMOTOR DEPORTIVO XXXI PARA LA ACTIVIDAD: ?INCREMENTO DE ACTIVIDADES DEPORTIVAS Y RECRE,1713,18,2.3. 2  9. 1  1,LOCACION DE SERVICIOS REALIZADOS POR PERSONAS NATURALES RELACIONADAS AL ROL DE LA ENTIDAD,1500.00,Compromiso
2026,1028,03,S,1487,16/03/2026 00:00:00,10740894078,GOYCOCHEA LIENDO NAYELI SAMARA,106,CONTRATO MENOR,CM,,SERVICIO DE PROMOTOR DEPORTIVO XXXII PARA LA ACTIVIDAD: ?INCREMENTO DE ACTIVIDADES DEPORTIVAS Y RECR,1714,18,2.3. 2  9. 1  1,LOCACION DE SERVICIOS REALIZADOS POR PERSONAS NATURALES RELACIONADAS AL ROL DE LA ENTIDAD,1500.00,Compromiso
2026,1028,03,S,1488,16/03/2026 00:00:00,10255642061,TELLO MENDOZA VIVIANA YOLANDA,106,CONTRATO MENOR,CM,,SERVICIO DE PROMOTOR DEPORTIVO XXXIII PARA LA ACTIVIDAD: ?INCREMENTO DE ACTIVIDADES DEPORTIVAS Y REC,1715,18,2.3. 2  9. 1  1,LOCACION DE SERVICIOS REALIZADOS POR PERSONAS NATURALES RELACIONADAS AL ROL DE LA ENTIDAD,1500.00,Compromiso
2026,1028,03,S,1489,16/03/2026 00:00:00,10740855501,LLAMOZA GODOY JAIR ALEXIS,106,CONTRATO MENOR,CM,,SERVICIO DE PROMOTOR DEPORTIVO XXXIV PARA LA ACTIVIDAD: ?INCREMENTO DE ACTIVIDADES DEPORTIVAS Y RECR,1716,18,2.3. 2  9. 1  1,LOCACION DE SERVICIOS REALIZADOS POR PERSONAS NATURALES RELACIONADAS AL ROL DE LA ENTIDAD,1500.00,Compromiso
2026,1028,03,S,1490,16/03/2026 00:00:00,10477687976,VERNAZZA ROJAS JOSE OSWALDO,106,CONTRATO MENOR,CM,,SERVICIO DE PROMOTOR DEPORTIVO XXXV PARA LA ACTIVIDAD: ?INCREMENTO DE ACTIVIDADES DEPORTIVAS Y RECRE,1717,18,2.3. 2  9. 1  1,LOCACION DE SERVICIOS REALIZADOS POR PERSONAS NATURALES RELACIONADAS AL ROL DE LA ENTIDAD,1500.00,Compromiso
2026,1028,03,S,1491,16/03/2026 00:00:00,10405582398,HUAMAN ALVAREZ JOAN MARIE,106,CONTRATO MENOR,CM,,SERVICIO DE PROMOTOR DEPORTIVO XXXVI PARA LA ACTIVIDAD: ?INCREMENTO DE ACTIVIDADES DEPORTIVAS Y RECR,1718,18,2.3. 2  9. 1  1,LOCACION DE SERVICIOS REALIZADOS POR PERSONAS NATURALES RELACIONADAS AL ROL DE LA ENTIDAD,1500.00,Compromiso
2026,1028,03,S,1492,16/03/2026 00:00:00,10099079415,HUAMµN ALVAREZ ELIZABETH ISABEL,106,CONTRATO MENOR,CM,,SERVICIO DE PROMOTOR DEPORTIVO XXXVII PARA LA ACTIVIDAD: ?INCREMENTO DE ACTIVIDADES DEPORTIVAS Y REC,1719,18,2.3. 2  9. 1  1,LOCACION DE SERVICIOS REALIZADOS POR PERSONAS NATURALES RELACIONADAS AL ROL DE LA ENTIDAD,1500.00,Compromiso
2026,1028,03,S,1493,16/03/2026 00:00:00,10755196865,NAVARRO HUAMAN PIERO ALESSANDRO,106,CONTRATO MENOR,CM,,SERVICIO DE PROMOTOR DEPORTIVO XXXVIII PARA LA ACTIVIDAD: ?INCREMENTO DE ACTIVIDADES DEPORTIVAS Y RE,1720,18,2.3. 2  9. 1  1,LOCACION DE SERVICIOS REALIZADOS POR PERSONAS NATURALES RELACIONADAS AL ROL DE LA ENTIDAD,1500.00,Compromiso
2026,1028,03,S,1494,16/03/2026 00:00:00,10465638414,NAVARRO HUAMAN KARLO ANGHELO,106,CONTRATO MENOR,CM,,SERVICIO DE PROMOTOR DEPORTIVO XXXIX PARA LA ACTIVIDAD: ?INCREMENTO DE ACTIVIDADES DEPORTIVAS Y RECR,1721,18,2.3. 2  9. 1  1,LOCACION DE SERVICIOS REALIZADOS POR PERSONAS NATURALES RELACIONADAS AL ROL DE LA ENTIDAD,1500.00,Compromiso
2026,1028,03,S,1495,16/03/2026 00:00:00,10474046180,HUAMANI RAMOS RAQUEL OLGA,106,CONTRATO MENOR,CM,,SERVICIO DE PROMOTOR DEPORTIVO XL PARA LA ACTIVIDAD: ?INCREMENTO DE ACTIVIDADES DEPORTIVAS Y RECREAT,1722,18,2.3. 2  9. 1  1,LOCACION DE SERVICIOS REALIZADOS POR PERSONAS NATURALES RELACIONADAS AL ROL DE LA ENTIDAD,1500.00,Compromiso
2026,1028,03,S,1496,16/03/2026 00:00:00,10404438544,AZABACHE MENESES FERNANDO FELIPE,106,CONTRATO MENOR,CM,,SERVICIO DE PROMOTOR DEPORTIVO XLI PARA LA ACTIVIDAD: ?INCREMENTO DE ACTIVIDADES DEPORTIVAS Y RECREA,1723,18,2.3. 2  9. 1  1,LOCACION DE SERVICIOS REALIZADOS POR PERSONAS NATURALES RELACIONADAS AL ROL DE LA ENTIDAD,1500.00,Compromiso
2026,1028,03,S,1497,16/03/2026 00:00:00,10400367944,ROJAS RONCAL ZUSET MELINA,106,CONTRATO MENOR,CM,,SERVICIO DE PROMOTOR DEPORTIVO XLII PARA LA ACTIVIDAD: ?INCREMENTO DE ACTIVIDADES DEPORTIVAS Y RECRE,1724,18,2.3. 2  9. 1  1,LOCACION DE SERVICIOS REALIZADOS POR PERSONAS NATURALES RELACIONADAS AL ROL DE LA ENTIDAD,1500.00,Compromiso
2026,1028,03,S,1498,16/03/2026 00:00:00,10478543544,PASTOR YACTAYO BEATRIZ ESTHEFANY,106,CONTRATO MENOR,CM,,SERVICIO DE PROMOTOR DEPORTIVO XLIII PARA LA ACTIVIDAD: ?INCREMENTO DE ACTIVIDADES DEPORTIVAS Y RECR,1725,18,2.3. 2  9. 1  1,LOCACION DE SERVICIOS REALIZADOS POR PERSONAS NATURALES RELACIONADAS AL ROL DE LA ENTIDAD,1500.00,Compromiso
2026,1028,03,S,1499,16/03/2026 00:00:00,10731486471,TINOCO FERRARI MONICA KIMBERLLY,106,CONTRATO MENOR,CM,,SERVICIO DE PROMOTOR DEPORTIVO XLIV PARA LA ACTIVIDAD: ?INCREMENTO DE ACTIVIDADES DEPORTIVAS Y RECRE,1726,18,2.3. 2  9. 1  1,LOCACION DE SERVICIOS REALIZADOS POR PERSONAS NATURALES RELACIONADAS AL ROL DE LA ENTIDAD,1500.00,Compromiso
2026,1028,03,S,1500,16/03/2026 00:00:00,10744899554,SALAZAR GARCIA JOSE JAVIER,106,CONTRATO MENOR,CM,,SERVICIO DE PROMOTOR DEPORTIVO XLV PARA LA ACTIVIDAD: ?INCREMENTO DE ACTIVIDADES DEPORTIVAS Y RECREA,1727,18,2.3. 2  9. 1  1,LOCACION DE SERVICIOS REALIZADOS POR PERSONAS NATURALES RELACIONADAS AL ROL DE LA ENTIDAD,1500.00,Compromiso
2026,1028,03,S,1501,16/03/2026 00:00:00,10761906947,SEGURA CAYCHO ANGELO ESAU,106,CONTRATO MENOR,CM,,SERVICIO DE PROMOTOR DEPORTIVO XLVI PARA LA ACTIVIDAD: ?INCREMENTO DE ACTIVIDADES DEPORTIVAS Y RECRE,1728,18,2.3. 2  9. 1  1,LOCACION DE SERVICIOS REALIZADOS POR PERSONAS NATURALES RELACIONADAS AL ROL DE LA ENTIDAD,1500.00,Compromiso
2026,1028,03,S,1502,16/03/2026 00:00:00,10752680022,MARTINEZ URIBE VALERY ELENA,106,CONTRATO MENOR,CM,,SERVICIO DE PROMOTOR DEPORTIVO XLVII PARA LA ACTIVIDAD: ?INCREMENTO DE ACTIVIDADES DEPORTIVAS Y RECR,1729,18,2.3. 2  9. 1  1,LOCACION DE SERVICIOS REALIZADOS POR PERSONAS NATURALES RELACIONADAS AL ROL DE LA ENTIDAD,1500.00,Compromiso
2026,1028,03,S,1503,16/03/2026 00:00:00,10709456747,POLO VILLACORTA YADHIRA ALESSANDRA,106,CONTRATO MENOR,CM,,SERVICIO DE PROMOTOR DEPORTIVO XLVIII PARA LA ACTIVIDAD: ?INCREMENTO DE ACTIVIDADES DEPORTIVAS Y REC,1730,18,2.3. 2  9. 1  1,LOCACION DE SERVICIOS REALIZADOS POR PERSONAS NATURALES RELACIONADAS AL ROL DE LA ENTIDAD,1500.00,Compromiso
2026,1028,03,S,1504,16/03/2026 00:00:00,10739662091,AZABACHE ROJAS KIARA ZUSET VALENTINA,106,CONTRATO MENOR,CM,,SERVICIO DE PROMOTOR DEPORTIVO XLIX PARA LA ACTIVIDAD: ?INCREMENTO DE ACTIVIDADES DEPORTIVAS Y RECRE,1731,18,2.3. 2  9. 1  1,LOCACION DE SERVICIOS REALIZADOS POR PERSONAS NATURALES RELACIONADAS AL ROL DE LA ENTIDAD,1500.00,Compromiso
2026,1028,03,S,1505,16/03/2026 00:00:00,10769689139,MELGAR CHAVEZ ZAIDA TRYSEE,106,CONTRATO MENOR,CM,,SERVICIO DE PROMOTOR DEPORTIVO L PARA LA ACTIVIDAD: ?INCREMENTO DE ACTIVIDADES DEPORTIVAS Y RECREATI,1732,18,2.3. 2  9. 1  1,LOCACION DE SERVICIOS REALIZADOS POR PERSONAS NATURALES RELACIONADAS AL ROL DE LA ENTIDAD,1500.00,Compromiso
2026,1028,03,S,1506,16/03/2026 00:00:00,10730127770,LOZANO TELLO MARIELA NICOL,106,CONTRATO MENOR,CM,,SERVICIO DE ASISTENCIA TECNICA ADMINISTRATIVA.,1680,18,2.3. 2  9. 1  1,LOCACION DE SERVICIOS REALIZADOS POR PERSONAS NATURALES RELACIONADAS AL ROL DE LA ENTIDAD,4000.00,Compromiso
2026,1028,03,S,1507,16/03/2026 00:00:00,10747621522,MU•OZ CARRILLO JOHN STEVEN RICARDO,106,CONTRATO MENOR,CM,,SERVICIO DE ANµLISIS PARA EL PROCESAMIENTO DE BASE DE DATOS.,1681,18,2.3. 2  9. 1  1,LOCACION DE SERVICIOS REALIZADOS POR PERSONAS NATURALES RELACIONADAS AL ROL DE LA ENTIDAD,3500.00,Compromiso
2026,1028,03,S,1508,16/03/2026 00:00:00,10436461301,ALEJO MARTINEZ JAVIER DANIEL,106,CONTRATO MENOR,CM,,SERVICIO ESPECIALIZADO EN ASUNTOS LEGALES ADMINISTRATIVOS PARA GAJ - DOS ENTREGABLES 2026,1675,18,2.3. 2  9. 1  1,LOCACION DE SERVICIOS REALIZADOS POR PERSONAS NATURALES RELACIONADAS AL ROL DE LA ENTIDAD,20000.00,Compromiso
2026,1028,03,S,1509,16/03/2026 00:00:00,10108705880,TAIPICURI PACHECO JUAN IGNACIO,106,CONTRATO MENOR,CM,,SERVICIO DE ASISTENCIA TECNICA EN INGENIERIA .,1770,18,2.3. 2  9. 1  1,LOCACION DE SERVICIOS REALIZADOS POR PERSONAS NATURALES RELACIONADAS AL ROL DE LA ENTIDAD,9000.00,Compromiso
2026,1028,03,S,1510,16/03/2026 00:00:00,10403535244,CABRERA GERONIMO BETSY YASNINA,106,CONTRATO MENOR,CM,,SERVICIO DE ASISTENCIA DE OBRAS .,1771,18,2.3. 2  9. 1  1,LOCACION DE SERVICIOS REALIZADOS POR PERSONAS NATURALES RELACIONADAS AL ROL DE LA ENTIDAD,8000.00,Compromiso
2026,1028,03,S,1511,16/03/2026 00:00:00,10469237325,ESPINOZA SANCHEZ ISABEL CRISTINA,106,CONTRATO MENOR,CM,,SERVICIO DE ORDENAMIENTO DE DOCUMENTOS DE ARCHIVO .,1772,18,2.3. 2  9. 1  1,LOCACION DE SERVICIOS REALIZADOS POR PERSONAS NATURALES RELACIONADAS AL ROL DE LA ENTIDAD,6000.00,Compromiso
2026,1028,03,S,1512,16/03/2026 00:00:00,10430100942,PASTOR GAMARRA SUSANA EDITH,106,CONTRATO MENOR,CM,,SERVICIO DE AUXILIAR ADMINISTRATIVO.,1773,18,2.3. 2  9. 1  1,LOCACION DE SERVICIOS REALIZADOS POR PERSONAS NATURALES RELACIONADAS AL ROL DE LA ENTIDAD,7500.00,Compromiso
2026,1028,03,S,1513,16/03/2026 00:00:00,10412249823,MAMANI BRAVO MAGALY MARIA,106,CONTRATO MENOR,CM,,SERVICIO DE ORDENAMIENTO DE DOCUMENTOS DE ARCHIVO .,1774,18,2.3. 2  9. 1  1,LOCACION DE SERVICIOS REALIZADOS POR PERSONAS NATURALES RELACIONADAS AL ROL DE LA ENTIDAD,9000.00,Compromiso
2026,1028,03,S,1514,16/03/2026 00:00:00,10445763131,LOPEZ APESTEGUI JOBBY GERARDINNY,106,CONTRATO MENOR,CM,,SERVICIO DE SEGUIMIENTO Y MONITOREO DE PROYECTOS DE INVERSION PUBLICA .,1775,18,2.3. 2  9. 1  1,LOCACION DE SERVICIOS REALIZADOS POR PERSONAS NATURALES RELACIONADAS AL ROL DE LA ENTIDAD,21000.00,Compromiso
2026,1028,03,S,1515,16/03/2026 00:00:00,10703034077,BERNEDO MARREROS SHARON MARILIA,106,CONTRATO MENOR,CM,,SERVICIO DE ASISTENCIA EN TEMAS DE ARQUITECTURA.,1776,18,2.3. 2  9. 1  1,LOCACION DE SERVICIOS REALIZADOS POR PERSONAS NATURALES RELACIONADAS AL ROL DE LA ENTIDAD,12000.00,Compromiso
2026,1028,03,S,1516,16/03/2026 00:00:00,10432270217,SOLIS PARI SAMUEL ANGEL,106,CONTRATO MENOR,CM,,SERVICIO ESPECIALIZADO EN DIBUJO TECNICO.,1777,18,2.3. 2  9. 1  1,LOCACION DE SERVICIOS REALIZADOS POR PERSONAS NATURALES RELACIONADAS AL ROL DE LA ENTIDAD,7000.00,Compromiso
2026,1028,03,S,1517,16/03/2026 00:00:00,10425034346,CALDERON ZU•IGA ANAHI MILAGROS,106,CONTRATO MENOR,CM,,SERVICIO DE ELABORACION DE COSTOS Y PRESUPUESTOS .,1778,18,2.3. 2  9. 1  1,LOCACION DE SERVICIOS REALIZADOS POR PERSONAS NATURALES RELACIONADAS AL ROL DE LA ENTIDAD,14000.00,Compromiso
2026,1028,03,S,1518,16/03/2026 00:00:00,10721267917,CAMA BAHAMONDE JOSE ALEJANDRO,106,CONTRATO MENOR,CM,,SERVICIO DE COORDINACION DE PROYECTOS DE INVERSION.,1779,18,2.3. 2  9. 1  1,LOCACION DE SERVICIOS REALIZADOS POR PERSONAS NATURALES RELACIONADAS AL ROL DE LA ENTIDAD,12000.00,Compromiso
2026,1028,03,S,1519,16/03/2026 00:00:00,10757075941,LOPEZ CABREJOS YESABEL VICTORIA,106,CONTRATO MENOR,CM,,SERVICIO DE SEGUIMIENTO Y REVISI‡N DE PROYECTOS.,1780,18,2.3. 2  9. 1  1,LOCACION DE SERVICIOS REALIZADOS POR PERSONAS NATURALES RELACIONADAS AL ROL DE LA ENTIDAD,14000.00,Compromiso
2026,1028,03,S,1520,16/03/2026 00:00:00,10722607339,MIRANDA RAMOS CHRISTIAN RAFAEL,106,CONTRATO MENOR,CM,,SERVICIO DE ASISTENCIA TECNICA EN INGENIERIA .,1781,18,2.3. 2  9. 1  1,LOCACION DE SERVICIOS REALIZADOS POR PERSONAS NATURALES RELACIONADAS AL ROL DE LA ENTIDAD,8000.00,Compromiso
2026,1028,03,S,1521,16/03/2026 00:00:00,10738989151,PALOMINO ESPINOZA SEBASTIAN EDGAR,106,CONTRATO MENOR,CM,,SERVICIO ESPECIALIZADO DE  INGENIERIA EN ESTRUCTURAS .,1782,18,2.3. 2  9. 1  1,LOCACION DE SERVICIOS REALIZADOS POR PERSONAS NATURALES RELACIONADAS AL ROL DE LA ENTIDAD,10000.00,Compromiso
2026,1028,03,S,1522,16/03/2026 00:00:00,10436921476,FERNANDEZ EGUSQUIZA EVELYN,106,CONTRATO MENOR,CM,,SERVICIO ESPECIALIZADO DE  INGENIERIA EN ESTRUCTURAS .,1783,18,2.3. 2  9. 1  1,LOCACION DE SERVICIOS REALIZADOS POR PERSONAS NATURALES RELACIONADAS AL ROL DE LA ENTIDAD,13000.00,Compromiso
2026,1028,03,S,1523,16/03/2026 00:00:00,10724332779,QUINTO FARFAN BRENDA KASSANDRA,106,CONTRATO MENOR,CM,,SERVICIO DE SEGUIMIENTO Y MONITOREO DE LAS OBRAS .,1784,18,2.3. 2  9. 1  1,LOCACION DE SERVICIOS REALIZADOS POR PERSONAS NATURALES RELACIONADAS AL ROL DE LA ENTIDAD,21000.00,Compromiso
2026,1028,03,S,1524,16/03/2026 00:00:00,15603129773,TORRES MAYER LEYDA TAMARA,106,CONTRATO MENOR,CM,,SERVICIO DE COORDINACION MONITOREO Y ASISTENCIA TêCNICA  PARA GRDS - CUATRO ENTREGABLE,1737,18,2.3. 2  9. 1  1,LOCACION DE SERVICIOS REALIZADOS POR PERSONAS NATURALES RELACIONADAS AL ROL DE LA ENTIDAD,24000.00,Compromiso
2026,1028,03,S,1525,16/03/2026 00:00:00,10454735523,MARENGO LAVANDA FREDY ALFREDO,106,CONTRATO MENOR,CM,,SERVICIO DE COORDINACION DE COMUNICACIONES PARA GRDS - CUATRO ENTREGABLE,1738,18,2.3. 2  9. 1  1,LOCACION DE SERVICIOS REALIZADOS POR PERSONAS NATURALES RELACIONADAS AL ROL DE LA ENTIDAD,24000.00,Compromiso
2026,1028,03,S,1526,16/03/2026 00:00:00,10704060594,JORGE FERNANDO SALAZAR REYES,106,CONTRATO MENOR,CM,,SERVICIO DE ASISTENCIA TêCNICA LEGAL  PARA GRDS - CUATRO ENTREGABLE,1739,18,2.3. 2  9. 1  1,LOCACION DE SERVICIOS REALIZADOS POR PERSONAS NATURALES RELACIONADAS AL ROL DE LA ENTIDAD,20000.00,Compromiso
2026,1028,03,S,1527,16/03/2026 00:00:00,10436085635,TELLO DEL AGUILA MIRIAN NOEMI,106,CONTRATO MENOR,CM,,SERVICIO DE COORDINACION Y GESTION DE ACTIVIDADES SECRE PARA GRDS - CUATRO ENTREGABLE,1740,18,2.3. 2  9. 1  1,LOCACION DE SERVICIOS REALIZADOS POR PERSONAS NATURALES RELACIONADAS AL ROL DE LA ENTIDAD,16000.00,Compromiso
2026,1028,03,S,1528,16/03/2026 00:00:00,10737413247,MENDOZA JARA JHONATAN RODRIGO,106,CONTRATO MENOR,CM,,SERVICIO DE ASISTENCIA TECNICA EN ACCIONES Y/O ACTIVIDADES  PARA GRDS - CUATRO ENTREGABLE,1741,18,2.3. 2  9. 1  1,LOCACION DE SERVICIOS REALIZADOS POR PERSONAS NATURALES RELACIONADAS AL ROL DE LA ENTIDAD,18000.00,Compromiso
2026,1028,03,S,1529,16/03/2026 00:00:00,10472964548,GUILLEN FERNANDEZ PRADA ROISMAN JEAN PIERRE,106,CONTRATO MENOR,CM,,SERVICIO DE SUPERVISION Y MONITOREO DE ACTIVIDADES DE CAMPO PARA GRDS - CUATRO ENTREGABLE,1742,18,2.3. 2  9. 1  1,LOCACION DE SERVICIOS REALIZADOS POR PERSONAS NATURALES RELACIONADAS AL ROL DE LA ENTIDAD,16000.00,Compromiso
2026,1028,03,S,1530,16/03/2026 00:00:00,10079165226,GIANOTTI CARDICH JOSE EDUARDO,106,CONTRATO MENOR,CM,,"SERVICIO DE ANALISIS, DISE•O Y PLAN DE MEDIOS DE COMUNICACION PARA GRDS - TRES ENTREGABLE",1743,18,2.3. 2  9. 1  1,LOCACION DE SERVICIOS REALIZADOS POR PERSONAS NATURALES RELACIONADAS AL ROL DE LA ENTIDAD,10500.00,Compromiso
2026,1028,03,S,1531,16/03/2026 00:00:00,10718721534,GUEVARA MAMANI YAJAYRA ELIZABETH SARAITH,106,CONTRATO MENOR,CM,,SERVICIO DE DISE•O Y DESARROLLO DE MATERIALES DE COMUNICACION PARA GRDS - CINCO ENTREGABLE,1744,18,2.3. 2  9. 1  1,LOCACION DE SERVICIOS REALIZADOS POR PERSONAS NATURALES RELACIONADAS AL ROL DE LA ENTIDAD,15000.00,Compromiso
2026,1028,03,S,1532,16/03/2026 00:00:00,10090263892,VELASQUEZ  PAUCAR SILVIA ESPERANZA,106,CONTRATO MENOR,CM,,SERVICIO DE EJECUCION Y COORDINACION DE ACTIVIDADES DE CAMPO  PARA GRDS - CUATRO ENTREGABLE,1767,18,2.3. 2  9. 1  1,LOCACION DE SERVICIOS REALIZADOS POR PERSONAS NATURALES RELACIONADAS AL ROL DE LA ENTIDAD,12000.00,Compromiso
2026,1028,03,S,1533,16/03/2026 00:00:00,10258247804,CANALES CORDOVA JENNY MARION,106,CONTRATO MENOR,CM,,SERVICIO DE PROMOCION Y DESARROLLO SOCIAL I PARA GRDS - UNICO ENTREGABLE,1768,18,2.3. 2  9. 1  1,LOCACION DE SERVICIOS REALIZADOS POR PERSONAS NATURALES RELACIONADAS AL ROL DE LA ENTIDAD,2000.00,Compromiso
2026,1028,03,S,1534,16/03/2026 00:00:00,10418260080,OCHOA DAVILA LUZ IMAR,106,CONTRATO MENOR,CM,,SERVICIO DE PROMOCION Y DESARROLLO SOCIAL II PARA GRDS - CUATRO ENTREGABLE,1769,18,2.3. 2  9. 1  1,LOCACION DE SERVICIOS REALIZADOS POR PERSONAS NATURALES RELACIONADAS AL ROL DE LA ENTIDAD,10000.00,Compromiso
2026,1028,03,S,1535,16/03/2026 00:00:00,10092265671,ZAVALA FLORES ANANI BADU,106,CONTRATO MENOR,CM,,SERVICIO DE REVISION DIGITACION Y SISTEMATIZACION PARA GRDS - DOS ENTREGABLE,1745,18,2.3. 2  9. 1  1,LOCACION DE SERVICIOS REALIZADOS POR PERSONAS NATURALES RELACIONADAS AL ROL DE LA ENTIDAD,5782.00,Compromiso
2026,1028,03,S,1536,16/03/2026 00:00:00,10765207415, HEREDIA MONTALVO ENRIQUE KEVIN,106,CONTRATO MENOR,CM,,SERVICIO DE FISCALIZACION ADMINISTRATIVA I - PARA OAP / TRES ENTREGABLES 2026,1746,18,2.3. 2  9. 1  1,LOCACION DE SERVICIOS REALIZADOS POR PERSONAS NATURALES RELACIONADAS AL ROL DE LA ENTIDAD,10500.00,Compromiso
2026,1028,03,S,1537,16/03/2026 00:00:00,10719481022,DIAZ MOGOLLON RODRIGO ALEXANDER,106,CONTRATO MENOR,CM,,SERVICIO DE FISCALIZACION ADMINISTRATIVA II - PARA OAP / DOS ENTREGABLES 2026,1766,18,2.3. 2  9. 1  1,LOCACION DE SERVICIOS REALIZADOS POR PERSONAS NATURALES RELACIONADAS AL ROL DE LA ENTIDAD,5500.00,Compromiso
2026,1028,03,S,1538,16/03/2026 00:00:00,10458157834,VEGA ACU•A ELVIRA OFELIA,106,CONTRATO MENOR,CM,,SERVICIO DE ASISTENCIA EN SECRETARIADO .,1747,18,2.3. 2  9. 1  1,LOCACION DE SERVICIOS REALIZADOS POR PERSONAS NATURALES RELACIONADAS AL ROL DE LA ENTIDAD,16000.00,Compromiso
2026,1028,03,S,1539,16/03/2026 00:00:00,10474203811,SALAZAR RODRIGUEZ RICARDO ANDRES,106,CONTRATO MENOR,CM,,"SERVICIO DE SEGUIMIENTO, SUPERVISION Y ASISTENCIA TECNICA COMUNICACIONAL SOBRE ACCIONES DE COMUNICA",1748,18,2.3. 2  9. 1  1,LOCACION DE SERVICIOS REALIZADOS POR PERSONAS NATURALES RELACIONADAS AL ROL DE LA ENTIDAD,16000.00,Compromiso
2026,1028,03,S,1540,16/03/2026 00:00:00,10452367004,BALDEON FLORES EVELYN SARITA,106,CONTRATO MENOR,CM,,SERVICIO DE AUXILIAR ADMINISTRATIVO,1749,18,2.3. 2  9. 1  1,LOCACION DE SERVICIOS REALIZADOS POR PERSONAS NATURALES RELACIONADAS AL ROL DE LA ENTIDAD,14000.00,Compromiso
2026,1028,03,S,1541,16/03/2026 00:00:00,10736157409,RISCO CORDOVA CAROLA FERNANDINA,106,CONTRATO MENOR,CM,,SERVICIO ESPECIALIZADO EN CONTROL Y GESTION DE PROCESOS OPERATIVOS ADMINISTRATIVOS,1750,18,2.3. 2  9. 1  1,LOCACION DE SERVICIOS REALIZADOS POR PERSONAS NATURALES RELACIONADAS AL ROL DE LA ENTIDAD,20000.00,Compromiso
2026,1028,03,S,1542,16/03/2026 00:00:00,10614627749,SERCOVICH VEGA NAHIARA NAYLA,106,CONTRATO MENOR,CM,,SERVICIO DE COORDINACION Y GESTION DE BIENESTAR SOCIAL,1751,18,2.3. 2  9. 1  1,LOCACION DE SERVICIOS REALIZADOS POR PERSONAS NATURALES RELACIONADAS AL ROL DE LA ENTIDAD,12000.00,Compromiso
2026,1028,03,S,1543,16/03/2026 00:00:00,10740934410,TATAJE ASPAJO HAMILTON GUISEPPE,106,CONTRATO MENOR,CM,,SERVICIO DE COORDINACION EN ACTIVIDADES DE PROMOCION Y DIFUSION,1752,18,2.3. 2  9. 1  1,LOCACION DE SERVICIOS REALIZADOS POR PERSONAS NATURALES RELACIONADAS AL ROL DE LA ENTIDAD,12000.00,Compromiso
2026,1028,03,S,1544,16/03/2026 00:00:00,10747473671,VASQUEZ POVEA HENRY ANDRES,106,CONTRATO MENOR,CM,,SERVICIO DE GESTION DE CONTENIDOS PARA REDES SOCIALES,1753,18,2.3. 2  9. 1  1,LOCACION DE SERVICIOS REALIZADOS POR PERSONAS NATURALES RELACIONADAS AL ROL DE LA ENTIDAD,12000.00,Compromiso
2026,1028,03,S,1545,16/03/2026 00:00:00,10755896301,VERGARA PEREZ JHONY CRISTIAN,106,CONTRATO MENOR,CM,,SERVICIO DE REDES SOCIALES E ILUSTRACIONES GRAFICAS,1754,18,2.3. 2  9. 1  1,LOCACION DE SERVICIOS REALIZADOS POR PERSONAS NATURALES RELACIONADAS AL ROL DE LA ENTIDAD,12000.00,Compromiso
2026,1028,03,S,1546,16/03/2026 00:00:00,10257030992,ROMAN CARDENAS GUILLERMO,106,CONTRATO MENOR,CM,,"SERVICIO DE REVISION, SEGUIMIENTO Y REGISTRO DE LOS REQUERIMIENTOS LOGISTICOS",1755,18,2.3. 2  9. 1  1,LOCACION DE SERVICIOS REALIZADOS POR PERSONAS NATURALES RELACIONADAS AL ROL DE LA ENTIDAD,18000.00,Compromiso
2026,1028,03,S,1547,16/03/2026 00:00:00,10736237704,PICASSO TICA SKARLET ALEXANDRA,106,CONTRATO MENOR,CM,,SERVICIO ESPECIALIZADO EN MATERIA LEGAL,1756,18,2.3. 2  9. 1  1,LOCACION DE SERVICIOS REALIZADOS POR PERSONAS NATURALES RELACIONADAS AL ROL DE LA ENTIDAD,24000.00,Compromiso
2026,1028,03,S,1548,16/03/2026 00:00:00,10257001810,RUIZ REQUEJO MARIA ESPERANZA,106,CONTRATO MENOR,CM,,SERVICIO DE SEGUIMIENTO Y MONITOREO DE ACTIVIDADES DE CAMPO I,1757,18,2.3. 2  9. 1  1,LOCACION DE SERVICIOS REALIZADOS POR PERSONAS NATURALES RELACIONADAS AL ROL DE LA ENTIDAD,12000.00,Compromiso
2026,1028,03,S,1549,16/03/2026 00:00:00,10765780034,VERGARA PEREZ PATRICIA KARINA,106,CONTRATO MENOR,CM,,SERVICIO DE RECOLECCION DE DATOS I,1758,18,2.3. 2  9. 1  1,LOCACION DE SERVICIOS REALIZADOS POR PERSONAS NATURALES RELACIONADAS AL ROL DE LA ENTIDAD,8800.00,Compromiso
2026,1028,03,S,1550,16/03/2026 00:00:00,10725117367,POZO RAMIREZ JIMENA VERA LUCIA,106,CONTRATO MENOR,CM,,SERVICIO DE RECOLECCION DE DATOS II,1759,18,2.3. 2  9. 1  1,LOCACION DE SERVICIOS REALIZADOS POR PERSONAS NATURALES RELACIONADAS AL ROL DE LA ENTIDAD,8200.00,Compromiso
2026,1028,03,S,1551,16/03/2026 00:00:00,10433056294,AGUILAR MONTERO INGRID LISSET,106,CONTRATO MENOR,CM,,SERVICIO DE PROMOCION Y DESARROLLO SOCIAL I,1760,18,2.3. 2  9. 1  1,LOCACION DE SERVICIOS REALIZADOS POR PERSONAS NATURALES RELACIONADAS AL ROL DE LA ENTIDAD,8000.00,Compromiso
2026,1028,03,S,1552,16/03/2026 00:00:00,10080396479,OCA•A NIEVES DEMETRIO EDUARDO,106,CONTRATO MENOR,CM,,SERVICIO DE EJECUCION Y COORDINACION DE ACTIVIDADES DE CAMPO,1761,18,2.3. 2  9. 1  1,LOCACION DE SERVICIOS REALIZADOS POR PERSONAS NATURALES RELACIONADAS AL ROL DE LA ENTIDAD,10000.00,Compromiso
2026,1028,03,S,1553,16/03/2026 00:00:00,10770928261,IGLESIAS AUCAPI•A VICTOR MIJAIL,106,CONTRATO MENOR,CM,,SERVICIO DE SEGUIMIENTO Y MONITOREO DE ACTIVIDADES DE CAMPO II,1762,18,2.3. 2  9. 1  1,LOCACION DE SERVICIOS REALIZADOS POR PERSONAS NATURALES RELACIONADAS AL ROL DE LA ENTIDAD,12000.00,Compromiso
2026,1028,03,S,1554,16/03/2026 00:00:00,10803765591,SALAZAR ELIAS MARIA DEL ROSARIO,106,CONTRATO MENOR,CM,,SERVICIO DE SEGUIMIENTO Y MONITOREO DE ACTIVIDADES DE CAMPO II,1763,18,2.3. 2  9. 1  1,LOCACION DE SERVICIOS REALIZADOS POR PERSONAS NATURALES RELACIONADAS AL ROL DE LA ENTIDAD,8000.00,Compromiso
2026,1028,03,S,1555,16/03/2026 00:00:00,10255447306,FUNDES CARDENAS MARISOL GLADYS,106,CONTRATO MENOR,CM,,SERVICIO DE PROMOCION Y DESARROLLO SOCIAL III,1764,18,2.3. 2  9. 1  1,LOCACION DE SERVICIOS REALIZADOS POR PERSONAS NATURALES RELACIONADAS AL ROL DE LA ENTIDAD,8000.00,Compromiso
2026,1028,03,S,1556,16/03/2026 00:00:00,10076314590,ORTIZ CARRI‡N MENANDRO,106,CONTRATO MENOR,CM,,"SERVICIO DE ORDENAMIENTO,RECLASIFICACION Y ALMACENAMIENTO DE BIENES",1765,18,2.3. 2  9. 1  1,LOCACION DE SERVICIOS REALIZADOS POR PERSONAS NATURALES RELACIONADAS AL ROL DE LA ENTIDAD,9000.00,Compromiso
2026,1028,03,S,1557,17/03/2026 00:00:00,10440794471,ZAVALETA CORONADO ARLETTE SONIA,106,CONTRATO MENOR,CM,,SERVICIO  ASISTENCIA TêCNICA EN GESTI‡N DE  PROCESOS ADMINISTRATIVOS PARA LA GERENCIA REGIONAL DE DESARROLLO ECONOMICO.,1787,18,2.3. 2  9. 1  1,LOCACION DE SERVICIOS REALIZADOS POR PERSONAS NATURALES RELACIONADAS AL ROL DE LA ENTIDAD,10000.00,Compromiso
2026,1028,03,S,1558,17/03/2026 00:00:00,10732029465,CHAVEZ CUESTAS DIEGO ALBERTO,106,CONTRATO MENOR,CM,,SERVICIO ESPECIALIZADO EN CONTROL Y GESTI‡N DE PROCESOS OPERATIVOS ADMINISTRATIVOS PARA LA GERENCIA REGIONAL DE DESARROLLO ECONOMICO.,1788,18,2.3. 2  9. 1  1,LOCACION DE SERVICIOS REALIZADOS POR PERSONAS NATURALES RELACIONADAS AL ROL DE LA ENTIDAD,7000.00,Compromiso
2026,1028,03,S,1559,17/03/2026 00:00:00,10743851400,PIZARRO ALVARADO JOHNSONS JOSE,106,CONTRATO MENOR,CM,,SERVICIO DE ASISTENTE LEGAL EN PROCESOS ADMINISTRATIVOS DE LA GERENCIA REGIONAL DE DESARROLLO ECONOMICO.,1789,18,2.3. 2  9. 1  1,LOCACION DE SERVICIOS REALIZADOS POR PERSONAS NATURALES RELACIONADAS AL ROL DE LA ENTIDAD,3500.00,Compromiso
2026,1028,03,S,1560,17/03/2026 00:00:00,10741386769,CONDORI YZACOPE MARIA LUCERO,106,CONTRATO MENOR,CM,,SERVICIO ESPECIALIZADO EN EJECUCION CONTRACTUAL I,1786,18,2.3. 2  9. 1  1,LOCACION DE SERVICIOS REALIZADOS POR PERSONAS NATURALES RELACIONADAS AL ROL DE LA ENTIDAD,21000.00,Compromiso
2026,1028,03,S,1561,17/03/2026 00:00:00,10762895248,SERNAQUE FLOREZ KELLY DAYSI,106,CONTRATO MENOR,CM,,SERVICIO DE AUXILIAR ADMINISTRATIVO PARA LA GESTI‡N DOCUMENTARIA DE LA GERENCIA REGIONAL DE DESARROLLO ECONOMICO.,1790,18,2.3. 2  9. 1  1,LOCACION DE SERVICIOS REALIZADOS POR PERSONAS NATURALES RELACIONADAS AL ROL DE LA ENTIDAD,3500.00,Compromiso
2026,1028,03,S,1562,17/03/2026 00:00:00,10256756817,ALMEYDA SAENZ HUMBERTO,106,CONTRATO MENOR,CM,,SERVICIO DE PREVENCION DE RIESGOS LABORALES PARA LA GERENCIA DE DESARROLLO ECON‡MICO.,1791,18,2.3. 2  9. 1  1,LOCACION DE SERVICIOS REALIZADOS POR PERSONAS NATURALES RELACIONADAS AL ROL DE LA ENTIDAD,16000.00,Compromiso
2026,1028,03,S,1563,17/03/2026 00:00:00,10734519435,ZEVALLOS BOZA NORMA MERCEDES,106,CONTRATO MENOR,CM,,SERVICIO DE ORIENTACION Y ATECNION AL USUARIO PARA EL CENTRO DE MEJOR ATENCION AL CIUDADANO - MAC I,1792,18,2.3. 2  9. 1  1,LOCACION DE SERVICIOS REALIZADOS POR PERSONAS NATURALES RELACIONADAS AL ROL DE LA ENTIDAD,10000.00,Compromiso
2026,1028,03,S,1564,17/03/2026 00:00:00,10258049948,MAYTA PACORA VIRGINIA DEL ROSARIO,106,CONTRATO MENOR,CM,,SERVICIO DE ORIENTACION Y ATECNION AL USUARIO PARA EL CENTRO DE MEJOR ATENCION AL CIUDADANO - MAC II,1793,18,2.3. 2  9. 1  1,LOCACION DE SERVICIOS REALIZADOS POR PERSONAS NATURALES RELACIONADAS AL ROL DE LA ENTIDAD,10000.00,Compromiso
2026,1028,03,S,1565,17/03/2026 00:00:00,10404763950,PEREZ HUAYUNGA DEYANIRA CORIN,106,CONTRATO MENOR,CM,,SERVICIO DE ORIENTACION Y ATECNION AL USUARIO PARA EL CENTRO DE MEJOR ATENCION AL CIUDADANO -MAC III,1794,18,2.3. 2  9. 1  1,LOCACION DE SERVICIOS REALIZADOS POR PERSONAS NATURALES RELACIONADAS AL ROL DE LA ENTIDAD,-5000.00,Rebaja
2026,1028,03,S,1565,17/03/2026 00:00:00,10404763950,PEREZ HUAYUNGA DEYANIRA CORIN,106,CONTRATO MENOR,CM,,SERVICIO DE ORIENTACION Y ATECNION AL USUARIO PARA EL CENTRO DE MEJOR ATENCION AL CIUDADANO -MAC III,1794,18,2.3. 2  9. 1  1,LOCACION DE SERVICIOS REALIZADOS POR PERSONAS NATURALES RELACIONADAS AL ROL DE LA ENTIDAD,10000.00,Compromiso
2026,1028,03,S,1566,17/03/2026 00:00:00,10719951738,ESPINOZA MAMANI REYSHAEL NAGHELY,106,CONTRATO MENOR,CM,,SERVICIO DE ORIENTACION Y ATECNION AL USUARIO PARA EL CENTRO DE MEJOR ATENCION AL CIUDADANO - MAC IV,1795,18,2.3. 2  9. 1  1,LOCACION DE SERVICIOS REALIZADOS POR PERSONAS NATURALES RELACIONADAS AL ROL DE LA ENTIDAD,10000.00,Compromiso
2026,1028,03,S,1567,17/03/2026 00:00:00,10789919696,VALERA CARMONA MARIA ALEXANDRA,106,CONTRATO MENOR,CM,,SERVICIO DE ORIENTACION Y ATECNION AL USUARIO PARA EL CENTRO DE MEJOR ATENCION AL CIUDADANO - MAC V,1796,18,2.3. 2  9. 1  1,LOCACION DE SERVICIOS REALIZADOS POR PERSONAS NATURALES RELACIONADAS AL ROL DE LA ENTIDAD,10000.00,Compromiso
2026,1028,03,S,1568,17/03/2026 00:00:00,10468547746,PONCE NIEVES NATALY WENDY,106,CONTRATO MENOR,CM,,SERVICIO DE ORIENTACION Y ATECNION AL USUARIO PARA EL CENTRO DE MEJOR ATENCION AL CIUDADANO - MAC IX,1797,18,2.3. 2  9. 1  1,LOCACION DE SERVICIOS REALIZADOS POR PERSONAS NATURALES RELACIONADAS AL ROL DE LA ENTIDAD,10000.00,Compromiso
2026,1028,03,S,1569,17/03/2026 00:00:00,10444857663,CRUZ RUIZ JOSE LUIS,106,CONTRATO MENOR,CM,,SERVICIO DE ORIENTACION Y ATECNION AL USUARIO PARA EL CENTRO DE MEJOR ATENCION AL CIUDADANO MAC VIII,1798,18,2.3. 2  9. 1  1,LOCACION DE SERVICIOS REALIZADOS POR PERSONAS NATURALES RELACIONADAS AL ROL DE LA ENTIDAD,12000.00,Compromiso
2026,1028,03,S,1570,17/03/2026 00:00:00,10255668311,MU•OZ PAYMA NERY MARTHA,106,CONTRATO MENOR,CM,,SERVICIO DE ORIENTACION Y ATECNION AL USUARIO PARA EL CENTRO DE MEJOR ATENCION AL CIUDADANO - MAC X,1799,18,2.3. 2  9. 1  1,LOCACION DE SERVICIOS REALIZADOS POR PERSONAS NATURALES RELACIONADAS AL ROL DE LA ENTIDAD,10000.00,Compromiso
2026,1028,03,S,1571,17/03/2026 00:00:00,10098996775,FRANCO GRIJALVA ERNESTO BAILON,106,CONTRATO MENOR,CM,,SERVICIO ESPECIALIZADO EN GESTION DE PROYECTOS,1801,18,2.3. 2  9. 1  1,LOCACION DE SERVICIOS REALIZADOS POR PERSONAS NATURALES RELACIONADAS AL ROL DE LA ENTIDAD,25100.00,Compromiso
2026,1028,03,S,1572,17/03/2026 00:00:00,10445824131,CERON TEJADA RAUL,106,CONTRATO MENOR,CM,,SERVICIO ESPECIALIZADO EN GESTION DE PROCESOS ADMINISTRATIVOS,1802,18,2.3. 2  9. 1  1,LOCACION DE SERVICIOS REALIZADOS POR PERSONAS NATURALES RELACIONADAS AL ROL DE LA ENTIDAD,17500.00,Compromiso
2026,1028,03,S,1573,17/03/2026 00:00:00,10713806361,ASTOPILCO LAOS JIMENA ALESSANDRA,106,CONTRATO MENOR,CM,,"SERVICIO DE CLASIFICACI‡N, REGISTRO Y DIGITALIZACI‡N DE DOCUMENTOS",1803,18,2.3. 2  9. 1  1,LOCACION DE SERVICIOS REALIZADOS POR PERSONAS NATURALES RELACIONADAS AL ROL DE LA ENTIDAD,6000.00,Compromiso
2026,1028,03,S,1574,17/03/2026 00:00:00,10740774013,PACORA MORANTE KIARA CELINA,106,CONTRATO MENOR,CM,,SERVICIO DE ASISTENCIA TECNICA EN GESTION Y PLANIFICACION PARA LA OFICINA DE AGRICULTURA Y PRODUCCION DE LA GERENCIA REGIONAL DE DESARROLLO ECONOMICO.,1800,18,2.3. 2  9. 1  1,LOCACION DE SERVICIOS REALIZADOS POR PERSONAS NATURALES RELACIONADAS AL ROL DE LA ENTIDAD,6000.00,Compromiso
2026,1028,03,S,1575,17/03/2026 00:00:00,10481850555,ROSALES NAVARRO HUGO GEORGAN,106,CONTRATO MENOR,CM,,SERVICIO DE ASISTENCIA TECNICA ADMINISTRATIVA.,1804,18,2.3. 2  9. 1  1,LOCACION DE SERVICIOS REALIZADOS POR PERSONAS NATURALES RELACIONADAS AL ROL DE LA ENTIDAD,36000.00,Compromiso
2026,1028,03,S,1576,17/03/2026 00:00:00,10258375306,CIQUERO PAZ MELBA CECILIA,106,CONTRATO MENOR,CM,,SERVICIO DE SERVICIO DE AUXILIAR ADMINISTRATIVO.,1805,18,2.3. 2  9. 1  1,LOCACION DE SERVICIOS REALIZADOS POR PERSONAS NATURALES RELACIONADAS AL ROL DE LA ENTIDAD,24000.00,Compromiso
2026,1028,03,S,1577,17/03/2026 00:00:00,10400349938,PEREZ DEL CASTILLO JULIO RAYMUNDO,106,CONTRATO MENOR,CM,,SERVICIO DE CONTROL Y SEGUIMIENTO DE INGRESO Y SALIDA DE BIENES DE ALMACEN.,1806,18,2.3. 2  9. 1  1,LOCACION DE SERVICIOS REALIZADOS POR PERSONAS NATURALES RELACIONADAS AL ROL DE LA ENTIDAD,30000.00,Compromiso
2026,1028,03,S,1578,18/03/2026 00:00:00,10414554577,CAMPOS UCEDA ANAMEY LISSE,106,CONTRATO MENOR,CM,,SERVICIO DE PROCESAMIENTO DE INFORMACION DE INVENTARIOS.,1807,00,2.3. 2  9. 1  1,LOCACION DE SERVICIOS REALIZADOS POR PERSONAS NATURALES RELACIONADAS AL ROL DE LA ENTIDAD,3000.00,Compromiso
2026,1028,03,S,1579,18/03/2026 00:00:00,10438349729,PEREZ SALAS MARCIAL EDUARDO JAVIER,106,CONTRATO MENOR,CM,,SERVICIO DE SEGUIMIENTO Y MONITOREO DEL SERVICIO DE SEGURIDAD II - OFICINA MEJOR ATENCION AL CIUDADA,1825,18,2.3. 2  9. 1  1,LOCACION DE SERVICIOS REALIZADOS POR PERSONAS NATURALES RELACIONADAS AL ROL DE LA ENTIDAD,8000.00,Compromiso
2026,1028,03,S,1580,18/03/2026 00:00:00,10442640632,SALCEDO JARA RONALD EDUARDO,106,CONTRATO MENOR,CM,,SERVICIO DE SUPERVISOR GENERAL DE SEGURIDAD I - VILLA DEPORTIVA REGIONAL DEL GOBIERNO REGIONAL DEL C,1826,18,2.3. 2  9. 1  1,LOCACION DE SERVICIOS REALIZADOS POR PERSONAS NATURALES RELACIONADAS AL ROL DE LA ENTIDAD,14000.00,Compromiso
2026,1028,03,S,1581,18/03/2026 00:00:00,10437418581,MARQUINA SUYON JOSE LUIS,106,CONTRATO MENOR,CM,,SERVICIO DE SUPERVISOR GENERAL DE SEGURIDAD II - VILLA DEPORTIVA REGIONAL DEL GOBIERNO REGIONAL DEL,1827,18,2.3. 2  9. 1  1,LOCACION DE SERVICIOS REALIZADOS POR PERSONAS NATURALES RELACIONADAS AL ROL DE LA ENTIDAD,14000.00,Compromiso
2026,1028,03,S,1582,18/03/2026 00:00:00,10421929136,AGRAMONTE GOMEZ JORGE LUIS,106,CONTRATO MENOR,CM,,SERVICIO DE SUPERVISOR GENERAL DE SEGURIDAD III - VILLA DEPORTIVA REGIONAL DEL GOBIERNO REGIONAL DEL,1828,18,2.3. 2  9. 1  1,LOCACION DE SERVICIOS REALIZADOS POR PERSONAS NATURALES RELACIONADAS AL ROL DE LA ENTIDAD,14000.00,Compromiso
2026,1028,03,S,1583,18/03/2026 00:00:00,10206403352,CASTRO VIVANCO LUIS GUSTAVO,106,CONTRATO MENOR,CM,,SERVICIO DE SUPERVISOR GENERAL DE SEGURIDAD IV - VILLA DEPORTIVA REGIONAL DEL GOBIERNO REGIONAL DEL,1829,18,2.3. 2  9. 1  1,LOCACION DE SERVICIOS REALIZADOS POR PERSONAS NATURALES RELACIONADAS AL ROL DE LA ENTIDAD,14000.00,Compromiso
2026,1028,03,S,1584,18/03/2026 00:00:00,10424538413,ELIAS LANCHIPA KAREN STHEPHANI,106,CONTRATO MENOR,CM,,SERVICIO DE SUPERVISOR GENERAL DE SEGURIDAD V - VILLA DEPORTIVA REGIONAL DEL GOBIERNO REGIONAL DEL C,1830,18,2.3. 2  9. 1  1,LOCACION DE SERVICIOS REALIZADOS POR PERSONAS NATURALES RELACIONADAS AL ROL DE LA ENTIDAD,14000.00,Compromiso
2026,1028,03,S,1585,18/03/2026 00:00:00,10181823521,GUTIERREZ RODRIGUEZ CARLOS ALBERTO,106,CONTRATO MENOR,CM,,SERVICIO DE SUPERVISOR GENERAL DE SEGURIDAD VI - VILLA DEPORTIVA REGIONAL DEL GOBIERNO REGIONAL DEL,1831,18,2.3. 2  9. 1  1,LOCACION DE SERVICIOS REALIZADOS POR PERSONAS NATURALES RELACIONADAS AL ROL DE LA ENTIDAD,14000.00,Compromiso
2026,1028,03,S,1586,18/03/2026 00:00:00,10410910051,CUTTI HUERTAS MARTIN ANTONIO,106,CONTRATO MENOR,CM,,SERVICIO DE SUPERVISOR GENERAL DE SEGURIDAD - OFICINA MEJOR ATENCION AL CIUDADANO MAC-CALLAO DEL GOB,1832,18,2.3. 2  9. 1  1,LOCACION DE SERVICIOS REALIZADOS POR PERSONAS NATURALES RELACIONADAS AL ROL DE LA ENTIDAD,5600.00,Compromiso
2026,1028,03,S,1587,18/03/2026 00:00:00,10255246823,PRADO MOSCOSO CESAR AUGUSTO,106,CONTRATO MENOR,CM,,SERVICIO DE SUPERVISOR GENERAL DE SEGURIDAD I - DIRECCION DE PROMOCION DEL EMPLEO Y CAPACITACION LAB,1833,18,2.3. 2  9. 1  1,LOCACION DE SERVICIOS REALIZADOS POR PERSONAS NATURALES RELACIONADAS AL ROL DE LA ENTIDAD,14000.00,Compromiso
2026,1028,03,S,1588,18/03/2026 00:00:00,10257576880,APARCANA GONZALES TINO VICTOR,106,CONTRATO MENOR,CM,,SERVICIO DE SUPERVISOR GENERAL DE SEGURIDAD II - DIRECCION DE PROMOCION DEL EMPLEO Y CAPACITACION LA,1834,18,2.3. 2  9. 1  1,LOCACION DE SERVICIOS REALIZADOS POR PERSONAS NATURALES RELACIONADAS AL ROL DE LA ENTIDAD,14000.00,Compromiso
2026,1028,03,S,1589,18/03/2026 00:00:00,10081687710,VASQUEZ FERNANDEZ ROSA,106,CONTRATO MENOR,CM,,SERVICIO DE SUPERVISOR GENERAL DE SEGURIDAD - REFUGIO TEMPORAL DEL PROGRAMA AURORA DEL MIMP Y EL GOB,1835,18,2.3. 2  9. 1  1,LOCACION DE SERVICIOS REALIZADOS POR PERSONAS NATURALES RELACIONADAS AL ROL DE LA ENTIDAD,14000.00,Compromiso
2026,1028,03,S,1590,18/03/2026 00:00:00,10257831537,PASACHE CALLE YRIS GIULIANA,106,CONTRATO MENOR,CM,,SERVICIO DE SUPERVISOR DE SEGURIDAD VII - VILLA DEPORTIVA REGIONAL DEL GOBIERNO REGIONAL DEL CALLAO,1836,18,2.3. 2  9. 1  1,LOCACION DE SERVICIOS REALIZADOS POR PERSONAS NATURALES RELACIONADAS AL ROL DE LA ENTIDAD,10000.00,Compromiso
2026,1028,03,S,1591,18/03/2026 00:00:00,10408880471,CORNELIO GAZANI RENE ALEJANDRO,106,CONTRATO MENOR,CM,,SERVICIO DE SUPERVISOR DE SEGURIDAD VIII - VILLA DEPORTIVA REGIONAL DEL GOBIERNO REGIONAL DEL CALLAO,1837,18,2.3. 2  9. 1  1,LOCACION DE SERVICIOS REALIZADOS POR PERSONAS NATURALES RELACIONADAS AL ROL DE LA ENTIDAD,10000.00,Compromiso
2026,1028,03,S,1592,18/03/2026 00:00:00,10254709021,SANDOVAL MORI MARINA PAULA,106,CONTRATO MENOR,CM,,SERVICIO DE SUPERVISOR DE SEGURIDAD IX - VILLA DEPORTIVA REGIONAL DEL GOBIERNO REGIONAL DEL CALLAO,1838,18,2.3. 2  9. 1  1,LOCACION DE SERVICIOS REALIZADOS POR PERSONAS NATURALES RELACIONADAS AL ROL DE LA ENTIDAD,10000.00,Compromiso
2026,1028,03,S,1593,18/03/2026 00:00:00,10256975071,ACU•A VALLEJOS ALFREDO GUILLERMO,106,CONTRATO MENOR,CM,,SERVICIO DE SUPERVISOR DE SEGURIDAD X - VILLA DEPORTIVA REGIONAL DEL GOBIERNO REGIONAL DEL CALLAO,1839,18,2.3. 2  9. 1  1,LOCACION DE SERVICIOS REALIZADOS POR PERSONAS NATURALES RELACIONADAS AL ROL DE LA ENTIDAD,10000.00,Compromiso
2026,1028,03,S,1594,18/03/2026 00:00:00,10255340480,DREBEQUE VALIENTE RICARDO WALTER,106,CONTRATO MENOR,CM,,SERVICIO DE SUPERVISOR DE SEGURIDAD XI - VILLA DEPORTIVA REGIONAL DEL GOBIERNO REGIONAL DEL CALLAO,1840,18,2.3. 2  9. 1  1,LOCACION DE SERVICIOS REALIZADOS POR PERSONAS NATURALES RELACIONADAS AL ROL DE LA ENTIDAD,10000.00,Compromiso
2026,1028,03,S,1595,18/03/2026 00:00:00,10481377736,TASAICO URQUIZA GIANCARLOS,106,CONTRATO MENOR,CM,,SERVICIO DE SUPERVISOR DE SEGURIDAD XII - VILLA DEPORTIVA REGIONAL DEL GOBIERNO REGIONAL DEL CALLAO,1841,18,2.3. 2  9. 1  1,LOCACION DE SERVICIOS REALIZADOS POR PERSONAS NATURALES RELACIONADAS AL ROL DE LA ENTIDAD,10000.00,Compromiso
2026,1028,03,S,1596,18/03/2026 00:00:00,10061265801,MOLINA CAMACHO EDISON JULIO,106,CONTRATO MENOR,CM,,SERVICIO DE SUPERVISOR DE SEGURIDAD I - DIRECCION DE PROMOCION DEL EMPLEO Y CAPACITACION LABORAL DEL,1842,18,2.3. 2  9. 1  1,LOCACION DE SERVICIOS REALIZADOS POR PERSONAS NATURALES RELACIONADAS AL ROL DE LA ENTIDAD,10000.00,Compromiso
2026,1028,03,S,1597,18/03/2026 00:00:00,10426648933,SOTO CASTRO CARMEN IRIS,106,CONTRATO MENOR,CM,,SERVICIO DE SUPERVISOR DE SEGURIDAD II - DIRECCION DE PROMOCION DEL EMPLEO Y CAPACITACION LABORAL DE,1843,18,2.3. 2  9. 1  1,LOCACION DE SERVICIOS REALIZADOS POR PERSONAS NATURALES RELACIONADAS AL ROL DE LA ENTIDAD,10000.00,Compromiso
2026,1028,03,S,1598,18/03/2026 00:00:00,10257170662,SILVA ORME•O PAULINA REGINA,106,CONTRATO MENOR,CM,,SERVICIO DE AUXILIAR DE SEGURIDAD Y VIGILANCIA - VILLA DEPORTIVA REGIONAL DEL GOBIERNO REGIONAL DEL,1844,18,2.3. 2  9. 1  1,LOCACION DE SERVICIOS REALIZADOS POR PERSONAS NATURALES RELACIONADAS AL ROL DE LA ENTIDAD,9000.00,Compromiso
2026,1028,03,S,1599,18/03/2026 00:00:00,10449573060,YARANGA REYES EDGAR,106,CONTRATO MENOR,CM,,SERVICIO DE AUXILIAR DE SEGURIDAD V - VILLA DEPORTIVA REGIONAL DEL GOBIERNO REGIONAL DEL CALLAO,1845,18,2.3. 2  9. 1  1,LOCACION DE SERVICIOS REALIZADOS POR PERSONAS NATURALES RELACIONADAS AL ROL DE LA ENTIDAD,7500.00,Compromiso
2026,1028,03,S,1600,18/03/2026 00:00:00,10471119305,HUASACCA GERONIMO JULIANA,106,CONTRATO MENOR,CM,,SERVICIO DE AUXILIAR DE SEGURIDAD VI - VILLA DEPORTIVA REGIONAL DEL GOBIERNO REGIONAL DEL CALLAO,1846,18,2.3. 2  9. 1  1,LOCACION DE SERVICIOS REALIZADOS POR PERSONAS NATURALES RELACIONADAS AL ROL DE LA ENTIDAD,7500.00,Compromiso
2026,1028,03,S,1601,18/03/2026 00:00:00,10475021482,LUNA GUILLEN JOCELYN GERALDINE,106,CONTRATO MENOR,CM,,SERVICIO DE AUXILIAR DE SEGURIDAD VII - VILLA DEPORTIVA REGIONAL DEL GOBIERNO REGIONAL DEL CALLAO,1847,18,2.3. 2  9. 1  1,LOCACION DE SERVICIOS REALIZADOS POR PERSONAS NATURALES RELACIONADAS AL ROL DE LA ENTIDAD,7500.00,Compromiso
2026,1028,03,S,1602,18/03/2026 00:00:00,10734348916,RIVERA SALAS JUANA VICTORIA LUISA,106,CONTRATO MENOR,CM,,SERVICIO DE AUXILIAR DE SEGURIDAD VIII - VILLA DEPORTIVA REGIONAL DEL GOBIERNO REGIONAL DEL CALLAO,1848,18,2.3. 2  9. 1  1,LOCACION DE SERVICIOS REALIZADOS POR PERSONAS NATURALES RELACIONADAS AL ROL DE LA ENTIDAD,7500.00,Compromiso
2026,1028,03,S,1603,18/03/2026 00:00:00,10257928271,SANDOVAL PACHECO LEXMI NINOSKA,106,CONTRATO MENOR,CM,,SERVICIO DE AUXILIAR DE SEGURIDAD IX - VILLA DEPORTIVA REGIONAL DEL GOBIERNO REGIONAL DEL CALLAO,1849,18,2.3. 2  9. 1  1,LOCACION DE SERVICIOS REALIZADOS POR PERSONAS NATURALES RELACIONADAS AL ROL DE LA ENTIDAD,7500.00,Compromiso
2026,1028,03,S,1604,18/03/2026 00:00:00,10485085438,TREBEJO VILELA ALEXANDRA DELIA,106,CONTRATO MENOR,CM,,SERVICIO DE AUXILIAR DE SEGURIDAD X - VILLA DEPORTIVA REGIONAL DEL GOBIERNO REGIONAL DEL CALLAO,1850,18,2.3. 2  9. 1  1,LOCACION DE SERVICIOS REALIZADOS POR PERSONAS NATURALES RELACIONADAS AL ROL DE LA ENTIDAD,7500.00,Compromiso
2026,1028,03,S,1605,18/03/2026 00:00:00,10471849206,LIRA ESQUIVEL TANIA MELANIE,106,CONTRATO MENOR,CM,,SERVICIO DE AUXILIAR DE SEGURIDAD XI - VILLA DEPORTIVA REGIONAL DEL GOBIERNO REGIONAL DEL CALLAO,1851,18,2.3. 2  9. 1  1,LOCACION DE SERVICIOS REALIZADOS POR PERSONAS NATURALES RELACIONADAS AL ROL DE LA ENTIDAD,7500.00,Compromiso
2026,1028,03,S,1606,18/03/2026 00:00:00,10720501819,LOZA TORRES ANGIE CECILIA,106,CONTRATO MENOR,CM,,SERVICIO DE AUXILIAR DE SEGURIDAD XII - VILLA DEPORTIVA REGIONAL DEL GOBIERNO REGIONAL DEL CALLAO,1852,18,2.3. 2  9. 1  1,LOCACION DE SERVICIOS REALIZADOS POR PERSONAS NATURALES RELACIONADAS AL ROL DE LA ENTIDAD,7500.00,Compromiso
2026,1028,03,S,1607,18/03/2026 00:00:00,10254468636,AVALOS DE FAVERIO MARIA AMELIA,106,CONTRATO MENOR,CM,,SERVICIO DE AUXILIAR DE SEGURIDAD XIII - VILLA DEPORTIVA REGIONAL DEL GOBIERNO REGIONAL DEL CALLAO,1853,18,2.3. 2  9. 1  1,LOCACION DE SERVICIOS REALIZADOS POR PERSONAS NATURALES RELACIONADAS AL ROL DE LA ENTIDAD,1500.00,Compromiso
2026,1028,03,S,1608,18/03/2026 00:00:00,10423470017,L‡PEZ BAUTISTA LIVIA NASIRA,106,CONTRATO MENOR,CM,,SERVICIO DE AUXILIAR DE SEGURIDAD XIV - VILLA DEPORTIVA REGIONAL DEL GOBIERNO REGIONAL DEL CALLAO,1854,18,2.3. 2  9. 1  1,LOCACION DE SERVICIOS REALIZADOS POR PERSONAS NATURALES RELACIONADAS AL ROL DE LA ENTIDAD,7500.00,Compromiso
2026,1028,03,S,1609,18/03/2026 00:00:00,10455318128,RUIZ ALDANA YAZMIN SANTOS,106,CONTRATO MENOR,CM,,SERVICIO DE AUXILIAR DE SEGURIDAD XV - VILLA DEPORTIVA REGIONAL DEL GOBIERNO REGIONAL DEL CALLAO,1855,18,2.3. 2  9. 1  1,LOCACION DE SERVICIOS REALIZADOS POR PERSONAS NATURALES RELACIONADAS AL ROL DE LA ENTIDAD,7500.00,Compromiso
2026,1028,03,S,1610,18/03/2026 00:00:00,10255737614,PALOMINO DE LA CRUZ CARMEN,106,CONTRATO MENOR,CM,,SERVICIO DE AUXILIAR DE SEGURIDAD XVI - VILLA DEPORTIVA REGIONAL DEL GOBIERNO REGIONAL DEL CALLAO,1856,18,2.3. 2  9. 1  1,LOCACION DE SERVICIOS REALIZADOS POR PERSONAS NATURALES RELACIONADAS AL ROL DE LA ENTIDAD,7500.00,Compromiso
2026,1028,03,S,1611,18/03/2026 00:00:00,10256363556,GUTIERREZ MORALES MARCO ARTURO,106,CONTRATO MENOR,CM,,SERVICIO DE AUXILIAR DE SEGURIDAD XVII - VILLA DEPORTIVA REGIONAL DEL GOBIERNO REGIONAL DEL CALLAO,1857,18,2.3. 2  9. 1  1,LOCACION DE SERVICIOS REALIZADOS POR PERSONAS NATURALES RELACIONADAS AL ROL DE LA ENTIDAD,7500.00,Compromiso
2026,1028,03,S,1612,18/03/2026 00:00:00,10258111058,SOTO LEON CYNTHIA ANTOINETTE,106,CONTRATO MENOR,CM,,SERVICIO DE AUXILIAR DE SEGURIDAD XVIII - VILLA DEPORTIVA REGIONAL DEL GOBIERNO REGIONAL DEL CALLAO,1858,18,2.3. 2  9. 1  1,LOCACION DE SERVICIOS REALIZADOS POR PERSONAS NATURALES RELACIONADAS AL ROL DE LA ENTIDAD,7500.00,Compromiso
2026,1028,03,S,1613,18/03/2026 00:00:00,10405246347,MARTINEZ GARIZA DE MAYORGA ANA MARIA,106,CONTRATO MENOR,CM,,SERVICIO DE AUXILIAR DE SEGURIDAD XIX - VILLA DEPORTIVA REGIONAL DEL GOBIERNO REGIONAL DEL CALLAO,1881,18,2.3. 2  9. 1  1,LOCACION DE SERVICIOS REALIZADOS POR PERSONAS NATURALES RELACIONADAS AL ROL DE LA ENTIDAD,7500.00,Compromiso
2026,1028,03,S,1614,18/03/2026 00:00:00,10734422865,RAMOS LOLANDES SEBASTIAN MATIAS,106,CONTRATO MENOR,CM,,SERVICIO DE AUXILIAR DE SEGURIDAD XX - VILLA DEPORTIVA REGIONAL DEL GOBIERNO REGIONAL DEL CALLAO,1859,18,2.3. 2  9. 1  1,LOCACION DE SERVICIOS REALIZADOS POR PERSONAS NATURALES RELACIONADAS AL ROL DE LA ENTIDAD,7500.00,Compromiso
2026,1028,03,S,1615,18/03/2026 00:00:00,10442347765,GARCIA MONCADA WALTER JUNIOR,106,CONTRATO MENOR,CM,,SERVICIO DE AUXILIAR DE SEGURIDAD XXI - VILLA DEPORTIVA REGIONAL DEL GOBIERNO REGIONAL DEL CALLAO,1860,18,2.3. 2  9. 1  1,LOCACION DE SERVICIOS REALIZADOS POR PERSONAS NATURALES RELACIONADAS AL ROL DE LA ENTIDAD,7500.00,Compromiso
2026,1028,03,S,1616,18/03/2026 00:00:00,10748710618,GOMEZ CHOQUE NADIENKA MIA,106,CONTRATO MENOR,CM,,SERVICIO DE AUXILIAR DE SEGURIDAD XXII - VILLA DEPORTIVA REGIONAL DEL GOBIERNO REGIONAL DEL CALLAO,1861,18,2.3. 2  9. 1  1,LOCACION DE SERVICIOS REALIZADOS POR PERSONAS NATURALES RELACIONADAS AL ROL DE LA ENTIDAD,7500.00,Compromiso
2026,1028,03,S,1617,18/03/2026 00:00:00,10737668415,DIAZ CARRILLO JULIANA MARITZA,106,CONTRATO MENOR,CM,,SERVICIO DE AUXILIAR DE SEGURIDAD XXIII - VILLA DEPORTIVA REGIONAL DEL GOBIERNO REGIONAL DEL CALLAO,1862,18,2.3. 2  9. 1  1,LOCACION DE SERVICIOS REALIZADOS POR PERSONAS NATURALES RELACIONADAS AL ROL DE LA ENTIDAD,7500.00,Compromiso
2026,1028,03,S,1618,18/03/2026 00:00:00,10750443074,VILLALVA LOBATON MAYKEEL JORDAN,106,CONTRATO MENOR,CM,,SERVICIO DE AUXILIAR DE SEGURIDAD XXIV - VILLA DEPORTIVA REGIONAL DEL GOBIERNO REGIONAL DEL CALLAO,1863,18,2.3. 2  9. 1  1,LOCACION DE SERVICIOS REALIZADOS POR PERSONAS NATURALES RELACIONADAS AL ROL DE LA ENTIDAD,7500.00,Compromiso
2026,1028,03,S,1619,18/03/2026 00:00:00,10456878755,VILLANUEVA MENDOZA JUDITH EVILIN,106,CONTRATO MENOR,CM,,SERVICIO DE AUXILIAR DE SEGURIDAD XXV - VILLA DEPORTIVA REGIONAL DEL GOBIERNO REGIONAL DEL CALLAO,1864,18,2.3. 2  9. 1  1,LOCACION DE SERVICIOS REALIZADOS POR PERSONAS NATURALES RELACIONADAS AL ROL DE LA ENTIDAD,7500.00,Compromiso
2026,1028,03,S,1620,18/03/2026 00:00:00,10257023708,CHARUN LEON DE FRIAS VERONICA,106,CONTRATO MENOR,CM,,SERVICIO DE AUXILIAR DE SEGURIDAD XXVI - VILLA DEPORTIVA REGIONAL DEL GOBIERNO REGIONAL DEL CALLAO,1865,18,2.3. 2  9. 1  1,LOCACION DE SERVICIOS REALIZADOS POR PERSONAS NATURALES RELACIONADAS AL ROL DE LA ENTIDAD,7500.00,Compromiso
2026,1028,03,S,1621,18/03/2026 00:00:00,10802293670,ELIAS LANCHIPA JOHANA URSULA ESTHER,106,CONTRATO MENOR,CM,,SERVICIO DE AUXILIAR DE SEGURIDAD XXVII - VILLA DEPORTIVA REGIONAL DEL GOBIERNO REGIONAL DEL CALLAO,1866,18,2.3. 2  9. 1  1,LOCACION DE SERVICIOS REALIZADOS POR PERSONAS NATURALES RELACIONADAS AL ROL DE LA ENTIDAD,7500.00,Compromiso
2026,1028,03,S,1622,18/03/2026 00:00:00,10451447586,RENGIFO ESPINOZA EDSON,106,CONTRATO MENOR,CM,,SERVICIO DE AUXILIAR DE SEGURIDAD XXVIII - VILLA DEPORTIVA REGIONAL DEL GOBIERNO REGIONAL DEL CALLAO,1867,18,2.3. 2  9. 1  1,LOCACION DE SERVICIOS REALIZADOS POR PERSONAS NATURALES RELACIONADAS AL ROL DE LA ENTIDAD,7500.00,Compromiso
2026,1028,03,S,1622,18/03/2026 00:00:00,10451447586,RENGIFO ESPINOZA EDSON,106,CONTRATO MENOR,CM,,SERVICIO DE AUXILIAR DE SEGURIDAD XXVIII - VILLA DEPORTIVA REGIONAL DEL GOBIERNO REGIONAL DEL CALLAO,1867,18,2.3. 2  9. 1  1,LOCACION DE SERVICIOS REALIZADOS POR PERSONAS NATURALES RELACIONADAS AL ROL DE LA ENTIDAD,-4500.00,Rebaja
2026,1028,03,S,1623,18/03/2026 00:00:00,10257303387,LOBATON LEON SONIA EMPERATRIZ,106,CONTRATO MENOR,CM,,SERVICIO DE AUXILIAR DE SEGURIDAD II - REFUGIO TEMPORAL DEL PROGRAMA AURORA DEL MIMP Y EL GOBIERNO R,1868,18,2.3. 2  9. 1  1,LOCACION DE SERVICIOS REALIZADOS POR PERSONAS NATURALES RELACIONADAS AL ROL DE LA ENTIDAD,7500.00,Compromiso
2026,1028,03,S,1624,18/03/2026 00:00:00,10487370229,BULL‡N DARGENT ISABEL,106,CONTRATO MENOR,CM,,SERVICIO DE AUXILIAR DE SEGURIDAD III - REFUGIO TEMPORAL DEL PROGRAMA AURORA DEL MIMP Y EL GOBIERNO,1869,18,2.3. 2  9. 1  1,LOCACION DE SERVICIOS REALIZADOS POR PERSONAS NATURALES RELACIONADAS AL ROL DE LA ENTIDAD,7500.00,Compromiso
2026,1028,03,S,1625,18/03/2026 00:00:00,10258075019,CHIRRE CEDE•O FANNY ROXANA,106,CONTRATO MENOR,CM,,SERVICIO DE AUXILIAR DE SEGURIDAD IV - REFUGIO TEMPORAL DEL PROGRAMA AURORA DEL MIMP Y EL GOBIERNO R,1870,18,2.3. 2  9. 1  1,LOCACION DE SERVICIOS REALIZADOS POR PERSONAS NATURALES RELACIONADAS AL ROL DE LA ENTIDAD,7500.00,Compromiso
2026,1028,03,S,1626,18/03/2026 00:00:00,10258576026,JULIAN IZQUIERDO RINA MARITZA,106,CONTRATO MENOR,CM,,SERVICIO DE AUXILIAR DE SEGURIDAD V - REFUGIO TEMPORAL DEL PROGRAMA AURORA DEL MIMP Y EL GOBIERNO RE,1871,18,2.3. 2  9. 1  1,LOCACION DE SERVICIOS REALIZADOS POR PERSONAS NATURALES RELACIONADAS AL ROL DE LA ENTIDAD,7500.00,Compromiso
2026,1028,03,S,1627,18/03/2026 00:00:00,10728989781,ASIN SIMBALA ANA LUISA,106,CONTRATO MENOR,CM,,"SERVICIO DE AUXILIAR DE SEGURIDAD II - OFICINA MEJOR ATENCION AL CIUDADANO, MAC-CALLAO DEL GOBIERNO",1872,18,2.3. 2  9. 1  1,LOCACION DE SERVICIOS REALIZADOS POR PERSONAS NATURALES RELACIONADAS AL ROL DE LA ENTIDAD,7500.00,Compromiso
2026,1028,03,S,1628,18/03/2026 00:00:00,10410632620,TIRADO MIMBELA EVELYN ELIZABETH,106,CONTRATO MENOR,CM,,"SERVICIO DE AUXILIAR DE SEGURIDAD III - OFICINA MEJOR ATENCION AL CIUDADANO, MAC-CALLAO DEL GOBIERNO",1873,18,2.3. 2  9. 1  1,LOCACION DE SERVICIOS REALIZADOS POR PERSONAS NATURALES RELACIONADAS AL ROL DE LA ENTIDAD,7500.00,Compromiso
2026,1028,03,S,1629,18/03/2026 00:00:00,10255655502,PAIVA ANTON ELIZABETH MARISOL,106,CONTRATO MENOR,CM,,SERVICIO DE AUXILIAR DE SEGURIDAD II - DIRECCION REGIONAL DE TRABAJO Y PROMOCION DEL EMPLEO DEL GOBI,1874,18,2.3. 2  9. 1  1,LOCACION DE SERVICIOS REALIZADOS POR PERSONAS NATURALES RELACIONADAS AL ROL DE LA ENTIDAD,7500.00,Compromiso
2026,1028,03,S,1630,18/03/2026 00:00:00,10257109921,YUPANQUI CARBAJAL GIANNINA BEATRIZ,106,CONTRATO MENOR,CM,,SERVICIO DE AUXILIAR DE SEGURIDAD III - DIRECCION REGIONAL DE TRABAJO Y PROMOCION DEL EMPLEO DEL GOB,1875,18,2.3. 2  9. 1  1,LOCACION DE SERVICIOS REALIZADOS POR PERSONAS NATURALES RELACIONADAS AL ROL DE LA ENTIDAD,7500.00,Compromiso
2026,1028,03,S,1631,18/03/2026 00:00:00,10804316570,CARRE•O MAGALLANES MARIA ISABEL,106,CONTRATO MENOR,CM,,SERVICIO DE APOYO DE SEGURIDAD IV - VILLA DEPORTIVA REGIONAL DEL GOBIERNO REGIONAL DEL CALLAO,1876,18,2.3. 2  9. 1  1,LOCACION DE SERVICIOS REALIZADOS POR PERSONAS NATURALES RELACIONADAS AL ROL DE LA ENTIDAD,6000.00,Compromiso
2026,1028,03,S,1632,18/03/2026 00:00:00,10801900343,MANCILLA MARTOS DANIA ALIZON,106,CONTRATO MENOR,CM,,SERVICIO DE AUXILIAR DE SEGURIDAD X - SEDE CENTRAL DEL GOBIERNO REGIONAL DEL CALLAO,1877,18,2.3. 2  9. 1  1,LOCACION DE SERVICIOS REALIZADOS POR PERSONAS NATURALES RELACIONADAS AL ROL DE LA ENTIDAD,7500.00,Compromiso
2026,1028,03,S,1633,18/03/2026 00:00:00,10180984149,RAMIREZ SANDOVAL ELENA MARGARITA,106,CONTRATO MENOR,CM,,SERVICIO DE AUXILIAR DE SEGURIDAD XI - SEDE CENTRAL DEL GOBIERNO REGIONAL DEL CALLAO,1878,18,2.3. 2  9. 1  1,LOCACION DE SERVICIOS REALIZADOS POR PERSONAS NATURALES RELACIONADAS AL ROL DE LA ENTIDAD,7500.00,Compromiso
2026,1028,03,S,1634,18/03/2026 00:00:00,10257164522,APONTE GUILLEN PATRICIA FLORA,106,CONTRATO MENOR,CM,,SERVICIO DE AUXILIAR DE SEGURIDAD III - SEDE CENTRAL DEL GOBIERNO REGIONAL DEL CALLAO,1879,18,2.3. 2  9. 1  1,LOCACION DE SERVICIOS REALIZADOS POR PERSONAS NATURALES RELACIONADAS AL ROL DE LA ENTIDAD,7500.00,Compromiso
2026,1028,03,S,1635,18/03/2026 00:00:00,10483113108,FLORES VALCAZAR JULIAN MICHEL,106,CONTRATO MENOR,CM,,SERVICIO DE SUPERVISOR DE SEGURIDAD IV - SEDE CENTRAL DEL GOBIERNO REGIONAL DEL CALLAO,1880,18,2.3. 2  9. 1  1,LOCACION DE SERVICIOS REALIZADOS POR PERSONAS NATURALES RELACIONADAS AL ROL DE LA ENTIDAD,2000.00,Compromiso
2026,1028,03,S,1636,18/03/2026 00:00:00,10473314725,MEDINA PAIVA MARIA DE FATIMA MIRELLA,106,CONTRATO MENOR,CM,,SERVICIO DE ASISTENCIA LEGAL EN PROCESOS ADMINISTRATIVOS PARA LA GERENCIA GENERAL REGIONAL.,1785,18,2.3. 2  9. 1  1,LOCACION DE SERVICIOS REALIZADOS POR PERSONAS NATURALES RELACIONADAS AL ROL DE LA ENTIDAD,-13000.00,Anulado
2026,1028,03,S,1636,18/03/2026 00:00:00,10473314725,MEDINA PAIVA MARIA DE FATIMA MIRELLA,106,CONTRATO MENOR,CM,,SERVICIO DE ASISTENCIA LEGAL EN PROCESOS ADMINISTRATIVOS PARA LA GERENCIA GENERAL REGIONAL.,1785,18,2.3. 2  9. 1  1,LOCACION DE SERVICIOS REALIZADOS POR PERSONAS NATURALES RELACIONADAS AL ROL DE LA ENTIDAD,13000.00,Compromiso
2026,1028,03,S,1637,18/03/2026 00:00:00,10255641650,CRUZADO MARTINEZ ERIKA ANGELICA DEL PILAR,106,CONTRATO MENOR,CM,,SERVICIO DE REVISI‡N Y ACTUALIZACI‡N DE DOCUMENTOS I,1808,09,2.3. 2  9. 1  1,LOCACION DE SERVICIOS REALIZADOS POR PERSONAS NATURALES RELACIONADAS AL ROL DE LA ENTIDAD,5500.00,Compromiso
2026,1028,03,S,1638,18/03/2026 00:00:00,10424371039,ALMEYDA HUAPAYA DIEGO HUMBERTO,106,CONTRATO MENOR,CM,,"SERVICIO DE ELABORACION DE BASE DE DATOS, ESCANEO Y ARCHIVO DE DOCUMENTOS",1815,18,2.3. 2  9. 1  1,LOCACION DE SERVICIOS REALIZADOS POR PERSONAS NATURALES RELACIONADAS AL ROL DE LA ENTIDAD,12000.00,Compromiso
2026,1028,03,S,1639,18/03/2026 00:00:00,10753724708,BALLON ARCE MARIEL,106,CONTRATO MENOR,CM,,SERVICIO DE DIGITALIZACION Y ORGANIZACI‡N DE DOCUMENTACION,1816,18,2.3. 2  9. 1  1,LOCACION DE SERVICIOS REALIZADOS POR PERSONAS NATURALES RELACIONADAS AL ROL DE LA ENTIDAD,12000.00,Compromiso
2026,1028,03,S,1640,18/03/2026 00:00:00,10459393973,BEDRE•ANA FLORES FELIX UBALDO,106,CONTRATO MENOR,CM,,SERVICIO ESPECIALIZADO PARA LA DECLARACION DE TRIBUTOS,1817,18,2.3. 2  9. 1  1,LOCACION DE SERVICIOS REALIZADOS POR PERSONAS NATURALES RELACIONADAS AL ROL DE LA ENTIDAD,14400.00,Compromiso
2026,1028,03,S,1641,18/03/2026 00:00:00,10739509331,CABALLERO PEREZ JAVIER AMMED,106,CONTRATO MENOR,CM,,SERVICIO DE ORDENAMIENTO DE DOCUMENTOS DE ARCHIVO,1818,18,2.3. 2  9. 1  1,LOCACION DE SERVICIOS REALIZADOS POR PERSONAS NATURALES RELACIONADAS AL ROL DE LA ENTIDAD,9300.00,Compromiso
2026,1028,03,S,1642,18/03/2026 00:00:00,10765860097,CARAZA APONTE ALEKSEI ALEXANDRO,106,CONTRATO MENOR,CM,,"SERVICIO DE REVISION, ANALISIS Y VERIFICACI‡N DE DOCUMENTOS DE PAGOS",1819,18,2.3. 2  9. 1  1,LOCACION DE SERVICIOS REALIZADOS POR PERSONAS NATURALES RELACIONADAS AL ROL DE LA ENTIDAD,15000.00,Compromiso
2026,1028,03,S,1643,18/03/2026 00:00:00,10730306046,CRUZ VELEZ GUILLERMO ANTONIO,106,CONTRATO MENOR,CM,,SERVICIO DE DIGITALIZACION Y FOLIACION DE DOCUMENTOS DE ARCHIVO,1820,18,2.3. 2  9. 1  1,LOCACION DE SERVICIOS REALIZADOS POR PERSONAS NATURALES RELACIONADAS AL ROL DE LA ENTIDAD,9600.00,Compromiso
2026,1028,03,S,1644,18/03/2026 00:00:00,10074474212,HURTADO SUAREZ LUIS GODOFREDO,106,CONTRATO MENOR,CM,,"SERVICIO DE REVISION, VERIFICACION Y CONTROL PREVIO DE DOCUMENTOS DE OPERACIONES ADMINISTRATIVAS",1821,18,2.3. 2  9. 1  1,LOCACION DE SERVICIOS REALIZADOS POR PERSONAS NATURALES RELACIONADAS AL ROL DE LA ENTIDAD,24000.00,Compromiso
2026,1028,03,S,1645,18/03/2026 00:00:00,10080624056,OLARTE DELGADO JOSE ANTONIO,106,CONTRATO MENOR,CM,,SERVICIO DE ASISTENCIA TECNICA EN GESTION DE PROCESOS ADMINISTRATIVOS,1822,18,2.3. 2  9. 1  1,LOCACION DE SERVICIOS REALIZADOS POR PERSONAS NATURALES RELACIONADAS AL ROL DE LA ENTIDAD,21000.00,Compromiso
2026,1028,03,S,1646,18/03/2026 00:00:00,10729209908,RAMIREZ ROJAS BREYSON DAVID,106,CONTRATO MENOR,CM,,"SERVICIO DE PROCESAMIENTO, ORDENAMIENTO Y CLASIFICACION DE DOCUMENTOS ADMINISTRATIVOS",1823,18,2.3. 2  9. 1  1,LOCACION DE SERVICIOS REALIZADOS POR PERSONAS NATURALES RELACIONADAS AL ROL DE LA ENTIDAD,8250.00,Compromiso
2026,1028,03,S,1647,18/03/2026 00:00:00,10079723628,RIOS RENGIFO RUTH EMILIA,106,CONTRATO MENOR,CM,,SERVICIO PARA LA COORDINACI‡N Y GESTION DE ACTIVIDADES SECRETARIALES,1809,18,2.3. 2  9. 1  1,LOCACION DE SERVICIOS REALIZADOS POR PERSONAS NATURALES RELACIONADAS AL ROL DE LA ENTIDAD,11700.00,Compromiso
2026,1028,03,S,1648,18/03/2026 00:00:00,10484631471,ROJAS GUILLEN JHONATHAN ALONZO,106,CONTRATO MENOR,CM,,SERVICIO DE ASISTENCIA TECNICA ADMINISTRATIVA,1810,18,2.3. 2  9. 1  1,LOCACION DE SERVICIOS REALIZADOS POR PERSONAS NATURALES RELACIONADAS AL ROL DE LA ENTIDAD,15900.00,Compromiso
2026,1028,03,S,1649,18/03/2026 00:00:00,10753621275,SOTO RAFAEL PIERINA KATIUSKA,106,CONTRATO MENOR,CM,,SERVICIO DE ATENCION DE CONSULTAS Y REGISTRO DE INFORMACION DE USUARIOS POR LA PLATAFORMA DE ATENCIO,1811,18,2.3. 2  9. 1  1,LOCACION DE SERVICIOS REALIZADOS POR PERSONAS NATURALES RELACIONADAS AL ROL DE LA ENTIDAD,9450.00,Compromiso
2026,1028,03,S,1650,18/03/2026 00:00:00,10774707668,TELLO LLAJA MABETH CATHERIN,106,CONTRATO MENOR,CM,,SERVICIO DE AUXILIAR ADMINISTRATIVO,1812,18,2.3. 2  9. 1  1,LOCACION DE SERVICIOS REALIZADOS POR PERSONAS NATURALES RELACIONADAS AL ROL DE LA ENTIDAD,9900.00,Compromiso
2026,1028,03,S,1651,18/03/2026 00:00:00,10703562162,VASCONES ROJAS CESAR POOL,106,CONTRATO MENOR,CM,,"SERVICIO DE ELABORACION DE BASE DE DATOS, DIGITALIZACION Y ARCHIVO DE DOCUMENTOS",1813,18,2.3. 2  9. 1  1,LOCACION DE SERVICIOS REALIZADOS POR PERSONAS NATURALES RELACIONADAS AL ROL DE LA ENTIDAD,12000.00,Compromiso
2026,1028,03,S,1652,18/03/2026 00:00:00,10477199645,YANAC HUIZA MIGUEL OSWALDO,106,CONTRATO MENOR,CM,,"SERVICIO DE RECOPILACION, ARCHIVO E INVENTARIO DE DOCUMENTACION Y EXPEDIENTES",1814,18,2.3. 2  9. 1  1,LOCACION DE SERVICIOS REALIZADOS POR PERSONAS NATURALES RELACIONADAS AL ROL DE LA ENTIDAD,12600.00,Compromiso
2026,1028,03,S,1653,18/03/2026 00:00:00,10720314873,HUAYANCA HUAMAN LEONARDO MARTIN,106,CONTRATO MENOR,CM,,SERVICIO ESPECIALIZADO EN INGENIERIA AMBIENTAL PCA,1886,18,2.3. 2  9. 1  1,LOCACION DE SERVICIOS REALIZADOS POR PERSONAS NATURALES RELACIONADAS AL ROL DE LA ENTIDAD,14000.00,Compromiso
2026,1028,03,S,1654,18/03/2026 00:00:00,10441240886,MAMANI DIAZ SERGIO DEYVIS,106,CONTRATO MENOR,CM,,SERVICIO ESPECIALIZADO EN INGENIERIA AMBIENTAL IV.,1887,18,2.3. 2  9. 1  1,LOCACION DE SERVICIOS REALIZADOS POR PERSONAS NATURALES RELACIONADAS AL ROL DE LA ENTIDAD,12000.00,Compromiso
2026,1028,03,S,1655,19/03/2026 00:00:00,20609698153,TOQUE GOURMET S.A.C.,106,CONTRATO MENOR,CM,,SERVICIO DE COFFEE BREAK PARA LA TERCERA SESI‡N ORDINARIA,1883,18,2.3. 2  7.11  5,SERVICIOS DE ALIMENTACION DE CONSUMO HUMANO,3500.00,Compromiso
2026,1028,03,S,1656,19/03/2026 00:00:00,20607848204,SKUNA ASOCIADOS S.A.C.,106,CONTRATO MENOR,CM,,SERVICIO DE ALQUILER DE MESAS Y SILLAS PARA LA TERCERA SESI‡N ORDINARIA,1884,18,2.3. 2  5. 1  3,DE MOBILIARIO Y SIMILARES,4000.00,Compromiso
2026,1028,03,S,1657,19/03/2026 00:00:00,10701549762,CHALCO EVANGELISTA AYLIN CAROLYN,106,CONTRATO MENOR,CM,,SERVICIO ESPECIALIZADO EN DERECHO ADMINISTRATIVO Y ADMINISTRACION PUBLICA.,1888,18,2.3. 2  9. 1  1,LOCACION DE SERVICIOS REALIZADOS POR PERSONAS NATURALES RELACIONADAS AL ROL DE LA ENTIDAD,15000.00,Compromiso
2026,1028,03,S,1658,19/03/2026 00:00:00,10744762940,LOPEZ MEDINA JAKELIN,106,CONTRATO MENOR,CM,,SERVICIO DE ASESOR÷A TêCNICA Y MONITOREO EN GESTION ADMINISTRATIVA,1885,18,2.3. 2  9. 1  1,LOCACION DE SERVICIOS REALIZADOS POR PERSONAS NATURALES RELACIONADAS AL ROL DE LA ENTIDAD,32000.00,Compromiso
2026,1028,03,S,1659,19/03/2026 00:00:00,10475607843,PERNIA PALMA JESUS MOISES,106,CONTRATO MENOR,CM,,SERVICIO DE GESTION Y SEGUIMIENTO DE ACTIVIDADES ADMINISTRATIVA I,1891,09,2.3. 2  9. 1  1,LOCACION DE SERVICIOS REALIZADOS POR PERSONAS NATURALES RELACIONADAS AL ROL DE LA ENTIDAD,37500.00,Compromiso
2026,1028,03,S,1660,19/03/2026 00:00:00,10447291679,VILLALBA BETETTA CINDY LUISA,106,CONTRATO MENOR,CM,,"SERVICIO DE MONITOREO, ATENCION DE CONSULTA Y VALIDACION DE INFORMACION I",1892,09,2.3. 2  9. 1  1,LOCACION DE SERVICIOS REALIZADOS POR PERSONAS NATURALES RELACIONADAS AL ROL DE LA ENTIDAD,42000.00,Compromiso
2026,1028,03,S,1661,19/03/2026 00:00:00,10098610303,ESCALANTE ARROYO ELIZABETH DANIZA,106,CONTRATO MENOR,CM,,"SERVICIO DE MONITOREO, ATENCION DE CONSULTA Y VALIDACION DE INFORMACION II",1893,09,2.3. 2  9. 1  1,LOCACION DE SERVICIOS REALIZADOS POR PERSONAS NATURALES RELACIONADAS AL ROL DE LA ENTIDAD,42000.00,Compromiso
2026,1028,03,S,1662,19/03/2026 00:00:00,10755822804,ROMAN ALE LEANDRO GUSTAVO,106,CONTRATO MENOR,CM,,SERVICIO DE SOPORTE INFORMATICO I,1894,09,2.3. 2  9. 1  1,LOCACION DE SERVICIOS REALIZADOS POR PERSONAS NATURALES RELACIONADAS AL ROL DE LA ENTIDAD,30000.00,Compromiso
2026,1028,03,S,1663,19/03/2026 00:00:00,10462169243,POSADAS ZARATE KATHERIN FRANCIS,106,CONTRATO MENOR,CM,,"SERVICIO DE REGISTRO, SEGUIMIENTO Y ELABORACION DE REPORTES I",1895,09,2.3. 2  9. 1  1,LOCACION DE SERVICIOS REALIZADOS POR PERSONAS NATURALES RELACIONADAS AL ROL DE LA ENTIDAD,44000.00,Compromiso
2026,1028,03,S,1664,19/03/2026 00:00:00,10096412695,HIDALGO OCHOA MARIA DEL CARMEN,106,CONTRATO MENOR,CM,,SERVICIO DE AUXILIAR ADMINISTRATIVO I,1896,09,2.3. 2  9. 1  1,LOCACION DE SERVICIOS REALIZADOS POR PERSONAS NATURALES RELACIONADAS AL ROL DE LA ENTIDAD,30000.00,Compromiso
2026,1028,03,S,1665,19/03/2026 00:00:00,10748045916,KATHERINE LUZMILA FERRANTE CAMPOBLANCO,106,CONTRATO MENOR,CM,,SERVICIO DE ASISTENCIA PARA DESPACHO DE DOCUMENTOS I,1897,09,2.3. 2  9. 1  1,LOCACION DE SERVICIOS REALIZADOS POR PERSONAS NATURALES RELACIONADAS AL ROL DE LA ENTIDAD,27500.00,Compromiso
2026,1028,03,S,1666,19/03/2026 00:00:00,10257613831,PARDO REYES CARLOS ALEXANDER,106,CONTRATO MENOR,CM,,SERVICIO DE SEGUIMIENTO DE ACTIVIDADES ADMINISTRATIVOS I,1898,09,2.3. 2  9. 1  1,LOCACION DE SERVICIOS REALIZADOS POR PERSONAS NATURALES RELACIONADAS AL ROL DE LA ENTIDAD,44000.00,Compromiso
2026,1028,03,S,1667,19/03/2026 00:00:00,10105869661,ZUMAETA MONSALVE SAMUEL JEREMY,106,CONTRATO MENOR,CM,,SERVICIO DE ELABORACION Y SEGUIMIENTO DE DOCUMENTOS ADMINISTRATIVOS I,1899,09,2.3. 2  9. 1  1,LOCACION DE SERVICIOS REALIZADOS POR PERSONAS NATURALES RELACIONADAS AL ROL DE LA ENTIDAD,40500.00,Compromiso
2026,1028,03,S,1668,19/03/2026 00:00:00,10104587441,FRANCO CANALES FELIX EDUARDO,106,CONTRATO MENOR,CM,,SERVICIO DE ASISTENCIA TECNICA ADMINISTRATIVA I,1900,09,2.3. 2  9. 1  1,LOCACION DE SERVICIOS REALIZADOS POR PERSONAS NATURALES RELACIONADAS AL ROL DE LA ENTIDAD,42000.00,Compromiso
2026,1028,03,S,1669,19/03/2026 00:00:00,10410493409,OBREGON GARCIA SHIRLEY ALLISON,106,CONTRATO MENOR,CM,,SERVICIO DE ASISTENCIA EN LA ELABORACI‡N DE DOCUMENTOS ADMINISTRATIVOS I,1901,09,2.3. 2  9. 1  1,LOCACION DE SERVICIOS REALIZADOS POR PERSONAS NATURALES RELACIONADAS AL ROL DE LA ENTIDAD,36000.00,Compromiso
2026,1028,03,S,1670,19/03/2026 00:00:00,10256740414,CHAVEZ BOERO DIANA MARIA,106,CONTRATO MENOR,CM,,SERVICIO DE ORIENTADOR V.,1902,09,2.3. 2  9. 1  1,LOCACION DE SERVICIOS REALIZADOS POR PERSONAS NATURALES RELACIONADAS AL ROL DE LA ENTIDAD,24000.00,Compromiso
2026,1028,03,S,1671,19/03/2026 00:00:00,10749346570,ORELLANA RECAVARREN JAIR RAUL,106,CONTRATO MENOR,CM,,"SERVICIO DE PROCESAMIENTO, ORDENAMIENTO Y CLASIFICACI‡N DE DOCUMENTOS ADMINISTRATIVOS I",1903,09,2.3. 2  9. 1  1,LOCACION DE SERVICIOS REALIZADOS POR PERSONAS NATURALES RELACIONADAS AL ROL DE LA ENTIDAD,10500.00,Compromiso
2026,1028,03,S,1672,19/03/2026 00:00:00,10746525996,CORDOVA FLORES DANIEL ALONSO,106,CONTRATO MENOR,CM,,SERVICIO DE ASISTENCIA PARA DESPACHO DE DOCUMENTOS III,1904,09,2.3. 2  9. 1  1,LOCACION DE SERVICIOS REALIZADOS POR PERSONAS NATURALES RELACIONADAS AL ROL DE LA ENTIDAD,5000.00,Compromiso
2026,1028,03,S,1673,19/03/2026 00:00:00,10068007238,ZEGARRA FARROMEQUE CESAR ANTONIO,106,CONTRATO MENOR,CM,,SERVICIO DE SUPERVISION Y ASISTENCIA TECNICA I,1921,09,2.3. 2  9. 1  1,LOCACION DE SERVICIOS REALIZADOS POR PERSONAS NATURALES RELACIONADAS AL ROL DE LA ENTIDAD,42000.00,Compromiso
2026,1028,03,S,1674,19/03/2026 00:00:00,10442382242,JIMENEZ VERA CARLO YENKO,106,CONTRATO MENOR,CM,,SERVICIO DE SUPERVISION Y MONITOREO DE ACTIVIDADES TECNICO ADMINISTRATIVO I,1922,09,2.3. 2  9. 1  1,LOCACION DE SERVICIOS REALIZADOS POR PERSONAS NATURALES RELACIONADAS AL ROL DE LA ENTIDAD,42000.00,Compromiso
2026,1028,03,S,1675,19/03/2026 00:00:00,10435392208,CUBA CONCHATUPA HANS JONNATHAN,106,CONTRATO MENOR,CM,,"SERVICIO DE REVISION, VERIFICACION Y CONTROL PREVIO DE DOCUMENTOS ADMINISTRATIVOS I",1923,09,2.3. 2  9. 1  1,LOCACION DE SERVICIOS REALIZADOS POR PERSONAS NATURALES RELACIONADAS AL ROL DE LA ENTIDAD,40500.00,Compromiso
2026,1028,03,S,1676,19/03/2026 00:00:00,10437393805,NUNURA CHERO JHON MICHAEL,106,CONTRATO MENOR,CM,,SERVICIO ESPECIALIZADO EN MATERIA LEGAL PARA LA SECRETARIA DE CONSEJO REGIONAL DEL GOBIERNO REGIONAL,1930,18,2.3. 2  9. 1  1,LOCACION DE SERVICIOS REALIZADOS POR PERSONAS NATURALES RELACIONADAS AL ROL DE LA ENTIDAD,24000.00,Compromiso
2026,1028,03,S,1677,19/03/2026 00:00:00,10256024913,LARA GARAY YOLANDA,106,CONTRATO MENOR,CM,,SERVICIO ESPECIALIZADO EN TEMAS DE DERECHO PARA LA SECRETARIA DE CONSEJO REGIONAL DEL CALLAO.,1905,18,2.3. 2  9. 1  1,LOCACION DE SERVICIOS REALIZADOS POR PERSONAS NATURALES RELACIONADAS AL ROL DE LA ENTIDAD,21000.00,Compromiso
2026,1028,03,S,1678,19/03/2026 00:00:00,10449990515,VIZCARDO ORBE HELLEN INES,106,CONTRATO MENOR,CM,,SERVICIO DE  ASISTENCIA LEGAL EN PROCESOS LOGISTICOS PARA LA SECRETARIA DE CONSEJO REGIONAL DEL GOBI,1906,18,2.3. 2  9. 1  1,LOCACION DE SERVICIOS REALIZADOS POR PERSONAS NATURALES RELACIONADAS AL ROL DE LA ENTIDAD,15000.00,Compromiso
2026,1028,03,S,1679,19/03/2026 00:00:00,10733060421,SALAZAR RUIZ VICTOR STEEP,106,CONTRATO MENOR,CM,,SERVICIO DE ELABORACION DE CONTENIDOS DE MATERIAL DE DIFUSION PARA LA SECRETARIA DE CONSEJO REGIONAL,1907,18,2.3. 2  9. 1  1,LOCACION DE SERVICIOS REALIZADOS POR PERSONAS NATURALES RELACIONADAS AL ROL DE LA ENTIDAD,9900.00,Compromiso
2026,1028,03,S,1680,19/03/2026 00:00:00,10469624281,TRUJILLO MEZA MIGUEL ANGEL,106,CONTRATO MENOR,CM,,SERVICIO DE SOPORTE TêCNICO EN REDES I,1924,09,2.3. 2  9. 1  1,LOCACION DE SERVICIOS REALIZADOS POR PERSONAS NATURALES RELACIONADAS AL ROL DE LA ENTIDAD,44000.00,Compromiso
2026,1028,03,S,1681,19/03/2026 00:00:00,10076722418,JIMENEZ SMITH ERNESTO JULIAN,106,CONTRATO MENOR,CM,,SERVICIO ESPECIALIZADO EN INGENIERIA ADMINISTRATIVA PARA LA SECRETARIA DE CONSEJO REGIONAL DEL CALLA,1908,18,2.3. 2  9. 1  1,LOCACION DE SERVICIOS REALIZADOS POR PERSONAS NATURALES RELACIONADAS AL ROL DE LA ENTIDAD,21000.00,Compromiso
2026,1028,03,S,1682,19/03/2026 00:00:00,10456248204,BENITES AGUILAR SANDRA FIORELLA,106,CONTRATO MENOR,CM,,SERVICIO DE ASISTENCIA Y REVISION LEGAL DE DOCUMENTOS PARA LA SECRETARIA DE CONSEJO REGIONAL,1909,18,2.3. 2  9. 1  1,LOCACION DE SERVICIOS REALIZADOS POR PERSONAS NATURALES RELACIONADAS AL ROL DE LA ENTIDAD,13500.00,Compromiso
2026,1028,03,S,1683,19/03/2026 00:00:00,10076323220,BENAVIDES CORBETTA SANDRO MOISES,106,CONTRATO MENOR,CM,,SERVICIO DE ASISTENCIA TECNICA LEGAL EN DOCUMENTOS DE GESTION PARA LA SECRETARIA DE CONSEJO REGIONAL,1912,18,2.3. 2  9. 1  1,LOCACION DE SERVICIOS REALIZADOS POR PERSONAS NATURALES RELACIONADAS AL ROL DE LA ENTIDAD,18000.00,Compromiso
2026,1028,03,S,1684,19/03/2026 00:00:00,10436937879,AGREDA ALARCON EDSON ROBERT,106,CONTRATO MENOR,CM,,SERVICIO DE SEGUIMIENTO Y ASISTENCIA DE ACTIVIDADES ADMINISTRATIVAS PARA LA SECRETARIA DE CONSEJO RE,1913,18,2.3. 2  9. 1  1,LOCACION DE SERVICIOS REALIZADOS POR PERSONAS NATURALES RELACIONADAS AL ROL DE LA ENTIDAD,18000.00,Compromiso
2026,1028,03,S,1685,19/03/2026 00:00:00,10257419075,ROSILLO TAMARIZ DONALD ORLANDO,106,CONTRATO MENOR,CM,,SERVICIO DE ELABORACI‡N DE REPORTE DE MONITOREO DE ACTIVIDADES I,1925,09,2.3. 2  9. 1  1,LOCACION DE SERVICIOS REALIZADOS POR PERSONAS NATURALES RELACIONADAS AL ROL DE LA ENTIDAD,37500.00,Compromiso
2026,1028,03,S,1686,19/03/2026 00:00:00,10457674487,GASTELO NAVARRO MIGUEL ARMANDO,106,CONTRATO MENOR,CM,,SERVICIO DE AUXILIAR ADMINISTRATIVO PARA LA SECRETARIA DE CONSEJO REGIONAL DEL CALLAO.,1914,18,2.3. 2  9. 1  1,LOCACION DE SERVICIOS REALIZADOS POR PERSONAS NATURALES RELACIONADAS AL ROL DE LA ENTIDAD,7500.00,Compromiso
2026,1028,03,S,1687,19/03/2026 00:00:00,10466498926,ACOSTA ORTEGA YISSELA,106,CONTRATO MENOR,CM,,SERVICIO DE REVISI‡N Y ANµLISIS DE LA GESTI‡N LOG÷STICA I,1928,09,2.3. 2  9. 1  1,LOCACION DE SERVICIOS REALIZADOS POR PERSONAS NATURALES RELACIONADAS AL ROL DE LA ENTIDAD,44000.00,Compromiso
2026,1028,03,S,1688,19/03/2026 00:00:00,10040592852,CONCHA ARELLANO MANUEL GUILLERMO,106,CONTRATO MENOR,CM,,SERVICIO DE SUPERVISION Y MONITOREO DE ACTIVIDADES TECNICO ADMINISTRATIVO II,1926,09,2.3. 2  9. 1  1,LOCACION DE SERVICIOS REALIZADOS POR PERSONAS NATURALES RELACIONADAS AL ROL DE LA ENTIDAD,42000.00,Compromiso
2026,1028,03,S,1689,19/03/2026 00:00:00,10448661836,RETAMOZO ROJAS HANZ HIMY,106,CONTRATO MENOR,CM,,SERVICIO ESPECIALIZADO EN DERECHO ADMINISTRATIVO PARA LA SECRETARIA DE CONSEJO REGIONAL DEL GOBIERNO,1915,18,2.3. 2  9. 1  1,LOCACION DE SERVICIOS REALIZADOS POR PERSONAS NATURALES RELACIONADAS AL ROL DE LA ENTIDAD,21000.00,Compromiso
2026,1028,03,S,1690,19/03/2026 00:00:00,10075387135,GARCIA CAVAGNARO RAMON ORESTES,106,CONTRATO MENOR,CM,,SERVICIO DE COORDINACION EN ACTIVIDADES DE PROMOCION Y DIFUSION PARA LA SECRETARIA DE CONSEJO REGION,1916,18,2.3. 2  9. 1  1,LOCACION DE SERVICIOS REALIZADOS POR PERSONAS NATURALES RELACIONADAS AL ROL DE LA ENTIDAD,15000.00,Compromiso
2026,1028,03,S,1691,19/03/2026 00:00:00,10711177987,RODAS NEGRON GRECIA,106,CONTRATO MENOR,CM,,SERVICIO DE ASITENCIA TECNICA ADMINISTRATIVA Y ORGANIZACI‡N DEL ACERVO DOCUMENTARIO PARA LA SECRETAR,1918,18,2.3. 2  9. 1  1,LOCACION DE SERVICIOS REALIZADOS POR PERSONAS NATURALES RELACIONADAS AL ROL DE LA ENTIDAD,6900.00,Compromiso
2026,1028,03,S,1692,19/03/2026 00:00:00,10418616372,CHOTA MONDRAGON WUENDY MICHELLE,106,CONTRATO MENOR,CM,,SERVICIO DE SEGUIMIENTO Y CONTROL DE ACTIVIDADES ADMINISTRATIVOS II,1927,09,2.3. 2  9. 1  1,LOCACION DE SERVICIOS REALIZADOS POR PERSONAS NATURALES RELACIONADAS AL ROL DE LA ENTIDAD,44000.00,Compromiso
2026,1028,03,S,1693,19/03/2026 00:00:00,10478168085,MOSCOSO MAC-DOWALL GEORGE ANDRE,106,CONTRATO MENOR,CM,,SERVICIO DE SEGUIMIENTO Y MONITOREO DE PROYECTOS DE INVERSION PUBLICA .,1967,18,2.3. 2  9. 1  1,LOCACION DE SERVICIOS REALIZADOS POR PERSONAS NATURALES RELACIONADAS AL ROL DE LA ENTIDAD,24000.00,Compromiso
2026,1028,03,S,1694,19/03/2026 00:00:00,10714408190,BECERRA SEPULVEDA SAYED ESVIETLANA,106,CONTRATO MENOR,CM,,SERVICIO ESPECIALIZADO EN MATERIA LEGAL EN GESTION PUBLICA .,1968,18,2.3. 2  9. 1  1,LOCACION DE SERVICIOS REALIZADOS POR PERSONAS NATURALES RELACIONADAS AL ROL DE LA ENTIDAD,18000.00,Compromiso
2026,1028,03,S,1695,19/03/2026 00:00:00,10486955258,AGUIRRE LORENZO KATHERINE MADELEYNE,106,CONTRATO MENOR,CM,,SERVICIO DE ASISTENCIA ADMINISTRATIVA PARA LA ACTIVIDAD OPERATIVA: OPERACI‡N Y MANTENIMIENTO DE INFRAESTRUCTURA DEPORTIVA,1931,18,2.3. 2  9. 1  1,LOCACION DE SERVICIOS REALIZADOS POR PERSONAS NATURALES RELACIONADAS AL ROL DE LA ENTIDAD,14000.00,Compromiso
2026,1028,03,S,1696,19/03/2026 00:00:00,10466788711,GONZALES AVALOS CARLOS ARTEMIO BAUTISTA,106,CONTRATO MENOR,CM,,SERVICIO DE ASISTENCIA TêCNICA ADMINISTRATIVA PARA LA ACTIVIDAD OPERATIVA: OPERACI‡N Y MANTENIMIENTO DE INFRAESTRUCTURA DEPORTIVA,1932,18,2.3. 2  9. 1  1,LOCACION DE SERVICIOS REALIZADOS POR PERSONAS NATURALES RELACIONADAS AL ROL DE LA ENTIDAD,12000.00,Compromiso
2026,1028,03,S,1697,19/03/2026 00:00:00,20613933434,PRODUCCIONES VEGA S.A.C.,106,CONTRATO MENOR,CM,,CONTRATACI‡N DEL SERVICIO DE EJECUCI‡N DE EVENTOS PARA LA FERIA LABORAL,1929,13,2.3. 2  7.11 99,SERVICIOS DIVERSOS,30000.00,Compromiso
2026,1028,03,S,1698,19/03/2026 00:00:00,10724912538,PAUCCAR MARI•O EVARISTO SCOTH,106,CONTRATO MENOR,CM,,"SERVICIO DE SUPERVISION, MONITOREO Y SEGUIMIENTO DE EJECUCION DE ACTIVIDADES DE ACONDICIONAMIENTO EN LA ESPECIALIDAD DE INSTALACIONES ELECTRICAS PARA LA ACTIVIDAD OPERATIVA: OPERACI‡N Y MANTENIMIENTO DE INFRAESTRUCTURA DEPORTIVA",1974,18,2.3. 2  9. 1  1,LOCACION DE SERVICIOS REALIZADOS POR PERSONAS NATURALES RELACIONADAS AL ROL DE LA ENTIDAD,20000.00,Compromiso
2026,1028,03,S,1699,19/03/2026 00:00:00,10751087301,GAVANCHO PALOMINO LESLY ANTUANE,106,CONTRATO MENOR,CM,,SERVICIO ESPECIALIZADO EN INGENIERIA CIVIL PARA LA ACTIVIDAD OPERATIVA: OPERACI‡N Y MANTENIMIENTO DE INFRAESTRUCTURA DEPORTIVA,1975,18,2.3. 2  9. 1  1,LOCACION DE SERVICIOS REALIZADOS POR PERSONAS NATURALES RELACIONADAS AL ROL DE LA ENTIDAD,20000.00,Compromiso
2026,1028,03,S,1700,19/03/2026 00:00:00,10431903208,PAUCCAR MARI•O JEAN PAUL,106,CONTRATO MENOR,CM,,SERVICIO DE SERVICIO DE VERIFICACION Y MONITOREO DE INFRAESTRUCTURA PARA LA ACTIVIDAD OPERATIVA: OPERACI‡N Y MANTENIMIENTO DE INFRAESTRUCTURA DEPORTIVA,1976,18,2.3. 2  9. 1  1,LOCACION DE SERVICIOS REALIZADOS POR PERSONAS NATURALES RELACIONADAS AL ROL DE LA ENTIDAD,20000.00,Compromiso
2026,1028,03,S,1701,19/03/2026 00:00:00,10738008711,ALEJOS FLORES MARIANELA YSABEL,106,CONTRATO MENOR,CM,,SERVICIO DE SUPERVISI‡N DE MANTENIMIENTO DE INFRAESTRUCTURA I PARA LA ACTIVIDAD OPERATIVA: OPERACI‡N Y MANTENIMIENTO DE INFRAESTRUCTURA DEPORTIVA,1933,18,2.3. 2  9. 1  1,LOCACION DE SERVICIOS REALIZADOS POR PERSONAS NATURALES RELACIONADAS AL ROL DE LA ENTIDAD,18000.00,Compromiso
2026,1028,03,S,1702,19/03/2026 00:00:00,10753516005,ZENOZAIN PADILLA GIANNELLA ANA,106,CONTRATO MENOR,CM,,SERVICIO DE SUPERVISI‡N DE MANTENIMIENTO DE INFRAESTRUCTURA II PARA LA ACTIVIDAD OPERATIVA: OPERACI‡N Y MANTENIMIENTO DE INFRAESTRUCTURA DEPORTIVA,1934,18,2.3. 2  9. 1  1,LOCACION DE SERVICIOS REALIZADOS POR PERSONAS NATURALES RELACIONADAS AL ROL DE LA ENTIDAD,18000.00,Compromiso
2026,1028,03,S,1703,19/03/2026 00:00:00,10471029438,SHATARE HUAPAYA GIANFRANCO EDGAR,106,CONTRATO MENOR,CM,,SERVICIO DE SUPERVISI‡N DE MANTENIMIENTO DE INFRAESTRUCTURA III PARA LA ACTIVIDAD OPERATIVA: OPERACI‡N Y MANTENIMIENTO DE INFRAESTRUCTURA DEPORTIVA,1935,18,2.3. 2  9. 1  1,LOCACION DE SERVICIOS REALIZADOS POR PERSONAS NATURALES RELACIONADAS AL ROL DE LA ENTIDAD,18000.00,Compromiso
2026,1028,03,S,1704,19/03/2026 00:00:00,10709796700,HINOSTROZA VELASQUEZ FIDEL JUVENAL,106,CONTRATO MENOR,CM,,SERVICIO ESPECIALIZADO EN INSTALACIONES ELêCTRICAS ? TêCNICO I PARA LA ACTIVIDAD OPERATIVA: OPERACI‡N Y MANTENIMIENTO DE INFRAESTRUCTURA DEPORTIVA,1940,18,2.3. 2  9. 1  1,LOCACION DE SERVICIOS REALIZADOS POR PERSONAS NATURALES RELACIONADAS AL ROL DE LA ENTIDAD,14000.00,Compromiso
2026,1028,03,S,1705,19/03/2026 00:00:00,10735860068,VEGA SIFUENTES FRAY LUIS,106,CONTRATO MENOR,CM,,SERVICIO ESPECIALIZADO EN INSTALACIONES ELêCTRICAS ? TêCNICO II PARA LA ACTIVIDAD OPERATIVA: OPERACI‡N Y MANTENIMIENTO DE INFRAESTRUCTURA DEPORTIVA,1941,18,2.3. 2  9. 1  1,LOCACION DE SERVICIOS REALIZADOS POR PERSONAS NATURALES RELACIONADAS AL ROL DE LA ENTIDAD,14000.00,Compromiso
2026,1028,03,S,1706,19/03/2026 00:00:00,10726350642,GONZALES DE LA CRUZ ANTHONY BRANDON,106,CONTRATO MENOR,CM,,SERVICIO DE MANTENIMIENTO DE ESTRUCTURAS METµLICAS I PARA LA ACTIVIDAD OPERATIVA: OPERACI‡N Y MANTENIMIENTO DE INFRAESTRUCTURA DEPORTIVA,1942,18,2.3. 2  9. 1  1,LOCACION DE SERVICIOS REALIZADOS POR PERSONAS NATURALES RELACIONADAS AL ROL DE LA ENTIDAD,17500.00,Compromiso
2026,1028,03,S,1707,19/03/2026 00:00:00,10102017680,GALARRETA VERA EUSEBIO,106,CONTRATO MENOR,CM,,SERVICIO DE MANTENIMIENTO DE ESTRUCTURAS METµLICAS II PARA LA ACTIVIDAD OPERATIVA: OPERACI‡N Y MANTENIMIENTO DE INFRAESTRUCTURA DEPORTIVA,1943,18,2.3. 2  9. 1  1,LOCACION DE SERVICIOS REALIZADOS POR PERSONAS NATURALES RELACIONADAS AL ROL DE LA ENTIDAD,14000.00,Compromiso
2026,1028,03,S,1708,19/03/2026 00:00:00,10723141988,JARA CORDOVA DIEGO ALEXIS,106,CONTRATO MENOR,CM,,SERVICIO DE ORDENAMIENTO Y ALMACENAMIENTO DE EXISTENCIAS DE ALMACêN PARA LA ACTIVIDAD OPERATIVA: OPERACI‡N Y MANTENIMIENTO DE INFRAESTRUCTURA DEPORTIVA,1944,18,2.3. 2  9. 1  1,LOCACION DE SERVICIOS REALIZADOS POR PERSONAS NATURALES RELACIONADAS AL ROL DE LA ENTIDAD,14000.00,Compromiso
2026,1028,03,S,1709,19/03/2026 00:00:00,10748443873,DIAZ OLIVERA GUILLERMO ALFREDO,106,CONTRATO MENOR,CM,,SERVICIO DE ASISTENCIA TECNICA EN MANTENIMIENTO DE INFRAESTRUCTURA,1945,18,2.3. 2  9. 1  1,LOCACION DE SERVICIOS REALIZADOS POR PERSONAS NATURALES RELACIONADAS AL ROL DE LA ENTIDAD,13750.00,Compromiso
2026,1028,03,S,1710,19/03/2026 00:00:00,10448874953,LAYZA CUEVA WILSON MANUEL,106,CONTRATO MENOR,CM,,SERVICIO DE ASISTENCIA TêCNICA EN MANTENIMIENTO DE INFRAESTRUCTURA II PARA LA ACTIVIDAD OPERATIVA: OPERACI‡N Y MANTENIMIENTO DE INFRAESTRUCTURA DEPORTIVA,1946,18,2.3. 2  9. 1  1,LOCACION DE SERVICIOS REALIZADOS POR PERSONAS NATURALES RELACIONADAS AL ROL DE LA ENTIDAD,13750.00,Compromiso
2026,1028,03,S,1711,19/03/2026 00:00:00,10421298748,PEZO TUANAMA ALAN,106,CONTRATO MENOR,CM,,SERVICIO DE ASISTENCIA TêCNICA EN MANTENIMIENTO DE INFRAESTRUCTURA III PARA LA ACTIVIDAD OPERATIVA: OPERACI‡N Y MANTENIMIENTO DE INFRAESTRUCTURA DEPORTIVA,1947,18,2.3. 2  9. 1  1,LOCACION DE SERVICIOS REALIZADOS POR PERSONAS NATURALES RELACIONADAS AL ROL DE LA ENTIDAD,11000.00,Compromiso
2026,1028,03,S,1712,19/03/2026 00:00:00,10432922974,TENORIO SALAZAR CESAR OSWALDO,106,CONTRATO MENOR,CM,,SERVICIO DE ASISTENCIA TêCNICA EN MANTENIMIENTO DE GASFITERIA PARA LA ACTIVIDAD OPERATIVA: OPERACI‡N Y MANTENIMIENTO DE INFRAESTRUCTURA DEPORTIVA,1948,18,2.3. 2  9. 1  1,LOCACION DE SERVICIOS REALIZADOS POR PERSONAS NATURALES RELACIONADAS AL ROL DE LA ENTIDAD,11000.00,Compromiso
2026,1028,03,S,1713,19/03/2026 00:00:00,10753264791,TELLO SOLANO JEAN PIERRE MANUEL,106,CONTRATO MENOR,CM,,SERVICIO DE AUXILIAR EN MANTENIMIENTO I PARA LA ACTIVIDAD OPERATIVA: OPERACI‡N Y MANTENIMIENTO DE INFRAESTRUCTURA DEPORTIVA,1949,18,2.3. 2  9. 1  1,LOCACION DE SERVICIOS REALIZADOS POR PERSONAS NATURALES RELACIONADAS AL ROL DE LA ENTIDAD,8000.00,Compromiso
2026,1028,03,S,1714,19/03/2026 00:00:00,10420630111,GALVAN RIVEROS ERICK GIOVANNY,106,CONTRATO MENOR,CM,,SERVICIO DE AUXILIAR EN MANTENIMIENTO II PARA LA ACTIVIDAD OPERATIVA: OPERACI‡N Y MANTENIMIENTO DE INFRAESTRUCTURA DEPORTIVA,1950,18,2.3. 2  9. 1  1,LOCACION DE SERVICIOS REALIZADOS POR PERSONAS NATURALES RELACIONADAS AL ROL DE LA ENTIDAD,8000.00,Compromiso
2026,1028,03,S,1715,19/03/2026 00:00:00,10732287537,JACINTO ASCENCIO FRANKLIN WILLIAMS,106,CONTRATO MENOR,CM,,SERVICIO DE AUXILIAR EN MANTENIMIENTO III PARA LA ACTIVIDAD OPERATIVA: OPERACI‡N Y MANTENIMIENTO DE INFRAESTRUCTURA DEPORTIVA,1951,18,2.3. 2  9. 1  1,LOCACION DE SERVICIOS REALIZADOS POR PERSONAS NATURALES RELACIONADAS AL ROL DE LA ENTIDAD,8000.00,Compromiso
2026,1028,03,S,1716,19/03/2026 00:00:00,10753911371,PONCE VERNAZA JEAN POUL,106,CONTRATO MENOR,CM,,SERVICIO DE AUXILIAR EN MANTENIMIENTO IV PARA LA ACTIVIDAD OPERATIVA: OPERACI‡N Y MANTENIMIENTO DE INFRAESTRUCTURA DEPORTIVA,1952,18,2.3. 2  9. 1  1,LOCACION DE SERVICIOS REALIZADOS POR PERSONAS NATURALES RELACIONADAS AL ROL DE LA ENTIDAD,8000.00,Compromiso
2026,1028,03,S,1717,19/03/2026 00:00:00,10750034395,PAVON ALONZO JEREMI DENILSON,106,CONTRATO MENOR,CM,,SERVICIO DE AUXILIAR EN MANTENIMIENTO V PARA LA ACTIVIDAD OPERATIVA: OPERACI‡N Y MANTENIMIENTO DE INFRAESTRUCTURA DEPORTIVA,1953,18,2.3. 2  9. 1  1,LOCACION DE SERVICIOS REALIZADOS POR PERSONAS NATURALES RELACIONADAS AL ROL DE LA ENTIDAD,8000.00,Compromiso
2026,1028,03,S,1718,19/03/2026 00:00:00,10413186078,LA ROSA FASANANDO ROBERTO CARLOS,106,CONTRATO MENOR,CM,,SERVICIO DE AUXILIAR EN MANTENIMIENTO VI PARA LA ACTIVIDAD OPERATIVA: OPERACI‡N Y MANTENIMIENTO DE INFRAESTRUCTURA DEPORTIVA,1954,18,2.3. 2  9. 1  1,LOCACION DE SERVICIOS REALIZADOS POR PERSONAS NATURALES RELACIONADAS AL ROL DE LA ENTIDAD,8000.00,Compromiso
2026,1028,03,S,1719,19/03/2026 00:00:00,10747598326,TRUJILLO TELLO WILLIAN ANTONY,106,CONTRATO MENOR,CM,,SERVICIO DE AUXILIAR EN MANTENIMIENTO VII PARA LA ACTIVIDAD OPERATIVA: OPERACI‡N Y MANTENIMIENTO DE INFRAESTRUCTURA DEPORTIVA,1955,18,2.3. 2  9. 1  1,LOCACION DE SERVICIOS REALIZADOS POR PERSONAS NATURALES RELACIONADAS AL ROL DE LA ENTIDAD,8000.00,Compromiso
2026,1028,03,S,1720,19/03/2026 00:00:00,10751721060,RAMOS VEGA MIGUEL ALBERTO,106,CONTRATO MENOR,CM,,SERVICIO DE AUXILIAR EN MANTENIMIENTO VIII PARA LA ACTIVIDAD OPERATIVA: OPERACI‡N Y MANTENIMIENTO DE INFRAESTRUCTURA DEPORTIVA,1956,18,2.3. 2  9. 1  1,LOCACION DE SERVICIOS REALIZADOS POR PERSONAS NATURALES RELACIONADAS AL ROL DE LA ENTIDAD,8000.00,Compromiso
2026,1028,03,S,1721,19/03/2026 00:00:00,10751584925,MANCINELLI FUENTES DIEGO ALEXANDER,106,CONTRATO MENOR,CM,,SERVICIO DE AUXILIAR EN MANTENIMIENTO IX PARA LA ACTIVIDAD OPERATIVA: OPERACI‡N Y MANTENIMIENTO DE INFRAESTRUCTURA DEPORTIVA,1957,18,2.3. 2  9. 1  1,LOCACION DE SERVICIOS REALIZADOS POR PERSONAS NATURALES RELACIONADAS AL ROL DE LA ENTIDAD,8000.00,Compromiso
2026,1028,03,S,1722,19/03/2026 00:00:00,10467370231,GUTIERREZ SILVANO CARLOS ALFREDO,106,CONTRATO MENOR,CM,,SERVICIO DE SOPORTE INFORMATICO,1936,18,2.3. 2  9. 1  1,LOCACION DE SERVICIOS REALIZADOS POR PERSONAS NATURALES RELACIONADAS AL ROL DE LA ENTIDAD,12000.00,Compromiso
2026,1028,03,S,1723,19/03/2026 00:00:00,10465962181,DONATO CAMPOS MIGUEL ANGELO,106,CONTRATO MENOR,CM,,SERVICIO DE SOPORTE TECNICO DIAGNOSTICO DE LA INFRAESTRUCTURA TECNOLOGICA,1937,18,2.3. 2  9. 1  1,LOCACION DE SERVICIOS REALIZADOS POR PERSONAS NATURALES RELACIONADAS AL ROL DE LA ENTIDAD,12000.00,Compromiso
2026,1028,03,S,1724,19/03/2026 00:00:00,10430143471,BLAS BOCANGEL PEDRO FRANCISCO,106,CONTRATO MENOR,CM,,SERVICIO DE REGISTRO Y SEGUIMIENTO DE INCIDENTES DE SOPORTE TECNOLOGICO,1938,18,2.3. 2  9. 1  1,LOCACION DE SERVICIOS REALIZADOS POR PERSONAS NATURALES RELACIONADAS AL ROL DE LA ENTIDAD,11700.00,Compromiso
2026,1028,03,S,1725,19/03/2026 00:00:00,10439830463,ROJAS MIRANDA RICHARD ANTONY,106,CONTRATO MENOR,CM,,SERVICIO DE SOPORTE TECNICO Y GESTION DE LA INFRAESTRUCTURA TECNOLOGICA,1939,18,2.3. 2  9. 1  1,LOCACION DE SERVICIOS REALIZADOS POR PERSONAS NATURALES RELACIONADAS AL ROL DE LA ENTIDAD,12000.00,Compromiso
2026,1028,03,S,1726,19/03/2026 00:00:00,10076419251,RAMOS ENCINAS SOLEDAD ADELA,106,CONTRATO MENOR,CM,,SERVICIO DE ANALISIS ADMINISTRATIVO,1958,18,2.3. 2  9. 1  1,LOCACION DE SERVICIOS REALIZADOS POR PERSONAS NATURALES RELACIONADAS AL ROL DE LA ENTIDAD,13800.00,Compromiso
2026,1028,03,S,1727,19/03/2026 00:00:00,10458893093,FLORES GARAY ENEDINA,106,CONTRATO MENOR,CM,,SERVICIO DE ASISTENCIA TECNICA ADMINISTRATIVA,1959,18,2.3. 2  9. 1  1,LOCACION DE SERVICIOS REALIZADOS POR PERSONAS NATURALES RELACIONADAS AL ROL DE LA ENTIDAD,12000.00,Compromiso
2026,1028,03,S,1728,19/03/2026 00:00:00,10743014532,POLANCO MARQUEZ ZAIRA SOFIA,106,CONTRATO MENOR,CM,,SERVICIO DE REGISTRO FOTOGRAFICO Y EDICI‡N DE FOTOGRAFIAS.,1969,18,2.3. 2  9. 1  1,LOCACION DE SERVICIOS REALIZADOS POR PERSONAS NATURALES RELACIONADAS AL ROL DE LA ENTIDAD,42500.00,Compromiso
2026,1028,03,S,1729,19/03/2026 00:00:00,10727172802,MORALES BARRON HENDERSON ALEX STEVEN,106,CONTRATO MENOR,CM,,SERVICIO ESPECIALIZADO EN ACTIVIDADES AUDIOVISUALES.,1970,18,2.3. 2  9. 1  1,LOCACION DE SERVICIOS REALIZADOS POR PERSONAS NATURALES RELACIONADAS AL ROL DE LA ENTIDAD,42500.00,Compromiso
2026,1028,03,S,1730,19/03/2026 00:00:00,10732487897,MORILLO NINATANTA CLAUDIA ESTHEFANIE,106,CONTRATO MENOR,CM,,SERVICIO ESPECIALIZADO EN TEMAS DE BIOLOGIA II.,1971,18,2.3. 2  9. 1  1,LOCACION DE SERVICIOS REALIZADOS POR PERSONAS NATURALES RELACIONADAS AL ROL DE LA ENTIDAD,35000.00,Compromiso
2026,1028,03,S,1731,19/03/2026 00:00:00,10724558220,REYES CHANG DE ALARCON MONIKA CRISTINA,106,CONTRATO MENOR,CM,,SERVICIO DE ASISTENCIA TECNICA ADMINISTRATIVA II.,1972,18,2.3. 2  9. 1  1,LOCACION DE SERVICIOS REALIZADOS POR PERSONAS NATURALES RELACIONADAS AL ROL DE LA ENTIDAD,30000.00,Compromiso
2026,1028,03,S,1732,19/03/2026 00:00:00,10724492164,MUNDACA CORONADO EYNER FERNANDO,106,CONTRATO MENOR,CM,,SERVICIO DE ASISTENCIA TECNICA EN GESTION DE METODOLOGIA BIM.,2051,18,2.3. 2  9. 1  1,LOCACION DE SERVICIOS REALIZADOS POR PERSONAS NATURALES RELACIONADAS AL ROL DE LA ENTIDAD,10000.00,Compromiso
2026,1028,03,S,1733,19/03/2026 00:00:00,10198964447,CAMBORDA RUIZ PAUL ANTONOV,106,CONTRATO MENOR,CM,,SERVICIO DE ARQUITECTURA DE PROYECTOS.,2052,18,2.3. 2  9. 1  1,LOCACION DE SERVICIOS REALIZADOS POR PERSONAS NATURALES RELACIONADAS AL ROL DE LA ENTIDAD,21000.00,Compromiso
2026,1028,03,S,1734,19/03/2026 00:00:00,10428825573,GAMBOA REYES WILL HAINER,106,CONTRATO MENOR,CM,,SERVICIO ESPECIALIZADO EN LIQUIDACION DE PROYECTOS DE INVERSION.,2053,18,2.3. 2  9. 1  1,LOCACION DE SERVICIOS REALIZADOS POR PERSONAS NATURALES RELACIONADAS AL ROL DE LA ENTIDAD,32000.00,Compromiso
2026,1028,03,S,1735,19/03/2026 00:00:00,10438156131,JARA SANCHEZ EDDIE,106,CONTRATO MENOR,CM,,SERVICIO ESPECIALIZADO EN LIQUIDACION DE PROYECTOS DE INVERSION.,2054,18,2.3. 2  9. 1  1,LOCACION DE SERVICIOS REALIZADOS POR PERSONAS NATURALES RELACIONADAS AL ROL DE LA ENTIDAD,32000.00,Compromiso
2026,1028,03,S,1736,19/03/2026 00:00:00,10470116086,JARA SANCHEZ JULIO CESAR,106,CONTRATO MENOR,CM,,SERVICIO ESPECIALIZADO EN INGENIERIA CIVIL .,2055,18,2.3. 2  9. 1  1,LOCACION DE SERVICIOS REALIZADOS POR PERSONAS NATURALES RELACIONADAS AL ROL DE LA ENTIDAD,32000.00,Compromiso
2026,1028,03,S,1737,19/03/2026 00:00:00,10471088540,TARRILLO CRUZ ANTONIO,106,CONTRATO MENOR,CM,,SERVICIO ESPECIALIZADO EN INGENIERIA CIVIL .,2056,18,2.3. 2  9. 1  1,LOCACION DE SERVICIOS REALIZADOS POR PERSONAS NATURALES RELACIONADAS AL ROL DE LA ENTIDAD,24000.00,Compromiso
2026,1028,03,S,1738,19/03/2026 00:00:00,10762896538,MARILUZ SILVA GEORGE KEVIN,106,CONTRATO MENOR,CM,,SERVICIO ESPECIALIZADO EN INGENIERIA CIVIL .,2057,18,2.3. 2  9. 1  1,LOCACION DE SERVICIOS REALIZADOS POR PERSONAS NATURALES RELACIONADAS AL ROL DE LA ENTIDAD,6000.00,Compromiso
2026,1028,03,S,1739,19/03/2026 00:00:00,10764106828,ROMAN FLORES YOSIMAR NARCIZO,106,CONTRATO MENOR,CM,,SERVICIO DE GESTION ADMINISTRATIVA  .,2058,18,2.3. 2  9. 1  1,LOCACION DE SERVICIOS REALIZADOS POR PERSONAS NATURALES RELACIONADAS AL ROL DE LA ENTIDAD,5000.00,Compromiso
2026,1028,03,S,1740,19/03/2026 00:00:00,10608292786,LLACSAHUANGA ISMINIO LUCERO NICOL,106,CONTRATO MENOR,CM,,SERVICIO DE ASISTENCIA DE MONITOREO DE PROYECTO .,2059,18,2.3. 2  9. 1  1,LOCACION DE SERVICIOS REALIZADOS POR PERSONAS NATURALES RELACIONADAS AL ROL DE LA ENTIDAD,10500.00,Compromiso
2026,1028,03,S,1741,19/03/2026 00:00:00,10468634452,SUAREZ MARTINEZ YOLANDA ELIZABETH,106,CONTRATO MENOR,CM,,SERVICIO DE COORDINACI‡N DE COMUNICACIONES I,1960,18,2.3. 2  9. 1  1,LOCACION DE SERVICIOS REALIZADOS POR PERSONAS NATURALES RELACIONADAS AL ROL DE LA ENTIDAD,42000.00,Compromiso
2026,1028,03,S,1742,19/03/2026 00:00:00,10743560952,LAURA BENITO RENZO HANSBERT,106,CONTRATO MENOR,CM,,SERVICIO DE ASISTENCIA TECNICA EN COMUNICACI‡N AUDIO VISUAL I,1961,18,2.3. 2  9. 1  1,LOCACION DE SERVICIOS REALIZADOS POR PERSONAS NATURALES RELACIONADAS AL ROL DE LA ENTIDAD,28000.00,Compromiso
2026,1028,03,S,1743,19/03/2026 00:00:00,10474371668,FERNANDEZ VARGAS MARCO RODRIGO,106,CONTRATO MENOR,CM,,SERVICIO DE DISE•O DE MATERIAL AUDIOVISUAL I,1962,18,2.3. 2  9. 1  1,LOCACION DE SERVICIOS REALIZADOS POR PERSONAS NATURALES RELACIONADAS AL ROL DE LA ENTIDAD,28000.00,Compromiso
2026,1028,03,S,1744,19/03/2026 00:00:00,10429535498,COLAN SALDARRIAGA CARLOS DANIEL,106,CONTRATO MENOR,CM,,SERVICIO DE DISE•O DE MATERIAL GRAFICO Y AUDIOVISUAL I,1963,18,2.3. 2  9. 1  1,LOCACION DE SERVICIOS REALIZADOS POR PERSONAS NATURALES RELACIONADAS AL ROL DE LA ENTIDAD,28000.00,Compromiso
2026,1028,03,S,1745,19/03/2026 00:00:00,10439870694,BOBADILLA SANTOS VANIA JIMENA,106,CONTRATO MENOR,CM,,SERVICIO DE ASISTENCIA EN SEGUIMIENTO DE ACTIVIDADES ADMINISTRATIVAS I,1964,18,2.3. 2  9. 1  1,LOCACION DE SERVICIOS REALIZADOS POR PERSONAS NATURALES RELACIONADAS AL ROL DE LA ENTIDAD,40500.00,Compromiso
2026,1028,03,S,1746,19/03/2026 00:00:00,10449451428,ZAVALA MORA ROBERTO ANTONIO,106,CONTRATO MENOR,CM,,SERVICIO ESPECIALIZADO EN DEMARCACI‡N Y ORGANIZACI‡N TERRITORIAL,1990,18,2.3. 2  9. 1  1,LOCACION DE SERVICIOS REALIZADOS POR PERSONAS NATURALES RELACIONADAS AL ROL DE LA ENTIDAD,20100.00,Compromiso
2026,1028,03,S,1747,19/03/2026 00:00:00,10433342505,SABRERA CAMPOS ESPERANZA HILDAURA,106,CONTRATO MENOR,CM,,SERVICIO ESPECIALIZADO EN MATERIA LEGAL,1991,18,2.3. 2  9. 1  1,LOCACION DE SERVICIOS REALIZADOS POR PERSONAS NATURALES RELACIONADAS AL ROL DE LA ENTIDAD,18000.00,Compromiso
2026,1028,03,S,1748,19/03/2026 00:00:00,10730479307,SILVA GALVAN EDDIE JOSUE,106,CONTRATO MENOR,CM,,SERVICIO ESPECIALIZADO EN TEMAS DE PLANEAMIENTO OPERATIVO INSTITUCIONAL,1992,18,2.3. 2  9. 1  1,LOCACION DE SERVICIOS REALIZADOS POR PERSONAS NATURALES RELACIONADAS AL ROL DE LA ENTIDAD,16500.00,Compromiso
2026,1028,03,S,1749,19/03/2026 00:00:00,10157624712,LEON ROCA RODOLFO GUILLERMO,106,CONTRATO MENOR,CM,,SERVICIO ESPECIALIZADO EN PLANEAMIENTO ESTRATEGICO,1993,18,2.3. 2  9. 1  1,LOCACION DE SERVICIOS REALIZADOS POR PERSONAS NATURALES RELACIONADAS AL ROL DE LA ENTIDAD,18000.00,Compromiso
2026,1028,03,S,1750,19/03/2026 00:00:00,10468548467,MONTALVO CESPEDES MILAGROS DEL ROSARIO JAQUELINE,106,CONTRATO MENOR,CM,,SERVICIO DE SEGUIMIENTO DE DOCUMENTOS ADMINISTRATIVOS,1994,18,2.3. 2  9. 1  1,LOCACION DE SERVICIOS REALIZADOS POR PERSONAS NATURALES RELACIONADAS AL ROL DE LA ENTIDAD,9000.00,Compromiso
2026,1028,03,S,1751,19/03/2026 00:00:00,10416410521,ROJAS GUEVARA FRANCIS EDUARDO,106,CONTRATO MENOR,CM,,SERVICIO ESPECIALIZADO EN PLANIFICACI‡N,1995,18,2.3. 2  9. 1  1,LOCACION DE SERVICIOS REALIZADOS POR PERSONAS NATURALES RELACIONADAS AL ROL DE LA ENTIDAD,18000.00,Compromiso
2026,1028,03,S,1752,19/03/2026 00:00:00,10436984907,SILVA COLLAO DIEGO MAURICIO,106,CONTRATO MENOR,CM,,SERVICIO DE COORDINACI‡N EN TEMAS DE LOG÷STICA Y PRESUPUESTO,1996,18,2.3. 2  9. 1  1,LOCACION DE SERVICIOS REALIZADOS POR PERSONAS NATURALES RELACIONADAS AL ROL DE LA ENTIDAD,19500.00,Compromiso
2026,1028,03,S,1753,19/03/2026 00:00:00,10712274030,ZAVALA JIMêNEZ LOANA NOEMI,106,CONTRATO MENOR,CM,,SERVICIO DE ASISTENCIA ADMINISTRATIVA PARA EL SISTEMA DE GESTI‡N DOCUMENTAL CON EXPEDIENTE Y FIRMA D,1997,18,2.3. 2  9. 1  1,LOCACION DE SERVICIOS REALIZADOS POR PERSONAS NATURALES RELACIONADAS AL ROL DE LA ENTIDAD,14400.00,Compromiso
2026,1028,03,S,1754,19/03/2026 00:00:00,10429778196,GONZALES AVALOS SANDRA URSULA,106,CONTRATO MENOR,CM,,SERVICIO ESPECIALIZADO EN TEMAS DE PRESUPUESTO,1998,18,2.3. 2  9. 1  1,LOCACION DE SERVICIOS REALIZADOS POR PERSONAS NATURALES RELACIONADAS AL ROL DE LA ENTIDAD,21000.00,Compromiso
2026,1028,03,S,1755,19/03/2026 00:00:00,10729657692,HERRERA CONTRERAS ANGELY XIOMARA MILAGROS,106,CONTRATO MENOR,CM,,SERVICIO DE ASISTENCIA TECNICA ADMINISTRATIVA,1999,18,2.3. 2  9. 1  1,LOCACION DE SERVICIOS REALIZADOS POR PERSONAS NATURALES RELACIONADAS AL ROL DE LA ENTIDAD,11400.00,Compromiso
2026,1028,03,S,1756,19/03/2026 00:00:00,10417532906,OBREGON SILVA CECILIA MARCELA,106,CONTRATO MENOR,CM,,SERVICIO ESPECIALIZADO EN ADMINISTRACI‡N PÈBLICA,2000,18,2.3. 2  9. 1  1,LOCACION DE SERVICIOS REALIZADOS POR PERSONAS NATURALES RELACIONADAS AL ROL DE LA ENTIDAD,18000.00,Compromiso
2026,1028,03,S,1757,19/03/2026 00:00:00,15378646682,OVIEDO PALACIOS MARIO FERNANDO,106,CONTRATO MENOR,CM,,"SERVICIO DE COORDINACION GENERAL, MONITOREO Y OPERACIONES DE SEGURIDAD Y VIGILANCIA EN LAS SEDES",2004,18,2.3. 2  9. 1  1,LOCACION DE SERVICIOS REALIZADOS POR PERSONAS NATURALES RELACIONADAS AL ROL DE LA ENTIDAD,12000.00,Compromiso
2026,1028,03,S,1758,19/03/2026 00:00:00,10484418182,PEREZ VELASQUEZ MARINA,106,CONTRATO MENOR,CM,,SERVICIO DE ANALISIS ADMINISTRATIVO,2001,18,2.3. 2  9. 1  1,LOCACION DE SERVICIOS REALIZADOS POR PERSONAS NATURALES RELACIONADAS AL ROL DE LA ENTIDAD,11400.00,Compromiso
2026,1028,03,S,1759,19/03/2026 00:00:00,10255437921,GONZALES MELENDEZ BEATRIZ MARINA,106,CONTRATO MENOR,CM,,SERVICIO DE AUXILIAR ADMINISTRATIVO,2002,18,2.3. 2  9. 1  1,LOCACION DE SERVICIOS REALIZADOS POR PERSONAS NATURALES RELACIONADAS AL ROL DE LA ENTIDAD,9000.00,Compromiso
2026,1028,03,S,1760,19/03/2026 00:00:00,10715306242,GONZALES TUANAMA GREYS,106,CONTRATO MENOR,CM,,SERVICIO DE ASISTENCIA ADMINISTRATIVA PARA EL SISTEMA DE GESTI‡N DOCUMENTAL CON EXPEDIENTE Y FIRMA D,2003,18,2.3. 2  9. 1  1,LOCACION DE SERVICIOS REALIZADOS POR PERSONAS NATURALES RELACIONADAS AL ROL DE LA ENTIDAD,11400.00,Compromiso
2026,1028,03,S,1761,19/03/2026 00:00:00,10429129007,LA TORRE GAMBOA LUIS ALBERTO,106,CONTRATO MENOR,CM,,SERVICIO  DE COORDINACION Y SUPERVISION DE SEGURIDAD Y VIGILANCIA PARA LA GOBERNACION REGIONAL,2005,18,2.3. 2  9. 1  1,LOCACION DE SERVICIOS REALIZADOS POR PERSONAS NATURALES RELACIONADAS AL ROL DE LA ENTIDAD,11000.00,Compromiso
2026,1028,03,S,1762,19/03/2026 00:00:00,10257110970,NICOLAS ZAGASTIZABAL DAVID,106,CONTRATO MENOR,CM,,SERVICIO DE CONDUCCION DE VEHICULO PARA LA GOBERNACION REGIONAL DEL GOBIERNO REGIONAL DEL CALLAO,2006,18,2.3. 2  9. 1  1,LOCACION DE SERVICIOS REALIZADOS POR PERSONAS NATURALES RELACIONADAS AL ROL DE LA ENTIDAD,9000.00,Compromiso
2026,1028,03,S,1763,19/03/2026 00:00:00,15503181760,AGUILAR ALVA EINE LUIS,106,CONTRATO MENOR,CM,,SERVICIO ESPECIALIZADO EN RESGUARDO PERSONAL I PARA LA GOBERNACION REGIONAL,2007,18,2.3. 2  9. 1  1,LOCACION DE SERVICIOS REALIZADOS POR PERSONAS NATURALES RELACIONADAS AL ROL DE LA ENTIDAD,9000.00,Compromiso
2026,1028,03,S,1764,19/03/2026 00:00:00,10479310501,BRAVO CONTRERAS RONNY IVAN,106,CONTRATO MENOR,CM,,SERVICIO ESPECIALIZADO EN RESGUARDO PERSONAL II PARA LA GOBERNACION REGIONAL,2008,18,2.3. 2  9. 1  1,LOCACION DE SERVICIOS REALIZADOS POR PERSONAS NATURALES RELACIONADAS AL ROL DE LA ENTIDAD,9000.00,Compromiso
2026,1028,03,S,1765,19/03/2026 00:00:00,10457384284,CHAYA ROMERO SAMUEL SANTIAGO,106,CONTRATO MENOR,CM,,SERVICIO ESPECIALIZADO EN RESGUARDO PERSONAL III PARA LA GOBERNACION REGIONAL,2009,18,2.3. 2  9. 1  1,LOCACION DE SERVICIOS REALIZADOS POR PERSONAS NATURALES RELACIONADAS AL ROL DE LA ENTIDAD,9000.00,Compromiso
2026,1028,03,S,1766,19/03/2026 00:00:00,10479308191,MEJIA RUBIO RODRIGO ABEL,106,CONTRATO MENOR,CM,,SERVICIO ESPECIALIZADO EN RESGUARDO PERSONAL IV PARA LA GOBERNACION REGIONAL,2010,18,2.3. 2  9. 1  1,LOCACION DE SERVICIOS REALIZADOS POR PERSONAS NATURALES RELACIONADAS AL ROL DE LA ENTIDAD,9000.00,Compromiso
2026,1028,03,S,1767,19/03/2026 00:00:00,10475959049,SALAZAR TERRONES ARTURO JUNIOR,106,CONTRATO MENOR,CM,,SERVICIO DE SEGURIDAD A PERSONAL VII PARA LA SEDE CENTRAL DEL GOBIERNO REGIONAL DEL CALLAO,2011,18,2.3. 2  9. 1  1,LOCACION DE SERVICIOS REALIZADOS POR PERSONAS NATURALES RELACIONADAS AL ROL DE LA ENTIDAD,8000.00,Compromiso
2026,1028,03,S,1768,19/03/2026 00:00:00,10096098729,POSADAS VILLALOBOS JULIO CESAR,106,CONTRATO MENOR,CM,,SERVICIO DE SEGUIMIENTO Y MONITOREO DEL SERVICIO DE SEGURIDAD III - SEDE CENTRAL,2012,18,2.3. 2  9. 1  1,LOCACION DE SERVICIOS REALIZADOS POR PERSONAS NATURALES RELACIONADAS AL ROL DE LA ENTIDAD,7600.00,Compromiso
2026,1028,03,S,1769,19/03/2026 00:00:00,15416910348,BECERRA ABANTO LUIS SEBASTIAN,106,CONTRATO MENOR,CM,,SERVICIO EN RESGUARDO PERSONAL I PARA LA GOBERNACION REGIONAL DEL GOBIERNO REGIONAL DEL CALLAO,2013,18,2.3. 2  9. 1  1,LOCACION DE SERVICIOS REALIZADOS POR PERSONAS NATURALES RELACIONADAS AL ROL DE LA ENTIDAD,7600.00,Compromiso
2026,1028,03,S,1770,19/03/2026 00:00:00,10086730401,VELASQUEZ ARAUJO WALTER ARCENIO,106,CONTRATO MENOR,CM,,SERVICIO EN RESGUARDO PERSONAL II PARA LA GOBERNACION REGIONAL DEL GOBIERNO REGIONAL DEL CALLAO,2014,18,2.3. 2  9. 1  1,LOCACION DE SERVICIOS REALIZADOS POR PERSONAS NATURALES RELACIONADAS AL ROL DE LA ENTIDAD,7600.00,Compromiso
2026,1028,03,S,1771,19/03/2026 00:00:00,10255993017,CACHIQUE CLAUSEN HUDSON,106,CONTRATO MENOR,CM,,SERVICIO EN RESGUARDO PERSONAL III PARA LA GOBERNACION REGIONAL DEL GOBIERNO REGIONAL DEL CALLAO,2015,18,2.3. 2  9. 1  1,LOCACION DE SERVICIOS REALIZADOS POR PERSONAS NATURALES RELACIONADAS AL ROL DE LA ENTIDAD,7000.00,Compromiso
2026,1028,03,S,1772,19/03/2026 00:00:00,15431365186,ALATA FELIX WILLIAM,106,CONTRATO MENOR,CM,,SERVICIO DE SEGURIDAD A PERSONAL III PARA LA SEDE CENTRAL DEL GOBIERNO REGIONAL DEL CALLAO,2016,18,2.3. 2  9. 1  1,LOCACION DE SERVICIOS REALIZADOS POR PERSONAS NATURALES RELACIONADAS AL ROL DE LA ENTIDAD,7000.00,Compromiso
2026,1028,03,S,1773,19/03/2026 00:00:00,15504887305,CURI HOSES CESAR AUGUSTO,106,CONTRATO MENOR,CM,,SERVICIO DE SEGURIDAD A PERSONAL VII PARA LA SEDE CENTRAL DEL GOBIERNO REGIONAL DEL CALLAO,2017,18,2.3. 2  9. 1  1,LOCACION DE SERVICIOS REALIZADOS POR PERSONAS NATURALES RELACIONADAS AL ROL DE LA ENTIDAD,7000.00,Compromiso
2026,1028,03,S,1774,19/03/2026 00:00:00,10256069054,CLAVIJO PERALTA QUIRINO,106,CONTRATO MENOR,CM,,SERVICIO DE SEGURIDAD A PERSONAL VIII PARA LA SEDE CENTRAL DEL GOBIERNO REGIONAL DEL CALLAO,2018,18,2.3. 2  9. 1  1,LOCACION DE SERVICIOS REALIZADOS POR PERSONAS NATURALES RELACIONADAS AL ROL DE LA ENTIDAD,7000.00,Compromiso
2026,1028,03,S,1775,19/03/2026 00:00:00,10435876744,BARRETO NAVARRO BARTOLOME ROQUE,106,CONTRATO MENOR,CM,,SERVICIO DE SEGURIDAD A PERSONAL IX PARA LA SEDE CENTRAL DEL GOBIERNO REGIONAL DEL CALLAO,2023,18,2.3. 2  9. 1  1,LOCACION DE SERVICIOS REALIZADOS POR PERSONAS NATURALES RELACIONADAS AL ROL DE LA ENTIDAD,7000.00,Compromiso
2026,1028,03,S,1776,19/03/2026 00:00:00,15464052850,ROMERO MOREANO JUAN MANUEL,106,CONTRATO MENOR,CM,,SERVICIO DE SEGURIDAD A PERSONAL X PARA LA SEDE CENTRAL DEL GOBIERNO REGIONAL DEL CALLAO,2024,18,2.3. 2  9. 1  1,LOCACION DE SERVICIOS REALIZADOS POR PERSONAS NATURALES RELACIONADAS AL ROL DE LA ENTIDAD,7000.00,Compromiso
2026,1028,03,S,1777,19/03/2026 00:00:00,15386591625,VALDIVIESO PASTOR GUIILLERMO SANTOS,106,CONTRATO MENOR,CM,,SERVICIO DE SEGURIDAD A PERSONAL XI PARA LA SEDE CENTRAL DEL GOBIERNO REGIONAL DEL CALLAO,2025,18,2.3. 2  9. 1  1,LOCACION DE SERVICIOS REALIZADOS POR PERSONAS NATURALES RELACIONADAS AL ROL DE LA ENTIDAD,7000.00,Compromiso
2026,1028,03,S,1778,19/03/2026 00:00:00,10096020134,SALAZAR RUIZ CARLOS AUGUSTO,106,CONTRATO MENOR,CM,,SERVICIO DE SEGURIDAD A PERSONAL XII PARA LA SEDE CENTRAL DEL GOBIERNO REGIONAL DEL CALLAO,2026,18,2.3. 2  9. 1  1,LOCACION DE SERVICIOS REALIZADOS POR PERSONAS NATURALES RELACIONADAS AL ROL DE LA ENTIDAD,7000.00,Compromiso
2026,1028,03,S,1779,19/03/2026 00:00:00,15505608302,FERNANDEZ GODEAU GUILLERMO JORGE,106,CONTRATO MENOR,CM,,SERVICIO DE SEGURIDAD A PERSONAL XIII PARA LA SEDE CENTRAL DEL GOBIERNO REGIONAL DEL CALLAO,2027,18,2.3. 2  9. 1  1,LOCACION DE SERVICIOS REALIZADOS POR PERSONAS NATURALES RELACIONADAS AL ROL DE LA ENTIDAD,7000.00,Compromiso
2026,1028,03,S,1780,19/03/2026 00:00:00,10448377071,AGUILAR ZE•A DAVID BENJAMIN,106,CONTRATO MENOR,CM,,SERVICIO DE SUPERVISOR GENERAL DE SEGURIDAD Y VIGILANCIA II - SEDE CENTRAL,2028,18,2.3. 2  9. 1  1,LOCACION DE SERVICIOS REALIZADOS POR PERSONAS NATURALES RELACIONADAS AL ROL DE LA ENTIDAD,6000.00,Compromiso
2026,1028,03,S,1781,19/03/2026 00:00:00,10254009453,PEREZ DIAZ OSWALDO MELITON,106,CONTRATO MENOR,CM,,SERVICIO DE SUPERVISOR GENERAL DE SEGURIDAD Y VIGILANCIA III - SEDE CENTRAL,2029,18,2.3. 2  9. 1  1,LOCACION DE SERVICIOS REALIZADOS POR PERSONAS NATURALES RELACIONADAS AL ROL DE LA ENTIDAD,6000.00,Compromiso
2026,1028,03,S,1782,19/03/2026 00:00:00,10256226761,JIMENEZ DESIGLIOLI DAVID JAVIER,106,CONTRATO MENOR,CM,,SERVICIO DE SUPERVISOR GENERAL DE SEGURIDAD Y VIGILANCIA IV - SEDE CENTRAL,2030,18,2.3. 2  9. 1  1,LOCACION DE SERVICIOS REALIZADOS POR PERSONAS NATURALES RELACIONADAS AL ROL DE LA ENTIDAD,6000.00,Compromiso
2026,1028,03,S,1783,19/03/2026 00:00:00,10429066919,AVILA VALLADARES YOEL CESAR,106,CONTRATO MENOR,CM,,SERVICIO DE SUPERVISOR GENERAL DE SEGURIDAD Y VIGILANCIA V - SEDE CENTRAL,2031,18,2.3. 2  9. 1  1,LOCACION DE SERVICIOS REALIZADOS POR PERSONAS NATURALES RELACIONADAS AL ROL DE LA ENTIDAD,6600.00,Compromiso
2026,1028,03,S,1784,19/03/2026 00:00:00,10704874290,CABRERA LEDESMA JOSE ARMANDO,106,CONTRATO MENOR,CM,,SERVICIO DE CONDUCCION DE VEHICULO PARA LA OFICINA DE SEGURIDAD INTEGRAL,2032,18,2.3. 2  9. 1  1,LOCACION DE SERVICIOS REALIZADOS POR PERSONAS NATURALES RELACIONADAS AL ROL DE LA ENTIDAD,6000.00,Compromiso
2026,1028,03,S,1785,19/03/2026 00:00:00,10255602930,CALERO FEIJOO DAVID,106,CONTRATO MENOR,CM,,SERVICIO DE SUPERVISOR GENERAL DE SEGURIDAD Y VIGILANCIA - COMPLEJO DEPORTIVO TELMO CARBAJO,2033,18,2.3. 2  9. 1  1,LOCACION DE SERVICIOS REALIZADOS POR PERSONAS NATURALES RELACIONADAS AL ROL DE LA ENTIDAD,6000.00,Compromiso
2026,1028,03,S,1786,19/03/2026 00:00:00,15475268927,LIVONI ESPARTA JORGE LUIS,106,CONTRATO MENOR,CM,,SERVICIO DE SEGUIMIENTO Y MONITOREO DEL SERVICIO DE SEGURIDAD I - SEDE JUAN PABLO II,2034,18,2.3. 2  9. 1  1,LOCACION DE SERVICIOS REALIZADOS POR PERSONAS NATURALES RELACIONADAS AL ROL DE LA ENTIDAD,4000.00,Compromiso
2026,1028,03,S,1787,19/03/2026 00:00:00,10329907258,INFANTAS AMADO PEDRO LUIS,106,CONTRATO MENOR,CM,,SERVICIO DE SEGUIMIENTO Y MONITOREO DEL SERVICIO DE SEGURIDAD II - SEDE JUAN PABLO II,2035,18,2.3. 2  9. 1  1,LOCACION DE SERVICIOS REALIZADOS POR PERSONAS NATURALES RELACIONADAS AL ROL DE LA ENTIDAD,8000.00,Compromiso
2026,1028,03,S,1788,19/03/2026 00:00:00,15502728935,LEON MARTINEZ VICENTE JULIO,106,CONTRATO MENOR,CM,,SERVICIO DE SEGUIMIENTO Y MONITOREO DEL SERVICIO DE SEGURIDAD III - SEDE JUAN PABLO II,2036,18,2.3. 2  9. 1  1,LOCACION DE SERVICIOS REALIZADOS POR PERSONAS NATURALES RELACIONADAS AL ROL DE LA ENTIDAD,8000.00,Compromiso
2026,1028,03,S,1789,19/03/2026 00:00:00,15506184395,HARO MORALES JORGE VICTOR,106,CONTRATO MENOR,CM,,SERVICIO DE SEGURIDAD A PERSONAL PARA LA SEDE JUAN PABLO II DEL GOBIERNO REGIONAL DEL CALLAO,2037,18,2.3. 2  9. 1  1,LOCACION DE SERVICIOS REALIZADOS POR PERSONAS NATURALES RELACIONADAS AL ROL DE LA ENTIDAD,7000.00,Compromiso
2026,1028,03,S,1790,19/03/2026 00:00:00,10488846723,FERNANDEZ AYASTA CESAR AGUSTO,106,CONTRATO MENOR,CM,,SERVICIO DE SUPERVISOR GENERAL DE SEGURIDAD Y VIGILANCIA - SEDE JUAN PABLO II,2038,18,2.3. 2  9. 1  1,LOCACION DE SERVICIOS REALIZADOS POR PERSONAS NATURALES RELACIONADAS AL ROL DE LA ENTIDAD,3000.00,Compromiso
2026,1028,03,S,1791,19/03/2026 00:00:00,15504092795,LEON RUIDIAS JORGE AURELIO,106,CONTRATO MENOR,CM,,SERVICIO DE SEGUIMIENTO Y MONITOREO DEL SERVICIO DE SEGURIDAD,2039,18,2.3. 2  9. 1  1,LOCACION DE SERVICIOS REALIZADOS POR PERSONAS NATURALES RELACIONADAS AL ROL DE LA ENTIDAD,4000.00,Compromiso
2026,1028,03,S,1792,19/03/2026 00:00:00,10459070465,PUMACHAY ARELLANO CARLOS JESUS,106,CONTRATO MENOR,CM,,SERVICIO DE SEGUIMIENTO Y MONITOREO DEL SERVICIO DE SEGURIDAD ,2040,18,2.3. 2  9. 1  1,LOCACION DE SERVICIOS REALIZADOS POR PERSONAS NATURALES RELACIONADAS AL ROL DE LA ENTIDAD,7600.00,Compromiso
2026,1028,03,S,1793,19/03/2026 00:00:00,15415459928,BECERRA ABANTO JOSE MANUEL,106,CONTRATO MENOR,CM,,SERVICIO DE SEGUIMIENTO Y MONITOREO DEL SERVICIO DE SEGURIDAD ,2041,18,2.3. 2  9. 1  1,LOCACION DE SERVICIOS REALIZADOS POR PERSONAS NATURALES RELACIONADAS AL ROL DE LA ENTIDAD,7600.00,Compromiso
2026,1028,03,S,1794,19/03/2026 00:00:00,15420575251,MECHATO •IQUE WALTER GABINO,106,CONTRATO MENOR,CM,,"SERVICIO DE SEGURIDAD A PERSONAL - PARCELAS DE PACHACUTEC, VENTANILLA",2042,18,2.3. 2  9. 1  1,LOCACION DE SERVICIOS REALIZADOS POR PERSONAS NATURALES RELACIONADAS AL ROL DE LA ENTIDAD,7000.00,Compromiso
2026,1028,03,S,1795,19/03/2026 00:00:00,10444594671,RODRIGUEZ CARDENAS ROMULO RICARDO,106,CONTRATO MENOR,CM,,SERVICIO DE SEGUIMIENTO Y MONITOREO DEL SERVICIO DE SEGURIDAD III - VILLA DEPORTIVA REGIONAL,2043,18,2.3. 2  9. 1  1,LOCACION DE SERVICIOS REALIZADOS POR PERSONAS NATURALES RELACIONADAS AL ROL DE LA ENTIDAD,7600.00,Compromiso
2026,1028,03,S,1796,19/03/2026 00:00:00,10255750025,FERNANDEZ LAZO MARGOT,106,CONTRATO MENOR,CM,,SERVICIO DE SUPERVISOR GENERAL DE SEGURIDAD VII - VILLA DEPORTIVA REGIONAL,2044,18,2.3. 2  9. 1  1,LOCACION DE SERVICIOS REALIZADOS POR PERSONAS NATURALES RELACIONADAS AL ROL DE LA ENTIDAD,5600.00,Compromiso
2026,1028,03,S,1797,19/03/2026 00:00:00,10257123435,CONTRERAS LOPEZ WILMER ALFREDO,106,CONTRATO MENOR,CM,,"SERVICIO DE AUXILIAR DE SEGURIDAD IV - OFICINA MEJOR ATENCION AL CIUDADANO, MAC-CALLAO",2045,18,2.3. 2  9. 1  1,LOCACION DE SERVICIOS REALIZADOS POR PERSONAS NATURALES RELACIONADAS AL ROL DE LA ENTIDAD,3000.00,Compromiso
2026,1028,03,S,1798,19/03/2026 00:00:00,10449087408,UGAZ PACHECO JENIFER,106,CONTRATO MENOR,CM,,SERVICIO DE AUXILIAR DE SEGURIDAD IV - AREA DE CONSERVACION REGIONAL HUMEDALES DE VENTANILLA,2046,18,2.3. 2  9. 1  1,LOCACION DE SERVICIOS REALIZADOS POR PERSONAS NATURALES RELACIONADAS AL ROL DE LA ENTIDAD,3000.00,Compromiso
2026,1028,03,S,1799,19/03/2026 00:00:00,10258106593,MU•ANTE ALBITRES JOSE ORLANDO,106,CONTRATO MENOR,CM,,SERVICIO DE SUPERVISOR GENERAL DE SEGURIDAD IX - VILLA DEPORTIVA REGIONAL,2047,18,2.3. 2  9. 1  1,LOCACION DE SERVICIOS REALIZADOS POR PERSONAS NATURALES RELACIONADAS AL ROL DE LA ENTIDAD,5600.00,Compromiso
2026,1028,03,S,1800,19/03/2026 00:00:00,10072166120,SALCEDO RIVERA GUILLERMO LUIS,106,CONTRATO MENOR,CM,,SERVICIO DE AUXILIAR DE SEGURIDAD XXIX - VILLA DEPORTIVA REGIONAL DEL GOBIERNO REGIONAL DEL CALLAO,2048,18,2.3. 2  9. 1  1,LOCACION DE SERVICIOS REALIZADOS POR PERSONAS NATURALES RELACIONADAS AL ROL DE LA ENTIDAD,3000.00,Compromiso
2026,1028,03,S,1801,19/03/2026 00:00:00,10724001195,MEZA CHASARRO NORKA IVANA,106,CONTRATO MENOR,CM,,SERVICIO DE AUXILIAR DE SEGURIDAD IV - OFICINA MEJOR ATENCION AL CIUDADANO MAC-CALLAO,2049,18,2.3. 2  9. 1  1,LOCACION DE SERVICIOS REALIZADOS POR PERSONAS NATURALES RELACIONADAS AL ROL DE LA ENTIDAD,3000.00,Compromiso
2026,1028,03,S,1801,19/03/2026 00:00:00,10724001195,MEZA CHASARRO NORKA IVANA,106,CONTRATO MENOR,CM,,SERVICIO DE AUXILIAR DE SEGURIDAD IV - OFICINA MEJOR ATENCION AL CIUDADANO MAC-CALLAO,2049,18,2.3. 2  9. 1  1,LOCACION DE SERVICIOS REALIZADOS POR PERSONAS NATURALES RELACIONADAS AL ROL DE LA ENTIDAD,-1500.00,Rebaja
2026,1028,03,S,1802,19/03/2026 00:00:00,15502959660,YA•EZ VEGA EDGARD WALTER,106,CONTRATO MENOR,CM,,SERVICIO DE COORDINACION Y MONITOREO DE SEGURIDAD Y VIGILANCIA PARA EL COMPLEJO DEPORTIVO TELMO,2050,18,2.3. 2  9. 1  1,LOCACION DE SERVICIOS REALIZADOS POR PERSONAS NATURALES RELACIONADAS AL ROL DE LA ENTIDAD,10000.00,Compromiso
2026,1028,03,S,1803,20/03/2026 00:00:00,10485836646,LAZARO MARCA SILVANA,106,CONTRATO MENOR,CM,,SERVICIO DE AUXILIAR ADMINISTRATIVO IV PARA LA OFICINA DE MAQUINARIA PESADA DE LA GERENCIA REGIONAL DE INFRAESTRUCTURA,1977,18,2.3. 2  9. 1  1,LOCACION DE SERVICIOS REALIZADOS POR PERSONAS NATURALES RELACIONADAS AL ROL DE LA ENTIDAD,12000.00,Compromiso
2026,1028,03,S,1804,20/03/2026 00:00:00,10739683411,QUEZADA ELIAS DANIELA KATHERINE,106,CONTRATO MENOR,CM,,SERVICIO DE AUXILIAR ADMINISTRATIVO V ? PARA LA UNIDAD DE OPERACIONES DE LA OFICINA DE MAQUINARIA PESADA DE LA GERENCIA REGIONAL DE INFRAESTRUCTURA DEL GOBIERNO REGIONAL DEL CALLAO,1978,18,2.3. 2  9. 1  1,LOCACION DE SERVICIOS REALIZADOS POR PERSONAS NATURALES RELACIONADAS AL ROL DE LA ENTIDAD,6000.00,Compromiso
2026,1028,03,S,1805,20/03/2026 00:00:00,10772598349,RAMIREZ ZEGARRA ADRIANO ANTHONY,106,CONTRATO MENOR,CM,,SERVICIO DE ORGANIZACI‡N DE DOCUMENTACION DE ARCHIVOS PARA LA OFICINA DE MAQUINARIA PESADA DE LA GERENCIA REGIONAL DE INFRAESTRUCTURA DEL GOBIERNO REGIONAL DEL CALLAO.,1979,18,2.3. 2  9. 1  1,LOCACION DE SERVICIOS REALIZADOS POR PERSONAS NATURALES RELACIONADAS AL ROL DE LA ENTIDAD,5000.00,Compromiso
2026,1028,03,S,1806,20/03/2026 00:00:00,10704562573,NAJARRO MARTINEZ BETO,106,CONTRATO MENOR,CM,,SERVICIO ADMINISTRATIVO EN ALMACEN PARA LA OFICINA DE MAQUINARIA PESADA DE LA GERENCIA REGIONAL DE INFRAESTRUCTURA DEL GOBIERNO REGIONAL DEL CALLAO.,1980,18,2.3. 2  9. 1  1,LOCACION DE SERVICIOS REALIZADOS POR PERSONAS NATURALES RELACIONADAS AL ROL DE LA ENTIDAD,8000.00,Compromiso
2026,1028,03,S,1807,20/03/2026 00:00:00,10774270731,ARPE PACHECO SANDRA DEL PILAR,106,CONTRATO MENOR,CM,,SERVICIO ADMINISTRATIVO EN CONTROL PATRIMONIAL PARA LA OFICINA DE MAQUINARIA PESADA DE LA GERENCIA REGIONAL DE INFRAESTRUCTURA DEL GOBIERNO REGIONAL DEL CALLAO.,1981,18,2.3. 2  9. 1  1,LOCACION DE SERVICIOS REALIZADOS POR PERSONAS NATURALES RELACIONADAS AL ROL DE LA ENTIDAD,15000.00,Compromiso
2026,1028,03,S,1808,20/03/2026 00:00:00,10431423117,ELIAS GARCIA DENISSE JOHANA,106,CONTRATO MENOR,CM,,SERVICIO DE ORDENAMIENTO DE DOCUMENTOS DE ARCHIVO DE LA OFICINA DE MAQUINARIA PESADA DE LA GERENCIA REGIONAL DE INFRAESTRUCTURA DEL GOBIERNO REGIONAL DEL CALLAO.,1982,18,2.3. 2  9. 1  1,LOCACION DE SERVICIOS REALIZADOS POR PERSONAS NATURALES RELACIONADAS AL ROL DE LA ENTIDAD,12000.00,Compromiso
2026,1028,03,S,1809,20/03/2026 00:00:00,10708455364,OLIVA MORA DIEGO ALBERTO,106,CONTRATO MENOR,CM,,SERVICIO DE SEGUIMIENTO Y MONITOREO DE ACTIVIDADES DE CAMPO PARA LA UNIDAD DE OPERACIONES DE LA OFICINA DE MAQUINARIA PESADA DE LA GERENCIA REGIONAL DE INFRAESTRUCTURA DEL GOBIERNO REGIONAL DEL CALLAO.,1983,18,2.3. 2  9. 1  1,LOCACION DE SERVICIOS REALIZADOS POR PERSONAS NATURALES RELACIONADAS AL ROL DE LA ENTIDAD,10000.00,Compromiso
2026,1028,03,S,1810,20/03/2026 00:00:00,10413928121,HERRERA LUPE CARLOS ALBERTO,106,CONTRATO MENOR,CM,,CONTRATACION DEL SERVICIO DE SEGUIMIENTO DE OPERACIONES PARA LA UNIDAD DE OPERACIONES DE LA OFICINA DE MAQUINARIA PESADA DE LA GERENCIA REGIONAL DE INFRAESTRUCTURA DEL GOBIERNO REGIONAL DEL CALLAO.,1984,18,2.3. 2  9. 1  1,LOCACION DE SERVICIOS REALIZADOS POR PERSONAS NATURALES RELACIONADAS AL ROL DE LA ENTIDAD,6000.00,Compromiso
2026,1028,03,S,1811,20/03/2026 00:00:00,10744599453,CONDORI YUJRA EDER PAUL,106,CONTRATO MENOR,CM,,CONTRATACION DEL SERVICIO DE OPERACION DE MAQUINARIA PESADA ? OPERADOR V PARA LA OFICINA DE MAQUINARIA PESADA DE LA GERENCIA REGIONAL DE INFRAESTRUCTURA DEL GOBIERNO REGIONAL DEL CALLAO.,1985,18,2.3. 2  9. 1  1,LOCACION DE SERVICIOS REALIZADOS POR PERSONAS NATURALES RELACIONADAS AL ROL DE LA ENTIDAD,7000.00,Compromiso
2026,1028,03,S,1812,20/03/2026 00:00:00,10255977402,DELGADO ZU•IGA RICHARD EDGAR,106,CONTRATO MENOR,CM,,CONTRATACION DE OPERACI‡N DE MAQUINARIA PESADA PARA LA OFICINA DE MAQUINARIA PESADA DE LA GERENCIA REGIONAL DE INFRAESTRUCTURA DEL GOBIERNO REGIONAL DEL CALLAO.,1986,18,2.3. 2  9. 1  1,LOCACION DE SERVICIOS REALIZADOS POR PERSONAS NATURALES RELACIONADAS AL ROL DE LA ENTIDAD,6000.00,Compromiso
2026,1028,03,S,1813,20/03/2026 00:00:00,10732193613,SALLUCA CONDORI DIEGO ALEJANDRO,106,CONTRATO MENOR,CM,,CONTRATACION DEL SERVICIO DE OPERACION DE MAQUINARIA PESADA ? OPERADOR VI PARA LA OFICINA DE MAQUINARIA PESADA DE LA GERENCIA REGIONAL DE INFRAESTRUCTURA DEL GOBIERNO REGIONAL DEL CALLAO.,1987,18,2.3. 2  9. 1  1,LOCACION DE SERVICIOS REALIZADOS POR PERSONAS NATURALES RELACIONADAS AL ROL DE LA ENTIDAD,7000.00,Compromiso
2026,1028,03,S,1814,20/03/2026 00:00:00,10751320910,SALLUCA QUISPE SERGIO BRAYAN,106,CONTRATO MENOR,CM,,CONTRATACION DEL SERVICIO DE OPERACION DE MAQUINARIA PESADA ? OPERADOR VII PARA LA OFICINA DE MAQUINARIA PESADA DE LA GERENCIA REGIONAL DE INFRAESTRUCTURA DEL GOBIERNO REGIONAL DEL CALLAO,1988,18,2.3. 2  9. 1  1,LOCACION DE SERVICIOS REALIZADOS POR PERSONAS NATURALES RELACIONADAS AL ROL DE LA ENTIDAD,6000.00,Compromiso
2026,1028,03,S,1815,20/03/2026 00:00:00,10257700858,MARCHAN CASTILLO SEGUNDO AGUEDO,106,CONTRATO MENOR,CM,,SERVICIO DE ORDENAMIENTO DE BIENES PATRIMONIALES PARA LA OFICINA DE MAQUINARIA PESADA DE LA GERENCIA REGIONAL DE INFRAESTRUCTURA DEL GOBIERNO REGIONAL DEL CALLAO.,1989,18,2.3. 2  9. 1  1,LOCACION DE SERVICIOS REALIZADOS POR PERSONAS NATURALES RELACIONADAS AL ROL DE LA ENTIDAD,7000.00,Compromiso
2026,1028,03,S,1816,20/03/2026 00:00:00,10258142298,HUANCA HUACCAN HORACIO,106,CONTRATO MENOR,CM,,SERVICIO DE ORGANIZACI‡N DE ARCHIVO FISICO Y VIRTUAL I,2019,18,2.3. 2  9. 1  1,LOCACION DE SERVICIOS REALIZADOS POR PERSONAS NATURALES RELACIONADAS AL ROL DE LA ENTIDAD,15445.00,Compromiso
2026,1028,03,S,1817,20/03/2026 00:00:00,10108608523,MUNIVE GUERRA KETTY ALICIA,106,CONTRATO MENOR,CM,,SERVICIO DE ANµLISIS DE INFORMACI‡N CONTABLE Y FINANCIERA I,2020,18,2.3. 2  9. 1  1,LOCACION DE SERVICIOS REALIZADOS POR PERSONAS NATURALES RELACIONADAS AL ROL DE LA ENTIDAD,17500.00,Compromiso
2026,1028,03,S,1818,20/03/2026 00:00:00,10221944459,ARBIETO PINO FIDEL RIVAUDO,106,CONTRATO MENOR,CM,,SERVICIO ESPECIALIZADO EN ASUNTOS LEGALES ADMINISTRATIVOS I,2021,18,2.3. 2  9. 1  1,LOCACION DE SERVICIOS REALIZADOS POR PERSONAS NATURALES RELACIONADAS AL ROL DE LA ENTIDAD,20000.00,Compromiso
2026,1028,03,S,1819,20/03/2026 00:00:00,10256735836,GONZALES MONDO•EDO RAUL ENRIQUE,106,CONTRATO MENOR,CM,,SERVICIO DE CONDUCCI‡N DE VEH÷CULO I,2022,18,2.3. 2  9. 1  1,LOCACION DE SERVICIOS REALIZADOS POR PERSONAS NATURALES RELACIONADAS AL ROL DE LA ENTIDAD,10000.00,Compromiso
2026,1028,03,S,1820,20/03/2026 00:00:00,20154531921,COLEGIO DE ABOGADOS DE LIMA,106,CONTRATO MENOR,CM,,PAGO ANUAL DE LA CASILLA PROCESAL N¯ 5652 DEL COLEGIO DE ABOGADOS DE LIMA,2085,18,2.3. 2  6. 1  2,GASTOS NOTARIALES,1713.60,Compromiso
2026,1028,03,S,1821,20/03/2026 00:00:00,10427055634,RODRIGUEZ DEL RIO DESIREE AZUCENA,106,CONTRATO MENOR,CM,,"SERVICIO DE ORGANIZACI‡N, GESTION Y DIRECCION TECNICA DE DEPORTES PARA LA ACTIVIDAD OPERATIVA ""MASIF",2061,18,2.3. 2  9. 1  1,LOCACION DE SERVICIOS REALIZADOS POR PERSONAS NATURALES RELACIONADAS AL ROL DE LA ENTIDAD,18000.00,Compromiso
2026,1028,03,S,1822,20/03/2026 00:00:00,10411849690,PALACIOS CABRERA ANNE DORALLI,106,CONTRATO MENOR,CM,,"SERVICIO EN ASISTENCIA TECNICA EN LOGISTICA PARA LA ACTIVIDAD OPERATIVA ""MASIFICACION DE LA ACTIVIDA",2062,18,2.3. 2  9. 1  1,LOCACION DE SERVICIOS REALIZADOS POR PERSONAS NATURALES RELACIONADAS AL ROL DE LA ENTIDAD,15000.00,Compromiso
2026,1028,03,S,1823,20/03/2026 00:00:00,10749732208,CAMACHO TENORIO MARJORIE ESTEFANY,106,CONTRATO MENOR,CM,,"SERVICIO DE ASISTENCIA TECNICA ADMINISTRATIVA PARA LA ACTIVIDAD OPERATIVA ""MASIFICACION DE LA ACTIVI",2063,18,2.3. 2  9. 1  1,LOCACION DE SERVICIOS REALIZADOS POR PERSONAS NATURALES RELACIONADAS AL ROL DE LA ENTIDAD,10500.00,Compromiso
2026,1028,03,S,1824,20/03/2026 00:00:00,10730430723,BANCAYAN GONZALES ROCIO LISSETH,106,CONTRATO MENOR,CM,,"SERVICIO DE COORDINACION DE DEPORTES PARA LA ACTIVIDAD OPERATIVA ""MASIFICACION DE LA ACTIVIDAD FISIC",2064,18,2.3. 2  9. 1  1,LOCACION DE SERVICIOS REALIZADOS POR PERSONAS NATURALES RELACIONADAS AL ROL DE LA ENTIDAD,15000.00,Compromiso
2026,1028,03,S,1825,20/03/2026 00:00:00,10407036137,REPETTO TKACHENKO LUSMILA VICTOROVNA,106,CONTRATO MENOR,CM,,"SERVICIO DE COORDINACION DE EVENTO PARA LA ACTIVIDAD OPERATIVA ""MASIFICACION DE LA ACTIVIDAD FISICA",2065,18,2.3. 2  9. 1  1,LOCACION DE SERVICIOS REALIZADOS POR PERSONAS NATURALES RELACIONADAS AL ROL DE LA ENTIDAD,15000.00,Compromiso
2026,1028,03,S,1826,20/03/2026 00:00:00,10427756314,CORBETTO MU•OZ ANALI CONSUELO,106,CONTRATO MENOR,CM,,"SERVICIO DE AUXILIAR DE SEGURIDAD I - OFICINA MEJOR ATENCION AL CIUDADANO, MAC-CALLAO DEL GOBIERNO R",2060,18,2.3. 2  9. 1  1,LOCACION DE SERVICIOS REALIZADOS POR PERSONAS NATURALES RELACIONADAS AL ROL DE LA ENTIDAD,7500.00,Compromiso
2026,1028,03,S,1827,20/03/2026 00:00:00,10607963890,VALLADARES GUERRERO LILIANA VALENTINA,106,CONTRATO MENOR,CM,,"SERVICIO DE ASISTENCIA TECNICA EN COMUNICACIONES PARA LA ACTIVIDAD OPERATIVA ""MASIFICACION DE LA ACT",2070,18,2.3. 2  9. 1  1,LOCACION DE SERVICIOS REALIZADOS POR PERSONAS NATURALES RELACIONADAS AL ROL DE LA ENTIDAD,6000.00,Compromiso
2026,1028,03,S,1828,20/03/2026 00:00:00,10768565185,AVILA GUTIERREZ LIZETH MIRELLA,106,CONTRATO MENOR,CM,,"SERVICIO DE REGISTRO Y RECEPCION DE BIENES EN ALMACEN PARA LA ACTIVIDAD OPERATIVA ""MASIFICACION",2066,18,2.3. 2  9. 1  1,LOCACION DE SERVICIOS REALIZADOS POR PERSONAS NATURALES RELACIONADAS AL ROL DE LA ENTIDAD,9000.00,Compromiso
2026,1028,03,S,1829,20/03/2026 00:00:00,10703315297,CHAVEZ MURO BRANDON DARWIN,106,CONTRATO MENOR,CM,,"SERVICIO DE SEGUIMIENTO Y ASISTENCIA DE ACTIVIDADES ADMINISTRATIVAS PARA LA ACTIVIDAD OPERATIVA ""MAS",2067,18,2.3. 2  9. 1  1,LOCACION DE SERVICIOS REALIZADOS POR PERSONAS NATURALES RELACIONADAS AL ROL DE LA ENTIDAD,12000.00,Compromiso
2026,1028,03,S,1830,20/03/2026 00:00:00,10466096097,ABRAHAM TREMOLADA DANISSA MILAGROS,106,CONTRATO MENOR,CM,,"SERVICIO DE ASISTENCIA ADMINISTRATIVA PARA GENERAR, ANALIZAR Y DAR SEGUIMIENTO A LA INFORMACION I PA",2068,18,2.3. 2  9. 1  1,LOCACION DE SERVICIOS REALIZADOS POR PERSONAS NATURALES RELACIONADAS AL ROL DE LA ENTIDAD,7500.00,Compromiso
2026,1028,03,S,1831,20/03/2026 00:00:00,10763734892,COPERTINO CASTILLO KASANDRA LUCERO,106,CONTRATO MENOR,CM,,"SERVICIO DE ASISTENCIA ADMINISTRATIVA PARA GENERAR, ANALIZAR Y DAR SEGUIMIENTO A LA INFORMACION II P",2069,18,2.3. 2  9. 1  1,LOCACION DE SERVICIOS REALIZADOS POR PERSONAS NATURALES RELACIONADAS AL ROL DE LA ENTIDAD,7500.00,Compromiso
2026,1028,03,S,1832,20/03/2026 00:00:00,10728715796,TERAN CORDOVA ANAIS,106,CONTRATO MENOR,CM,,SERVICIO DE EVALUACI‡N Y ANALISIS DEL AVANCE DE EJECUCI‡N DE PROYECTOS DE INVERSI‡N,2072,18,2.3. 2  9. 1  1,LOCACION DE SERVICIOS REALIZADOS POR PERSONAS NATURALES RELACIONADAS AL ROL DE LA ENTIDAD,16500.00,Compromiso
2026,1028,03,S,1833,20/03/2026 00:00:00,10711026636,CERNA VILLANUEVA SUMNER NIXON,106,CONTRATO MENOR,CM,,SERVICIO DE MONITOREO Y COORDINACI‡N DE LA EJECUCI‡N DE PROYECTOS DE INVERSI‡N PÈBLICA,2073,18,2.3. 2  9. 1  1,LOCACION DE SERVICIOS REALIZADOS POR PERSONAS NATURALES RELACIONADAS AL ROL DE LA ENTIDAD,16500.00,Compromiso
2026,1028,03,S,1834,20/03/2026 00:00:00,10099606831,PAREDES BRAVO RICARDO ARISTIDES,106,CONTRATO MENOR,CM,,SERVICIO ESPECIALIZADO EN PROYECTOS DE INVERSI‡N,2074,18,2.3. 2  9. 1  1,LOCACION DE SERVICIOS REALIZADOS POR PERSONAS NATURALES RELACIONADAS AL ROL DE LA ENTIDAD,24000.00,Compromiso
2026,1028,03,S,1835,20/03/2026 00:00:00,10457576426,SONCO QUISPE SANDY HILDA,106,CONTRATO MENOR,CM,,SERVICIO DE GESTI‡N Y SEGUIMIENTO DE ACTIVIDADES ADMINISTRATIVAS,2075,18,2.3. 2  9. 1  1,LOCACION DE SERVICIOS REALIZADOS POR PERSONAS NATURALES RELACIONADAS AL ROL DE LA ENTIDAD,12000.00,Compromiso
2026,1028,03,S,1836,20/03/2026 00:00:00,10468986669,MORALES MARTINEZ GIOVANNI BREINER,106,CONTRATO MENOR,CM,,"SERVICIO DE PERSONAL ASISTENCIAL, ADMINISTRATIVO Y DE MANTENIMIENTO II PARA LAUNIDAD DE SERVICIOS",2071,18,2.3. 2  9. 1  1,LOCACION DE SERVICIOS REALIZADOS POR PERSONAS NATURALES RELACIONADAS AL ROL DE LA ENTIDAD,10500.00,Compromiso
2026,1028,03,S,1837,20/03/2026 00:00:00,10431111301,NICHO SALINAS ENRIQUE JONNATHAN,106,CONTRATO MENOR,CM,,SERVICIO ESPECIALIZADO EN TEMAS DE PRESUPUESTO,2076,18,2.3. 2  9. 1  1,LOCACION DE SERVICIOS REALIZADOS POR PERSONAS NATURALES RELACIONADAS AL ROL DE LA ENTIDAD,24000.00,Compromiso
2026,1028,03,S,1838,20/03/2026 00:00:00,10729602120,AQUINO MORALES JOAN PAUL,106,CONTRATO MENOR,CM,,SERVICIO DE ASISTENCIA TECNICA ADMINISTRATIVA,2077,18,2.3. 2  9. 1  1,LOCACION DE SERVICIOS REALIZADOS POR PERSONAS NATURALES RELACIONADAS AL ROL DE LA ENTIDAD,18000.00,Compromiso
2026,1028,03,S,1839,20/03/2026 00:00:00,10081926072,SANCHEZ ABANTO JORGE MARTIN,106,CONTRATO MENOR,CM,,SERVICIO DE GESTION  ADMINISTRATIVA,2078,18,2.3. 2  9. 1  1,LOCACION DE SERVICIOS REALIZADOS POR PERSONAS NATURALES RELACIONADAS AL ROL DE LA ENTIDAD,15000.00,Compromiso
2026,1028,03,S,1840,20/03/2026 00:00:00,10707464793,BARRIOS TORRES MIGUEL FERNANDO,106,CONTRATO MENOR,CM,,SERVICIO ESPECIALIZADO EN ESTAD÷STICA,2083,18,2.3. 2  9. 1  1,LOCACION DE SERVICIOS REALIZADOS POR PERSONAS NATURALES RELACIONADAS AL ROL DE LA ENTIDAD,12000.00,Compromiso
2026,1028,03,S,1841,20/03/2026 00:00:00,10461377268,NARREA LAURA FRANCISCO MANUEL,106,CONTRATO MENOR,CM,,SERVICIO ESPECIALIZADO EN MODERNIZACI‡N DE LA GESTION PÈBLICA,2084,18,2.3. 2  9. 1  1,LOCACION DE SERVICIOS REALIZADOS POR PERSONAS NATURALES RELACIONADAS AL ROL DE LA ENTIDAD,19500.00,Compromiso
2026,1028,03,S,1842,20/03/2026 00:00:00,10466809140,SANCHEZ SIPAN SUSAN SELENE,106,CONTRATO MENOR,CM,,SERVICIO DE ASISTENCIA ADMINISTRATIVA PARA LA GESTI‡N DE SERVICIOS Y TRµMITE DE DOCUMENTACI‡N PARA LA UNIDAD DE SERVICIOS GENERALES.,2096,18,2.3. 2  9. 1  1,LOCACION DE SERVICIOS REALIZADOS POR PERSONAS NATURALES RELACIONADAS AL ROL DE LA ENTIDAD,15000.00,Compromiso
2026,1028,03,S,1843,20/03/2026 00:00:00,10462435334,MARTINEZ BACA ABRAHAM KEVIN,106,CONTRATO MENOR,CM,,SERVICIO DE ASISTENCIA TECNICA ADMINISTRATIVA II PARA LA UNIDAD DE SERVICIOS GENERALES.,2097,18,2.3. 2  9. 1  1,LOCACION DE SERVICIOS REALIZADOS POR PERSONAS NATURALES RELACIONADAS AL ROL DE LA ENTIDAD,10500.00,Compromiso
2026,1028,03,S,1844,20/03/2026 00:00:00,10255672741,MANTILLA BROWN MIGUEL SANTIAGO,106,CONTRATO MENOR,CM,,SERVICIO DE ASISTENCIA EN SERVICIOS GENERALES PARA LA UNIDAD DE SERVICIOS GENERALES.,2098,18,2.3. 2  9. 1  1,LOCACION DE SERVICIOS REALIZADOS POR PERSONAS NATURALES RELACIONADAS AL ROL DE LA ENTIDAD,9000.00,Compromiso
2026,1028,03,S,1845,20/03/2026 00:00:00,10430430942,ECHEVARRIA NATIVIDAD ALAN JESUS,106,CONTRATO MENOR,CM,,SERVICIO DE AUXILIAR EN MANTENIMIENTO PARA LA UNIDAD DE SERVICIOS GENERALES.,2099,18,2.3. 2  9. 1  1,LOCACION DE SERVICIOS REALIZADOS POR PERSONAS NATURALES RELACIONADAS AL ROL DE LA ENTIDAD,9000.00,Compromiso
2026,1028,03,S,1846,20/03/2026 00:00:00,10762084738,CASTRO POLO ANGELES DIANA,106,CONTRATO MENOR,CM,,SERVICIO DE GESTI‡N ADMINISTRATIVA DEL POOL DE VEHICULOS PARA LA UNIDAD DE SERVICIOS GENERALES.,2100,18,2.3. 2  9. 1  1,LOCACION DE SERVICIOS REALIZADOS POR PERSONAS NATURALES RELACIONADAS AL ROL DE LA ENTIDAD,9000.00,Compromiso
2026,1028,03,S,1847,20/03/2026 00:00:00,10437673298,PORTOCARRERO ROMAN PABLO ERNESTO,106,CONTRATO MENOR,CM,,SERVICIO DE MONITOREO DE SERVICIOS GENERALES PARA LA UNIDAD DE SERVICIOS GENERALES.,2101,18,2.3. 2  9. 1  1,LOCACION DE SERVICIOS REALIZADOS POR PERSONAS NATURALES RELACIONADAS AL ROL DE LA ENTIDAD,10500.00,Compromiso
2026,1028,03,S,1848,20/03/2026 00:00:00,10742919540,SABALU CORNEJO EDGAR EMIR,106,CONTRATO MENOR,CM,,SERVICIO DE OPERARIO PARA LA UNIDAD DE SERVICIOS GENERALES.,2102,18,2.3. 2  9. 1  1,LOCACION DE SERVICIOS REALIZADOS POR PERSONAS NATURALES RELACIONADAS AL ROL DE LA ENTIDAD,10500.00,Compromiso
2026,1028,03,S,1849,20/03/2026 00:00:00,10714254273,PINEDO ROMERO WALTER EDUARDO,106,CONTRATO MENOR,CM,,"SERVICIO DE PERSONAL ASISTENCIAL, ADMINISTRATIVO Y DE MANTENIMIENTO PARA LA UNIDAD DE SERVICIOS GENERALES.",2103,18,2.3. 2  9. 1  1,LOCACION DE SERVICIOS REALIZADOS POR PERSONAS NATURALES RELACIONADAS AL ROL DE LA ENTIDAD,9000.00,Compromiso
2026,1028,03,S,1850,20/03/2026 00:00:00,10608103584,PACHECO REBATTA AARON LEONARDO,106,CONTRATO MENOR,CM,,SERVICIO DE PINTADO DE MUROS DE LA UNIDAD DE SERVICIOS GENERALES.,2104,18,2.3. 2  9. 1  1,LOCACION DE SERVICIOS REALIZADOS POR PERSONAS NATURALES RELACIONADAS AL ROL DE LA ENTIDAD,9000.00,Compromiso
2026,1028,03,S,1851,20/03/2026 00:00:00,10455449893,GOMEZ OCHOA MARTIN ANDRES,106,CONTRATO MENOR,CM,,SERVICIO DE SEGUIMIENTO Y MONITOREO DE SERVICIOS GENERALES PARA LA UNIDAD DE SERVICIOS GENERALES.,2105,18,2.3. 2  9. 1  1,LOCACION DE SERVICIOS REALIZADOS POR PERSONAS NATURALES RELACIONADAS AL ROL DE LA ENTIDAD,12000.00,Compromiso
2026,1028,03,S,1852,20/03/2026 00:00:00,10736480609,"SANCHEZ FLORES JIMMY RUSSBEL",106,CONTRATO MENOR,CM,,SERVICIO ESPECIALIZADO EN GESTI‡N DE MANTENIMIENTO PARA LA UNIDAD DE  SERVICIOS GENERALES.,2106,18,2.3. 2  9. 1  1,LOCACION DE SERVICIOS REALIZADOS POR PERSONAS NATURALES RELACIONADAS AL ROL DE LA ENTIDAD,9000.00,Compromiso
2026,1028,03,S,1853,20/03/2026 00:00:00,10774206774,SANTA CRUZ PRADO CHRISTIAN MAYKOL,106,CONTRATO MENOR,CM,,SERVICIO ESPECIALIZADO EN INSTALACIONES ELECTRICAS - OPERARIO PARA LA UNIDAD DE SERVICIOS GENERALES.,2107,18,2.3. 2  9. 1  1,LOCACION DE SERVICIOS REALIZADOS POR PERSONAS NATURALES RELACIONADAS AL ROL DE LA ENTIDAD,9000.00,Compromiso
2026,1028,03,S,1854,20/03/2026 00:00:00,10442093593,RENGIFO ESCUDERO JOSEPH LEWIS,106,CONTRATO MENOR,CM,,SERVICIO DE ASISTENCIA ADMINISTRATIVA PARA LA GESTION DE SERVICIOS TRAMITE DE DOCUMENTACION II DE LA UNIDAD DE SERVICIOS GENERALES.,2108,18,2.3. 2  9. 1  1,LOCACION DE SERVICIOS REALIZADOS POR PERSONAS NATURALES RELACIONADAS AL ROL DE LA ENTIDAD,19500.00,Compromiso
2026,1028,03,S,1855,20/03/2026 00:00:00,10097193024,FARFAN FLORIAN ZULLY ANTONIA,106,CONTRATO MENOR,CM,,SERVICIO DE ASISTENCIA ADMINISTRATIVA III PARA EL POOL DE VEHICULOS DE LA UNIDAD DE SERVICIOS GENERALES.,2109,18,2.3. 2  9. 1  1,LOCACION DE SERVICIOS REALIZADOS POR PERSONAS NATURALES RELACIONADAS AL ROL DE LA ENTIDAD,9600.00,Compromiso
2026,1028,03,S,1856,20/03/2026 00:00:00,10489859705,FLORES SANCHEZ MARCO ANTONIO,106,CONTRATO MENOR,CM,,SERVICIO DE SUPERVISION Y ASISTENCIA TECNICA DEL POOL DE VEHICULOS DE LA UNIDAD DE SERVICIOS GENERALES.,2110,18,2.3. 2  9. 1  1,LOCACION DE SERVICIOS REALIZADOS POR PERSONAS NATURALES RELACIONADAS AL ROL DE LA ENTIDAD,13500.00,Compromiso
2026,1028,03,S,1857,20/03/2026 00:00:00,10090784884,ROJAS VILLALOBOS CESAR RICARDO,106,CONTRATO MENOR,CM,,SERVICIO DE AUXILIAR EN MANTENIMIENTO III PARA LA UNIDAD DE SERVICIOS GENERALES.,2111,18,2.3. 2  9. 1  1,LOCACION DE SERVICIOS REALIZADOS POR PERSONAS NATURALES RELACIONADAS AL ROL DE LA ENTIDAD,5400.00,Compromiso
2026,1028,03,S,1858,20/03/2026 00:00:00,10255321183,SALAZAR CHIPULINA JULIO ARTURO,106,CONTRATO MENOR,CM,,SERVICIO DE AUXILIAR EN MANTENIMIENTO IV PARA LA UNIDAD DE SERVICIOS GENERALES.,2112,18,2.3. 2  9. 1  1,LOCACION DE SERVICIOS REALIZADOS POR PERSONAS NATURALES RELACIONADAS AL ROL DE LA ENTIDAD,5400.00,Compromiso
2026,1028,03,S,1859,20/03/2026 00:00:00,10095378922,DE TRAMONTANA BRE•A PIERO LUCAS,106,CONTRATO MENOR,CM,,SERVICIO DE CONDUCCION DE VEHICULO II PARA LA UNIDAD DE SERVICIOS GENERALES,2113,18,2.3. 2  9. 1  1,LOCACION DE SERVICIOS REALIZADOS POR PERSONAS NATURALES RELACIONADAS AL ROL DE LA ENTIDAD,9000.00,Compromiso
2026,1028,03,S,1860,20/03/2026 00:00:00,10450384220,BELLO ESPINOZA CARLOS IVAN,106,CONTRATO MENOR,CM,,SERVICIO DE CONDUCCION DE VEHICULO IV PARA LA UNIDAD DE SERVICIOS GENERALES.,2114,18,2.3. 2  9. 1  1,LOCACION DE SERVICIOS REALIZADOS POR PERSONAS NATURALES RELACIONADAS AL ROL DE LA ENTIDAD,9000.00,Compromiso
2026,1028,03,S,1861,20/03/2026 00:00:00,20607848204,SKUNA ASOCIADOS S.A.C.,106,CONTRATO MENOR,CM,,SERVICIO DE COFFE BREAK,2081,18,2.3. 2  7.11  5,SERVICIOS DE ALIMENTACION DE CONSUMO HUMANO,7000.00,Compromiso
2026,1028,03,S,1862,20/03/2026 00:00:00,10008227409,VASQUEZ RUIZ CESAR AUGUSTO,106,CONTRATO MENOR,CM,,SERVICIO DE CONDUCCION DE VEHICULO V PARA LA UNIDAD DE SERVICIOS GENERALES.,2115,18,2.3. 2  9. 1  1,LOCACION DE SERVICIOS REALIZADOS POR PERSONAS NATURALES RELACIONADAS AL ROL DE LA ENTIDAD,9600.00,Compromiso
2026,1028,03,S,1863,20/03/2026 00:00:00,20612526665,ACL EVENTOS Y SERVICIOS E.I.R.L.,106,CONTRATO MENOR,CM,,SERVICIO DE ALQUILERES DIVERSOS,2082,18,2.3. 2  5. 1  3,DE MOBILIARIO Y SIMILARES,7000.00,Compromiso
2026,1028,03,S,1863,20/03/2026 00:00:00,20612526665,ACL EVENTOS Y SERVICIOS E.I.R.L.,106,CONTRATO MENOR,CM,,SERVICIO DE ALQUILERES DIVERSOS,2082,18,2.3. 2  5. 1  4,DE MAQUINARIAS Y EQUIPOS,12500.00,Compromiso
2026,1028,03,S,1864,20/03/2026 00:00:00,10258169072,VILLALOBOS SAMPEN DANIEL JESUS,106,CONTRATO MENOR,CM,,SERVICIO DE GESTI‡N ADMINISTRATIVA PARA LA UNIDAD DE SERVICIOS GENERALES.,2116,18,2.3. 2  9. 1  1,LOCACION DE SERVICIOS REALIZADOS POR PERSONAS NATURALES RELACIONADAS AL ROL DE LA ENTIDAD,24000.00,Compromiso
2026,1028,03,S,1865,20/03/2026 00:00:00,10077148880,CONTRERAS DURAND FROILAN ENRIQUE,106,CONTRATO MENOR,CM,,SERVICIO DE MONITOREO DE SERVICIOS GENERALES II PARA LA UNIDAD DE SERVICIOS GENERALES.,2117,18,2.3. 2  9. 1  1,LOCACION DE SERVICIOS REALIZADOS POR PERSONAS NATURALES RELACIONADAS AL ROL DE LA ENTIDAD,9000.00,Compromiso
2026,1028,03,S,1866,20/03/2026 00:00:00,10254617844,MIRANDA CHANAME CARLOS MARTIN,106,CONTRATO MENOR,CM,,SERVICIO DE PINTADO DE MUROS II DE LA UNIDAD DE SERVICIOS GENERALES.,2118,18,2.3. 2  9. 1  1,LOCACION DE SERVICIOS REALIZADOS POR PERSONAS NATURALES RELACIONADAS AL ROL DE LA ENTIDAD,6171.00,Compromiso
2026,1028,03,S,1867,20/03/2026 00:00:00,10254542771,CHAVEZ CABREJOS CLAUDIO ALEJANDRO,106,CONTRATO MENOR,CM,,SERVICIO DE SEGUIMIENTO Y MONITOREO DE SERVICIOS GENERALES I PARA LA UNIDAD DE SERVICIOS GENERALES.,2119,18,2.3. 2  9. 1  1,LOCACION DE SERVICIOS REALIZADOS POR PERSONAS NATURALES RELACIONADAS AL ROL DE LA ENTIDAD,6900.00,Compromiso
2026,1028,03,S,1868,20/03/2026 00:00:00,10254617585,ABRIL RAMIREZ TOMAS,106,CONTRATO MENOR,CM,,SERVICIO DE SUPERVISION Y ASISTENCIA TECNICA III DE LA UNIDAD DE SERVICIOS GENERALES,2120,18,2.3. 2  9. 1  1,LOCACION DE SERVICIOS REALIZADOS POR PERSONAS NATURALES RELACIONADAS AL ROL DE LA ENTIDAD,8400.00,Compromiso
2026,1028,03,S,1869,20/03/2026 00:00:00,10801897709,PACHECO VILLANUEVA ROBERTO AGUSTIN,106,CONTRATO MENOR,CM,,SERVICIO DE SUPERVISION Y ASISTENCIA TECNICA IV DE LA UNIDAD DE SERVICIOS GENERALES,2121,18,2.3. 2  9. 1  1,LOCACION DE SERVICIOS REALIZADOS POR PERSONAS NATURALES RELACIONADAS AL ROL DE LA ENTIDAD,6600.00,Compromiso
2026,1028,03,S,1870,20/03/2026 00:00:00,10429709984,SAYAGO SALAZAR CLAUDIA YOLANDA,106,CONTRATO MENOR,CM,,SERVICIO DE ALIMENTACION DE PERSONAS PARA COMISION AMBIENTAL REGIONAL DEL CALLAO - CAR 2026,2086,18,2.3. 2  7.11  5,SERVICIOS DE ALIMENTACION DE CONSUMO HUMANO,17000.00,Compromiso
2026,1028,03,S,1871,20/03/2026 00:00:00,10455559401,ZAPATA MONCADA MICHAEL COLIN,106,CONTRATO MENOR,CM,,SERVICIO DE ALQUILER DE CAMIONETA TIPO MINIVAN,2089,18,2.3. 2  5. 1  2,DE VEHICULOS,30000.00,Compromiso
2026,1028,03,S,1872,20/03/2026 00:00:00,10095992876,CASTRO GUERRA LUIS ANTONIO,106,CONTRATO MENOR,CM,,SERVICIO ESPECIALIZADO EN INSTALACIONES ELECTRICAS II PARA LA UNIDAD DE SERVICIOS GENERALES DE LA OFICINA DE LOGISTICA.,2122,18,2.3. 2  9. 1  1,LOCACION DE SERVICIOS REALIZADOS POR PERSONAS NATURALES RELACIONADAS AL ROL DE LA ENTIDAD,13500.00,Compromiso
2026,1028,03,S,1873,20/03/2026 00:00:00,10258163686,PAZ LA ROSA YESABEL NATALIA,106,CONTRATO MENOR,CM,,SERVICIO DE RECEPCION Y VERIFICACION DE BIENES EN ALMACEN DE LA UNIDAD DE SERVICIOS GENERALES,2123,18,2.3. 2  9. 1  1,LOCACION DE SERVICIOS REALIZADOS POR PERSONAS NATURALES RELACIONADAS AL ROL DE LA ENTIDAD,5400.00,Compromiso
2026,1028,03,S,1874,20/03/2026 00:00:00,10256731113,CANALES GOGIN ROSARIO CONSUELO,106,CONTRATO MENOR,CM,,SERVICIO DE LIMPIEZA DE LOCALES I PARA LA UNIDAD DE SERVICIOS GENERALES,2124,18,2.3. 2  9. 1  1,LOCACION DE SERVICIOS REALIZADOS POR PERSONAS NATURALES RELACIONADAS AL ROL DE LA ENTIDAD,4050.00,Compromiso
2026,1028,03,S,1875,20/03/2026 00:00:00,10258102458,BEDON PANTOJA MARIA MAGDALENA,106,CONTRATO MENOR,CM,,SERVICIO DE LIMPIEZA DE LOCALES II PARA LA UNIDAD DE SERVICIOS GENERALES,2125,18,2.3. 2  9. 1  1,LOCACION DE SERVICIOS REALIZADOS POR PERSONAS NATURALES RELACIONADAS AL ROL DE LA ENTIDAD,3000.00,Compromiso
2026,1028,03,S,1876,20/03/2026 00:00:00,10081452399,LAHURA SENCI SANDRO MARTIN,106,CONTRATO MENOR,CM,,SERVICIO ESPECIALIZADO EN MECANICA PARA LA UNIDAD DE SERVICIOS GENERALES,2126,18,2.3. 2  9. 1  1,LOCACION DE SERVICIOS REALIZADOS POR PERSONAS NATURALES RELACIONADAS AL ROL DE LA ENTIDAD,12900.00,Compromiso
2026,1028,03,S,1877,20/03/2026 00:00:00,10417006791,FLORES LINARES CHRISTOPHER,106,CONTRATO MENOR,CM,,SERVICIO DE CONDUCCION DE VEHICULO VI PARA LA UNIDAD DE SERVICIOS GENERALES,2127,18,2.3. 2  9. 1  1,LOCACION DE SERVICIOS REALIZADOS POR PERSONAS NATURALES RELACIONADAS AL ROL DE LA ENTIDAD,9600.00,Compromiso
2026,1028,03,S,1878,20/03/2026 00:00:00,10255646864,CARTAGENA ZU•IGA ANDRES OSWALDO,106,CONTRATO MENOR,CM,,SERVICIO DE CONDUCCION DE VEHICULO VII PARA LA UNIDAD DE SERVICIOS GENERALES,2128,18,2.3. 2  9. 1  1,LOCACION DE SERVICIOS REALIZADOS POR PERSONAS NATURALES RELACIONADAS AL ROL DE LA ENTIDAD,9600.00,Compromiso
2026,1028,03,S,1879,20/03/2026 00:00:00,10258660132,SAAVEDRA SALINAS DANY WILFREDO,106,CONTRATO MENOR,CM,,SERVICIO DE CONDUCCION DE VEHICULO VIII PARA LA UNIDAD DE SERVICIOS GENERALES,2129,18,2.3. 2  9. 1  1,LOCACION DE SERVICIOS REALIZADOS POR PERSONAS NATURALES RELACIONADAS AL ROL DE LA ENTIDAD,9600.00,Compromiso
2026,1028,03,S,1880,20/03/2026 00:00:00,10405579401,REYES ESCATE AUGUSTO MARTIN,106,CONTRATO MENOR,CM,,SERVICIO DE CONDUCCION DE VEHICULO IX PARA LA UNIDAD DE SERVICIOS GENERALES,2130,18,2.3. 2  9. 1  1,LOCACION DE SERVICIOS REALIZADOS POR PERSONAS NATURALES RELACIONADAS AL ROL DE LA ENTIDAD,9600.00,Compromiso
2026,1028,03,S,1881,20/03/2026 00:00:00,10258283614,RIVERA PEREZ WILLIAM,106,CONTRATO MENOR,CM,,SERVICIO DE CONDUCCION DE VEHICULO X PARA LA UNIDAD DE SERVICIOS GENERALES,2131,18,2.3. 2  9. 1  1,LOCACION DE SERVICIOS REALIZADOS POR PERSONAS NATURALES RELACIONADAS AL ROL DE LA ENTIDAD,9600.00,Compromiso
2026,1028,03,S,1882,20/03/2026 00:00:00,10256452524,RODA MEDRANO GUSTAVO,106,CONTRATO MENOR,CM,,SERVICIO DE CONDUCCION DE VEHICULO XIII PARA LA UNIDAD DE SERVICIOS GENERALES,2132,18,2.3. 2  9. 1  1,LOCACION DE SERVICIOS REALIZADOS POR PERSONAS NATURALES RELACIONADAS AL ROL DE LA ENTIDAD,9600.00,Compromiso
2026,1028,03,S,1883,20/03/2026 00:00:00,10255380163,SERRANO CARBAJAL JULIO LORENZO,106,CONTRATO MENOR,CM,,SERVICIO DE CONDUCCION DE VEHICULO XIV PARA LA UNIDAD DE SERVICIOS GENERALES,2133,18,2.3. 2  9. 1  1,LOCACION DE SERVICIOS REALIZADOS POR PERSONAS NATURALES RELACIONADAS AL ROL DE LA ENTIDAD,9600.00,Compromiso
2026,1028,03,S,1884,20/03/2026 00:00:00,10100889914,ROJAS MOGOLLON ENRIQUE,106,CONTRATO MENOR,CM,,SERVICIO DE CONDUCCION DE VEHICULO XV PARA LA UNIDAD DE SERVICIOS GENERALES,2134,18,2.3. 2  9. 1  1,LOCACION DE SERVICIOS REALIZADOS POR PERSONAS NATURALES RELACIONADAS AL ROL DE LA ENTIDAD,9600.00,Compromiso
2026,1028,03,S,1885,20/03/2026 00:00:00,10211174485,LINO ROJAS HILARIO DONATO,106,CONTRATO MENOR,CM,,SERVICIO DE CONDUCCION DE VEHICULO XVI PARA LA UNIDAD DE SERVICIOS GENERALES,2135,18,2.3. 2  9. 1  1,LOCACION DE SERVICIOS REALIZADOS POR PERSONAS NATURALES RELACIONADAS AL ROL DE LA ENTIDAD,9600.00,Compromiso
2026,1028,03,S,1886,20/03/2026 00:00:00,10094420739,CHAVARRY ESPINAL ELIO MODESTO,106,CONTRATO MENOR,CM,,SERVICIO DE CONDUCCION DE VEHICULO XVII PARA LA UNIDAD DE SERVICIOS GENERALES,2136,18,2.3. 2  9. 1  1,LOCACION DE SERVICIOS REALIZADOS POR PERSONAS NATURALES RELACIONADAS AL ROL DE LA ENTIDAD,7500.00,Compromiso
2026,1028,03,S,1887,20/03/2026 00:00:00,10087011793,PUCH ALMONTE ELLIOT EDUARDO,106,CONTRATO MENOR,CM,,SERVICIO DE CONDUCCION DE VEHICULO XVIII PARA LA UNIDAD DE SERVICIOS GENERALES,2137,18,2.3. 2  9. 1  1,LOCACION DE SERVICIOS REALIZADOS POR PERSONAS NATURALES RELACIONADAS AL ROL DE LA ENTIDAD,9600.00,Compromiso
2026,1028,03,S,1888,20/03/2026 00:00:00,10413762931,MIRANDA RIEGA JEFFERSON JESUS,106,CONTRATO MENOR,CM,,SERVICIO DE CONDUCCI‡N DE VEH÷CULO XIX DE LA UNIDAD DE SERVICIOS GENERALES.,2138,18,2.3. 2  9. 1  1,LOCACION DE SERVICIOS REALIZADOS POR PERSONAS NATURALES RELACIONADAS AL ROL DE LA ENTIDAD,9600.00,Compromiso
2026,1028,03,S,1889,20/03/2026 00:00:00,10070448594,GOMEZ INFANTAS CLAUDIO ROBERTO,106,CONTRATO MENOR,CM,,SERVICIO DE CONDUCCI‡N DE VEH÷CULO XX DE LA UNIDAD DE SERVICIOS GENERALES,2139,18,2.3. 2  9. 1  1,LOCACION DE SERVICIOS REALIZADOS POR PERSONAS NATURALES RELACIONADAS AL ROL DE LA ENTIDAD,9600.00,Compromiso
2026,1028,03,S,1890,20/03/2026 00:00:00,10067921670,VASQUEZ SALDA•A CARLOS ALBERTO,106,CONTRATO MENOR,CM,,SERVICIO DE CONDUCCI‡N DE VEH÷CULO XXI DE LA UNIDAD DE SERVICIOS GENERALES,2140,18,2.3. 2  9. 1  1,LOCACION DE SERVICIOS REALIZADOS POR PERSONAS NATURALES RELACIONADAS AL ROL DE LA ENTIDAD,9600.00,Compromiso
2026,1028,03,S,1891,23/03/2026 00:00:00,10443603331, MICHELENA POLO MARIA GRACIA,106,CONTRATO MENOR,CM,,SERVICIO DE COFFE BREAK,2143,18,2.3. 2  7.11  5,SERVICIOS DE ALIMENTACION DE CONSUMO HUMANO,8900.00,Compromiso
2026,1028,03,S,1892,23/03/2026 00:00:00,20392963228,FIBERTEL PERU S.A.,106,CONTRATO MENOR,CM,,CONTRATACI‡N DEL SERVICIO DE TELEFON÷A FIJA PARA EL GOBIERNO REGIONAL DEL CALLAO SEGUN CONTRATO N¯ 002-2025-OL - PERIODO DEL 21.12.2025 AL 20.12.2026,2142,00,2.3. 2  2. 2  2,SERVICIO DE TELEFONIA FIJA,19500.00,Compromiso
2026,1028,03,S,1893,23/03/2026 00:00:00,10450831099,PINEDO SABA DOLLY DEL CARMEN,106,CONTRATO MENOR,CM,,"SERVICIO LEGAL PARA LA REVISION DE DOCUMENTOS DE GESTION ADMINISTRATIVA II PARA LA OFICINA DE ADMINISTRACI‡N DE VILLAS REGIONALES DE LA GERENCIA REGIONAL DE EDUCACI‡N, CULTURA Y DEPORTE.",2144,18,2.3. 2  9. 1  1,LOCACION DE SERVICIOS REALIZADOS POR PERSONAS NATURALES RELACIONADAS AL ROL DE LA ENTIDAD,16500.00,Compromiso
2026,1028,03,S,1894,23/03/2026 00:00:00,10102174904,VASQUEZ SALCEDO RUBEN DARIO,106,CONTRATO MENOR,CM,,SERVICIO DE ASISTENCIA TECNICA EN MANTENIMIENTO DE INFRAESTRUCTURA Y MANTENIMIENTO DE AREAS VERDES EN EL ESTADIO MIGUEL GRAU PARA OFICINA DE ADMINISTRACI‡N DE VILLAS REGIONALES DE LA GERENCIA REGIONAL DE EDUCACION CULTURA Y DEPORTE,2145,18,2.3. 2  9. 1  1,LOCACION DE SERVICIOS REALIZADOS POR PERSONAS NATURALES RELACIONADAS AL ROL DE LA ENTIDAD,7500.00,Compromiso
2026,1028,03,S,1895,23/03/2026 00:00:00,20467534026,AMERICA MOVIL PERU S.A.C.,106,CONTRATO MENOR,CM,,CONTRATACI‡N DEL SERVICIO TELEFON÷A M‡VIL CON INTERNET PARA LAS GERENCIAS Y OFICINAS DEL GOBIERNO REGIONAL DEL CALLAO - PERIODOS: DEL 14.12.2025 AL 13.01.2026 Y DEL 14/01/2026 AL 13/02/2026,2146,00,2.3. 2  2. 2  1,SERVICIO DE TELEFONIA MOVIL,2655.88,Compromiso
2026,1028,03,S,1896,24/03/2026 00:00:00,20605702113,COMERCIALIZADORA LUAN DEAL PERÈ S.A.C.,106,CONTRATO MENOR,CM,,SERVICIO DE INSTALACI‡N DE REDES DE GAS NATURAL,2147,18,2.6. 2  3.99  5,COSTO DE CONSTRUCCION POR ADMINISTRACION DIRECTA - SERVICIOS,22770.00,Compromiso
2026,1028,03,S,1897,24/03/2026 00:00:00,10762061291,MEZA RIOJAS FRANCISCO LEONARDO,106,CONTRATO MENOR,CM,,SERVICIO DE SHOW ARTISTICO,2151,18,2.3. 2  7.10  1,"SEMINARIOS ,TALLERES Y SIMILARES ORGANIZADOS POR LA  INSTITUCION",20000.00,Compromiso
2026,1028,03,S,1898,24/03/2026 00:00:00,10457848361,CCENHUA BADAJOS YNES,106,CONTRATO MENOR,CM,,SERVICIO DE ORGANIZACION DE EVENTOS,2152,18,2.3. 2  7. 9 99,OTROS RELACIONADOS A ORGANIZACION DE EVENTOS,10000.00,Compromiso
2026,1028,03,S,1899,24/03/2026 00:00:00,20601370124,TR3S LAB ARQUITECTOS S.A.C.,106,CONTRATO MENOR,CM,,SERVICIO DE ALQUILERES,2153,18,2.3. 2  5. 1  4,DE MAQUINARIAS Y EQUIPOS,12000.00,Compromiso
2026,1028,03,S,1900,24/03/2026 00:00:00,20610542108,ECOSSA S.R.L.,106,CONTRATO MENOR,CM,,ALQUILER DE CAMIONETA TIPO MINIVAN,2154,18,2.3. 2  5. 1  2,DE VEHICULOS,3250.00,Compromiso
2026,1028,03,S,1901,24/03/2026 00:00:00,10154315921,QUISPE LEVANO JORGE LUIS,106,CONTRATO MENOR,CM,,SERVICIO DE CLASIFICACION Y ORDENAMIENTO DE ARCHIVOS PARA ODSPIOVS - DOS ENTREGABLES 2026.,2294,18,2.3. 2  9. 1  1,LOCACION DE SERVICIOS REALIZADOS POR PERSONAS NATURALES RELACIONADAS AL ROL DE LA ENTIDAD,5000.00,Compromiso
2026,1028,03,S,1902,24/03/2026 00:00:00,10700373750,VILMA SAMANTA PAZ ALLENDE,106,CONTRATO MENOR,CM,,SERVICIO DE ASISTENCIA EN GESTION DOCUMENTAL PARA ODSPIOVS - DOS ENTREGABLES 2026,2295,18,2.3. 2  9. 1  1,LOCACION DE SERVICIOS REALIZADOS POR PERSONAS NATURALES RELACIONADAS AL ROL DE LA ENTIDAD,6000.00,Compromiso
2026,1028,03,S,1903,24/03/2026 00:00:00,10618334673,AREVALO MIRANDA CRISTINA MARYHORY,106,CONTRATO MENOR,CM,,SERVICIO DE ORDENAMIENTO DE DOCUMENTOS DE ARCHIVO I PARA ODSPIOVS - TRES ENTREGABLES 2026,2296,18,2.3. 2  9. 1  1,LOCACION DE SERVICIOS REALIZADOS POR PERSONAS NATURALES RELACIONADAS AL ROL DE LA ENTIDAD,10200.00,Compromiso
2026,1028,03,S,1904,24/03/2026 00:00:00,10627767388,CONDE PRADO MONICA MARCELA,106,CONTRATO MENOR,CM,,SERVICIO DE ORDENAMIENTO DE DOCUMENTOS DE ARCHIVO II PARA ODSPIOVS - TRES ENTREGABLES 2026,2297,18,2.3. 2  9. 1  1,LOCACION DE SERVICIOS REALIZADOS POR PERSONAS NATURALES RELACIONADAS AL ROL DE LA ENTIDAD,10200.00,Compromiso
2026,1028,03,S,1905,24/03/2026 00:00:00,10748212715,GABRIEL MARIN PAZOS,106,CONTRATO MENOR,CM,,SERVICIO DE ASISTENCIA EN COMUNICACIONES PARA ODSPIOVS - TRES ENTREGABLES 2026,2298,18,2.3. 2  9. 1  1,LOCACION DE SERVICIOS REALIZADOS POR PERSONAS NATURALES RELACIONADAS AL ROL DE LA ENTIDAD,15000.00,Compromiso
2026,1028,03,S,1906,24/03/2026 00:00:00,10702666720,EVANGELISTA LOPEZ ISELLA PATRICIA,106,CONTRATO MENOR,CM,,SERVICIO DE ELABORACION DE REPORTE DE MONITOREO DE ACTIVIDADES PARA ODSPIOVS - TRES ENTREGABLES 2026,2299,18,2.3. 2  9. 1  1,LOCACION DE SERVICIOS REALIZADOS POR PERSONAS NATURALES RELACIONADAS AL ROL DE LA ENTIDAD,10500.00,Compromiso
2026,1028,03,S,1907,24/03/2026 00:00:00,10466988907,CRUZ RUPAY KARLA VIOLETA,106,CONTRATO MENOR,CM,,SERVICIO ESPECIALIZADO EN ADMINISTRACI‡N PARA UFII - TRES ENTREGABLES 2026,2205,18,2.3. 2  9. 1  1,LOCACION DE SERVICIOS REALIZADOS POR PERSONAS NATURALES RELACIONADAS AL ROL DE LA ENTIDAD,15000.00,Compromiso
2026,1028,03,S,1908,24/03/2026 00:00:00,10455866079,SANCHEZ CAMPOS KRYSTEL ELENA,106,CONTRATO MENOR,CM,,SERVICIO ESPECIALIZADO EN CONTROL INTERNO PARA UFII - UNICO ENTREGABLES 2026,2206,18,2.3. 2  9. 1  1,LOCACION DE SERVICIOS REALIZADOS POR PERSONAS NATURALES RELACIONADAS AL ROL DE LA ENTIDAD,7000.00,Compromiso
2026,1028,03,S,1909,24/03/2026 00:00:00,10710151879,ARMAS ANCALLA CLAUDIA ESTEFHANY,106,CONTRATO MENOR,CM,,SERVICIO DE SEGUIMIENTO DE DOCUMENTOS ADMINISTRATIVOS PARA OTDYA - TRES ENTREGABLES 2026,2300,18,2.3. 2  9. 1  1,LOCACION DE SERVICIOS REALIZADOS POR PERSONAS NATURALES RELACIONADAS AL ROL DE LA ENTIDAD,12000.00,Compromiso
2026,1028,03,S,1910,24/03/2026 00:00:00,10755042477,ANA PAULA TAVARA ECHEVARRIA,106,CONTRATO MENOR,CM,,SERVICIO DE ASISTENCIA EN GESTION DOCUMENTAL  PARA OTDYA - TRES ENTREGABLES 2026,2301,18,2.3. 2  9. 1  1,LOCACION DE SERVICIOS REALIZADOS POR PERSONAS NATURALES RELACIONADAS AL ROL DE LA ENTIDAD,9000.00,Compromiso
2026,1028,03,S,1911,24/03/2026 00:00:00,10470051341,VELASQUEZ CAVERO MIGUEL OMAR,106,CONTRATO MENOR,CM,,SERVICIO DE DESCRIPCION DE DOCUMENTOS DE ARCHIVOS I  PARA OTDYA - CUATRO ENTREGABLES 2026,2302,18,2.3. 2  9. 1  1,LOCACION DE SERVICIOS REALIZADOS POR PERSONAS NATURALES RELACIONADAS AL ROL DE LA ENTIDAD,18000.00,Compromiso
2026,1028,03,S,1912,24/03/2026 00:00:00,10403083726,CASTILLO MECOLA CESAR CARLOS,106,CONTRATO MENOR,CM,,SERVICIO DE GESTION ADMINISTRATIVA.,2188,18,2.3. 2  9. 1  1,LOCACION DE SERVICIOS REALIZADOS POR PERSONAS NATURALES RELACIONADAS AL ROL DE LA ENTIDAD,12000.00,Compromiso
2026,1028,03,S,1913,24/03/2026 00:00:00,10772254721,BAZAN ARISTONDO JEAN CARLO,106,CONTRATO MENOR,CM,,SERVICIO DE ASISTENCIA TêCNICA EN COMUNICACIONES I,2160,18,2.3. 2  9. 1  1,LOCACION DE SERVICIOS REALIZADOS POR PERSONAS NATURALES RELACIONADAS AL ROL DE LA ENTIDAD,12500.00,Compromiso
2026,1028,03,S,1914,24/03/2026 00:00:00,10426955861,PRIETO PRIETO PEDRO ERICKSON,106,CONTRATO MENOR,CM,,SERVICIO DE ASISTENCIA EN TEMAS EN EDUCACI‡N Y SEGURIDAD VIAL I,2161,18,2.3. 2  9. 1  1,LOCACION DE SERVICIOS REALIZADOS POR PERSONAS NATURALES RELACIONADAS AL ROL DE LA ENTIDAD,21000.00,Compromiso
2026,1028,03,S,1915,24/03/2026 00:00:00,10765739140,QQUELLON QQUELLON VALERY SOFIA,106,CONTRATO MENOR,CM,,SERVICIO DE ASISTENCIA EN TEMAS EN EDUCACI‡N Y SEGURIDAD VIAL II,2162,18,2.3. 2  9. 1  1,LOCACION DE SERVICIOS REALIZADOS POR PERSONAS NATURALES RELACIONADAS AL ROL DE LA ENTIDAD,17500.00,Compromiso
2026,1028,03,S,1916,24/03/2026 00:00:00,10257239875,VIDAL LOZADA DORA JULIANA,106,CONTRATO MENOR,CM,,SERVICIO DE ORIENTADOR II,2163,18,2.3. 2  9. 1  1,LOCACION DE SERVICIOS REALIZADOS POR PERSONAS NATURALES RELACIONADAS AL ROL DE LA ENTIDAD,12000.00,Compromiso
2026,1028,03,S,1917,24/03/2026 00:00:00,10741780220,SANCA EUSEBIO ELVY ARTURO,106,CONTRATO MENOR,CM,,SERVICIO DE ORIENTADOR III.,2164,18,2.3. 2  9. 1  1,LOCACION DE SERVICIOS REALIZADOS POR PERSONAS NATURALES RELACIONADAS AL ROL DE LA ENTIDAD,12000.00,Compromiso
2026,1028,03,S,1918,24/03/2026 00:00:00,10454522881,PAREDES ROJAS JOHN EDUARDO,106,CONTRATO MENOR,CM,,SERVICIO DE SUPERVISION Y MONITOREO ACTIVIDADES DE CAMPO I.,2157,09,2.3. 2  9. 1  1,LOCACION DE SERVICIOS REALIZADOS POR PERSONAS NATURALES RELACIONADAS AL ROL DE LA ENTIDAD,30000.00,Compromiso
2026,1028,03,S,1919,24/03/2026 00:00:00,10714780536,TUCTO GUEVARA INGRID PAMELA,106,CONTRATO MENOR,CM,,"CONTRATACION DE ASISTENCIA TECNICA, CAPACITACION Y MONITOREO I",2158,09,2.3. 2  9. 1  1,LOCACION DE SERVICIOS REALIZADOS POR PERSONAS NATURALES RELACIONADAS AL ROL DE LA ENTIDAD,6900.00,Compromiso
2026,1028,03,S,1920,24/03/2026 00:00:00,10064529051,HERMOZA ARRASCUE VICTOR ALEJANDRO,106,CONTRATO MENOR,CM,,SERVICIO DE CONDUCCION DE VEHICULO I.,2159,18,2.3. 2  9. 1  1,LOCACION DE SERVICIOS REALIZADOS POR PERSONAS NATURALES RELACIONADAS AL ROL DE LA ENTIDAD,19200.00,Compromiso
2026,1028,03,S,1921,25/03/2026 00:00:00,20601273391,CRIVER NEGOCIOS INTEGRALES SOCIEDAD ANONIMA CERRADA - CRIVER NEGOCIOS INTEGRALES S.A.C.,106,CONTRATO MENOR,CM,,SERVICIO DE ORGANIZACI‡N DE EVENTO PARA LA PRIMERA SESI‡N ORDINARIA - ICR CALLAO,2156,18,2.3. 2  7. 9 99,OTROS RELACIONADOS A ORGANIZACION DE EVENTOS,10000.00,Compromiso
2026,1028,03,S,1922,25/03/2026 00:00:00,10427469676,GARCIA ESPINOZA JOSE DAVID,106,CONTRATO MENOR,CM,,SERVICIO DE COORDINACI‡N DE ENFOQUE AMBIENTAL,2167,18,2.3. 2  9. 1  1,LOCACION DE SERVICIOS REALIZADOS POR PERSONAS NATURALES RELACIONADAS AL ROL DE LA ENTIDAD,37500.00,Compromiso
2026,1028,03,S,1923,25/03/2026 00:00:00,10099561578,MIRANDA SOTO OSCAR FRANCISCO,106,CONTRATO MENOR,CM,,SERVICIO DE ORGANIZACI‡N Y SUPERVISI‡N DE GESTION AMBIENTAL,2168,18,2.3. 2  9. 1  1,LOCACION DE SERVICIOS REALIZADOS POR PERSONAS NATURALES RELACIONADAS AL ROL DE LA ENTIDAD,30000.00,Compromiso
2026,1028,03,S,1924,25/03/2026 00:00:00,10740224421,CABRERA YêPEZ LENIN RAÈL,106,CONTRATO MENOR,CM,,SERVICIO ESPECIALIZADO EN TEMAS DE BIOLOG÷A I,2169,18,2.3. 2  9. 1  1,LOCACION DE SERVICIOS REALIZADOS POR PERSONAS NATURALES RELACIONADAS AL ROL DE LA ENTIDAD,30000.00,Compromiso
2026,1028,03,S,1925,25/03/2026 00:00:00,10480367532,PESCETTO CHAVEZ CESAR JOSEPH,106,CONTRATO MENOR,CM,,SERVICIO ESPECIALIZADO EN MEDIO AMBIENTE,2170,18,2.3. 2  9. 1  1,LOCACION DE SERVICIOS REALIZADOS POR PERSONAS NATURALES RELACIONADAS AL ROL DE LA ENTIDAD,35000.00,Compromiso
2026,1028,03,S,1926,25/03/2026 00:00:00,10736554033,CHRISTIAN MANUEL CANALES GARCIA,106,CONTRATO MENOR,CM,,SERVICIO DE ELABORACION DE CONTENIDOS COMUNICACIONALES,2171,18,2.3. 2  9. 1  1,LOCACION DE SERVICIOS REALIZADOS POR PERSONAS NATURALES RELACIONADAS AL ROL DE LA ENTIDAD,27500.00,Compromiso
2026,1028,03,S,1927,25/03/2026 00:00:00,10703085241,VASQUEZ LINO CHRISTIAN EDUARDO,106,CONTRATO MENOR,CM,,SERVICIO DE GUARDAPARQUE I,2172,18,2.3. 2  9. 1  1,LOCACION DE SERVICIOS REALIZADOS POR PERSONAS NATURALES RELACIONADAS AL ROL DE LA ENTIDAD,22500.00,Compromiso
2026,1028,03,S,1928,25/03/2026 00:00:00,10408739158,SANCHEZ MAGALLANES RAUL ARNOLD,106,CONTRATO MENOR,CM,,SERVICIO DE GUARDAPARQUE II,2173,18,2.3. 2  9. 1  1,LOCACION DE SERVICIOS REALIZADOS POR PERSONAS NATURALES RELACIONADAS AL ROL DE LA ENTIDAD,22500.00,Compromiso
2026,1028,03,S,1929,25/03/2026 00:00:00,10414613476,DIAZ HEREDIA YOVANA,106,CONTRATO MENOR,CM,,SERVICIO DE ASISTENCIA TECNICA ADMINISTRATIVA,2174,00,2.3. 2  9. 1  1,LOCACION DE SERVICIOS REALIZADOS POR PERSONAS NATURALES RELACIONADAS AL ROL DE LA ENTIDAD,22500.00,Compromiso
2026,1028,03,S,1930,25/03/2026 00:00:00,10424583168,HUANCA FLORES LUIS ALBERTO,106,CONTRATO MENOR,CM,,SERVICIO DE SEGURIDAD Y VIGILANCIA II,2175,18,2.3. 2  9. 1  1,LOCACION DE SERVICIOS REALIZADOS POR PERSONAS NATURALES RELACIONADAS AL ROL DE LA ENTIDAD,10000.00,Compromiso
2026,1028,03,S,1931,25/03/2026 00:00:00,10726307640,GARCIA AGöERO AHILYN ALEJANDRA,106,CONTRATO MENOR,CM,,SERVICIO DE SEGURIDAD Y VIGILANCIA III,2176,18,2.3. 2  9. 1  1,LOCACION DE SERVICIOS REALIZADOS POR PERSONAS NATURALES RELACIONADAS AL ROL DE LA ENTIDAD,10000.00,Compromiso
2026,1028,03,S,1932,25/03/2026 00:00:00,10425628491,ROMERO VIGO ELSA JHOVANI,106,CONTRATO MENOR,CM,,SERVICIO DE SEGURIDAD Y VIGILANCIA IV,2177,18,2.3. 2  9. 1  1,LOCACION DE SERVICIOS REALIZADOS POR PERSONAS NATURALES RELACIONADAS AL ROL DE LA ENTIDAD,10000.00,Compromiso
2026,1028,03,S,1933,25/03/2026 00:00:00,10333429930,BARROZO TARAZONA EDWIN CRISANTO,106,CONTRATO MENOR,CM,,SERVICIO DE SEGURIDAD Y VIGILANCIA X,2178,18,2.3. 2  9. 1  1,LOCACION DE SERVICIOS REALIZADOS POR PERSONAS NATURALES RELACIONADAS AL ROL DE LA ENTIDAD,10000.00,Compromiso
2026,1028,03,S,1934,25/03/2026 00:00:00,10703564050,NAVARRO ROMERO LIZARDO ARTURO,106,CONTRATO MENOR,CM,,SERVICIO DE MEJORA EN EL MANEJO DE RESIDUOS S‡LIDOS IV,2179,18,2.3. 2  9. 1  1,LOCACION DE SERVICIOS REALIZADOS POR PERSONAS NATURALES RELACIONADAS AL ROL DE LA ENTIDAD,10000.00,Compromiso
2026,1028,03,S,1935,25/03/2026 00:00:00,10738223808,REYES SILVA DENILSON SAMIR,106,CONTRATO MENOR,CM,,SERVICIO DE OPERARIOS I,2180,18,2.3. 2  9. 1  1,LOCACION DE SERVICIOS REALIZADOS POR PERSONAS NATURALES RELACIONADAS AL ROL DE LA ENTIDAD,10000.00,Compromiso
2026,1028,03,S,1936,25/03/2026 00:00:00,10077638836,CARITIMARI MURAYARI JOSE ROMULO,106,CONTRATO MENOR,CM,,SERVICIO DE OPERARIOS II,2181,18,2.3. 2  9. 1  1,LOCACION DE SERVICIOS REALIZADOS POR PERSONAS NATURALES RELACIONADAS AL ROL DE LA ENTIDAD,10000.00,Compromiso
2026,1028,03,S,1937,25/03/2026 00:00:00,10747239644,CHAVEZ SILVA KIARA BEATRIZ,106,CONTRATO MENOR,CM,,SERVICIO DE OPERARIOS III,2182,18,2.3. 2  9. 1  1,LOCACION DE SERVICIOS REALIZADOS POR PERSONAS NATURALES RELACIONADAS AL ROL DE LA ENTIDAD,10000.00,Compromiso
2026,1028,03,S,1938,25/03/2026 00:00:00,10255803676,VASQUEZ BARRANTES ROGGER MARTIN,106,CONTRATO MENOR,CM,,SERVICIO DE OPERARIOS VII,2183,18,2.3. 2  9. 1  1,LOCACION DE SERVICIOS REALIZADOS POR PERSONAS NATURALES RELACIONADAS AL ROL DE LA ENTIDAD,10000.00,Compromiso
2026,1028,03,S,1939,25/03/2026 00:00:00,10199122377,CLEMENTE PALOMINO JACINTO VICENTE,106,CONTRATO MENOR,CM,,SERVICIO DE ENSE•ANZA DE ARTESAN÷A I,2184,18,2.3. 2  9. 1  1,LOCACION DE SERVICIOS REALIZADOS POR PERSONAS NATURALES RELACIONADAS AL ROL DE LA ENTIDAD,10000.00,Compromiso
2026,1028,03,S,1940,25/03/2026 00:00:00,10198671245,ALIAGA URIVE JENOVEVA HERMINIA,106,CONTRATO MENOR,CM,,SERVICIO DE ENSE•ANZA DE ARTESAN÷A II,2185,18,2.3. 2  9. 1  1,LOCACION DE SERVICIOS REALIZADOS POR PERSONAS NATURALES RELACIONADAS AL ROL DE LA ENTIDAD,10000.00,Compromiso
2026,1028,03,S,1941,25/03/2026 00:00:00,10722390674,GARCIA GUAGUALUQUE JUAN ROBERTO,106,CONTRATO MENOR,CM,,SERVICIO DE SUPERVISOR GENERAL DE SEGURIDAD Y VIGILANCIA I - SEDE CENTRAL,2186,18,2.3. 2  9. 1  1,LOCACION DE SERVICIOS REALIZADOS POR PERSONAS NATURALES RELACIONADAS AL ROL DE LA ENTIDAD,6000.00,Compromiso
2026,1028,03,S,1942,25/03/2026 00:00:00,10102252336,SAENZ PACHECO LOURDES PATRICIA,106,CONTRATO MENOR,CM,,"SERVICIO DE REVISI‡N, ANµLISIS Y VERIFICACI‡N DE DOCUMENTOS DE PAGO PARA LA OFICINA DE CONTABILIDAD.",2201,18,2.3. 2  9. 1  1,LOCACION DE SERVICIOS REALIZADOS POR PERSONAS NATURALES RELACIONADAS AL ROL DE LA ENTIDAD,9267.00,Compromiso
2026,1028,03,S,1943,25/03/2026 00:00:00,10746264467,PISCOYA CRUZADO MIGUEL JOEL,106,CONTRATO MENOR,CM,,SERVICIO DE GRABACI‡N Y EDICI‡N DE AUDIOVISUAL I,2189,18,2.3. 2  9. 1  1,LOCACION DE SERVICIOS REALIZADOS POR PERSONAS NATURALES RELACIONADAS AL ROL DE LA ENTIDAD,18000.00,Compromiso
2026,1028,03,S,1944,25/03/2026 00:00:00,10758194294,POSADAS ZARATE BRANDO MANUEL,106,CONTRATO MENOR,CM,,SERVICIO DE ORIENTADOR I,2190,18,2.3. 2  9. 1  1,LOCACION DE SERVICIOS REALIZADOS POR PERSONAS NATURALES RELACIONADAS AL ROL DE LA ENTIDAD,14000.00,Compromiso
2026,1028,03,S,1945,25/03/2026 00:00:00,10748203899,MELGAREJO REVILLA JAZMIN ANTUANED,106,CONTRATO MENOR,CM,,SERVICIO DE PRODUCCI‡N Y EDICI‡N DE MATERIAL AUDIVISUAL I,2191,18,2.3. 2  9. 1  1,LOCACION DE SERVICIOS REALIZADOS POR PERSONAS NATURALES RELACIONADAS AL ROL DE LA ENTIDAD,20000.00,Compromiso
2026,1028,03,S,1946,26/03/2026 00:00:00,10749291040,MENAUT NAVARRO KYARA ANTUANET,106,CONTRATO MENOR,CM,,SERVICIOS PARA 2DA SESI‡N ORDINARIA PARA CORESEC,2187,18,2.3. 2  5. 1  3,DE MOBILIARIO Y SIMILARES,4000.00,Compromiso
2026,1028,03,S,1946,26/03/2026 00:00:00,10749291040,MENAUT NAVARRO KYARA ANTUANET,106,CONTRATO MENOR,CM,,SERVICIOS PARA 2DA SESI‡N ORDINARIA PARA CORESEC,2187,18,2.3. 2  7.11  5,SERVICIOS DE ALIMENTACION DE CONSUMO HUMANO,4000.00,Compromiso
2026,1028,03,S,1947,26/03/2026 00:00:00,10258664171,TISNADO CHOQUE LOURDES LEONILDA,106,CONTRATO MENOR,CM,,SERVICIO DE ASISTENCIA TECNICAˇADMINISTRATIVA,2192,18,2.3. 2  9. 1  1,LOCACION DE SERVICIOS REALIZADOS POR PERSONAS NATURALES RELACIONADAS AL ROL DE LA ENTIDAD,10500.00,Compromiso
2026,1028,03,S,1948,26/03/2026 00:00:00,10181118631,BLAS FLORIAN CESAR EDMUNDO,106,CONTRATO MENOR,CM,,SERVICIO ESPECIALIZADO EN CONTROL Y GESTION DE PROCESOS OPERATIVOS ADMINISTRATIVOS,2193,18,2.3. 2  9. 1  1,LOCACION DE SERVICIOS REALIZADOS POR PERSONAS NATURALES RELACIONADAS AL ROL DE LA ENTIDAD,21000.00,Compromiso
2026,1028,03,S,1949,26/03/2026 00:00:00,10425016224,BELAHONIA CAMPOS JOSE LUIS,106,CONTRATO MENOR,CM,,SERVICIO DE ASISTENCIA TECNICA EN GESTION DE PROCESOS ADMINISTRATIVOS,2194,18,2.3. 2  9. 1  1,LOCACION DE SERVICIOS REALIZADOS POR PERSONAS NATURALES RELACIONADAS AL ROL DE LA ENTIDAD,15000.00,Compromiso
2026,1028,03,S,1950,26/03/2026 00:00:00,10435254719,MEJIA PALOMINO RAQUEL MARIA,106,CONTRATO MENOR,CM,,SERVICIO DE SEGUIMIENTO Y ASISTENCIA DE ACTIVIDADES ADMINISTRATIVAS,2195,18,2.3. 2  9. 1  1,LOCACION DE SERVICIOS REALIZADOS POR PERSONAS NATURALES RELACIONADAS AL ROL DE LA ENTIDAD,7500.00,Compromiso
2026,1028,03,S,1951,26/03/2026 00:00:00,10258072478,CERNA ALCARRAZ RAFAEL RODOLFO,106,CONTRATO MENOR,CM,,SERVICIO DE AUXILIAR ADMINISTRATIVO,2196,18,2.3. 2  9. 1  1,LOCACION DE SERVICIOS REALIZADOS POR PERSONAS NATURALES RELACIONADAS AL ROL DE LA ENTIDAD,-9000.00,Anulado
2026,1028,03,S,1951,26/03/2026 00:00:00,10258072478,CERNA ALCARRAZ RAFAEL RODOLFO,106,CONTRATO MENOR,CM,,SERVICIO DE AUXILIAR ADMINISTRATIVO,2196,18,2.3. 2  9. 1  1,LOCACION DE SERVICIOS REALIZADOS POR PERSONAS NATURALES RELACIONADAS AL ROL DE LA ENTIDAD,9000.00,Compromiso
2026,1028,03,S,1952,26/03/2026 00:00:00,10722551392,NU•EZ GUEVARA JHAN FRANCO,106,CONTRATO MENOR,CM,,SERVICIO DE COORDINACI‡N EN ACTIVIDADES DE PROMOCI‡N Y DIFUSI‡N,2197,18,2.3. 2  9. 1  1,LOCACION DE SERVICIOS REALIZADOS POR PERSONAS NATURALES RELACIONADAS AL ROL DE LA ENTIDAD,6000.00,Compromiso
2026,1028,03,S,1953,26/03/2026 00:00:00,10476388096,PONCE AUCAYAURI ELIZABETH DELIA,106,CONTRATO MENOR,CM,,"SERVICIO DE RECEPCION, REGISTRO Y ORGANIZACI‡N DE DOCUMENTOS",2198,18,2.3. 2  9. 1  1,LOCACION DE SERVICIOS REALIZADOS POR PERSONAS NATURALES RELACIONADAS AL ROL DE LA ENTIDAD,6000.00,Compromiso
2026,1028,03,S,1954,26/03/2026 00:00:00,10773417364,REBAZA PAUCAR ERIK ANDRE,106,CONTRATO MENOR,CM,,SERVICIO DE SEGUIMIENTO DE DOCUMENTOS ADMINISTRATIVOS PARA OTDYA - TRES ENTREGABLES 2026.,2303,18,2.3. 2  9. 1  1,LOCACION DE SERVICIOS REALIZADOS POR PERSONAS NATURALES RELACIONADAS AL ROL DE LA ENTIDAD,12000.00,Compromiso
2026,1028,03,S,1955,26/03/2026 00:00:00,10436574156,SANTA CRUZ DAVID OMAR,106,CONTRATO MENOR,CM,,SERVICIO DE NOTIFICADOR PARA OTDYA - TRES ENTREGABLES 2026,2304,18,2.3. 2  9. 1  1,LOCACION DE SERVICIOS REALIZADOS POR PERSONAS NATURALES RELACIONADAS AL ROL DE LA ENTIDAD,9000.00,Compromiso
2026,1028,03,S,1956,26/03/2026 00:00:00,10733802753,CRISTOPHER MARTIN ALCALDE MORALES,106,CONTRATO MENOR,CM,,SERVICIO ESPECIALIZADO EN CIENCIAS DE LA COMUNICACI‡N. PARA DRTP - UNICO ENTREGABLE 2026,2282,18,2.3. 2  9. 1  1,LOCACION DE SERVICIOS REALIZADOS POR PERSONAS NATURALES RELACIONADAS AL ROL DE LA ENTIDAD,5000.00,Compromiso
2026,1028,03,S,1957,26/03/2026 00:00:00,10750748517,VELASQUEZ CAVERO DAIANA LYA,106,CONTRATO MENOR,CM,,SERVICIO DE GESTION ADMINISTRATIVA PARA DRTP - TRES ENTREGABLE 2026,2283,18,2.3. 2  9. 1  1,LOCACION DE SERVICIOS REALIZADOS POR PERSONAS NATURALES RELACIONADAS AL ROL DE LA ENTIDAD,15000.00,Compromiso
2026,1028,03,S,1958,26/03/2026 00:00:00,10734763492,PORTA RAMIREZ JOSE LUIS,106,CONTRATO MENOR,CM,,SERVICIO ESPECIALIZADO EN SEGURIDAD Y SALUD EN EL TRABAJO PARA DRTP - UNICO ENTREGABLE 2026,2284,18,2.3. 2  9. 1  1,LOCACION DE SERVICIOS REALIZADOS POR PERSONAS NATURALES RELACIONADAS AL ROL DE LA ENTIDAD,5000.00,Compromiso
2026,1028,03,S,1959,26/03/2026 00:00:00,10415857921,RUIZ GONZALES JOSE LUIS,106,CONTRATO MENOR,CM,,SERVICIO DE COORDINACION PARA LA REVISION DE EXPEDIENTES LEGALES PARA DRTP - UNICO ENTREGABLE 2026,2285,18,2.3. 2  9. 1  1,LOCACION DE SERVICIOS REALIZADOS POR PERSONAS NATURALES RELACIONADAS AL ROL DE LA ENTIDAD,6000.00,Compromiso
2026,1028,03,S,1960,26/03/2026 00:00:00,10430909211,LOAYZA GALDOS GIANCARLO MAURICO,106,CONTRATO MENOR,CM,,SERVICIO ESPECIALIZADO EN MATERIA LEGAL PARA DRTP - UNICO ENTREGABLE 2026,2286,18,2.3. 2  9. 1  1,LOCACION DE SERVICIOS REALIZADOS POR PERSONAS NATURALES RELACIONADAS AL ROL DE LA ENTIDAD,8000.00,Compromiso
2026,1028,03,S,1961,26/03/2026 00:00:00,10749231179,GOMEZ MURILLO LOREYSNNE GRACE JANNELLY,106,CONTRATO MENOR,CM,,SERVICIO ESPECIALIZADO EN SISTEMAS ADMINSTRATIVOS PARA DRTP - UNICO ENTREGABLE 2026,2287,18,2.3. 2  9. 1  1,LOCACION DE SERVICIOS REALIZADOS POR PERSONAS NATURALES RELACIONADAS AL ROL DE LA ENTIDAD,3000.00,Compromiso
2026,1028,03,S,1962,26/03/2026 00:00:00,10762558179,GALVEZ CABANILLAS ANGELA NAID,106,CONTRATO MENOR,CM,,SERVICIO ESPECIALIZADO EN SISTEMAS ADMINISTRATIVOS - LEGALES PARA DRTP - UNICO ENTREGABLE 2026,2288,18,2.3. 2  9. 1  1,LOCACION DE SERVICIOS REALIZADOS POR PERSONAS NATURALES RELACIONADAS AL ROL DE LA ENTIDAD,3000.00,Compromiso
2026,1028,03,S,1963,26/03/2026 00:00:00,10452285156,HUAMAN ALFARO ROXANNA NOEMI,106,CONTRATO MENOR,CM,,SERVICIO DE ASISTENCIA EN SECRETARIADO I,2199,09,2.3. 2  9. 1  1,LOCACION DE SERVICIOS REALIZADOS POR PERSONAS NATURALES RELACIONADAS AL ROL DE LA ENTIDAD,25000.00,Compromiso
2026,1028,03,S,1964,26/03/2026 00:00:00,10463122887,TAQUIO REYES LUZ RUBI,106,CONTRATO MENOR,CM,,SERVICIO DE ASISTENCIA PARA DESPACHO DE DOCUMENTOS IV,2200,09,2.3. 2  9. 1  1,LOCACION DE SERVICIOS REALIZADOS POR PERSONAS NATURALES RELACIONADAS AL ROL DE LA ENTIDAD,25000.00,Compromiso
2026,1028,03,S,1965,26/03/2026 00:00:00,10700228571,LAZO PACHECO DANITZA TRINIDAD.,106,CONTRATO MENOR,CM,,SERVICIO DE GESTI‡N EN ACTIVIDADES DEL MEDIO AMBIENTE,2202,00,2.3. 2  9. 1  1,LOCACION DE SERVICIOS REALIZADOS POR PERSONAS NATURALES RELACIONADAS AL ROL DE LA ENTIDAD,18000.00,Compromiso
2026,1028,03,S,1966,26/03/2026 00:00:00,10470878016,SACRAVILCA CASANOVA AMPARO MARILYN,106,CONTRATO MENOR,CM,,SERVICIO ESPECIALIZADO EN INGENIERIA AMBIENTAL,2203,00,2.3. 2  9. 1  1,LOCACION DE SERVICIOS REALIZADOS POR PERSONAS NATURALES RELACIONADAS AL ROL DE LA ENTIDAD,18000.00,Compromiso
2026,1028,03,S,1967,26/03/2026 00:00:00,10725440419,ARTEAGA MILLAN ANTONY JHORDAN,106,CONTRATO MENOR,CM,,SERVICIO ESPECIALIZADO EN SISTEMAS DE INFORMACION GEOGRAFICA I,2204,00,2.3. 2  9. 1  1,LOCACION DE SERVICIOS REALIZADOS POR PERSONAS NATURALES RELACIONADAS AL ROL DE LA ENTIDAD,16500.00,Compromiso
2026,1028,03,S,1968,26/03/2026 00:00:00,10731354958,ARAKAKI VASQUEZ VANESA NAOMI,106,CONTRATO MENOR,CM,,SERVICIO DE GESTION ADMINISTRATIVA I,2208,09,2.3. 2  9. 1  1,LOCACION DE SERVICIOS REALIZADOS POR PERSONAS NATURALES RELACIONADAS AL ROL DE LA ENTIDAD,36000.00,Compromiso
2026,1028,03,S,1969,26/03/2026 00:00:00,10751324222,CHAHUAYO MENDOZA LADY RUTH,106,CONTRATO MENOR,CM,,SERVICIO DE ORDENAMIENTO Y REGISTRO DE DOCUMENTOS I,2209,09,2.3. 2  9. 1  1,LOCACION DE SERVICIOS REALIZADOS POR PERSONAS NATURALES RELACIONADAS AL ROL DE LA ENTIDAD,42000.00,Compromiso
2026,1028,03,S,1970,26/03/2026 00:00:00,10775690718,AVALOS CHANCOS SUSAN ANALI,106,CONTRATO MENOR,CM,,SERVICIO DE ORIENTADOR I.,2210,09,2.3. 2  9. 1  1,LOCACION DE SERVICIOS REALIZADOS POR PERSONAS NATURALES RELACIONADAS AL ROL DE LA ENTIDAD,36000.00,Compromiso
2026,1028,03,S,1971,26/03/2026 00:00:00,10424357389,CARBAJO PIZARRO JORGE ESTEBAN,106,CONTRATO MENOR,CM,,SERVICIO DE ORIENTADOR II,2211,09,2.3. 2  9. 1  1,LOCACION DE SERVICIOS REALIZADOS POR PERSONAS NATURALES RELACIONADAS AL ROL DE LA ENTIDAD,36000.00,Compromiso
2026,1028,03,S,1972,26/03/2026 00:00:00,10727788005,RODRIGUEZ IBARRA ANGELA FIORELA,106,CONTRATO MENOR,CM,,SERVICIO DE ORIENTADOR III.,2212,09,2.3. 2  9. 1  1,LOCACION DE SERVICIOS REALIZADOS POR PERSONAS NATURALES RELACIONADAS AL ROL DE LA ENTIDAD,36000.00,Compromiso
2026,1028,03,S,1973,26/03/2026 00:00:00,10703228343,CHAVARRIA QUISPE ALEXANDER JONATHAN,106,CONTRATO MENOR,CM,,SERVICIO DE SOPORTE TêCNICO EN REDES II.,2213,09,2.3. 2  9. 1  1,LOCACION DE SERVICIOS REALIZADOS POR PERSONAS NATURALES RELACIONADAS AL ROL DE LA ENTIDAD,30000.00,Compromiso
2026,1028,03,S,1974,26/03/2026 00:00:00,10742805269,ALDAIR FERNANDO SANCHEZ BALDEON,106,CONTRATO MENOR,CM,,"SERVICIO DE SEGUIMIENTO, CONTROL Y MONITOREO DE LOS ORIENTADORES Y OPERADORES I..",2214,09,2.3. 2  9. 1  1,LOCACION DE SERVICIOS REALIZADOS POR PERSONAS NATURALES RELACIONADAS AL ROL DE LA ENTIDAD,42000.00,Compromiso
2026,1028,03,S,1975,26/03/2026 00:00:00,10421276469,IBARRA TAFUR MARY LUZ,106,CONTRATO MENOR,CM,,"SERVICIO DE SEGUIMIENTO, CONTROL Y MONITOREO DE LOS ORIENTADORES Y OPERADORES II",2215,09,2.3. 2  9. 1  1,LOCACION DE SERVICIOS REALIZADOS POR PERSONAS NATURALES RELACIONADAS AL ROL DE LA ENTIDAD,42000.00,Compromiso
2026,1028,03,S,1976,26/03/2026 00:00:00,10401961866,MENDOZA BERROCAL JIMMY OMAR,106,CONTRATO MENOR,CM,,"SERVICIO DE SEGUIMIENTO, CONTROL Y MONITOREO DE LOS ORIENTADORES Y OPERADORES III",2216,09,2.3. 2  9. 1  1,LOCACION DE SERVICIOS REALIZADOS POR PERSONAS NATURALES RELACIONADAS AL ROL DE LA ENTIDAD,42000.00,Compromiso
2026,1028,03,S,1977,26/03/2026 00:00:00,10433824496,MAMANI NU•ONCA RENE JAVIER,106,CONTRATO MENOR,CM,,SERVICIO DE TOMA DE EXµMENES DE MANEJO DE VEH÷CULOS I,2217,09,2.3. 2  9. 1  1,LOCACION DE SERVICIOS REALIZADOS POR PERSONAS NATURALES RELACIONADAS AL ROL DE LA ENTIDAD,30000.00,Compromiso
2026,1028,03,S,1978,26/03/2026 00:00:00,10417524644,HUAMAN VILLASANTE GILBERTO,106,CONTRATO MENOR,CM,,SERVICIO DE TOMA DE EXµMENES DE MANEJO DE VEH÷CULOS II,2218,09,2.3. 2  9. 1  1,LOCACION DE SERVICIOS REALIZADOS POR PERSONAS NATURALES RELACIONADAS AL ROL DE LA ENTIDAD,30000.00,Compromiso
2026,1028,03,S,1979,26/03/2026 00:00:00,10153484428,HUAMAN VILLARRUBIA JUAN CARLOS,106,CONTRATO MENOR,CM,,SERVICIO DE TOMA DE EXµMENES DE MANEJO DE VEH÷CULOS III.,2219,09,2.3. 2  9. 1  1,LOCACION DE SERVICIOS REALIZADOS POR PERSONAS NATURALES RELACIONADAS AL ROL DE LA ENTIDAD,30000.00,Compromiso
2026,1028,03,S,1980,26/03/2026 00:00:00,10087762012,ZENOBIO JACINTO CUEVAS NARVAJA,106,CONTRATO MENOR,CM,,SERVICIO DE TOMA DE EXµMENES DE MANEJO DE VEH÷CULOS IV,2220,09,2.3. 2  9. 1  1,LOCACION DE SERVICIOS REALIZADOS POR PERSONAS NATURALES RELACIONADAS AL ROL DE LA ENTIDAD,30000.00,Compromiso
2026,1028,03,S,1981,26/03/2026 00:00:00,10296752415,LUNA CONDORI RONALD ABEL,106,CONTRATO MENOR,CM,,SERVICIO DE TOMA DE EXµMENES DE MANEJO DE VEH÷CULOS V,2221,09,2.3. 2  9. 1  1,LOCACION DE SERVICIOS REALIZADOS POR PERSONAS NATURALES RELACIONADAS AL ROL DE LA ENTIDAD,30000.00,Compromiso
2026,1028,03,S,1982,26/03/2026 00:00:00,10411899263,SERQUEN BERNARDO KARLO MARTIN,106,CONTRATO MENOR,CM,,SERVICIO DE SEGUIMIENTO Y MONITOREO DE ACTIVIDADES DE CAMPO I,2222,09,2.3. 2  9. 1  1,LOCACION DE SERVICIOS REALIZADOS POR PERSONAS NATURALES RELACIONADAS AL ROL DE LA ENTIDAD,40000.00,Compromiso
2026,1028,03,S,1983,26/03/2026 00:00:00,10774829640,YPARRAGUIRRE OLIVARES HECTOR FABIAN,106,CONTRATO MENOR,CM,,SERVICIO DE ASISTENCIA EN ORIENTACION Y ATENCION A USUARIOS I.,2223,09,2.3. 2  9. 1  1,LOCACION DE SERVICIOS REALIZADOS POR PERSONAS NATURALES RELACIONADAS AL ROL DE LA ENTIDAD,30000.00,Compromiso
2026,1028,03,S,1984,26/03/2026 00:00:00,10454555258,YA•EZ PULACHE CESAR HERMOGENES,106,CONTRATO MENOR,CM,,SERVICIO DE ASISTENCIA EN ORIENTACION Y ATENCION A USUARIOS II,2224,09,2.3. 2  9. 1  1,LOCACION DE SERVICIOS REALIZADOS POR PERSONAS NATURALES RELACIONADAS AL ROL DE LA ENTIDAD,30000.00,Compromiso
2026,1028,03,S,1985,26/03/2026 00:00:00,10701583715,MARROQUIN ROCHA GERSON JAIR,106,CONTRATO MENOR,CM,,SERVICIO DE CONTROL DE LA SEGURIDAD Y VIGILANCIA MEDIANTE LA VERIFICACI‡N DE LAS CµMARAS DE SEGURIDA,2225,09,2.3. 2  9. 1  1,LOCACION DE SERVICIOS REALIZADOS POR PERSONAS NATURALES RELACIONADAS AL ROL DE LA ENTIDAD,36000.00,Compromiso
2026,1028,03,S,1986,26/03/2026 00:00:00,10764680567,MORENO RODRIGUEZ GILABAD ESPERANZA,106,CONTRATO MENOR,CM,,SERVICIO DE VERIFICACION Y CLASIFICACION DE DOCUMENTOS I,2226,09,2.3. 2  9. 1  1,LOCACION DE SERVICIOS REALIZADOS POR PERSONAS NATURALES RELACIONADAS AL ROL DE LA ENTIDAD,42000.00,Compromiso
2026,1028,03,S,1987,26/03/2026 00:00:00,10476480413,GONZALES BERROCAL RODOLFO MARTIN,106,CONTRATO MENOR,CM,,SERVICIO ESPECIALIZADO EN ADMINISTRACION,2227,18,2.3. 2  9. 1  1,LOCACION DE SERVICIOS REALIZADOS POR PERSONAS NATURALES RELACIONADAS AL ROL DE LA ENTIDAD,16500.00,Compromiso
2026,1028,03,S,1988,26/03/2026 00:00:00,10255562261,RUIDIAS VENEGAS ANA MARIA,106,CONTRATO MENOR,CM,,"SERVICIO DE REVISION Y SEGUIMIENTO DE EXPEDIENTES RELACIONADOS A PROCEDIMIENTOS ADMINISTRATIVOS PARA LA OFICINA DE COMERCIO, TURISMO, ENERGIA Y MINAS DE LA GERENCIA REGIONAL DE DESARROLLO ECON‡MICO.",2229,18,2.3. 2  9. 1  1,LOCACION DE SERVICIOS REALIZADOS POR PERSONAS NATURALES RELACIONADAS AL ROL DE LA ENTIDAD,3000.00,Compromiso
2026,1028,03,S,1989,26/03/2026 00:00:00,10101182865,PALOMINO MAMANI EDGAR AUGUSTO,106,CONTRATO MENOR,CM,,"SERVICIO ESPECIALIZADO EN GESTION DE PROYECTOS PARA LA OFICINA DE COMERCIO, TURISMO, ENERGIA Y MINAS DE LA GERENCIA REGIONAL DE DESARROLLO ECON‡MICO.",2230,18,2.3. 2  9. 1  1,LOCACION DE SERVICIOS REALIZADOS POR PERSONAS NATURALES RELACIONADAS AL ROL DE LA ENTIDAD,9267.00,Compromiso
2026,1028,03,S,1990,26/03/2026 00:00:00,10717329304,CHANGA YUI LUIS FERNANDO ALFONSO,106,CONTRATO MENOR,CM,,SERVICIO DE SEGUIMIENTO DE DOCUMENTOS Y GENERACI‡N DE REPORTES ADMINISTRATIVOS I,2238,09,2.3. 2  9. 1  1,LOCACION DE SERVICIOS REALIZADOS POR PERSONAS NATURALES RELACIONADAS AL ROL DE LA ENTIDAD,40000.00,Compromiso
2026,1028,03,S,1991,26/03/2026 00:00:00,10403990324,GRANDA NEIRA JAVIER ARMANDO,106,CONTRATO MENOR,CM,,SERVICIO ESPECIALIZADO EN INGENIERIA ELECTRONICA I,2239,09,2.3. 2  9. 1  1,LOCACION DE SERVICIOS REALIZADOS POR PERSONAS NATURALES RELACIONADAS AL ROL DE LA ENTIDAD,15000.00,Compromiso
2026,1028,03,S,1992,26/03/2026 00:00:00,10722815985,ALATA PILLCO LIZBETH KAREN,106,CONTRATO MENOR,CM,,SERVICIO DE ANALISIS DE INFORMACION DE PROCESOS ADMINISTRATIVOS I,2240,09,2.3. 2  9. 1  1,LOCACION DE SERVICIOS REALIZADOS POR PERSONAS NATURALES RELACIONADAS AL ROL DE LA ENTIDAD,6600.00,Compromiso
2026,1028,03,S,1993,26/03/2026 00:00:00,10457606082,RIOS RAMIREZ JANET EMILY,106,CONTRATO MENOR,CM,,SERVICIO DE ANµLISIS LEGAL Y ATENCI‡N DE CONSULTAS I,2241,09,2.3. 2  9. 1  1,LOCACION DE SERVICIOS REALIZADOS POR PERSONAS NATURALES RELACIONADAS AL ROL DE LA ENTIDAD,5000.00,Compromiso
2026,1028,03,S,1994,26/03/2026 00:00:00,10414103958,MARTINEZ ALVARO CESAR ALEXANDER,106,CONTRATO MENOR,CM,,SERVICIO DE FACILITACION EN TALLERES DE CAPACITACION I,2242,18,2.3. 2  9. 1  1,LOCACION DE SERVICIOS REALIZADOS POR PERSONAS NATURALES RELACIONADAS AL ROL DE LA ENTIDAD,12000.00,Compromiso
2026,1028,03,S,1995,26/03/2026 00:00:00,10459301734,HUAMANI HUAMANI MORAIMA VICTORIA,106,CONTRATO MENOR,CM,,SERVICIO DE SEGUIMIENTO Y MONITOREO DE CAPACITACION I,2243,18,2.3. 2  9. 1  1,LOCACION DE SERVICIOS REALIZADOS POR PERSONAS NATURALES RELACIONADAS AL ROL DE LA ENTIDAD,3500.00,Compromiso
2026,1028,03,S,1996,26/03/2026 00:00:00,10419420307,RAMIREZ VILLEGAS KATERINE TULA,106,CONTRATO MENOR,CM,,SERVICIO DE SEGUIMIENTO Y MONITOREO DE CAPACITACION II,2244,18,2.3. 2  9. 1  1,LOCACION DE SERVICIOS REALIZADOS POR PERSONAS NATURALES RELACIONADAS AL ROL DE LA ENTIDAD,3500.00,Compromiso
2026,1028,03,S,1997,26/03/2026 00:00:00,10404960534,HUAMAN MAURICIO DELIA DORALIZA,106,CONTRATO MENOR,CM,,SERVICIO DE MONITOREO PARA EL PROGRAMA NACIONAL DE CAPACITACION DE EDUCACION EN SEGURIDAD VIAL I,2245,18,2.3. 2  9. 1  1,LOCACION DE SERVICIOS REALIZADOS POR PERSONAS NATURALES RELACIONADAS AL ROL DE LA ENTIDAD,10500.00,Compromiso
2026,1028,03,S,1998,26/03/2026 00:00:00,10708625588,VALDIVIA BEJARANO LUIS ALEJANDRO,106,CONTRATO MENOR,CM,,SERVICIO DE ASISTENCIA EN TEMAS EN EDUCACION Y SEGURIDAD VIAL I,2246,18,2.3. 2  9. 1  1,LOCACION DE SERVICIOS REALIZADOS POR PERSONAS NATURALES RELACIONADAS AL ROL DE LA ENTIDAD,9000.00,Compromiso
2026,1028,03,S,1999,26/03/2026 00:00:00,10164338211,ARBA•IL SIPION VICTOR MANUEL,106,CONTRATO MENOR,CM,,SERVICIO DE CONDUCCION DE VEHICULO ? CLASE A CATEGORIA II,2231,18,2.3. 2  9. 1  1,LOCACION DE SERVICIOS REALIZADOS POR PERSONAS NATURALES RELACIONADAS AL ROL DE LA ENTIDAD,38500.00,Compromiso
2026,1028,03,S,2000,26/03/2026 00:00:00,10488378207,BAO REYES JUAN JOSE ANTENOR,106,CONTRATO MENOR,CM,,SERVICIO DE INVENTARIO DE EXISTENCIAS DE ALMACEN,2232,18,2.3. 2  9. 1  1,LOCACION DE SERVICIOS REALIZADOS POR PERSONAS NATURALES RELACIONADAS AL ROL DE LA ENTIDAD,33000.00,Compromiso
2026,1028,03,S,2001,26/03/2026 00:00:00,10077021065,CARMONA LANFRANCO ABEL FERMIN,106,CONTRATO MENOR,CM,,SERVICIO DE ORDENAMIENTO Y ALMACENAMIENTO DE EXISTENCIAS DE ALMACEN,2233,00,2.3. 2  9. 1  1,LOCACION DE SERVICIOS REALIZADOS POR PERSONAS NATURALES RELACIONADAS AL ROL DE LA ENTIDAD,29700.00,Compromiso
2026,1028,03,S,2002,26/03/2026 00:00:00,10478922375,LA TORRE CACERES LUIS ALBERTO,106,CONTRATO MENOR,CM,,SERVICIO DE ASISTENCIA EN ALMACEN Y EN CONTROL PATRIMONIAL,2234,00,2.3. 2  9. 1  1,LOCACION DE SERVICIOS REALIZADOS POR PERSONAS NATURALES RELACIONADAS AL ROL DE LA ENTIDAD,2000.00,Compromiso
2026,1028,03,S,2003,26/03/2026 00:00:00,15347978385,MAMANI CHURA VICTOR ALFREDO,106,CONTRATO MENOR,CM,,SERVICIO DE COORDINACION EN TEMAS DE PATRIMONIO Y DE ALMACEN,2235,00,2.3. 2  9. 1  1,LOCACION DE SERVICIOS REALIZADOS POR PERSONAS NATURALES RELACIONADAS AL ROL DE LA ENTIDAD,42790.00,Compromiso
2026,1028,03,S,2004,26/03/2026 00:00:00,10404934941,VERDONI GONZALES CESAR AUGUSTO,106,CONTRATO MENOR,CM,,"SERVICIO DE ORDENAMIENTO, RECLASIFICACION Y ALMACENAMIENTO DE BIENES",2236,18,2.3. 2  9. 1  1,LOCACION DE SERVICIOS REALIZADOS POR PERSONAS NATURALES RELACIONADAS AL ROL DE LA ENTIDAD,38500.00,Compromiso
2026,1028,03,S,2005,26/03/2026 00:00:00,10407281620,SANCHEZ TORRES SOLEDAD,106,CONTRATO MENOR,CM,,SERVICIO ADMINISTRATIVO CONTABLE I PARA LA OFICINA DE CONTABILIDAD..,2247,18,2.3. 2  9. 1  1,LOCACION DE SERVICIOS REALIZADOS POR PERSONAS NATURALES RELACIONADAS AL ROL DE LA ENTIDAD,21000.00,Compromiso
2026,1028,03,S,2006,26/03/2026 00:00:00,10731109571,CAMPA•A OLIVA CARLOS EDUARDO,106,CONTRATO MENOR,CM,,SERVICIO ADMINISTRATIVO CONTABLE II PARA LA OFICINA DE CONTABILIDAD..,2248,18,2.3. 2  9. 1  1,LOCACION DE SERVICIOS REALIZADOS POR PERSONAS NATURALES RELACIONADAS AL ROL DE LA ENTIDAD,12000.00,Compromiso
2026,1028,03,S,2007,26/03/2026 00:00:00,10719141965,PALACIOS FLORES DEISY PAMELA,106,CONTRATO MENOR,CM,,SERVICIO DE ANµLISIS DE CUENTAS Y APOYO EN EL DEVENGADO PARA LA OFICINA DE CONTABILIDAD.,2249,18,2.3. 2  9. 1  1,LOCACION DE SERVICIOS REALIZADOS POR PERSONAS NATURALES RELACIONADAS AL ROL DE LA ENTIDAD,9000.00,Compromiso
2026,1028,03,S,2008,26/03/2026 00:00:00,10470094422,MENDOZA CHUQUIMANGO KATHERINE,106,CONTRATO MENOR,CM,,SERVICIO ESPECIALIZADO EN PROCESOS ADMINISTRATIVOS Y LOGISTICOS PARA LA OFICINA DE CONTABILIDAD.,2250,18,2.3. 2  9. 1  1,LOCACION DE SERVICIOS REALIZADOS POR PERSONAS NATURALES RELACIONADAS AL ROL DE LA ENTIDAD,14000.00,Compromiso
2026,1028,03,S,2009,26/03/2026 00:00:00,10107136890,RAMIREZ TENORIO ROSAURA LINDAURA,106,CONTRATO MENOR,CM,,SERVICIO ESPECIALIZADO EN REVISI‡N DE EXPEDIENTES DE PAGO I PARA LA OFICINA DE CONTABILIDAD..,2251,18,2.3. 2  9. 1  1,LOCACION DE SERVICIOS REALIZADOS POR PERSONAS NATURALES RELACIONADAS AL ROL DE LA ENTIDAD,24000.00,Compromiso
2026,1028,03,S,2010,26/03/2026 00:00:00,10432718161, YATACO MARCOS ENRIQUE GEOANNI,106,CONTRATO MENOR,CM,,SERVICIO ESPECIALIZADO EN REVISI‡N DE EXPEDIENTES DE PAGO II PARA LA OFICINA DE CONTABILIDAD..,2252,18,2.3. 2  9. 1  1,LOCACION DE SERVICIOS REALIZADOS POR PERSONAS NATURALES RELACIONADAS AL ROL DE LA ENTIDAD,24000.00,Compromiso
2026,1028,03,S,2011,26/03/2026 00:00:00,10426921176,CHUMBIAUCA CORDOVA HENRY ALFONSO,106,CONTRATO MENOR,CM,,SERVICIO ESPECIALIZADO EN REVISI‡N DE EXPEDIENTES DE PAGO III PARA LA OFICINA DE CONTABILIDAD..,2253,18,2.3. 2  9. 1  1,LOCACION DE SERVICIOS REALIZADOS POR PERSONAS NATURALES RELACIONADAS AL ROL DE LA ENTIDAD,16000.00,Compromiso
2026,1028,03,S,2012,26/03/2026 00:00:00,10101226994,DE LA VEGA BARRETO MARIANA RUTH,106,CONTRATO MENOR,CM,,SERVICIO ESPECIALIZADO EN REVISI‡N DE EXPEDIENTES DE PAGO IV PARA LA OFICINA DE CONTABILIDAD..,2254,18,2.3. 2  9. 1  1,LOCACION DE SERVICIOS REALIZADOS POR PERSONAS NATURALES RELACIONADAS AL ROL DE LA ENTIDAD,16000.00,Compromiso
2026,1028,03,S,2013,26/03/2026 00:00:00,10738844136,MORAN BARRIONUEVO KEYLA NURITH,106,CONTRATO MENOR,CM,,SERVICIO ADMINISTRATIVO CONTABLE III PARA LA OFICINA DE CONTABILIDAD..,2255,18,2.3. 2  9. 1  1,LOCACION DE SERVICIOS REALIZADOS POR PERSONAS NATURALES RELACIONADAS AL ROL DE LA ENTIDAD,7000.00,Compromiso
2026,1028,03,S,2014,26/03/2026 00:00:00,10445436904,BARRIENTOS CAYTUIRO MIGUEL ANGEL,106,CONTRATO MENOR,CM,,SERVICIO ESPECIALIZADO EN CONTROL PREVIO Y PROCESOS CONTABLES I PARA LA OFICINA DE CONTABILIDAD..,2256,18,2.3. 2  9. 1  1,LOCACION DE SERVICIOS REALIZADOS POR PERSONAS NATURALES RELACIONADAS AL ROL DE LA ENTIDAD,10000.00,Compromiso
2026,1028,03,S,2015,26/03/2026 00:00:00,10482573229,CASTILLO OLAYA JORDAN YEISON,106,CONTRATO MENOR,CM,,SERVICIO ESPECIALIZADO EN ANµLISIS DE CUENTAS CONTABLES PARA LA OFICINA DE CONTABILIDAD..,2257,18,2.3. 2  9. 1  1,LOCACION DE SERVICIOS REALIZADOS POR PERSONAS NATURALES RELACIONADAS AL ROL DE LA ENTIDAD,11000.00,Compromiso
2026,1028,03,S,2016,26/03/2026 00:00:00,10740637351,GARCIA BUSTIOS GINA YAJAHIRA,106,CONTRATO MENOR,CM,,SERVICIO ESPECIALIZADO EN PROCESOS CONTABLES Y FINANCIEROS I PARA LA OFICINA DE CONTABILIDAD..,2258,18,2.3. 2  9. 1  1,LOCACION DE SERVICIOS REALIZADOS POR PERSONAS NATURALES RELACIONADAS AL ROL DE LA ENTIDAD,15000.00,Compromiso
2026,1028,03,S,2017,26/03/2026 00:00:00,10449750972,PEREYRA ACOSTA SONALY LIZETH,106,CONTRATO MENOR,CM,,SERVICIO ESPECIALIZADO DE INTEGRADOR CONTABLE I PARA LA OFICINA DE CONTABILIDAD..,2259,18,2.3. 2  9. 1  1,LOCACION DE SERVICIOS REALIZADOS POR PERSONAS NATURALES RELACIONADAS AL ROL DE LA ENTIDAD,14000.00,Compromiso
2026,1028,03,S,2018,26/03/2026 00:00:00,10734227795,PAJUELO MARTINEZ VICTOR FERNANDO JOHN,106,CONTRATO MENOR,CM,,SERVICIO ESPECIALIZADO EN MATERIA LEGAL,2263,18,2.3. 2  9. 1  1,LOCACION DE SERVICIOS REALIZADOS POR PERSONAS NATURALES RELACIONADAS AL ROL DE LA ENTIDAD,30000.00,Compromiso
2026,1028,03,S,2019,26/03/2026 00:00:00,10407157490,VASQUEZ VELAZCO ESTEBAN VALENCE,106,CONTRATO MENOR,CM,,SERVICIO ESPECIALIZADO EN DESARROLLO TUR÷STICO,2264,18,2.3. 2  9. 1  1,LOCACION DE SERVICIOS REALIZADOS POR PERSONAS NATURALES RELACIONADAS AL ROL DE LA ENTIDAD,30000.00,Compromiso
2026,1028,03,S,2020,26/03/2026 00:00:00,10463402057,BOYASCKY MANRIQUE YEFRID YENIL,106,CONTRATO MENOR,CM,,SERVICIO DE GUARDAPARQUE,2265,18,2.3. 2  9. 1  1,LOCACION DE SERVICIOS REALIZADOS POR PERSONAS NATURALES RELACIONADAS AL ROL DE LA ENTIDAD,22500.00,Compromiso
2026,1028,03,S,2021,26/03/2026 00:00:00,10461704889,BRAVO HARO JOSE LUIS,106,CONTRATO MENOR,CM,,SERVICIO DE ADMINISTRATIVO EN LOGISTICO,2335,18,2.3. 2  9. 1  1,LOCACION DE SERVICIOS REALIZADOS POR PERSONAS NATURALES RELACIONADAS AL ROL DE LA ENTIDAD,17500.00,Compromiso
2026,1028,03,S,2022,26/03/2026 00:00:00,10753665825,MACHACA CHUQUIMAMANI JULIO CESAR,106,CONTRATO MENOR,CM,,SERVICIO DE PROMOTOR AMBIENTAL II,2267,18,2.3. 2  9. 1  1,LOCACION DE SERVICIOS REALIZADOS POR PERSONAS NATURALES RELACIONADAS AL ROL DE LA ENTIDAD,15000.00,Compromiso
2026,1028,03,S,2023,26/03/2026 00:00:00,10753702569,MACHACA CHUQUIMAMANI JOSE LUIS,106,CONTRATO MENOR,CM,,SERVICIO DE PROMOTOR AMBIENTAL III,2268,18,2.3. 2  9. 1  1,LOCACION DE SERVICIOS REALIZADOS POR PERSONAS NATURALES RELACIONADAS AL ROL DE LA ENTIDAD,15000.00,Compromiso
2026,1028,03,S,2024,26/03/2026 00:00:00,10746987060,RAMOS ROMERO JOSUE NEZARETH EDGAR,106,CONTRATO MENOR,CM,,SERVICIO DE PROMOTOR AMBIENTAL IV,2269,18,2.3. 2  9. 1  1,LOCACION DE SERVICIOS REALIZADOS POR PERSONAS NATURALES RELACIONADAS AL ROL DE LA ENTIDAD,15000.00,Compromiso
2026,1028,03,S,2025,26/03/2026 00:00:00,10426488481,CARRILLO MENDOZA MARIELA,106,CONTRATO MENOR,CM,,SERVICIO DE SEGURIDAD Y VIGILANCIA VI,2270,18,2.3. 2  9. 1  1,LOCACION DE SERVICIOS REALIZADOS POR PERSONAS NATURALES RELACIONADAS AL ROL DE LA ENTIDAD,10000.00,Compromiso
2026,1028,03,S,2026,26/03/2026 00:00:00,10230067291,ROQUE ROMERO VICTORIA,106,CONTRATO MENOR,CM,,SERVICIO DE MEJORA EN EL MANEJO DE RESIDUOS S‡LIDOS III,2271,18,2.3. 2  9. 1  1,LOCACION DE SERVICIOS REALIZADOS POR PERSONAS NATURALES RELACIONADAS AL ROL DE LA ENTIDAD,10000.00,Compromiso
2026,1028,03,S,2027,26/03/2026 00:00:00,10461184753,ELIAS LANCHIPA YAHAIDA YULIANA,106,CONTRATO MENOR,CM,,SERVICIO DE OPERARIOS IV,2272,18,2.3. 2  9. 1  1,LOCACION DE SERVICIOS REALIZADOS POR PERSONAS NATURALES RELACIONADAS AL ROL DE LA ENTIDAD,10000.00,Compromiso
2026,1028,03,S,2028,26/03/2026 00:00:00,10410445951,ZAPATA MAGALLANES SOLEDAD ANGELICA,106,CONTRATO MENOR,CM,,SERVICIO DE OPERARIOS V,2273,18,2.3. 2  9. 1  1,LOCACION DE SERVICIOS REALIZADOS POR PERSONAS NATURALES RELACIONADAS AL ROL DE LA ENTIDAD,10000.00,Compromiso
2026,1028,03,S,2029,26/03/2026 00:00:00,10759319147,HUERTAS NU•EZ PETER ANGELO,106,CONTRATO MENOR,CM,,SERVICIO DE OPERARIOS VI,2274,18,2.3. 2  9. 1  1,LOCACION DE SERVICIOS REALIZADOS POR PERSONAS NATURALES RELACIONADAS AL ROL DE LA ENTIDAD,10000.00,Compromiso
2026,1028,03,S,2030,26/03/2026 00:00:00,10077063582,CHUQUIMANTARI ZAPATA ALICIA MARITZA,106,CONTRATO MENOR,CM,,SERVICIO DE ASISTENCIA TECNICA ADMINISTRATIVA,2275,18,2.3. 2  9. 1  1,LOCACION DE SERVICIOS REALIZADOS POR PERSONAS NATURALES RELACIONADAS AL ROL DE LA ENTIDAD,39000.00,Compromiso
2026,1028,03,S,2031,26/03/2026 00:00:00,10256029222,ARCE HULERIG GUILLERMO SANTIAGO,106,CONTRATO MENOR,CM,,SERVICIO DE CONDUCCION DE VEHICULO,2276,18,2.3. 2  9. 1  1,LOCACION DE SERVICIOS REALIZADOS POR PERSONAS NATURALES RELACIONADAS AL ROL DE LA ENTIDAD,36000.00,Compromiso
2026,1028,03,S,2032,26/03/2026 00:00:00,10062839495,MEDINA GARAMENDI WALTER,106,CONTRATO MENOR,CM,,SERVICIO ESPECIALIZADO EN GESTION DE RIESGO Y DESASTRE I,2281,18,2.3. 2  7.14 98,OTROS SERVICIOS TECNICOS Y PROFESIONALES DESARROLLADOS POR PERSONAS NATURALES,35000.00,Compromiso
2026,1028,03,S,2033,26/03/2026 00:00:00,10713002831,APAESTEGUI INFANTE ERIKA IVON,106,CONTRATO MENOR,CM,,SERVICIO DE MOTIVACION Y SENSIBILIZACION,2277,18,2.3. 2  9. 1  1,LOCACION DE SERVICIOS REALIZADOS POR PERSONAS NATURALES RELACIONADAS AL ROL DE LA ENTIDAD,30250.00,Compromiso
2026,1028,03,S,2034,26/03/2026 00:00:00,10446123349,CHAVEZ SILVA CELIA YAHAIRA,106,CONTRATO MENOR,CM,,SERVICIO DE MOTIVACION Y SENSIBILIZACION,2278,18,2.3. 2  9. 1  1,LOCACION DE SERVICIOS REALIZADOS POR PERSONAS NATURALES RELACIONADAS AL ROL DE LA ENTIDAD,7500.00,Compromiso
2026,1028,03,S,2035,26/03/2026 00:00:00,10737118733,GUERRA YOVERA MIREYA DEL ROSARIO,106,CONTRATO MENOR,CM,,"SERVICIO DE AUXILIAR ADMINISTRATIVO, PARA LA OFICINA DE AGRICULTURA Y PRODUCCION DE LA GERENCIA REGIONAL DE DESARROLLO ECONOMICO DEL GOBIERNO REGIONAL DEL CALLAO. ",2279,18,2.3. 2  9. 1  1,LOCACION DE SERVICIOS REALIZADOS POR PERSONAS NATURALES RELACIONADAS AL ROL DE LA ENTIDAD,5000.00,Compromiso
2026,1028,03,S,2036,26/03/2026 00:00:00,10727986541,CHAVEZ SANTISTEBAN ERICK ANTHONY,106,CONTRATO MENOR,CM,,SERVICIO DE ASISTENCIA TECNICA ADMINISTRATIVA PARA LA COMISION DE RECURSOS NATURALES DEL CONSEJO REG,2307,18,2.3. 2  9. 1  1,LOCACION DE SERVICIOS REALIZADOS POR PERSONAS NATURALES RELACIONADAS AL ROL DE LA ENTIDAD,13500.00,Compromiso
2026,1028,03,S,2037,26/03/2026 00:00:00,10090655227,HUACACHI AYALA HECTOR FERNANDO,106,CONTRATO MENOR,CM,,SERVICIO ESPECIALIZADO EN GESTION DE PROCESOS ADMINISTRATIVOS PARA LA COMISION DE RECURSOS NATURALES,2308,18,2.3. 2  9. 1  1,LOCACION DE SERVICIOS REALIZADOS POR PERSONAS NATURALES RELACIONADAS AL ROL DE LA ENTIDAD,18000.00,Compromiso
2026,1028,03,S,2038,26/03/2026 00:00:00,10704407446,OBREGON MORA MERCEDES BEATRIZ,106,CONTRATO MENOR,CM,,SERVICIO ESPECIALIZADO EN GESTI‡N PÈBLICA PARA LA COMISION DE RECURSOS NATURALES DEL CONSEJO REGIONA,2309,18,2.3. 2  9. 1  1,LOCACION DE SERVICIOS REALIZADOS POR PERSONAS NATURALES RELACIONADAS AL ROL DE LA ENTIDAD,18000.00,Compromiso
2026,1028,03,S,2039,26/03/2026 00:00:00,10256360581,ESPINOZA MU•ANTE CARLOS ANTONIO,106,CONTRATO MENOR,CM,,SERVICIO DE COORDINACION DE PROCESOS OPERATIVOS EN LA GESTION ADMINISTRATIVA PARA LA COMISION DE REC,2310,18,2.3. 2  9. 1  1,LOCACION DE SERVICIOS REALIZADOS POR PERSONAS NATURALES RELACIONADAS AL ROL DE LA ENTIDAD,18000.00,Compromiso
2026,1028,03,S,2040,26/03/2026 00:00:00,10408724665,CHUQUISUTA COLLAO NELLY MELITZA,106,CONTRATO MENOR,CM,,SERVICIO DE AUXILIAR ADMINISTRATIVO PARA LA COMISION DE RECURSOS NATURALES DEL CONSEJO REGIONAL DEL,2311,18,2.3. 2  9. 1  1,LOCACION DE SERVICIOS REALIZADOS POR PERSONAS NATURALES RELACIONADAS AL ROL DE LA ENTIDAD,7500.00,Compromiso
2026,1028,03,S,2041,27/03/2026 00:00:00,10062158323,AURAZO PEREZ EDILMAR,106,CONTRATO MENOR,CM,,"SERVICIO ESPECIALIZADO EN MATERIA LEGAL PARA LA COMISI‡N DE SALUD, TRANSPORTES Y COMUNICACIONES DEL",2312,18,2.3. 2  9. 1  1,LOCACION DE SERVICIOS REALIZADOS POR PERSONAS NATURALES RELACIONADAS AL ROL DE LA ENTIDAD,19500.00,Compromiso
2026,1028,03,S,2042,27/03/2026 00:00:00,10725718271,AVILA GUIMA RICARDO MAZAKI,106,CONTRATO MENOR,CM,,"SERVICIO DE ASISTENCIA LEGAL EN PROCESOS ADMINISTRATIVOS PARA LA COMISI‡N DE SALUD, TRANSPORTES",2313,18,2.3. 2  9. 1  1,LOCACION DE SERVICIOS REALIZADOS POR PERSONAS NATURALES RELACIONADAS AL ROL DE LA ENTIDAD,16500.00,Compromiso
2026,1028,03,S,2043,27/03/2026 00:00:00,10210153719,PARIONA GALINDO FEDERICO,106,CONTRATO MENOR,CM,,"SERVICIO ESPECIALIZADO EN GESTI‡N PÈBLICA PARA LA COMISI‡N DE SALUD, TRANSPORTES Y COMUNICACIONES DE",2314,18,2.3. 2  9. 1  1,LOCACION DE SERVICIOS REALIZADOS POR PERSONAS NATURALES RELACIONADAS AL ROL DE LA ENTIDAD,21000.00,Compromiso
2026,1028,03,S,2044,27/03/2026 00:00:00,10473385223,DAVILA ROQUE RAFAEL,106,CONTRATO MENOR,CM,,"SERVICIO DE ASISTENCIA TECNICA LEGAL EN DOCUMENTOS DE GESTION PARA LA COMISI‡N DE SALUD, TRANSPORTES",2315,18,2.3. 2  9. 1  1,LOCACION DE SERVICIOS REALIZADOS POR PERSONAS NATURALES RELACIONADAS AL ROL DE LA ENTIDAD,18000.00,Compromiso
2026,1028,03,S,2045,27/03/2026 00:00:00,10765100955,HERNANDEZ RAMIREZ LUCAS FABIAN,106,CONTRATO MENOR,CM,,SERVICIO DE ASISTENCIA EN ORIENTACI‡N Y ATENCI‡N AL USUARIO PARA EL CENTRO DE MEJOR ATENCION AL CIUDADANO - MAC CALLAO DEL GERENCIA REGIONAL DE DESARROLLO ECONOMICO DEL GOBIERNO REGIONAL DEL CALLAO-XI.,2331,18,2.3. 2  9. 1  1,LOCACION DE SERVICIOS REALIZADOS POR PERSONAS NATURALES RELACIONADAS AL ROL DE LA ENTIDAD,10000.00,Compromiso
2026,1028,03,S,2046,27/03/2026 00:00:00,10457670937,REYES SUAREZ KATHERINE DARIA,106,CONTRATO MENOR,CM,,SERVICIO DE ASISTENCIA EN ORIENTACI‡N Y ATENCI‡N AL USUARIO PARA EL CENTRO DE MEJOR ATENCION AL CIUDADANO - MAC CALLAO DEL GERENCIA REGIONAL DE DESARROLLO ECONOMICO DEL GOBIERNO REGIONAL DEL CALLAO-XII.,2332,18,2.3. 2  9. 1  1,LOCACION DE SERVICIOS REALIZADOS POR PERSONAS NATURALES RELACIONADAS AL ROL DE LA ENTIDAD,7500.00,Compromiso
2026,1028,03,S,2047,27/03/2026 00:00:00,10174341953,CABREJOS GUERRERO LOURDES ELISABETH,106,CONTRATO MENOR,CM,,SERVICIO DE ASISTENCIA EN ORIENTACI‡N Y ATENCI‡N AL USUARIO PARA EL CENTRO DE MEJOR ATENCION AL CIUDADANO - MAC CALLAO DEL GERENCIA REGIONAL DE DESARROLLO ECONOMICO DEL GOBIERNO REGIONAL DEL CALLAO-XIII.,2333,18,2.3. 2  9. 1  1,LOCACION DE SERVICIOS REALIZADOS POR PERSONAS NATURALES RELACIONADAS AL ROL DE LA ENTIDAD,7500.00,Compromiso
2026,1028,03,S,2048,27/03/2026 00:00:00,10329440066,PRADO SANCHEZ VICTOR MANUEL,106,CONTRATO MENOR,CM,,SERVICIO ESPECIALIZADO EN LIQUIDACION DE PROYECTOS DE INVERSI‡N V GERENCIA REGIONAL DE DESARROLLO ECONOMICO DEL GOBIERNO REGIONAL DEL CALLAO.,2334,18,2.3. 2  9. 1  1,LOCACION DE SERVICIOS REALIZADOS POR PERSONAS NATURALES RELACIONADAS AL ROL DE LA ENTIDAD,6000.00,Compromiso
2026,1028,03,S,2049,27/03/2026 00:00:00,10465216366,VERA ORTIZ THALIA GISVEL,106,CONTRATO MENOR,CM,,SERVICIO ASISTENCIA LEGAL EN DERECHO ADMINISTRATIVO Y GESTION PUBLICA.,2305,18,2.3. 2  9. 1  1,LOCACION DE SERVICIOS REALIZADOS POR PERSONAS NATURALES RELACIONADAS AL ROL DE LA ENTIDAD,24000.00,Compromiso
2026,1028,03,S,2050,27/03/2026 00:00:00,10211402755,PAZ BALDEON NILOVNA GHERALDINE,106,CONTRATO MENOR,CM,,SERVICIO DE ASISTENCIA LEGAL EN PROCESOS ADMINISTRATIVOS.,2306,18,2.3. 2  9. 1  1,LOCACION DE SERVICIOS REALIZADOS POR PERSONAS NATURALES RELACIONADAS AL ROL DE LA ENTIDAD,18000.00,Compromiso
2026,1028,03,S,2051,27/03/2026 00:00:00,10732461740,GUERRERO ALARCON DIEGO ANGEL,106,CONTRATO MENOR,CM,,SERVICIOS ESPECIALIZADOS EN MEDIO AMBIENTE PARA LA COMISION DE INFRAESTRUCTURA,2321,18,2.3. 2  9. 1  1,LOCACION DE SERVICIOS REALIZADOS POR PERSONAS NATURALES RELACIONADAS AL ROL DE LA ENTIDAD,21000.00,Compromiso
2026,1028,03,S,2052,27/03/2026 00:00:00,10713285914,LLERENA VILLACREZ DERIAN MANUEL,106,CONTRATO MENOR,CM,,SERVICIO ESPECIALIZADO EN INGENIERIA CIVIL PARA LA COMISION DE INFRAESTRUCTURA,2322,18,2.3. 2  9. 1  1,LOCACION DE SERVICIOS REALIZADOS POR PERSONAS NATURALES RELACIONADAS AL ROL DE LA ENTIDAD,21000.00,Compromiso
2026,1028,03,S,2053,27/03/2026 00:00:00,10806504519,PAIVA SILVA KELY,106,CONTRATO MENOR,CM,,SERVICIO DE SEGUIMIENTO Y ASISTENCIA DE ACTIVIDADES ADMINISTRATIVAS,2323,18,2.3. 2  9. 1  1,LOCACION DE SERVICIOS REALIZADOS POR PERSONAS NATURALES RELACIONADAS AL ROL DE LA ENTIDAD,9000.00,Compromiso
2026,1028,03,S,2054,27/03/2026 00:00:00,10741283102,GUERRERO CHINCHAY ELENA NICOLE,106,CONTRATO MENOR,CM,,SERVICIO DE AUXILIAR ADMINISTRATIVO PARA LA COMISION DE INFRAESTRUCTURA,2324,18,2.3. 2  9. 1  1,LOCACION DE SERVICIOS REALIZADOS POR PERSONAS NATURALES RELACIONADAS AL ROL DE LA ENTIDAD,10500.00,Compromiso
2026,1028,03,S,2055,27/03/2026 00:00:00,10430947279,NEIRA GOLAC WILLIAM ABEL,106,CONTRATO MENOR,CM,,"SERVICIO DE RECEPCION, ELABORACION Y ARCHIVO DE DOCUMENTOS PARA LA COMISION DE INFRAESTRUCTURA",2325,18,2.3. 2  9. 1  1,LOCACION DE SERVICIOS REALIZADOS POR PERSONAS NATURALES RELACIONADAS AL ROL DE LA ENTIDAD,13500.00,Compromiso
2026,1028,03,S,2056,27/03/2026 00:00:00,10462394671,RAMOS FLORES YHONY,106,CONTRATO MENOR,CM,,SERVICIO DE ASISTENCIA TêCNICA ADMINISTRATIVA PARA LA COMISI‡N DE ADMINISTRACION REGIONAL DEL CONSEJ,2316,18,2.3. 2  9. 1  1,LOCACION DE SERVICIOS REALIZADOS POR PERSONAS NATURALES RELACIONADAS AL ROL DE LA ENTIDAD,12000.00,Compromiso
2026,1028,03,S,2057,27/03/2026 00:00:00,10429286781,ZEVALLOS MATOS CAROL GUISELLE,106,CONTRATO MENOR,CM,,SERVICIO ESPECIALIZADO EN CONTROL Y GESTI‡N DE PROCESOS OPERATIVOS ADMINISTRATIVOS PARA LA COMISI‡N,2317,18,2.3. 2  9. 1  1,LOCACION DE SERVICIOS REALIZADOS POR PERSONAS NATURALES RELACIONADAS AL ROL DE LA ENTIDAD,21000.00,Compromiso
2026,1028,03,S,2058,27/03/2026 00:00:00,10473426086,SANCHEZ PEREZ LOURDES DIANA MERCEDES,106,CONTRATO MENOR,CM,,SERVICIO ESPECIALIZADO EN GESTI‡N PÈBLICA PARA LA COMISI‡N DE ADMINISTRACION REGIONAL DEL CONSEJO RE,2318,18,2.3. 2  9. 1  1,LOCACION DE SERVICIOS REALIZADOS POR PERSONAS NATURALES RELACIONADAS AL ROL DE LA ENTIDAD,21000.00,Compromiso
2026,1028,03,S,2059,27/03/2026 00:00:00,10724461986,ALARCON YDROGO XIOMARA VALERIA,106,CONTRATO MENOR,CM,,SERVICIO DE AUXILIAR ADMINISTRATIVO PARA LA COMISI‡N DE ADMINISTRACION REGIONAL DEL CONSEJO REGIONAL,2319,18,2.3. 2  9. 1  1,LOCACION DE SERVICIOS REALIZADOS POR PERSONAS NATURALES RELACIONADAS AL ROL DE LA ENTIDAD,10500.00,Compromiso
2026,1028,03,S,2060,27/03/2026 00:00:00,10707562612,AZURZA JANAMPA RONALD ROMARIO,106,CONTRATO MENOR,CM,,SERVICIO DE ORGANIZACI‡N DE DOCUMENTACION DE ARCHIVOS PARA LA COMISI‡N DE ADMINISTRACION REGIONAL DE,2320,18,2.3. 2  9. 1  1,LOCACION DE SERVICIOS REALIZADOS POR PERSONAS NATURALES RELACIONADAS AL ROL DE LA ENTIDAD,10500.00,Compromiso
2026,1028,03,S,2061,30/03/2026 00:00:00,10476382233,BLAZ MANCHEGO CARMEN KATLEEN,106,CONTRATO MENOR,CM,,SERVICIO DE ASISTENCIA EN LA ELABORACI‡N DE DOCUMENTOS ADMINISTRATIVOS II,2326,09,2.3. 2  9. 1  1,LOCACION DE SERVICIOS REALIZADOS POR PERSONAS NATURALES RELACIONADAS AL ROL DE LA ENTIDAD,36000.00,Compromiso
2026,1028,03,S,2062,30/03/2026 00:00:00,10436757056,ARCE SALAZAR YANIRA LISBETH,106,CONTRATO MENOR,CM,,SERVICIO DE ORIENTADOR VII,2327,09,2.3. 2  9. 1  1,LOCACION DE SERVICIOS REALIZADOS POR PERSONAS NATURALES RELACIONADAS AL ROL DE LA ENTIDAD,36000.00,Compromiso
2026,1028,03,S,2063,30/03/2026 00:00:00,10425567611,VASQUEZ QUISPE LILIANA MARIBEL,106,CONTRATO MENOR,CM,,SERVICIO DE ORIENTADOR VIII,2328,09,2.3. 2  9. 1  1,LOCACION DE SERVICIOS REALIZADOS POR PERSONAS NATURALES RELACIONADAS AL ROL DE LA ENTIDAD,36000.00,Compromiso
2026,1028,03,S,2064,30/03/2026 00:00:00,10181581072,RODRIGUEZ ROJAS OSCAR ABEL,106,CONTRATO MENOR,CM,,SERVICIO DE ORIENTADOR IX,2329,09,2.3. 2  9. 1  1,LOCACION DE SERVICIOS REALIZADOS POR PERSONAS NATURALES RELACIONADAS AL ROL DE LA ENTIDAD,30000.00,Compromiso
2026,1028,03,S,2065,30/03/2026 00:00:00,10079733453,TONG HURTADO  TEODORO FEDERICO,106,CONTRATO MENOR,CM,,SERVICIO DE ASISTENCIA TECNICA EN GESTION DE PROCESOS ADMINISTRATIVOS PARA LA COMISION DE LA MUJER D,2330,18,2.3. 2  9. 1  1,LOCACION DE SERVICIOS REALIZADOS POR PERSONAS NATURALES RELACIONADAS AL ROL DE LA ENTIDAD,21000.00,Compromiso
2026,1028,03,S,2066,30/03/2026 00:00:00,10726706633,SALAS PEREZ DAPHNE PATRICIA,106,CONTRATO MENOR,CM,,SERVICIO DE ASISTENCIA TECNICA EN ATENCION DE CONSULTAS DE USUARIOS,2345,18,2.3. 2  9. 1  1,LOCACION DE SERVICIOS REALIZADOS POR PERSONAS NATURALES RELACIONADAS AL ROL DE LA ENTIDAD,15000.00,Compromiso
2026,1028,03,S,2067,30/03/2026 00:00:00,10429154575,SAAVEDRA MARTINEZ MARTIN ALEJANDRO,106,CONTRATO MENOR,CM,,SERVICIO ESPECIALIZADO EN TEMAS DE DERECHO,2346,13,2.3. 2  9. 1  1,LOCACION DE SERVICIOS REALIZADOS POR PERSONAS NATURALES RELACIONADAS AL ROL DE LA ENTIDAD,13500.00,Compromiso
2026,1028,03,S,2068,30/03/2026 00:00:00,10766011298,PACHECO SOTOMAYOR BRANDY ALEXSY,106,CONTRATO MENOR,CM,,SERVICIO DE ASISTENCIA LEGAL EN PROCEDIMIENTO ADMINISTRATIVO,2347,18,2.3. 2  9. 1  1,LOCACION DE SERVICIOS REALIZADOS POR PERSONAS NATURALES RELACIONADAS AL ROL DE LA ENTIDAD,6000.00,Compromiso
2026,1028,03,S,2069,30/03/2026 00:00:00,10410779841,PRADO NOMBERTO DANIEL HUMBERTO,106,CONTRATO MENOR,CM,,SERVICIO DE COORDINACION DE LOGISTICIA,2348,13,2.3. 2  9. 1  1,LOCACION DE SERVICIOS REALIZADOS POR PERSONAS NATURALES RELACIONADAS AL ROL DE LA ENTIDAD,12000.00,Compromiso
2026,1028,03,S,2070,30/03/2026 00:00:00,20603956045,GRUPO LARA S.A.C.,106,CONTRATO MENOR,CM,,SERVICIO DE DIFUSI‡N POR PERIFONEO PARA LA EVENTO PRESUPUESTO PARTICIPATIVO 2027,2336,18,2.3. 2  7.11 99,SERVICIOS DIVERSOS,28500.00,Compromiso
2026,1028,03,S,2071,30/03/2026 00:00:00,10445415214,TICONA VILCA EDSON JOSE,106,CONTRATO MENOR,CM,,SERVICIO ESPECIALIZADO EN TEMAS DE PRESUPUESTO,2349,18,2.3. 2  9. 1  1,LOCACION DE SERVICIOS REALIZADOS POR PERSONAS NATURALES RELACIONADAS AL ROL DE LA ENTIDAD,6000.00,Compromiso
2026,1028,03,S,2072,30/03/2026 00:00:00,10726133510,TORANZO CHUMBES DAVID EDUARDO,106,CONTRATO MENOR,CM,,SERVICIO ESPECIALIZADO EN REDES DE COMUNICACI‡N,2350,18,2.3. 2  9. 1  1,LOCACION DE SERVICIOS REALIZADOS POR PERSONAS NATURALES RELACIONADAS AL ROL DE LA ENTIDAD,4400.00,Compromiso
2026,1028,03,S,2073,30/03/2026 00:00:00,10763746751,HUAMAN FLORES SHENZY MAYLE,106,CONTRATO MENOR,CM,,SERVICIO DE ORGANIZACI‡N DE ARCHIVO FISICO Y VIRTUAL,2351,18,2.3. 2  9. 1  1,LOCACION DE SERVICIOS REALIZADOS POR PERSONAS NATURALES RELACIONADAS AL ROL DE LA ENTIDAD,4000.00,Compromiso
2026,1028,03,S,2074,30/03/2026 00:00:00,10255750343,POLO ROMAN JORGE LUIS,106,CONTRATO MENOR,CM,,SERVICIO DE COORDINACI‡N ADMINISTRATIVA,2352,13,2.3. 2  9. 1  1,LOCACION DE SERVICIOS REALIZADOS POR PERSONAS NATURALES RELACIONADAS AL ROL DE LA ENTIDAD,12000.00,Compromiso
2026,1028,03,S,2075,30/03/2026 00:00:00,10419741430,CAYA SALAZAR LUIS MIGUEL,106,CONTRATO MENOR,CM,,"SERVICIO ESPECIALIZADO EN TEMAS DE DERECHO PARA LA COMISION DE DEFENSA NACIONAL,  DEFENSA CIVIL Y SE",2337,18,2.3. 2  9. 1  1,LOCACION DE SERVICIOS REALIZADOS POR PERSONAS NATURALES RELACIONADAS AL ROL DE LA ENTIDAD,21000.00,Compromiso
2026,1028,03,S,2076,30/03/2026 00:00:00,10085124311,CORTEZ HEREDIA LILI CARLOTA,106,CONTRATO MENOR,CM,,"SERVICIO ESPECIALIZADO EN GESTI‡N DE PROCESOS ADMINISTRATIVOS  PARA LA COMISION DE DEFENSA NACIONAL,",2338,18,2.3. 2  9. 1  1,LOCACION DE SERVICIOS REALIZADOS POR PERSONAS NATURALES RELACIONADAS AL ROL DE LA ENTIDAD,21000.00,Compromiso
2026,1028,03,S,2077,30/03/2026 00:00:00,10433840629,CASTILLO OJEDA JOSE LUIS,106,CONTRATO MENOR,CM,,"SERVICIO ESPECIALIZADO EN TEMAS DE SEGURIDAD CIUDADANA  PARA LA COMISION DE DEFENSA NACIONAL,  DEFEN",2339,18,2.3. 2  9. 1  1,LOCACION DE SERVICIOS REALIZADOS POR PERSONAS NATURALES RELACIONADAS AL ROL DE LA ENTIDAD,21000.00,Compromiso
2026,1028,03,S,2078,30/03/2026 00:00:00,10728731392,VERA RIVAS RONALD,106,CONTRATO MENOR,CM,,SERVICIO DE ASISTENCIA TECNICA ADMINISTRATIVA - COORDINACION,2353,13,2.3. 2  9. 1  1,LOCACION DE SERVICIOS REALIZADOS POR PERSONAS NATURALES RELACIONADAS AL ROL DE LA ENTIDAD,18000.00,Compromiso
2026,1028,03,S,2079,30/03/2026 00:00:00,10432962259,CASTILLO ALATRISTA PAUL IVAN,106,CONTRATO MENOR,CM,,SERVICIO DE EJECUCI‡N Y MONITOREO DE LA GESTION ADMINISTRATIVA  PARA LA COMISION DE DEFENSA NACIONAL,2340,18,2.3. 2  9. 1  1,LOCACION DE SERVICIOS REALIZADOS POR PERSONAS NATURALES RELACIONADAS AL ROL DE LA ENTIDAD,12000.00,Compromiso
2026,1028,03,S,2080,30/03/2026 00:00:00,10420196666,CORREA OLIVA SAULO DE TARSO ALONSO,106,CONTRATO MENOR,CM,,SERVICIO DE SEGUIMIENTO Y MONITOREO DE LA EJECUCION PRESUPUESTAL,2354,18,2.3. 2  9. 1  1,LOCACION DE SERVICIOS REALIZADOS POR PERSONAS NATURALES RELACIONADAS AL ROL DE LA ENTIDAD,6000.00,Compromiso
2026,1028,03,S,2081,30/03/2026 00:00:00,10088150223,SOLLER RODRIGUEZ SEGUNDO FILOMENO,106,CONTRATO MENOR,CM,,SERVICIO DE GESTION Y SEGUIMIENTO DE ACTIVIDADES ADMINISTRATIVAS,2355,18,2.3. 2  9. 1  1,LOCACION DE SERVICIOS REALIZADOS POR PERSONAS NATURALES RELACIONADAS AL ROL DE LA ENTIDAD,12000.00,Compromiso
2026,1028,03,S,2082,30/03/2026 00:00:00,10467973644,PASTOR DE LA CRUZ  SANCHEZ LUIS ANTONIO,106,CONTRATO MENOR,CM,,SERVICIO DE ADMINISTRACION Y GESTION DE PROCESOS DE SEGURIDAD Y SALUD EN EL TRABAJO,2356,18,2.3. 2  9. 1  1,LOCACION DE SERVICIOS REALIZADOS POR PERSONAS NATURALES RELACIONADAS AL ROL DE LA ENTIDAD,5000.00,Compromiso
2026,1028,03,S,2083,30/03/2026 00:00:00,10092246421,LAVADO SINCHE MAXIMO ANTONIO,106,CONTRATO MENOR,CM,,SERVICIO ESPECIALIZADO EN MATERIA LEGAL PARA LA COMISION DE LA MUJER DEL CONSEJO REGIONAL DEL GOBIER,2341,18,2.3. 2  9. 1  1,LOCACION DE SERVICIOS REALIZADOS POR PERSONAS NATURALES RELACIONADAS AL ROL DE LA ENTIDAD,21000.00,Compromiso
2026,1028,03,S,2084,30/03/2026 00:00:00,10401801362,RAMOS TIMOTEO SUSANA LISBET,106,CONTRATO MENOR,CM,,SERVICIO ESPECIALIZADO EN TEMAS DE DERECHO PARA LA COMISION DE LA MUJER DEL CONSEJO REGIONAL DEL GOB,2342,18,2.3. 2  9. 1  1,LOCACION DE SERVICIOS REALIZADOS POR PERSONAS NATURALES RELACIONADAS AL ROL DE LA ENTIDAD,21000.00,Compromiso
2026,1028,03,S,2085,30/03/2026 00:00:00,10435012995,DELLEPIANE VASQUEZ NATALIA BEATRIZ,106,CONTRATO MENOR,CM,,SERVICIO DE GESTION Y SEGUIMIENTO DE  ACTIVIDADES  ADMINISTRATIVAS PARA LA COMISION DE LA MUJER,2343,18,2.3. 2  9. 1  1,LOCACION DE SERVICIOS REALIZADOS POR PERSONAS NATURALES RELACIONADAS AL ROL DE LA ENTIDAD,24000.00,Compromiso
2026,1028,03,S,2086,30/03/2026 00:00:00,10754470394,JIMENEZ MELENDEZ ALICIA KATHERINE,106,CONTRATO MENOR,CM,,SERVICIO DE SEGUIMIENTO Y ASISTENCIA DE ACTIVIDADES ADMINISTRATIVAS PARA LA COMISION DE LA MUJER DEL,2344,18,2.3. 2  9. 1  1,LOCACION DE SERVICIOS REALIZADOS POR PERSONAS NATURALES RELACIONADAS AL ROL DE LA ENTIDAD,15000.00,Compromiso
2026,1028,03,S,2087,30/03/2026 00:00:00,10730627624,SOLANO LOZANO MONICA ABIGAIL,106,CONTRATO MENOR,CM,,SERVICIO ESPECIALIZADO EN ASUNTOS LEGALES ADMINISTRATIVOS,2357,18,2.3. 2  9. 1  1,LOCACION DE SERVICIOS REALIZADOS POR PERSONAS NATURALES RELACIONADAS AL ROL DE LA ENTIDAD,10000.00,Compromiso
2026,1028,03,S,2088,30/03/2026 00:00:00,10439599184,CHAVEZ FLORES JHON COLVIT,106,CONTRATO MENOR,CM,,SERVICIO DE ASISTENCIA LEGAL EN DERECHO ADMINISTRATIVO,2358,18,2.3. 2  9. 1  1,LOCACION DE SERVICIOS REALIZADOS POR PERSONAS NATURALES RELACIONADAS AL ROL DE LA ENTIDAD,6000.00,Compromiso
2026,1028,03,S,2089,30/03/2026 00:00:00,10415932184,PAREDES RAMOS MARIA JUANA,106,CONTRATO MENOR,CM,,SERVICIO ESPECIALIZADO EN MATERIAL LEGAL,2359,13,2.3. 2  9. 1  1,LOCACION DE SERVICIOS REALIZADOS POR PERSONAS NATURALES RELACIONADAS AL ROL DE LA ENTIDAD,7500.00,Compromiso
2026,1028,03,S,2090,30/03/2026 00:00:00,10733034331,UZURIAGA VILLANUEVA JERICO FABRIZIO,106,CONTRATO MENOR,CM,,SERVICIO ESPECIALIZADO EN CIENCIAS DE LA COMUNICACI‡N,2360,18,2.3. 2  9. 1  1,LOCACION DE SERVICIOS REALIZADOS POR PERSONAS NATURALES RELACIONADAS AL ROL DE LA ENTIDAD,2500.00,Compromiso
2026,1028,03,S,2091,30/03/2026 00:00:00,10422619254,GONZALEZ VELARDE KARINA LEONOR,106,CONTRATO MENOR,CM,,SERVICIO DE ASISTENCIA EN LA ELABORACION DE DOCUMENTOS ADMINISTRTAIVOS,2361,18,2.3. 2  9. 1  1,LOCACION DE SERVICIOS REALIZADOS POR PERSONAS NATURALES RELACIONADAS AL ROL DE LA ENTIDAD,9000.00,Compromiso
2026,1028,03,S,2092,30/03/2026 00:00:00,10181880240,AVALOS OJEDA JOSE LUIS,106,CONTRATO MENOR,CM,,SERVICIO DE ANALISIS Y ELABORACI‡N  DE INFORMES EN TEMAS LEGALES PARA LA OFICINA DE RECURSOS HUMANOS,2366,18,2.3. 2  9. 1  1,LOCACION DE SERVICIOS REALIZADOS POR PERSONAS NATURALES RELACIONADAS AL ROL DE LA ENTIDAD,19500.00,Compromiso
2026,1028,03,S,2093,30/03/2026 00:00:00,10780226884,FIGUEROA NEIRA ALLISON ALANIS AXLEIDA,106,CONTRATO MENOR,CM,,SERVICIO DE CLASIFICACION ORDENAMIENTO E INVENTARIO DE SERIE DOCUMENTAL PARA LA GERENCIA REGIONAL,2367,18,2.3. 2  9. 1  1,LOCACION DE SERVICIOS REALIZADOS POR PERSONAS NATURALES RELACIONADAS AL ROL DE LA ENTIDAD,4000.00,Compromiso
2026,1028,03,S,2094,30/03/2026 00:00:00,10705841603,RODRIGUEZ QUISPE JESUS ALBERTO,106,CONTRATO MENOR,CM,,"SERVICIO DE ORDENAMIENTO DE BIENES PATRIMONIALES PARA LA GERENCIA REGIONAL DE EDUCACI‡N, CULTURA Y",2368,18,2.3. 2  9. 1  1,LOCACION DE SERVICIOS REALIZADOS POR PERSONAS NATURALES RELACIONADAS AL ROL DE LA ENTIDAD,4000.00,Compromiso
2026,1028,03,S,2095,30/03/2026 00:00:00,10460622668,MATTA MI•AN ALEXANDER,106,CONTRATO MENOR,CM,,SERVICIO ESPECIALIZADO EN CONTROL Y GESTI‡N DE PROCESOS OPERATIVOS ADMINISTRATIVOS II PARA LA GERENCIA REGIONAL DE DESARROLLO ECONOMICO.,2369,18,2.3. 2  9. 1  1,LOCACION DE SERVICIOS REALIZADOS POR PERSONAS NATURALES RELACIONADAS AL ROL DE LA ENTIDAD,6000.00,Compromiso
2026,1028,03,S,2096,31/03/2026 00:00:00,10749291040,MENAUT NAVARRO KYARA ANTUANET,106,CONTRATO MENOR,CM,,SERVICIO DE COFFE BREAK PARA LA SIMULACI‡N REGIONAL MULTIPELIGRO,2370,18,2.3. 2  7.11  5,SERVICIOS DE ALIMENTACION DE CONSUMO HUMANO,6500.00,Compromiso
2026,1028,03,S,2097,31/03/2026 00:00:00,10477231611,"PEREZ YLATOMA ESTRELLITA DEILIT",106,CONTRATO MENOR,CM,,SERVICIO TECNICO ADMINISTRATIVO PARA LA PRIORIZACI‡N DE CADENAS PRODUCTIVAS PARA LA GERENCIA REGIONAL DE DESARROLLO ECONOMICO.,2386,18,2.3. 2  9. 1  1,LOCACION DE SERVICIOS REALIZADOS POR PERSONAS NATURALES RELACIONADAS AL ROL DE LA ENTIDAD,5000.00,Compromiso
2026,1028,03,S,2098,31/03/2026 00:00:00,10478412377,PICHARDE SOTELO YOSELIN,106,CONTRATO MENOR,CM,,SERVICIO DE AUXILIAR ADMINISTRATIVO PARA LA GERENCIA REGIONAL DE DESARROLLO ECONOMICO.,2387,18,2.3. 2  9. 1  1,LOCACION DE SERVICIOS REALIZADOS POR PERSONAS NATURALES RELACIONADAS AL ROL DE LA ENTIDAD,3500.00,Compromiso
2026,1028,03,S,2099,31/03/2026 00:00:00,10721638788,LAGOS CAHUANA CARLOS EMANUEL,106,CONTRATO MENOR,CM,,SERVICIO TECNICO EN GESTION ADMINISTRATIVA PARA LA GERENCIA REGIONAL DE DESARROLLO ECONOMICO I.,2388,18,2.3. 2  9. 1  1,LOCACION DE SERVICIOS REALIZADOS POR PERSONAS NATURALES RELACIONADAS AL ROL DE LA ENTIDAD,4000.00,Compromiso
2026,1028,03,S,2100,31/03/2026 00:00:00,10703321653,CORDOVA CCASO CHIRLEY RUBI,106,CONTRATO MENOR,CM,,SERVICIO TECNICO EN GESTION ADMINISTRATIVA PARA LA GERENCIA REGIONAL DE DESARROLLO ECONOMICO II.,2389,18,2.3. 2  9. 1  1,LOCACION DE SERVICIOS REALIZADOS POR PERSONAS NATURALES RELACIONADAS AL ROL DE LA ENTIDAD,4000.00,Compromiso
2026,1028,03,S,2101,31/03/2026 00:00:00,10802597857,JIMENEZ GRADOS JORGE LUIS,106,CONTRATO MENOR,CM,,SERVICIO ESPECIALIZADO EN GESTI‡N DE MANTENIMIENTO II PARA LA UNIDAD DE SERVICIOS GENERALES Y VEHICULOS LIVIANOS.,2390,18,2.3. 2  9. 1  1,LOCACION DE SERVICIOS REALIZADOS POR PERSONAS NATURALES RELACIONADAS AL ROL DE LA ENTIDAD,9000.00,Compromiso
2026,1028,03,S,2102,31/03/2026 00:00:00,10086872795,ARREDONDO GARCIA PEDRO ANTONIO,106,CONTRATO MENOR,CM,,SERVICIO DE CONDUCCION DE VEHICULO XII PARA LA UNIDAD DE SERVICIOS GENERALES Y VEHICULOS LIVIANOS.,2391,18,2.3. 2  9. 1  1,LOCACION DE SERVICIOS REALIZADOS POR PERSONAS NATURALES RELACIONADAS AL ROL DE LA ENTIDAD,9600.00,Compromiso
2026,1028,03,S,2103,31/03/2026 00:00:00,20467534026,AMERICA MOVIL PERU S.A.C.,106,CONTRATO MENOR,CM,,CONTRATACI‡N DEL SERVICIO DE TELEFON÷A M‡VIL CON INTERNET PARA LAS GERENCIAS Y OFICINAS DEL GOBIERNO REGIONAL DEL CALLAO,2375,00,2.3. 2  2. 2  1,SERVICIO DE TELEFONIA MOVIL,8807.40,Compromiso
2026,1028,03,S,2104,31/03/2026 00:00:00,20612254771,NEGOCIOS & INVERSIONES TRADING M E.I.R.L,106,CONTRATO MENOR,CM,,"SERVICIO DE SHOW ART÷STICO, ALQUILER DE JUEGOS INFLABLES Y SANITARIO PORTµTIL",2376,18,2.3. 2  5. 1 99,DE OTROS BIENES Y ACTIVOS,6000.00,Compromiso
2026,1028,03,S,2104,31/03/2026 00:00:00,20612254771,NEGOCIOS & INVERSIONES TRADING M E.I.R.L,106,CONTRATO MENOR,CM,,"SERVICIO DE SHOW ART÷STICO, ALQUILER DE JUEGOS INFLABLES Y SANITARIO PORTµTIL",2376,18,2.3. 2  5. 1  4,DE MAQUINARIAS Y EQUIPOS,5000.00,Compromiso
2026,1028,03,S,2104,31/03/2026 00:00:00,20612254771,NEGOCIOS & INVERSIONES TRADING M E.I.R.L,106,CONTRATO MENOR,CM,,"SERVICIO DE SHOW ART÷STICO, ALQUILER DE JUEGOS INFLABLES Y SANITARIO PORTµTIL",2376,18,2.3. 2  7.10  1,"SEMINARIOS ,TALLERES Y SIMILARES ORGANIZADOS POR LA  INSTITUCION",11000.00,Compromiso
2026,1028,03,S,2105,31/03/2026 00:00:00,20608136691,EFICASERVIX E.I.R.L.,106,CONTRATO MENOR,CM,,"SERVICIO DE ALQUILER DE ESCENARIO, EQUIPO ELECTR‡GENO Y EQUIPO DE SONIDO",2377,18,2.3. 2  5. 1  4,DE MAQUINARIAS Y EQUIPOS,13000.00,Compromiso
2026,1028,03,S,2105,31/03/2026 00:00:00,20608136691,EFICASERVIX E.I.R.L.,106,CONTRATO MENOR,CM,,"SERVICIO DE ALQUILER DE ESCENARIO, EQUIPO ELECTR‡GENO Y EQUIPO DE SONIDO",2377,18,2.3. 2  5. 1 99,DE OTROS BIENES Y ACTIVOS,10000.00,Compromiso
2026,1028,03,S,2106,31/03/2026 00:00:00,10062321356,GARCIA PEREZ JULIO AGUSTIN,106,CONTRATO MENOR,CM,,SERVICIO DE DIGITALIZCI‡N Y ORGANIZACI‡N DE DOCUMENTACI‡N PARA LA OFICINA DE RECURSOS HUMANOS.,2379,18,2.3. 2  9. 1  1,LOCACION DE SERVICIOS REALIZADOS POR PERSONAS NATURALES RELACIONADAS AL ROL DE LA ENTIDAD,9477.00,Compromiso
2026,1028,03,S,2107,31/03/2026 00:00:00,10408691198,VEGA ARRASCUE NOA HIPATIA,106,CONTRATO MENOR,CM,,SERVICIO DE ASISTENCIA TECNICA ADMINISTRATIVA PARA LA COMISION DE DESARROLLO SOCIAL DEL CONSEJO REGI,2380,18,2.3. 2  9. 1  1,LOCACION DE SERVICIOS REALIZADOS POR PERSONAS NATURALES RELACIONADAS AL ROL DE LA ENTIDAD,15000.00,Compromiso
2026,1028,03,S,2108,31/03/2026 00:00:00,10108345727,ZU•IGA MORALES PATRICIA MARLENE,106,CONTRATO MENOR,CM,,SERVICIO ESPECIALIZADO EN GESTION PUBLICA PARA LA COMISION DE DESARROLLO SOCIAL DEL CONSEJO REGIONAL,2381,18,2.3. 2  9. 1  1,LOCACION DE SERVICIOS REALIZADOS POR PERSONAS NATURALES RELACIONADAS AL ROL DE LA ENTIDAD,24000.00,Compromiso
2026,1028,03,S,2109,31/03/2026 00:00:00,10705161017,SOLARI CARNERO DIEGO AUGUSTO,106,CONTRATO MENOR,CM,,SERVICIO ESPECIALIZADO EN MATERIA LEGAL PARA GRDS - DOS ENTREGABLES 2026,2538,18,2.3. 2  9. 1  1,LOCACION DE SERVICIOS REALIZADOS POR PERSONAS NATURALES RELACIONADAS AL ROL DE LA ENTIDAD,12000.00,Compromiso
2026,1028,03,S,2110,31/03/2026 00:00:00,10708293917,CABANA MENDEZ LINDA FLOR,106,CONTRATO MENOR,CM,,SERVICIO DE COORDINACION DE COMUNICACIONES PARA LA COMISION DE DESARROLLO SOCIAL DEL CONSEJO REGIONA,2382,18,2.3. 2  9. 1  1,LOCACION DE SERVICIOS REALIZADOS POR PERSONAS NATURALES RELACIONADAS AL ROL DE LA ENTIDAD,9000.00,Compromiso
2026,1028,03,S,2111,31/03/2026 00:00:00,10702676407,PARIONA CHAVEZ LETICIA NAHOMI,106,CONTRATO MENOR,CM,,SERVICIO DE ASISTENCIA TECNICA LEGAL PARA LA COMISION DE DESARROLLO SOCIAL DEL CONSEJO REGIONAL DEL,2383,18,2.3. 2  9. 1  1,LOCACION DE SERVICIOS REALIZADOS POR PERSONAS NATURALES RELACIONADAS AL ROL DE LA ENTIDAD,9000.00,Compromiso
2026,1028,03,S,2112,31/03/2026 00:00:00,10257754770,GARAY BRAVO LILIAN,106,CONTRATO MENOR,CM,,SERVICIO DE AUXILIAR ADMINISTRATIVO PARA LA COMISION DE DESARROLLO SOCIAL DEL CONSEJO REGIONAL,2384,18,2.3. 2  9. 1  1,LOCACION DE SERVICIOS REALIZADOS POR PERSONAS NATURALES RELACIONADAS AL ROL DE LA ENTIDAD,9000.00,Compromiso
2026,1028,03,S,2113,31/03/2026 00:00:00,10458770021,MAGUI•O CASAPINO RUTH ABIGAIL,106,CONTRATO MENOR,CM,,"SERVICIO DE RECEPCION, REGISTRO Y ORGANIZACI‡N DE DOCUMENTOS PARA LA COMISION DE DESARROLLO SOCIAL",2385,18,2.3. 2  9. 1  1,LOCACION DE SERVICIOS REALIZADOS POR PERSONAS NATURALES RELACIONADAS AL ROL DE LA ENTIDAD,9000.00,Compromiso
2026,1028,03,S,2114,31/03/2026 00:00:00,10773703715,FIGUEROA NEIRA DVALESHKA GIHA ALEXANDRA,106,CONTRATO MENOR,CM,,"SERVICIO DE MOTIVACION Y SENSIBILIZACION (APOYO DE PROMOTOR DE DEFENSA CIVIL Y SENSIBILIZACI‡N PARTICIPATIVA III) DE LA GERENCIA REGIONAL DE DEFENSA NACIONAL, DEFENSA CIVIL Y SEGURIDAD CIUDADANA.",2393,18,2.3. 2  9. 1  1,LOCACION DE SERVICIOS REALIZADOS POR PERSONAS NATURALES RELACIONADAS AL ROL DE LA ENTIDAD,4500.00,Compromiso
2026,1028,03,S,2115,31/03/2026 00:00:00,10458551087,MORI VILLEGAS JOSE ESTUARDO,106,CONTRATO MENOR,CM,,"SERVICIO ESPECIALIZADO LEGAL EN PROCEDIMIENTOS ADMINISTRATIVOS, PARA LA OFICINA DE AGRICULTURA Y PRODUCCION DE LA GERENCIA REGIONAL DE DESARROLLO ECONOMICO DEL GOBIERNO REGIONAL DEL CALLAO.",2394,18,2.3. 2  9. 1  1,LOCACION DE SERVICIOS REALIZADOS POR PERSONAS NATURALES RELACIONADAS AL ROL DE LA ENTIDAD,13000.00,Compromiso
2026,1028,03,S,2116,31/03/2026 00:00:00,10456205505,CASTRO QUI•ONES KARINA,106,CONTRATO MENOR,CM,,SERVICIO ESPECIALIZADO EN PROYECTOS DE INVERSION .,2549,18,2.3. 2  9. 1  1,LOCACION DE SERVICIOS REALIZADOS POR PERSONAS NATURALES RELACIONADAS AL ROL DE LA ENTIDAD,7000.00,Compromiso
2026,1028,03,S,2117,31/03/2026 00:00:00,10711223563,HARO DOMINGUEZ ANGEL GUILLERMO,106,CONTRATO MENOR,CM,,SERVICIO DE ARQUITECTURA DE PROYECTOS..,2403,18,2.3. 2  9. 1  1,LOCACION DE SERVICIOS REALIZADOS POR PERSONAS NATURALES RELACIONADAS AL ROL DE LA ENTIDAD,16000.00,Compromiso
2026,1028,03,S,2118,31/03/2026 00:00:00,10748887747,CURI GUTIERREZ CRISTIAN ANDRES,106,CONTRATO MENOR,CM,,SERVICIO DE ARQUITECTURA DE PROYECTOS.,2404,18,2.3. 2  9. 1  1,LOCACION DE SERVICIOS REALIZADOS POR PERSONAS NATURALES RELACIONADAS AL ROL DE LA ENTIDAD,8000.00,Compromiso
2026,1028,03,S,2119,31/03/2026 00:00:00,10736843361,SARMIENTO NAVARRO LORENA ALICIA,106,CONTRATO MENOR,CM,,SERVICIO DE ARQUITECTURA DE PROYECTOS.,2405,18,2.3. 2  9. 1  1,LOCACION DE SERVICIOS REALIZADOS POR PERSONAS NATURALES RELACIONADAS AL ROL DE LA ENTIDAD,16000.00,Compromiso
2026,1028,03,S,2120,31/03/2026 00:00:00,10700916273,CASTILLO ARAUCO JOSSELYN MARY,106,CONTRATO MENOR,CM,,SERVICIO ESPECIALIZADO EN INGENIERIA CIVIL .,2406,18,2.3. 2  9. 1  1,LOCACION DE SERVICIOS REALIZADOS POR PERSONAS NATURALES RELACIONADAS AL ROL DE LA ENTIDAD,16000.00,Compromiso
2026,1028,03,S,2121,31/03/2026 00:00:00,10700354429,HUAMAN RIVERA CHRISTRIAN VANNY FAYJOO,106,CONTRATO MENOR,CM,,SERVICIO DE GESTION ADMINISTRATIVA  .,2407,18,2.3. 2  9. 1  1,LOCACION DE SERVICIOS REALIZADOS POR PERSONAS NATURALES RELACIONADAS AL ROL DE LA ENTIDAD,10500.00,Compromiso
2026,1028,03,S,2122,31/03/2026 00:00:00,10702437887,CRUZADO MEJIA MAURO CESAR,106,CONTRATO MENOR,CM,,SERVICIO DE SEGUIMIENTO Y MONITOREO DE LAS OBRAS .,2408,18,2.3. 2  9. 1  1,LOCACION DE SERVICIOS REALIZADOS POR PERSONAS NATURALES RELACIONADAS AL ROL DE LA ENTIDAD,12000.00,Compromiso
2026,1028,03,S,2123,31/03/2026 00:00:00,10479970161,LOPEZ CABALLERO JHILDA LARIZA,106,CONTRATO MENOR,CM,,SERVICIO DE GESTION ADMINISTRATIVA  .,2409,18,2.3. 2  9. 1  1,LOCACION DE SERVICIOS REALIZADOS POR PERSONAS NATURALES RELACIONADAS AL ROL DE LA ENTIDAD,10500.00,Compromiso
2026,1028,03,S,2124,31/03/2026 00:00:00,10701353493,ARAUCO SOCUALAYA JEFF NELSON,106,CONTRATO MENOR,CM,,SERVICIO DE ASISTENCIA DE OBRAS .,2410,18,2.3. 2  9. 1  1,LOCACION DE SERVICIOS REALIZADOS POR PERSONAS NATURALES RELACIONADAS AL ROL DE LA ENTIDAD,9000.00,Compromiso
2026,1028,03,S,2125,31/03/2026 00:00:00,10765246232,YNCIL CCOISO JENNIFER NOEMI,106,CONTRATO MENOR,CM,,SERVICIO DE COORDINACION DE PROYECTOS .,2411,18,2.3. 2  9. 1  1,LOCACION DE SERVICIOS REALIZADOS POR PERSONAS NATURALES RELACIONADAS AL ROL DE LA ENTIDAD,8000.00,Compromiso
